case_id	suite	source_locator	source_object	declaration_kind	disposition	provisional_owner	reason	evidence_id
SVELTE-E754CBBD728C74657D8C	compiler-errors	packages/svelte/tests/compiler-errors/samples/attribute-empty/	7900a95da64fc0ad43b56e8faed4d834158e9057	sample-directory	blocked	B2/BS1	BF2 must execute/classify the sample and attach profile/product evidence.	B2-parse-facet-svelte.md#svelte-e754cbbd728c74657d8c:pass
SVELTE-964F53A3140A39628ED0	compiler-errors	packages/svelte/tests/compiler-errors/samples/attribute-sequence-expression-2/	0a78663b5b46bed00a80571ec5a5a9c92d107348	sample-directory	blocked	B2/BS1	BF2 must execute/classify the sample and attach profile/product evidence.	B2-parse-facet-svelte.md#svelte-964f53a3140a39628ed0:pass
SVELTE-63A81FE668ED1E0CBE75	compiler-errors	packages/svelte/tests/compiler-errors/samples/attribute-sequence-expression/	391c30912eb8030f3343bb21bb0d4f0982420d67	sample-directory	blocked	B2/BS1	BF2 must execute/classify the sample and attach profile/product evidence.	B2-parse-facet-svelte.md#svelte-63a81fe668ed1e0cbe75:pass
SVELTE-C49EDDA368F3E762636B	compiler-errors	packages/svelte/tests/compiler-errors/samples/attribute-unique-binding/	52363539b63e7753d8afdaa02113b72f2766aeba	sample-directory	blocked	B2/BS1	BF2 must execute/classify the sample and attach profile/product evidence.	B2-parse-facet-svelte.md#svelte-c49edda368f3e762636b:pass
SVELTE-49172E78EBFB35BCAD58	compiler-errors	packages/svelte/tests/compiler-errors/samples/attribute-unique-class/	c8c709516a871c460fb62eb8865ca9b7803418a0	sample-directory	blocked	B2/BS1	BF2 must execute/classify the sample and attach profile/product evidence.	B2-parse-facet-svelte.md#svelte-49172e78ebfb35bcad58:pass
SVELTE-5F237C6AEE43CA179198	compiler-errors	packages/svelte/tests/compiler-errors/samples/attribute-unique-shorthand/	14cdc5d0ef848d2e0883a2315e92ae0a51ebbf8c	sample-directory	blocked	B2/BS1	BF2 must execute/classify the sample and attach profile/product evidence.	B2-parse-facet-svelte.md#svelte-5f237c6aee43ca179198:pass
SVELTE-C3684490855869025F9B	compiler-errors	packages/svelte/tests/compiler-errors/samples/attribute-unique-style/	0ba8194dc144b30924775ee598317a5948483808	sample-directory	blocked	B2/BS1	BF2 must execute/classify the sample and attach profile/product evidence.	B2-parse-facet-svelte.md#svelte-c3684490855869025f9b:pass
SVELTE-9BADEB469DC68EC88EFB	compiler-errors	packages/svelte/tests/compiler-errors/samples/attribute-unique/	426f484cea42f47e8c98317a5ffff149aafebb77	sample-directory	blocked	B2/BS1	BF2 must execute/classify the sample and attach profile/product evidence.	B2-parse-facet-svelte.md#svelte-9badeb469dc68ec88efb:pass
SVELTE-1CEDA57F531E093ED8E3	compiler-errors	packages/svelte/tests/compiler-errors/samples/catch-before-closing/	4a69b928e2442e1ed5bc0603c5c5bf6c315de0b3	sample-directory	blocked	B2/BS1	BF2 must execute/classify the sample and attach profile/product evidence.	B2-parse-facet-svelte.md#svelte-1ceda57f531e093ed8e3:pass
SVELTE-840B69757BA306202500	compiler-errors	packages/svelte/tests/compiler-errors/samples/catch-without-await/	78d1c2539f6cae7ba49d2fb7e1fd5fd1c559d49a	sample-directory	blocked	B2/BS1	BF2 must execute/classify the sample and attach profile/product evidence.	B2-parse-facet-svelte.md#svelte-840b69757ba306202500:pass
SVELTE-A0253578FE91D59E9BB6	compiler-errors	packages/svelte/tests/compiler-errors/samples/class-state-field-static/	239c3cffe9b17a751c9c5d3241289bab84bed9a0	sample-directory	blocked	B2/BS1	BF2 must execute/classify the sample and attach profile/product evidence.	B2-parse-facet-svelte.md#svelte-a0253578fe91d59e9bb6:pass
SVELTE-FC4ABBE48BDAE53CFDD5	compiler-errors	packages/svelte/tests/compiler-errors/samples/comment-unclosed/	eedfc4900d557eb09208ffad595b833cd4e8b5c6	sample-directory	blocked	B2/BS1	BF2 must execute/classify the sample and attach profile/product evidence.	B2-parse-facet-svelte.md#svelte-fc4abbe48bdae53cfdd5:pass
SVELTE-0D3B6A79735D332926BB	compiler-errors	packages/svelte/tests/compiler-errors/samples/component-invalid-name/	21c30bef55176222560be41f26785146204c43db	sample-directory	blocked	B2/BS1	BF2 must execute/classify the sample and attach profile/product evidence.	B2-parse-facet-svelte.md#svelte-0d3b6a79735d332926bb:pass
SVELTE-504E5AD79BA9AF9D81E2	compiler-errors	packages/svelte/tests/compiler-errors/samples/component-slot-duplicate-error-2/	af0edd170ad68ecea39735e3491a4a44beba982e	sample-directory	blocked	B2/BS1	BF2 must execute/classify the sample and attach profile/product evidence.	B2-parse-facet-svelte.md#svelte-504e5ad79ba9af9d81e2:pass
SVELTE-BB86F602C475A4CF9915	compiler-errors	packages/svelte/tests/compiler-errors/samples/component-slot-duplicate-error-3/	32f72f99698d99fe90b106a6644f3c7c05074169	sample-directory	blocked	B2/BS1	BF2 must execute/classify the sample and attach profile/product evidence.	B2-parse-facet-svelte.md#svelte-bb86f602c475a4cf9915:pass
SVELTE-8AC95F1793DFB280449D	compiler-errors	packages/svelte/tests/compiler-errors/samples/component-slot-duplicate-error-4/	f2b8b677396974020076bfddc7b14063e85d10e4	sample-directory	blocked	B2/BS1	BF2 must execute/classify the sample and attach profile/product evidence.	B2-parse-facet-svelte.md#svelte-8ac95f1793dfb280449d:pass
SVELTE-FDF4779A73CE11315E83	compiler-errors	packages/svelte/tests/compiler-errors/samples/component-slot-duplicate-error-5/	32acf7c2ec0dbf1ece29932975e5bcbacc182f09	sample-directory	blocked	B2/BS1	BF2 must execute/classify the sample and attach profile/product evidence.	B2-parse-facet-svelte.md#svelte-fdf4779a73ce11315e83:pass
SVELTE-64B09D9534D34CE76163	compiler-errors	packages/svelte/tests/compiler-errors/samples/component-slot-duplicate-error-6/	430fdf2e399f54b57e5503ca75d0b4014c751c09	sample-directory	blocked	B2/BS1	BF2 must execute/classify the sample and attach profile/product evidence.	B2-parse-facet-svelte.md#svelte-64b09d9534d34ce76163:pass
SVELTE-36B20FF5D37720EF8F0C	compiler-errors	packages/svelte/tests/compiler-errors/samples/component-slot-duplicate-error/	d2f40e7dff1874b8d3257e403900ac0b51a13c54	sample-directory	blocked	B2/BS1	BF2 must execute/classify the sample and attach profile/product evidence.	B2-parse-facet-svelte.md#svelte-36b20ff5d37720ef8f0c:pass
SVELTE-2F3A5482328BCFBF3D6F	compiler-errors	packages/svelte/tests/compiler-errors/samples/component-slot-nested-error-2/	c8bb4ba0ed22d04bffe59bd53949656abf4abedd	sample-directory	blocked	B2/BS1	BF2 must execute/classify the sample and attach profile/product evidence.	B2-parse-facet-svelte.md#svelte-2f3a5482328bcfbf3d6f:pass
SVELTE-8716584628FF8DD80EC5	compiler-errors	packages/svelte/tests/compiler-errors/samples/component-slot-nested-error-3/	b28946f30a37c4e4e5187b89eb6647819d0954c0	sample-directory	blocked	B2/BS1	BF2 must execute/classify the sample and attach profile/product evidence.	B2-parse-facet-svelte.md#svelte-8716584628ff8dd80ec5:pass
SVELTE-238C6DF95C68139F0987	compiler-errors	packages/svelte/tests/compiler-errors/samples/component-slot-nested-error/	15f71ebb19b332b8b103f99be4aee8f75907d83a	sample-directory	blocked	B2/BS1	BF2 must execute/classify the sample and attach profile/product evidence.	B2-parse-facet-svelte.md#svelte-238c6df95c68139f0987:pass
SVELTE-E5FFC6603B34E930DF69	compiler-errors	packages/svelte/tests/compiler-errors/samples/const-tag-cyclical/	3d78e3d8eab1feb73add847b8cd32dc6aac898a5	sample-directory	blocked	B2/BS1	BF2 must execute/classify the sample and attach profile/product evidence.	B2-parse-facet-svelte.md#svelte-e5ffc6603b34e930df69:pass
SVELTE-2966BB31E77F20D382F4	compiler-errors	packages/svelte/tests/compiler-errors/samples/const-tag-sequence/	b3e89cfea08d7375ad46e154b3896618a8638938	sample-directory	blocked	B2/BS1	BF2 must execute/classify the sample and attach profile/product evidence.	B2-parse-facet-svelte.md#svelte-2966bb31e77f20d382f4:pass
SVELTE-E0CF7A22A2D9B0AD1A3E	compiler-errors	packages/svelte/tests/compiler-errors/samples/const-tag-snippet-invalid-reference-1/	0cc3a0d695afc97c46dcdc69115b79bec3acc3a6	sample-directory	blocked	B2/BS1	BF2 must execute/classify the sample and attach profile/product evidence.	B2-parse-facet-svelte.md#svelte-e0cf7a22a2d9b0ad1a3e:pass
SVELTE-C32717C80A98ECAAA7F9	compiler-errors	packages/svelte/tests/compiler-errors/samples/const-tag-snippet-invalid-reference-2/	2ea1b2184adb1155353813ced8bf55653a853533	sample-directory	blocked	B2/BS1	BF2 must execute/classify the sample and attach profile/product evidence.	B2-parse-facet-svelte.md#svelte-c32717c80a98ecaaa7f9:pass
SVELTE-6CFE8238710F1B2EB290	compiler-errors	packages/svelte/tests/compiler-errors/samples/const-tag-whitespace/	6180f4b1c9e439238804f6a18a68636db68b06c2	sample-directory	blocked	B2/BS1	BF2 must execute/classify the sample and attach profile/product evidence.	B2-parse-facet-svelte.md#svelte-6cfe8238710f1b2eb290:pass
SVELTE-78F23629E701BDEBFAA8	compiler-errors	packages/svelte/tests/compiler-errors/samples/css-global-block-combinator-2/	240a176035fc63dff33844ce10f3429b59a77b15	sample-directory	blocked	B2/BS1	BF2 must execute/classify the sample and attach profile/product evidence.	B2-parse-facet-svelte.md#svelte-78f23629e701bdebfaa8:pass
SVELTE-F0D8953C070A8DB14979	compiler-errors	packages/svelte/tests/compiler-errors/samples/css-global-block-combinator/	091d3f41742cfc918a2adde08a71abfaed799baf	sample-directory	blocked	B2/BS1	BF2 must execute/classify the sample and attach profile/product evidence.	B2-parse-facet-svelte.md#svelte-f0d8953c070a8db14979:pass
SVELTE-55B5AB33FA1BF99004B0	compiler-errors	packages/svelte/tests/compiler-errors/samples/css-global-block-declaration/	89c70b12cf480a22a3355197fcc6b7aeeba0863e	sample-directory	blocked	B2/BS1	BF2 must execute/classify the sample and attach profile/product evidence.	B2-parse-facet-svelte.md#svelte-55b5ab33fa1bf99004b0:pass
SVELTE-EC4D4A44D6E4135909A2	compiler-errors	packages/svelte/tests/compiler-errors/samples/css-global-block-in-pseudoclass/	1c40e3a45cb67455806a72582b220577f82c16a2	sample-directory	blocked	B2/BS1	BF2 must execute/classify the sample and attach profile/product evidence.	B2-parse-facet-svelte.md#svelte-ec4d4a44d6e4135909a2:pass
SVELTE-17E398EEAC8AF2CAA1B2	compiler-errors	packages/svelte/tests/compiler-errors/samples/css-global-block-multiple-1/	0ac10637583e87dfd7f65ff511e567cac262d363	sample-directory	blocked	B2/BS1	BF2 must execute/classify the sample and attach profile/product evidence.	B2-parse-facet-svelte.md#svelte-17e398eeac8af2caa1b2:pass
SVELTE-126D29962610433F8526	compiler-errors	packages/svelte/tests/compiler-errors/samples/css-global-block-multiple-2/	4939c02a70d027d454f45113405b72f077655c14	sample-directory	blocked	B2/BS1	BF2 must execute/classify the sample and attach profile/product evidence.	B2-parse-facet-svelte.md#svelte-126d29962610433f8526:pass
SVELTE-B7E983C3027EBB77A136	compiler-errors	packages/svelte/tests/compiler-errors/samples/css-global-modifier-start-1/	40880c2b2b0483fc4b985dc329001ee89f4d8b8e	sample-directory	blocked	B2/BS1	BF2 must execute/classify the sample and attach profile/product evidence.	B2-parse-facet-svelte.md#svelte-b7e983c3027ebb77a136:pass
SVELTE-68D870EB8CC96EE2B02C	compiler-errors	packages/svelte/tests/compiler-errors/samples/css-global-modifier-start-2/	a55eb02e3f8ee275c084b8c72cfa472519ba98a7	sample-directory	blocked	B2/BS1	BF2 must execute/classify the sample and attach profile/product evidence.	B2-parse-facet-svelte.md#svelte-68d870eb8cc96ee2b02c:pass
SVELTE-1E99A06EFD5605680580	compiler-errors	packages/svelte/tests/compiler-errors/samples/css-global-modifier/	09c8752ee57911a5354911037e1881705e89f799	sample-directory	blocked	B2/BS1	BF2 must execute/classify the sample and attach profile/product evidence.	B2-parse-facet-svelte.md#svelte-1e99a06efd5605680580:pass
SVELTE-25F97111E8FD0627D359	compiler-errors	packages/svelte/tests/compiler-errors/samples/css-nesting-selector-root/	e870ec11453ea8dba88e19275d9bc7a45e57d15f	sample-directory	blocked	B2/BS1	BF2 must execute/classify the sample and attach profile/product evidence.	B2-parse-facet-svelte.md#svelte-25f97111e8fd0627d359:pass
SVELTE-93C22AFC0305F61550F7	compiler-errors	packages/svelte/tests/compiler-errors/samples/css/	4fe33c676a260c724b051130618cfce56af11822	sample-directory	blocked	B2/BS1	BF2 must execute/classify the sample and attach profile/product evidence. Parse-facet residual: official style error css_expected_identifier is outside carrier parsing; retained for the co-owner.	B2-parse-facet-svelte.md#svelte-93c22afc0305f61550f7:unverifiable
SVELTE-2F9F41DB52CD70254B01	compiler-errors	packages/svelte/tests/compiler-errors/samples/declaration-tag-trailing-slash/	aaccd8b4f227a9cea5367a69a4c78d4f8b9eb38f	sample-directory	blocked	B2/BS1	BF2 must execute/classify the sample and attach profile/product evidence.	B2-parse-facet-svelte.md#svelte-2f9f41db52cd70254b01:pass
SVELTE-7851FEEB6C9105A7D835	compiler-errors	packages/svelte/tests/compiler-errors/samples/dollar-binding-declaration-legacy/	9ff2a864624709e9d26885551b13a6f5f527e66e	sample-directory	blocked	B2/BS1	BF2 must execute/classify the sample and attach profile/product evidence.	B2-parse-facet-svelte.md#svelte-7851feeb6c9105a7d835:pass
SVELTE-C4F0D8D1158C1D6FABC1	compiler-errors	packages/svelte/tests/compiler-errors/samples/dollar-binding-declaration-runes-2/	803ecb2fd3d083579fa1de93c3f8c3f346b4c19f	sample-directory	blocked	B2/BS1	BF2 must execute/classify the sample and attach profile/product evidence.	B2-parse-facet-svelte.md#svelte-c4f0d8d1158c1d6fabc1:pass
SVELTE-A4D16BCA5D197865C669	compiler-errors	packages/svelte/tests/compiler-errors/samples/dollar-binding-declaration-runes/	ce06244a76b5c50512cfb3e7f82c1ee2ea4e7077	sample-directory	blocked	B2/BS1	BF2 must execute/classify the sample and attach profile/product evidence.	B2-parse-facet-svelte.md#svelte-a4d16bca5d197865c669:pass
SVELTE-C8CA6B2F8D84C6810329	compiler-errors	packages/svelte/tests/compiler-errors/samples/dollar-binding-global-js/	03df4ec5f22f372a80df5db16e3c9ad68dcc6589	sample-directory	blocked	B2/BS1	BF2 must execute/classify the sample and attach profile/product evidence. Parse-facet residual: sample contains no Svelte carrier input; retained for the co-owner.	B2-parse-facet-svelte.md#svelte-c8ca6b2f8d84c6810329:unverifiable
SVELTE-A8F743A48DB8C75AFE75	compiler-errors	packages/svelte/tests/compiler-errors/samples/dollar-binding-global/	52a06d2018e6acdeb6566447a0bf6c2191f47c3b	sample-directory	blocked	B2/BS1	BF2 must execute/classify the sample and attach profile/product evidence.	B2-parse-facet-svelte.md#svelte-a8f743a48db8c75afe75:pass
SVELTE-875FB27AE26BB802BBDB	compiler-errors	packages/svelte/tests/compiler-errors/samples/dollar-binding-import/	6bd2c53ca091cc394e778068ab5eabd766e93c58	sample-directory	blocked	B2/BS1	BF2 must execute/classify the sample and attach profile/product evidence.	B2-parse-facet-svelte.md#svelte-875fb27ae26bb802bbdb:pass
SVELTE-1B80A33938E231F4B571	compiler-errors	packages/svelte/tests/compiler-errors/samples/dynamic-element-binding-invalid/	2e9208bc48971ec35952caa09531488ddd6c39ee	sample-directory	blocked	B2/BS1	BF2 must execute/classify the sample and attach profile/product evidence.	B2-parse-facet-svelte.md#svelte-1b80a33938e231f4b571:pass
SVELTE-E237A7A022CDFB07A651	compiler-errors	packages/svelte/tests/compiler-errors/samples/each-key-without-as/	b05dac3c01a8c296f7e12ca47c9b4f93ce15fb4e	sample-directory	blocked	B2/BS1	BF2 must execute/classify the sample and attach profile/product evidence.	B2-parse-facet-svelte.md#svelte-e237a7a022cdfb07a651:pass
SVELTE-1434E4D40F730BEC9645	compiler-errors	packages/svelte/tests/compiler-errors/samples/effect-active-rune/	1020e1ad8950cdd361f323ae88d38219c91fef44	sample-directory	blocked	B2/BS1	BF2 must execute/classify the sample and attach profile/product evidence. Parse-facet residual: sample contains no Svelte carrier input; retained for the co-owner.	B2-parse-facet-svelte.md#svelte-1434e4d40f730bec9645:unverifiable
SVELTE-A2FA781DA398DE9767DB	compiler-errors	packages/svelte/tests/compiler-errors/samples/element-invalid-name/	3eed3b1e448d167a5a9cb8912406583914cd90bf	sample-directory	blocked	B2/BS1	BF2 must execute/classify the sample and attach profile/product evidence.	B2-parse-facet-svelte.md#svelte-a2fa781da398de9767db:pass
SVELTE-32E82A0C8801ECD0987F	compiler-errors	packages/svelte/tests/compiler-errors/samples/else-before-closing-2/	3e897a58bb6ab1b635f2bb1f794346e1a2f324c2	sample-directory	blocked	B2/BS1	BF2 must execute/classify the sample and attach profile/product evidence.	B2-parse-facet-svelte.md#svelte-32e82a0c8801ecd0987f:pass
SVELTE-D307568B24149B61DE53	compiler-errors	packages/svelte/tests/compiler-errors/samples/else-before-closing-3/	0a9849d1d3567aa1b807313f1e0e9828683ffe85	sample-directory	blocked	B2/BS1	BF2 must execute/classify the sample and attach profile/product evidence.	B2-parse-facet-svelte.md#svelte-d307568b24149b61de53:pass
SVELTE-E7D1C58671360251B641	compiler-errors	packages/svelte/tests/compiler-errors/samples/else-before-closing/	50089294bce95b42fc819dbf2bdd22fc64900544	sample-directory	blocked	B2/BS1	BF2 must execute/classify the sample and attach profile/product evidence.	B2-parse-facet-svelte.md#svelte-e7d1c58671360251b641:pass
SVELTE-B0CE27D7AFA389E2532B	compiler-errors	packages/svelte/tests/compiler-errors/samples/else-if-before-closing-2/	34ac593ed4a2a2cfd1e690d9adc9e49bb57428ff	sample-directory	blocked	B2/BS1	BF2 must execute/classify the sample and attach profile/product evidence.	B2-parse-facet-svelte.md#svelte-b0ce27d7afa389e2532b:pass
SVELTE-F22D8415F260BACB1AAF	compiler-errors	packages/svelte/tests/compiler-errors/samples/else-if-before-closing/	ec1bfe4bdb869fda52684ea96120a70edcb25ff4	sample-directory	blocked	B2/BS1	BF2 must execute/classify the sample and attach profile/product evidence.	B2-parse-facet-svelte.md#svelte-f22d8415f260bacb1aaf:pass
SVELTE-84D13B462CBCBBC80B1C	compiler-errors	packages/svelte/tests/compiler-errors/samples/else-if-without-if/	57a8bf6dcf57e2f6f37a452fd2ac60b2574dbf9e	sample-directory	blocked	B2/BS1	BF2 must execute/classify the sample and attach profile/product evidence.	B2-parse-facet-svelte.md#svelte-84d13b462cbcbbc80b1c:pass
SVELTE-E436EB22D3FAEE886177	compiler-errors	packages/svelte/tests/compiler-errors/samples/empty-attribute-shorthand/	cd7dd058cb6024327707f32bea0a759ec9ddcab0	sample-directory	blocked	B2/BS1	BF2 must execute/classify the sample and attach profile/product evidence.	B2-parse-facet-svelte.md#svelte-e436eb22d3faee886177:pass
SVELTE-C92E4984D0541C318D01	compiler-errors	packages/svelte/tests/compiler-errors/samples/empty-classname-binding/	5751acd07d85b1082470344fda1c2ae7f162c759	sample-directory	blocked	B2/BS1	BF2 must execute/classify the sample and attach profile/product evidence.	B2-parse-facet-svelte.md#svelte-c92e4984d0541c318d01:pass
SVELTE-AFAE0D8D5B54A3071EB7	compiler-errors	packages/svelte/tests/compiler-errors/samples/empty-directive-name/	53f0e2cbe291d4ffcd15c216b68cf6875206a3d6	sample-directory	blocked	B2/BS1	BF2 must execute/classify the sample and attach profile/product evidence.	B2-parse-facet-svelte.md#svelte-afae0d8d5b54a3071eb7:pass
SVELTE-749FD11F035475235244	compiler-errors	packages/svelte/tests/compiler-errors/samples/export-default-derived-state-indirect/	f37d3764520527cf55403bfba7601729b737cf1d	sample-directory	blocked	B2/BS1	BF2 must execute/classify the sample and attach profile/product evidence. Parse-facet residual: sample contains no Svelte carrier input; retained for the co-owner.	B2-parse-facet-svelte.md#svelte-749fd11f035475235244:unverifiable
SVELTE-91AA3516EDE945204FEF	compiler-errors	packages/svelte/tests/compiler-errors/samples/export-default-state-indirect/	75bfef3607094181710b0c3011c64e323ed93784	sample-directory	blocked	B2/BS1	BF2 must execute/classify the sample and attach profile/product evidence. Parse-facet residual: sample contains no Svelte carrier input; retained for the co-owner.	B2-parse-facet-svelte.md#svelte-91aa3516ede945204fef:unverifiable
SVELTE-6064AD739E8F03406D66	compiler-errors	packages/svelte/tests/compiler-errors/samples/export-derived-state-indirect/	7d756ccdd030cfdb6b9f41d89ccb1948f782f340	sample-directory	blocked	B2/BS1	BF2 must execute/classify the sample and attach profile/product evidence. Parse-facet residual: sample contains no Svelte carrier input; retained for the co-owner.	B2-parse-facet-svelte.md#svelte-6064ad739e8f03406d66:unverifiable
SVELTE-55D56CCC0767A99AE44D	compiler-errors	packages/svelte/tests/compiler-errors/samples/export-derived-state/	a0da6548f2edd7f4ffbcd58b5bd03b7fba39a054	sample-directory	blocked	B2/BS1	BF2 must execute/classify the sample and attach profile/product evidence. Parse-facet residual: sample contains no Svelte carrier input; retained for the co-owner.	B2-parse-facet-svelte.md#svelte-55d56ccc0767a99ae44d:unverifiable
SVELTE-E5B3F06F56ED779319EA	compiler-errors	packages/svelte/tests/compiler-errors/samples/export-not-defined-module/	154aa5d3005cd9a5e1f52b54b29be415ff2e2e5a	sample-directory	blocked	B2/BS1	BF2 must execute/classify the sample and attach profile/product evidence.	B2-parse-facet-svelte.md#svelte-e5b3f06f56ed779319ea:pass
SVELTE-B376F26E21CF4DE54EE3	compiler-errors	packages/svelte/tests/compiler-errors/samples/export-state-indirect/	aecd922948d2793f111d6fa5ec305df248490b12	sample-directory	blocked	B2/BS1	BF2 must execute/classify the sample and attach profile/product evidence. Parse-facet residual: sample contains no Svelte carrier input; retained for the co-owner.	B2-parse-facet-svelte.md#svelte-b376f26e21cf4de54ee3:unverifiable
SVELTE-D14BF8E4BE36CDD1E54D	compiler-errors	packages/svelte/tests/compiler-errors/samples/export-state-module/	b777156f8f9f99daebfd3693289cb60736a14602	sample-directory	blocked	B2/BS1	BF2 must execute/classify the sample and attach profile/product evidence.	B2-parse-facet-svelte.md#svelte-d14bf8e4be36cdd1e54d:pass
SVELTE-1DF33B8E4B0F722CC959	compiler-errors	packages/svelte/tests/compiler-errors/samples/export-state/	4bfcea1e4bb9c6efd6617fdefe2897daead8b6f7	sample-directory	blocked	B2/BS1	BF2 must execute/classify the sample and attach profile/product evidence. Parse-facet residual: sample contains no Svelte carrier input; retained for the co-owner.	B2-parse-facet-svelte.md#svelte-1df33b8e4b0f722cc959:unverifiable
SVELTE-FB77C2A167EBB25E3463	compiler-errors	packages/svelte/tests/compiler-errors/samples/illegal-expression/	93e53a00b5c83852ea9f199f013391b48d439c94	sample-directory	blocked	B2/BS1	BF2 must execute/classify the sample and attach profile/product evidence.	B2-parse-facet-svelte.md#svelte-fb77c2a167ebb25e3463:pass
SVELTE-ECAC76B42EEDADD7271F	compiler-errors	packages/svelte/tests/compiler-errors/samples/invalid-arguments-usage/	a86281d5c556f989e7d4abf224265d276d9fb57a	sample-directory	blocked	B2/BS1	BF2 must execute/classify the sample and attach profile/product evidence.	B2-parse-facet-svelte.md#svelte-ecac76b42eedadd7271f:pass
SVELTE-99339694FE6080492A5F	compiler-errors	packages/svelte/tests/compiler-errors/samples/invalid-rune-name-shadowed/	84cbb22926d242714e7ded40909ca5f9589e1572	sample-directory	blocked	B2/BS1	BF2 must execute/classify the sample and attach profile/product evidence. Parse-facet residual: sample contains no Svelte carrier input; retained for the co-owner.	B2-parse-facet-svelte.md#svelte-99339694fe6080492a5f:unverifiable
SVELTE-CA1DFF7868AD32CD14BB	compiler-errors	packages/svelte/tests/compiler-errors/samples/invalid-rune-name/	6117d7e58cf3ea85302b1cbc746e720a94dc0f02	sample-directory	blocked	B2/BS1	BF2 must execute/classify the sample and attach profile/product evidence. Parse-facet residual: sample contains no Svelte carrier input; retained for the co-owner.	B2-parse-facet-svelte.md#svelte-ca1dff7868ad32cd14bb:unverifiable
SVELTE-65D493C4A863D8CB2E02	compiler-errors	packages/svelte/tests/compiler-errors/samples/invalid-snippet-binding/	de862f6ca077175ecd104f92305ef7c717f92e9a	sample-directory	blocked	B2/BS1	BF2 must execute/classify the sample and attach profile/product evidence.	B2-parse-facet-svelte.md#svelte-65d493c4a863d8cb2e02:pass
SVELTE-D1C1F5145E6CCD7FE3C3	compiler-errors	packages/svelte/tests/compiler-errors/samples/invalid-snippet-mutation/	9b5f2a2b400c807cc85f60fc36f7d66dde8a307b	sample-directory	blocked	B2/BS1	BF2 must execute/classify the sample and attach profile/product evidence.	B2-parse-facet-svelte.md#svelte-d1c1f5145e6ccd7fe3c3:pass
SVELTE-AD3986C1BF1BD13B0F7B	compiler-errors	packages/svelte/tests/compiler-errors/samples/legacy-no-const-assignment/	05bf11c4b1cdd0f001900b12485602dec6a1da8e	sample-directory	blocked	B2/BS1	BF2 must execute/classify the sample and attach profile/product evidence.	B2-parse-facet-svelte.md#svelte-ad3986c1bf1bd13b0f7b:pass
SVELTE-71DD9866162632FD84B8	compiler-errors	packages/svelte/tests/compiler-errors/samples/legacy-no-const-update/	2f4945eb5a2a702ca3e7fb852b4236b8554c73cf	sample-directory	blocked	B2/BS1	BF2 must execute/classify the sample and attach profile/product evidence.	B2-parse-facet-svelte.md#svelte-71dd9866162632fd84b8:pass
SVELTE-D1F09694AB68A1B4D73C	compiler-errors	packages/svelte/tests/compiler-errors/samples/malformed-snippet-2/	baa1f217e82ad66bf0c0ffcbcb395dd0b97e5fff	sample-directory	blocked	B2/BS1	BF2 must execute/classify the sample and attach profile/product evidence.	B2-parse-facet-svelte.md#svelte-d1f09694ab68a1b4d73c:pass
SVELTE-CC81503E9B8D0E3963E0	compiler-errors	packages/svelte/tests/compiler-errors/samples/malformed-snippet/	2e03b3ee68a48760b3c7023789b1082a31c49d46	sample-directory	blocked	B2/BS1	BF2 must execute/classify the sample and attach profile/product evidence.	B2-parse-facet-svelte.md#svelte-cc81503e9b8d0e3963e0:pass
SVELTE-6786664E643FC85C300C	compiler-errors	packages/svelte/tests/compiler-errors/samples/multiple-styles/	1c4fd475d7439af1ee7d18d94499a28271d3e887	sample-directory	blocked	B2/BS1	BF2 must execute/classify the sample and attach profile/product evidence.	B2-parse-facet-svelte.md#svelte-6786664e643fc85c300c:pass
SVELTE-330EF7DAFA9A11804720	compiler-errors	packages/svelte/tests/compiler-errors/samples/options-children/	f96d593c61679b0f16c2c1083979df44ab30844d	sample-directory	blocked	B2/BS1	BF2 must execute/classify the sample and attach profile/product evidence.	B2-parse-facet-svelte.md#svelte-330ef7dafa9a11804720:pass
SVELTE-8D6554197267955C86D7	compiler-errors	packages/svelte/tests/compiler-errors/samples/raw-mustaches-whitespace/	4fc9b98acf04a95e2640e5c048d23ec75edfd300	sample-directory	blocked	B2/BS1	BF2 must execute/classify the sample and attach profile/product evidence.	B2-parse-facet-svelte.md#svelte-8d6554197267955c86d7:pass
SVELTE-EC9EF020D256C5D8D0BD	compiler-errors	packages/svelte/tests/compiler-errors/samples/render-tag-invalid-call/	3314b9edf61e538722359dc2bc026e01ed156650	sample-directory	blocked	B2/BS1	BF2 must execute/classify the sample and attach profile/product evidence.	B2-parse-facet-svelte.md#svelte-ec9ef020d256c5d8d0bd:pass
SVELTE-05CD1840FC0B36F8FE4A	compiler-errors	packages/svelte/tests/compiler-errors/samples/runes-before-after-update/	7ad5c0d24ce8bd8362fed71cb05609e0b8435263	sample-directory	blocked	B2/BS1	BF2 must execute/classify the sample and attach profile/product evidence.	B2-parse-facet-svelte.md#svelte-05cd1840fc0b36f8fe4a:pass
SVELTE-3092EF6E150CE6D1A63F	compiler-errors	packages/svelte/tests/compiler-errors/samples/runes-bindable-not-called/	1a825e3088488bb6d8fd793791230ef70afb962c	sample-directory	blocked	B2/BS1	BF2 must execute/classify the sample and attach profile/product evidence.	B2-parse-facet-svelte.md#svelte-3092ef6e150ce6d1a63f:pass
SVELTE-99F242E2E3E2299FFD8B	compiler-errors	packages/svelte/tests/compiler-errors/samples/runes-duplicate-props/	827adf504fa2407d0b4cfd33a59c3e448892ccd7	sample-directory	blocked	B2/BS1	BF2 must execute/classify the sample and attach profile/product evidence.	B2-parse-facet-svelte.md#svelte-99f242e2e3e2299ffd8b:pass
SVELTE-4EFFCD9CEB7E0CD5CB99	compiler-errors	packages/svelte/tests/compiler-errors/samples/runes-export-let/	1d64e3f9a4c157eb2417ccb089a4cef30c8c5e66	sample-directory	blocked	B2/BS1	BF2 must execute/classify the sample and attach profile/product evidence.	B2-parse-facet-svelte.md#svelte-4effcd9ceb7e0cd5cb99:pass
SVELTE-722C9D968CD392771DEF	compiler-errors	packages/svelte/tests/compiler-errors/samples/runes-export-named-state/	79565408de0611a942fa4642ffe7bc029c4942b2	sample-directory	blocked	B2/BS1	BF2 must execute/classify the sample and attach profile/product evidence. Parse-facet residual: sample contains no Svelte carrier input; retained for the co-owner.	B2-parse-facet-svelte.md#svelte-722c9d968cd392771def:unverifiable
SVELTE-88E49CB306A9389D0231	compiler-errors	packages/svelte/tests/compiler-errors/samples/runes-invalid-each-binding-this/	831fc5e60d8c278bfe87e85221770200afd58a8c	sample-directory	blocked	B2/BS1	BF2 must execute/classify the sample and attach profile/product evidence.	B2-parse-facet-svelte.md#svelte-88e49cb306a9389d0231:pass
SVELTE-6A46B4534BBDA746BDC7	compiler-errors	packages/svelte/tests/compiler-errors/samples/runes-invalid-each-binding/	0c0c1015c67c5e6d9409208d069986afbd5cb9b7	sample-directory	blocked	B2/BS1	BF2 must execute/classify the sample and attach profile/product evidence.	B2-parse-facet-svelte.md#svelte-6a46b4534bbda746bdc7:pass
SVELTE-EA2F54CA1B89386C1A8F	compiler-errors	packages/svelte/tests/compiler-errors/samples/runes-invalid-each-mutation/	92e7463c830c8266c4ea678be5732b332eff2ae7	sample-directory	blocked	B2/BS1	BF2 must execute/classify the sample and attach profile/product evidence.	B2-parse-facet-svelte.md#svelte-ea2f54ca1b89386c1a8f:pass
SVELTE-D9F3B9B064FA904D2C33	compiler-errors	packages/svelte/tests/compiler-errors/samples/runes-module-store-subscription/	b49b355cec5cb9baa5113fb4c8aa3eaa2f35c043	sample-directory	blocked	B2/BS1	BF2 must execute/classify the sample and attach profile/product evidence. Parse-facet residual: sample contains no Svelte carrier input; retained for the co-owner.	B2-parse-facet-svelte.md#svelte-d9f3b9b064fa904d2c33:unverifiable
SVELTE-F62A0C48C2F1346D4542	compiler-errors	packages/svelte/tests/compiler-errors/samples/runes-no-const-assignment/	7e90f7878ce14a45fca74b4d150118b34e1e2fd4	sample-directory	blocked	B2/BS1	BF2 must execute/classify the sample and attach profile/product evidence.	B2-parse-facet-svelte.md#svelte-f62a0c48c2f1346d4542:pass
SVELTE-FA90712FA2B8D182E287	compiler-errors	packages/svelte/tests/compiler-errors/samples/runes-no-const-update/	77c7f9da792e7797ce941c91e65d56bd4cb502af	sample-directory	blocked	B2/BS1	BF2 must execute/classify the sample and attach profile/product evidence.	B2-parse-facet-svelte.md#svelte-fa90712fa2b8d182e287:pass
SVELTE-79250AB289F2C7C5F3B6	compiler-errors	packages/svelte/tests/compiler-errors/samples/runes-no-rune-each/	54102f30d439b38a73cec4da71994a587f8bc49a	sample-directory	blocked	B2/BS1	BF2 must execute/classify the sample and attach profile/product evidence.	B2-parse-facet-svelte.md#svelte-79250ab289f2c7c5f3b6:pass
SVELTE-8298E253600B1B0FBB82	compiler-errors	packages/svelte/tests/compiler-errors/samples/runes-props-illegal-name-1/	e494af408e5ff0ef5e9d7b3b0a5650c19b0e166a	sample-directory	blocked	B2/BS1	BF2 must execute/classify the sample and attach profile/product evidence.	B2-parse-facet-svelte.md#svelte-8298e253600b1b0fbb82:pass
SVELTE-A91A8141015727BCA318	compiler-errors	packages/svelte/tests/compiler-errors/samples/runes-props-illegal-name-2/	930f7d84fe92b05f17904cda49cd9831a4a00455	sample-directory	blocked	B2/BS1	BF2 must execute/classify the sample and attach profile/product evidence.	B2-parse-facet-svelte.md#svelte-a91a8141015727bca318:pass
SVELTE-DE6BF8E9DAE418FCA7EB	compiler-errors	packages/svelte/tests/compiler-errors/samples/runes-props-not-called/	1e5b19efb32eb7a000b4040d177d90efec831a43	sample-directory	blocked	B2/BS1	BF2 must execute/classify the sample and attach profile/product evidence.	B2-parse-facet-svelte.md#svelte-de6bf8e9dae418fca7eb:pass
SVELTE-BA50A0817D7395709DDB	compiler-errors	packages/svelte/tests/compiler-errors/samples/runes-wrong-bindable-args/	c5f76beafcbaa562fa70167e8e006406698818c7	sample-directory	blocked	B2/BS1	BF2 must execute/classify the sample and attach profile/product evidence.	B2-parse-facet-svelte.md#svelte-ba50a0817d7395709ddb:pass
SVELTE-9DD0F12891ACCC66C59B	compiler-errors	packages/svelte/tests/compiler-errors/samples/runes-wrong-bindable-placement/	9720b961049df594ed4502eea6c91767eaa03a54	sample-directory	blocked	B2/BS1	BF2 must execute/classify the sample and attach profile/product evidence.	B2-parse-facet-svelte.md#svelte-9dd0f12891accc66c59b:pass
SVELTE-17D22BF2A546CBA26A87	compiler-errors	packages/svelte/tests/compiler-errors/samples/runes-wrong-derived-args/	88cb7997e459e1bd9322b64256454c2369a3efd1	sample-directory	blocked	B2/BS1	BF2 must execute/classify the sample and attach profile/product evidence.	B2-parse-facet-svelte.md#svelte-17d22bf2a546cba26a87:pass
SVELTE-8A59FA665F28E7851193	compiler-errors	packages/svelte/tests/compiler-errors/samples/runes-wrong-derived-placement/	0767314ea9ed82389a2b51ee793f460e3711bb74	sample-directory	blocked	B2/BS1	BF2 must execute/classify the sample and attach profile/product evidence.	B2-parse-facet-svelte.md#svelte-8a59fa665f28e7851193:pass
SVELTE-DD7941F49C415FF800D8	compiler-errors	packages/svelte/tests/compiler-errors/samples/runes-wrong-effect-args/	d7d60c3c64d5c13177fed7fa2c8e1fdd8dd4c607	sample-directory	blocked	B2/BS1	BF2 must execute/classify the sample and attach profile/product evidence.	B2-parse-facet-svelte.md#svelte-dd7941f49c415ff800d8:pass
SVELTE-54D2BF042A19AC9FDE27	compiler-errors	packages/svelte/tests/compiler-errors/samples/runes-wrong-effect-placement/	e36b2037332a89310ac5d6f8367dcd083ac69aa6	sample-directory	blocked	B2/BS1	BF2 must execute/classify the sample and attach profile/product evidence.	B2-parse-facet-svelte.md#svelte-54d2bf042a19ac9fde27:pass
SVELTE-EBA2450C36334FF552EB	compiler-errors	packages/svelte/tests/compiler-errors/samples/runes-wrong-host-placement/	6e4dc3fc851540495c81f927d01e441e9db814e3	sample-directory	blocked	B2/BS1	BF2 must execute/classify the sample and attach profile/product evidence.	B2-parse-facet-svelte.md#svelte-eba2450c36334ff552eb:pass
SVELTE-DC1D119C783CBC89251B	compiler-errors	packages/svelte/tests/compiler-errors/samples/runes-wrong-props-args/	9eb0f99827c0670b145740afd6820c2003374746	sample-directory	blocked	B2/BS1	BF2 must execute/classify the sample and attach profile/product evidence.	B2-parse-facet-svelte.md#svelte-dc1d119c783cbc89251b:pass
SVELTE-488E03DE2CBA180E55EE	compiler-errors	packages/svelte/tests/compiler-errors/samples/runes-wrong-props-placement-instance/	01513fedc07e65c977e6d68cdf0d63d59bcea68c	sample-directory	blocked	B2/BS1	BF2 must execute/classify the sample and attach profile/product evidence.	B2-parse-facet-svelte.md#svelte-488e03de2cba180e55ee:pass
SVELTE-F18ABB88412911AF6507	compiler-errors	packages/svelte/tests/compiler-errors/samples/runes-wrong-props-placement-module/	6ab45f5bc0cef296cf3ee805649db979c5543062	sample-directory	blocked	B2/BS1	BF2 must execute/classify the sample and attach profile/product evidence. Parse-facet residual: sample contains no Svelte carrier input; retained for the co-owner.	B2-parse-facet-svelte.md#svelte-f18abb88412911af6507:unverifiable
SVELTE-0694E5FD6C90B8699B79	compiler-errors	packages/svelte/tests/compiler-errors/samples/runes-wrong-state-args/	ac8e9a5710c38cef7666fb7f2cf2d7897a49852e	sample-directory	blocked	B2/BS1	BF2 must execute/classify the sample and attach profile/product evidence.	B2-parse-facet-svelte.md#svelte-0694e5fd6c90b8699b79:pass
SVELTE-7C6A8D527F54BA88BF82	compiler-errors	packages/svelte/tests/compiler-errors/samples/runes-wrong-state-placement/	07ed130e193ee1d12f1269841b0d55275c18e4de	sample-directory	blocked	B2/BS1	BF2 must execute/classify the sample and attach profile/product evidence.	B2-parse-facet-svelte.md#svelte-7c6a8d527f54ba88bf82:pass
SVELTE-0115CEDB97DAFA742F06	compiler-errors	packages/svelte/tests/compiler-errors/samples/runes-wrong-state-raw-args/	c2f795b63ae406df2830689393762f94ea4ddc58	sample-directory	blocked	B2/BS1	BF2 must execute/classify the sample and attach profile/product evidence.	B2-parse-facet-svelte.md#svelte-0115cedb97dafa742f06:pass
SVELTE-6BF06BCD65315D81A56A	compiler-errors	packages/svelte/tests/compiler-errors/samples/runes-wrong-state-snapshot-args/	61b2cbb2e01ef8ce6cb965c7153ffe7227a228c9	sample-directory	blocked	B2/BS1	BF2 must execute/classify the sample and attach profile/product evidence.	B2-parse-facet-svelte.md#svelte-6bf06bcd65315d81a56a:pass
SVELTE-CD122C1406439ABA1E27	compiler-errors	packages/svelte/tests/compiler-errors/samples/script-unclosed-eof/	6e0c1cd653dee59f4d46c2dd56cddb6acb50d780	sample-directory	blocked	B2/BS1	BF2 must execute/classify the sample and attach profile/product evidence.	B2-parse-facet-svelte.md#svelte-cd122c1406439aba1e27:pass
SVELTE-BFF89DC975E4538653E5	compiler-errors	packages/svelte/tests/compiler-errors/samples/script-unclosed/	4bc2970a32177b3fcc3a4b32a5fc66e3acef8d34	sample-directory	blocked	B2/BS1	BF2 must execute/classify the sample and attach profile/product evidence.	B2-parse-facet-svelte.md#svelte-bff89dc975e4538653e5:pass
SVELTE-BD8122FB75401BE65390	compiler-errors	packages/svelte/tests/compiler-errors/samples/self-reference/	e68b5cffbe4db5d6748ee4ac6bdc45ca88e2f8e4	sample-directory	blocked	B2/BS1	BF2 must execute/classify the sample and attach profile/product evidence.	B2-parse-facet-svelte.md#svelte-bd8122fb75401be65390:pass
SVELTE-44B0EE8F4A03DA0FB789	compiler-errors	packages/svelte/tests/compiler-errors/samples/slot-conflicting-with-render-tag/	b4cc403ccc7c08ce7af89d4a62f7fa62067db4a9	sample-directory	blocked	B2/BS1	BF2 must execute/classify the sample and attach profile/product evidence.	B2-parse-facet-svelte.md#svelte-44b0ee8f4a03da0fb789:pass
SVELTE-A340BBB593CF7D642232	compiler-errors	packages/svelte/tests/compiler-errors/samples/snippet-children-conflict/	9fdca57879611f8d57f22ffd5568b59b8b236510	sample-directory	blocked	B2/BS1	BF2 must execute/classify the sample and attach profile/product evidence.	B2-parse-facet-svelte.md#svelte-a340bbb593cf7d642232:pass
SVELTE-037C3A99038CFFBDAFA9	compiler-errors	packages/svelte/tests/compiler-errors/samples/snippet-invalid-export/	e65fb3d2b75641b75483b2a1488fd8a38ca2b391	sample-directory	blocked	B2/BS1	BF2 must execute/classify the sample and attach profile/product evidence.	B2-parse-facet-svelte.md#svelte-037c3a99038cffbdafa9:pass
SVELTE-0B9D31CFF39B37F2CC20	compiler-errors	packages/svelte/tests/compiler-errors/samples/snippet-rest-args/	e7932bad2ab9fb52cca34bdfcef60c8ce69b943f	sample-directory	blocked	B2/BS1	BF2 must execute/classify the sample and attach profile/product evidence.	B2-parse-facet-svelte.md#svelte-0b9d31cff39b37f2cc20:pass
SVELTE-EF53393FDF31EF0EF7F4	compiler-errors	packages/svelte/tests/compiler-errors/samples/store-autosub-context-module/	8ae9fd29c2b787366ae612c8a4005693c633a67a	sample-directory	blocked	B2/BS1	BF2 must execute/classify the sample and attach profile/product evidence.	B2-parse-facet-svelte.md#svelte-ef53393fdf31ef0ef7f4:pass
SVELTE-8F3EE990BB2678EE5155	compiler-errors	packages/svelte/tests/compiler-errors/samples/store-contextual/	af9d5a1f5f53ea4ad430cb7393083703f4c0604e	sample-directory	blocked	B2/BS1	BF2 must execute/classify the sample and attach profile/product evidence.	B2-parse-facet-svelte.md#svelte-8f3ee990bb2678ee5155:pass
SVELTE-2A701B18CE7D656C7408	compiler-errors	packages/svelte/tests/compiler-errors/samples/store-global-disallowed/	19f0436ae7c5347b704f7eaaf0bfb099b5422766	sample-directory	blocked	B2/BS1	BF2 must execute/classify the sample and attach profile/product evidence.	B2-parse-facet-svelte.md#svelte-2a701b18ce7d656c7408:pass
SVELTE-0B6A8F2BD78820BEF29A	compiler-errors	packages/svelte/tests/compiler-errors/samples/store-prevent-user-declarations/	41f6c66e0d6b4e076f752bf70a7effc2417c58d9	sample-directory	blocked	B2/BS1	BF2 must execute/classify the sample and attach profile/product evidence.	B2-parse-facet-svelte.md#svelte-0b6a8f2bd78820bef29a:pass
SVELTE-377B8549704A31F54540	compiler-errors	packages/svelte/tests/compiler-errors/samples/store-shadow-scope-2/	cf2a00624118655aae6261cce9d0a1fe8af088d9	sample-directory	blocked	B2/BS1	BF2 must execute/classify the sample and attach profile/product evidence.	B2-parse-facet-svelte.md#svelte-377b8549704a31f54540:pass
SVELTE-F903A676B43DFF0630CA	compiler-errors	packages/svelte/tests/compiler-errors/samples/store-shadow-scope-3/	41363b2c2b2f183ba2658ee4188cfe14f46ae02b	sample-directory	blocked	B2/BS1	BF2 must execute/classify the sample and attach profile/product evidence.	B2-parse-facet-svelte.md#svelte-f903a676b43dff0630ca:pass
SVELTE-EC778ECFF2CBDDA1FCB1	compiler-errors	packages/svelte/tests/compiler-errors/samples/store-shadow-scope/	f1b9a4785b5f226e62983d68a5a83dcf532756bc	sample-directory	blocked	B2/BS1	BF2 must execute/classify the sample and attach profile/product evidence.	B2-parse-facet-svelte.md#svelte-ec778ecff2cbdda1fcb1:pass
SVELTE-7B0C715D8305A396AC5A	compiler-errors	packages/svelte/tests/compiler-errors/samples/store-template-expression-scope/	335207f8a4c96c0a9fe51a2b367eb7a8eecc8b7a	sample-directory	blocked	B2/BS1	BF2 must execute/classify the sample and attach profile/product evidence.	B2-parse-facet-svelte.md#svelte-7b0c715d8305a396ac5a:pass
SVELTE-9780B914253DA22C8EBC	compiler-errors	packages/svelte/tests/compiler-errors/samples/style-unclosed-eof/	7dc9c168bac5d33834f25da2d7f5fdc1befbcefc	sample-directory	blocked	B2/BS1	BF2 must execute/classify the sample and attach profile/product evidence. Parse-facet residual: official style error expected_token is outside carrier parsing; retained for the co-owner.	B2-parse-facet-svelte.md#svelte-9780b914253da22c8ebc:unverifiable
SVELTE-D3E1DF4B1C6BAD91C671	compiler-errors	packages/svelte/tests/compiler-errors/samples/style-unclosed/	ea781680b21a605e29d7f3997dc8952b11a8bdfe	sample-directory	blocked	B2/BS1	BF2 must execute/classify the sample and attach profile/product evidence. Parse-facet residual: official style error css_expected_identifier is outside carrier parsing; retained for the co-owner.	B2-parse-facet-svelte.md#svelte-d3e1df4b1c6bad91c671:unverifiable
SVELTE-66DD8F903250FFA2A3F9	compiler-errors	packages/svelte/tests/compiler-errors/samples/svelte-internal-import/	abb99dde4074287c8dad688176ff8293302f0c25	sample-directory	blocked	B2/BS1	BF2 must execute/classify the sample and attach profile/product evidence.	B2-parse-facet-svelte.md#svelte-66dd8f903250ffa2a3f9:pass
SVELTE-EF4DE2DA3216C4430FC7	compiler-errors	packages/svelte/tests/compiler-errors/samples/svelte-selfdestructive/	f392261c62aacd13abb88334d960bcbcadce1b70	sample-directory	blocked	B2/BS1	BF2 must execute/classify the sample and attach profile/product evidence.	B2-parse-facet-svelte.md#svelte-ef4de2da3216c4430fc7:pass
SVELTE-07595F1BEFFCF9B2E25C	compiler-errors	packages/svelte/tests/compiler-errors/samples/then-before-closing/	53a58085fc464e40ca1c9d808612eb64dae814d4	sample-directory	blocked	B2/BS1	BF2 must execute/classify the sample and attach profile/product evidence.	B2-parse-facet-svelte.md#svelte-07595f1beffcf9b2e25c:pass
SVELTE-D1B28311E4D7BFB43F88	compiler-errors	packages/svelte/tests/compiler-errors/samples/then-without-await/	1c7b9bde9fb1380eaaff0660f1473292d57fece6	sample-directory	blocked	B2/BS1	BF2 must execute/classify the sample and attach profile/product evidence.	B2-parse-facet-svelte.md#svelte-d1b28311e4d7bfb43f88:pass
SVELTE-5B269BBA59DBD6B0EE14	compiler-errors	packages/svelte/tests/compiler-errors/samples/unbalanced-curly-component/	2b693a3d074a4b40c618eb3420fed765c0157b9e	sample-directory	blocked	B2/BS1	BF2 must execute/classify the sample and attach profile/product evidence.	B2-parse-facet-svelte.md#svelte-5b269bba59dbd6b0ee14:pass
SVELTE-DF76BE4C07A3E23B9CAA	compiler-errors	packages/svelte/tests/compiler-errors/samples/unbalanced-curly-element/	075f893403224d0d9bc1b75f1cc8ed0e0870cc89	sample-directory	blocked	B2/BS1	BF2 must execute/classify the sample and attach profile/product evidence.	B2-parse-facet-svelte.md#svelte-df76be4c07a3e23b9caa:pass
SVELTE-D829489C12089818917B	compiler-errors	packages/svelte/tests/compiler-errors/samples/unclosed-attribute-self-close-tag/	bcb4421667e27f7481b4c044191ef07c6d955634	sample-directory	blocked	B2/BS1	BF2 must execute/classify the sample and attach profile/product evidence.	B2-parse-facet-svelte.md#svelte-d829489c12089818917b:pass
SVELTE-519DA0E2F7D593087271	compiler-errors	packages/svelte/tests/compiler-errors/samples/unexpected-end-of-input-b/	476f8d0c42180a0f6e65ea08f8b2f8dc95a4a458	sample-directory	blocked	B2/BS1	BF2 must execute/classify the sample and attach profile/product evidence.	B2-parse-facet-svelte.md#svelte-519da0e2f7d593087271:pass
SVELTE-7D34F783F0BD9D7909F5	compiler-errors	packages/svelte/tests/compiler-errors/samples/unexpected-end-of-input-c/	e1ce2fc2f27b9213969b389ff55053997102749e	sample-directory	blocked	B2/BS1	BF2 must execute/classify the sample and attach profile/product evidence.	B2-parse-facet-svelte.md#svelte-7d34f783f0bd9d7909f5:pass
SVELTE-0FD897D678CCD6C59A4D	compiler-errors	packages/svelte/tests/compiler-errors/samples/unexpected-end-of-input-d/	4b97a97537598c3883c0e2d16db84db7c11bbf25	sample-directory	blocked	B2/BS1	BF2 must execute/classify the sample and attach profile/product evidence.	B2-parse-facet-svelte.md#svelte-0fd897d678ccd6c59a4d:pass
SVELTE-8EFCCF36ED57F4B71AC9	compiler-errors	packages/svelte/tests/compiler-errors/samples/unexpected-end-of-input/	35f1ffff04e55e46050a909a4a2ea867d2bfd8fa	sample-directory	blocked	B2/BS1	BF2 must execute/classify the sample and attach profile/product evidence.	B2-parse-facet-svelte.md#svelte-8efccf36ed57f4b71ac9:pass
SVELTE-CD360A75CFFB810E21E9	compiler-errors	packages/svelte/tests/compiler-errors/samples/unmatched-closing-tag-autoclose-2/	a2bed2cd7f410cb99a5d823a8645e8d4c8612f86	sample-directory	blocked	B2/BS1	BF2 must execute/classify the sample and attach profile/product evidence.	B2-parse-facet-svelte.md#svelte-cd360a75cffb810e21e9:pass
SVELTE-B4FA13F08788F61AACFF	compiler-errors	packages/svelte/tests/compiler-errors/samples/unmatched-closing-tag-autoclose/	02ed954c230736dfbb0fe842972eb3f2e8f0eb35	sample-directory	blocked	B2/BS1	BF2 must execute/classify the sample and attach profile/product evidence.	B2-parse-facet-svelte.md#svelte-b4fa13f08788f61aacff:pass
SVELTE-B51527F5732010583CC5	compiler-errors	packages/svelte/tests/compiler-errors/samples/unmatched-closing-tag/	352556b1c659c3dbb6f557025950f344b0455ec2	sample-directory	blocked	B2/BS1	BF2 must execute/classify the sample and attach profile/product evidence.	B2-parse-facet-svelte.md#svelte-b51527f5732010583cc5:pass
SVELTE-14AE21D4631F09FE2983	compiler-errors	packages/svelte/tests/compiler-errors/samples/void-closing/	3170a2c2a6c90c56485e47ed655bead28292031c	sample-directory	blocked	B2/BS1	BF2 must execute/classify the sample and attach profile/product evidence.	B2-parse-facet-svelte.md#svelte-14ae21d4631f09fe2983:pass
SVELTE-3D29EAC101F3E78FA020	compiler-errors	packages/svelte/tests/compiler-errors/samples/window-children/	cc2598f497f9b7d4694722da9a15c8997b253830	sample-directory	blocked	B2/BS1	BF2 must execute/classify the sample and attach profile/product evidence.	B2-parse-facet-svelte.md#svelte-3d29eac101f3e78fa020:pass
SVELTE-B2BAC399D8A593455A16	compiler-errors	packages/svelte/tests/compiler-errors/samples/window-duplicate/	31f09664eec6a3f6414f4e1326af8f8e7b95d56c	sample-directory	blocked	B2/BS1	BF2 must execute/classify the sample and attach profile/product evidence.	B2-parse-facet-svelte.md#svelte-b2bac399d8a593455a16:pass
SVELTE-AA5319D3A9E76ABD0A1B	compiler-errors	packages/svelte/tests/compiler-errors/samples/window-inside-block/	e1a1a16fc72aafd29168e9b2191f73eb4f89db57	sample-directory	blocked	B2/BS1	BF2 must execute/classify the sample and attach profile/product evidence.	B2-parse-facet-svelte.md#svelte-aa5319d3a9e76abd0a1b:pass
SVELTE-2C53B361A72C508804D8	compiler-errors	packages/svelte/tests/compiler-errors/samples/window-inside-element/	d8bde202c472ede275458f6ff025417ee6ff813e	sample-directory	blocked	B2/BS1	BF2 must execute/classify the sample and attach profile/product evidence.	B2-parse-facet-svelte.md#svelte-2c53b361a72c508804d8:pass
SVELTE-384268AC6248E3959CAE	css	packages/svelte/tests/css/samples/animations/	8cb2b3305db315bcc49b7344c864be2a6b01174d	sample-directory	blocked	BS1	BF2 must execute/classify the sample and attach profile/product evidence.	-
SVELTE-E70F3B89A82A2E1A7808	css	packages/svelte/tests/css/samples/at-layer/	a900d1ca0b4b909210c603b44477eaabb80de6ce	sample-directory	blocked	BS1	BF2 must execute/classify the sample and attach profile/product evidence.	-
SVELTE-5C5308704CE32DD897FB	css	packages/svelte/tests/css/samples/at-rule-nested-class/	90785654877b3af4be0eb6cd93c2d5b4a5ee2645	sample-directory	blocked	BS1	BF2 must execute/classify the sample and attach profile/product evidence.	-
SVELTE-9E5AA5740A748DE5D89F	css	packages/svelte/tests/css/samples/attribute-selector-bind/	4bb2f6b27fc8be747bd202105a360c3ffe87b892	sample-directory	blocked	BS1	BF2 must execute/classify the sample and attach profile/product evidence.	-
SVELTE-38BDC4245D0C9B9CB999	css	packages/svelte/tests/css/samples/attribute-selector-case-sensitive/	6af9ce87b37ba7d302f7044e1d5777791040605e	sample-directory	blocked	BS1	BF2 must execute/classify the sample and attach profile/product evidence.	-
SVELTE-3C283707F2C7F9383747	css	packages/svelte/tests/css/samples/attribute-selector-details-open/	4531fc53984ced66bb2b99e6ec6b73265d347909	sample-directory	blocked	BS1	BF2 must execute/classify the sample and attach profile/product evidence.	-
SVELTE-BB91E6B0C4FAF5AFB02B	css	packages/svelte/tests/css/samples/attribute-selector-dialog-open/	0fa787d171d15faebff926cff662abe9cd8e517a	sample-directory	blocked	BS1	BF2 must execute/classify the sample and attach profile/product evidence.	-
SVELTE-3B54A01552FD97A782F6	css	packages/svelte/tests/css/samples/attribute-selector-html-case-insensitive/	f11e60bb69fe7b31b305f6bca452bee76c578f30	sample-directory	blocked	BS1	BF2 must execute/classify the sample and attach profile/product evidence.	-
SVELTE-FFDEE9EAF79731CC8267	css	packages/svelte/tests/css/samples/attribute-selector-matches-derictive/	c6b7eb71f230aeb01c8cf07902727fc52c223ce1	sample-directory	blocked	BS1	BF2 must execute/classify the sample and attach profile/product evidence.	-
SVELTE-1FF15C7B88AF8F309F73	css	packages/svelte/tests/css/samples/attribute-selector-only-name/	148647d4c4c5899e9d4cba0d63ff1b6c6fafad03	sample-directory	blocked	BS1	BF2 must execute/classify the sample and attach profile/product evidence.	-
SVELTE-6E5189EAE8531F7210F0	css	packages/svelte/tests/css/samples/attribute-selector-unquoted/	cc62a2060863ec09b18801605ac11f75d5b29330	sample-directory	blocked	BS1	BF2 must execute/classify the sample and attach profile/product evidence.	-
SVELTE-5BFBBD47A045B0A39C84	css	packages/svelte/tests/css/samples/attribute-selector-word-arbitrary-whitespace/	3235cb56998f516fbde4c5c56c1a9d457dd82a7a	sample-directory	blocked	BS1	BF2 must execute/classify the sample and attach profile/product evidence.	-
SVELTE-3E2D519D25DF60294B22	css	packages/svelte/tests/css/samples/basic/	17433e87c053cfbfc8309dd4ecb668d753dd36cb	sample-directory	blocked	BS1	BF2 must execute/classify the sample and attach profile/product evidence.	-
SVELTE-ABEE5C39BA331F8C16E5	css	packages/svelte/tests/css/samples/child-combinator/	4fcdd7a91936409086153908a0ef1db2e06e30a8	sample-directory	blocked	BS1	BF2 must execute/classify the sample and attach profile/product evidence.	-
SVELTE-4E0AA8F01D936DF0A373	css	packages/svelte/tests/css/samples/class-directive/	3ea8a5683412baa43e8d5768169248efa5c939c0	sample-directory	blocked	BS1	BF2 must execute/classify the sample and attach profile/product evidence.	-
SVELTE-53EB9B36548E86434555	css	packages/svelte/tests/css/samples/clsx-can-prune/	211078ad50a6746ec1c68b9de77f3b691c0f691b	sample-directory	blocked	BS1	BF2 must execute/classify the sample and attach profile/product evidence.	-
SVELTE-8BA5A8386A90DC980E58	css	packages/svelte/tests/css/samples/clsx-cannot-prune-1/	e9c36550fd9f85afe7f96b01b15a5300c361aeda	sample-directory	blocked	BS1	BF2 must execute/classify the sample and attach profile/product evidence.	-
SVELTE-DD8AEE8C66C29C271FFC	css	packages/svelte/tests/css/samples/clsx-cannot-prune-2/	beda7809149b89fc0ed3501be733e1745fe12979	sample-directory	blocked	BS1	BF2 must execute/classify the sample and attach profile/product evidence.	-
SVELTE-116663B49D8C12F3D25A	css	packages/svelte/tests/css/samples/clsx-cannot-prune-3/	0e60e8e014832f3b150861e0dd3cc6ec896f7c50	sample-directory	blocked	BS1	BF2 must execute/classify the sample and attach profile/product evidence.	-
SVELTE-3096A80B6CDEB7547E37	css	packages/svelte/tests/css/samples/combinator-child/	4b03228576c7e4b7f2a1e896f2d7348cd8725e7a	sample-directory	blocked	BS1	BF2 must execute/classify the sample and attach profile/product evidence.	-
SVELTE-403E49318AF492F61271	css	packages/svelte/tests/css/samples/comment-html/	b66b8000564ad1edf6f864ffc8ed1e1e95052ea9	sample-directory	blocked	BS1	BF2 must execute/classify the sample and attach profile/product evidence.	-
SVELTE-6D7B1EF86703E23E849B	css	packages/svelte/tests/css/samples/comment-repeated/	f2642192e82764e6418aa43dab6fe76a1ec5338d	sample-directory	blocked	BS1	BF2 must execute/classify the sample and attach profile/product evidence.	-
SVELTE-E426FD2698EDB2BEE2F5	css	packages/svelte/tests/css/samples/comment-with-apostrophe/	4b3c3e95f94b034e05f087f7489261759fa5e757	sample-directory	blocked	BS1	BF2 must execute/classify the sample and attach profile/product evidence.	-
SVELTE-BF75B8DC15A9BA414271	css	packages/svelte/tests/css/samples/comments-after-last-selector/	30dbf3e56378aaac5b3e6b8df5cb835d5887de19	sample-directory	blocked	BS1	BF2 must execute/classify the sample and attach profile/product evidence.	-
SVELTE-A85D8EA77420D90ADF75	css	packages/svelte/tests/css/samples/container-query/	00809ce080f28c03a427c22556d063f5d8b425fd	sample-directory	blocked	BS1	BF2 must execute/classify the sample and attach profile/product evidence.	-
SVELTE-D841F69ED2287F1B5C6D	css	packages/svelte/tests/css/samples/css-prune-edge-cases/	bbee732e283b80e7fe179690947394b8d8405069	sample-directory	blocked	BS1	BF2 must execute/classify the sample and attach profile/product evidence.	-
SVELTE-3F24AF450765B07479D3	css	packages/svelte/tests/css/samples/css-vars/	10edabb924e9bea3cfa5ab0b907e0a15fbcf32a1	sample-directory	blocked	BS1	BF2 must execute/classify the sample and attach profile/product evidence.	-
SVELTE-002C530B8E9B03BE4171	css	packages/svelte/tests/css/samples/custom-css-hash/	616b7a14970eeb7289038effe5e881081d15dd91	sample-directory	blocked	BS1	BF2 must execute/classify the sample and attach profile/product evidence.	-
SVELTE-103CA4C14DAA79D42EE8	css	packages/svelte/tests/css/samples/descendant-selector-non-top-level-outer/	096aeafe7440b400e301d8f47554e0ea9fca7c58	sample-directory	blocked	BS1	BF2 must execute/classify the sample and attach profile/product evidence.	-
SVELTE-15A9C896B66C2A2A6FBF	css	packages/svelte/tests/css/samples/descendant-selector-unmatched/	427257f709c51456c8698b9b5f9e1e0e455800ed	sample-directory	blocked	BS1	BF2 must execute/classify the sample and attach profile/product evidence.	-
SVELTE-B67A37EB3CCF1ED384C2	css	packages/svelte/tests/css/samples/directive-special-character/	ce8cd3403e59d72cf053eaf51356f01543b861d0	sample-directory	blocked	BS1	BF2 must execute/classify the sample and attach profile/product evidence.	-
SVELTE-C70E66037C20D741BEE8	css	packages/svelte/tests/css/samples/double-hyphen/	8949b4c690a4d2c42f1253b563ab7955ff2d8828	sample-directory	blocked	BS1	BF2 must execute/classify the sample and attach profile/product evidence.	-
SVELTE-E2559F1D270A251B29D9	css	packages/svelte/tests/css/samples/dynamic-element-tag/	23c4642faff08bc54a97b30c465212f6113ab6db	sample-directory	blocked	BS1	BF2 must execute/classify the sample and attach profile/product evidence.	-
SVELTE-8A29BCB9D93445741F83	css	packages/svelte/tests/css/samples/dynamic-element/	1d761d62bcb037e7c53cbcc5a2125e4c7a12e498	sample-directory	blocked	BS1	BF2 must execute/classify the sample and attach profile/product evidence.	-
SVELTE-6D63F446C8E8154644F4	css	packages/svelte/tests/css/samples/empty-class/	a74aa4123f1dfa6e1097b52441a0383c27a5470d	sample-directory	blocked	BS1	BF2 must execute/classify the sample and attach profile/product evidence.	-
SVELTE-A71D4681C95623D46211	css	packages/svelte/tests/css/samples/empty-rule-dev/	67c9f3a5c1c0e6de22e63f23abc35fd8cfe89a59	sample-directory	blocked	BS1	BF2 must execute/classify the sample and attach profile/product evidence.	-
SVELTE-E8FA057DABD75E4B7257	css	packages/svelte/tests/css/samples/empty-rule/	c5437bb02e91123d51c295c0e3f1f23686503a2f	sample-directory	blocked	BS1	BF2 must execute/classify the sample and attach profile/product evidence.	-
SVELTE-C2A5A7C8350F412FBB25	css	packages/svelte/tests/css/samples/general-siblings-combinator-await-not-exhaustive/	5201285d325ba770f1298b226db67957edb1f62a	sample-directory	blocked	BS1	BF2 must execute/classify the sample and attach profile/product evidence.	-
SVELTE-A6602543DC1E26040E06	css	packages/svelte/tests/css/samples/general-siblings-combinator-await/	e5849d93b36a6b653a98a9e4bab8a5b4ffbfccd6	sample-directory	blocked	BS1	BF2 must execute/classify the sample and attach profile/product evidence.	-
SVELTE-3D1D40A94C8453184678	css	packages/svelte/tests/css/samples/general-siblings-combinator-each-2/	18b48c1d734981c213313979aa1aa1e5340b0b3a	sample-directory	blocked	BS1	BF2 must execute/classify the sample and attach profile/product evidence.	-
SVELTE-F9C75C2EB1ACC270F85A	css	packages/svelte/tests/css/samples/general-siblings-combinator-each-else-nested/	c063e84b5536ec31bbc7cc011829c793b00b7d55	sample-directory	blocked	BS1	BF2 must execute/classify the sample and attach profile/product evidence.	-
SVELTE-2C866D05D50C402ED4B6	css	packages/svelte/tests/css/samples/general-siblings-combinator-each-else/	1a57ee44acf2ff14c8ff38af8eaedea3ec3fcac7	sample-directory	blocked	BS1	BF2 must execute/classify the sample and attach profile/product evidence.	-
SVELTE-4E29411B0FEA0DF00B4D	css	packages/svelte/tests/css/samples/general-siblings-combinator-each-nested/	4b4d2a31f8f3f6a5bc8236111fd54006f9d0931c	sample-directory	blocked	BS1	BF2 must execute/classify the sample and attach profile/product evidence.	-
SVELTE-92CAF5150CF3BD413F4E	css	packages/svelte/tests/css/samples/general-siblings-combinator-each/	32cb0515a1afb3895119fc5c8f25a189dcf94199	sample-directory	blocked	BS1	BF2 must execute/classify the sample and attach profile/product evidence.	-
SVELTE-33DDFB68A5A66BC6EF8E	css	packages/svelte/tests/css/samples/general-siblings-combinator-former-element-in-slot/	be8ff7d9b254f337b8da6804990aae505a7c7b33	sample-directory	blocked	BS1	BF2 must execute/classify the sample and attach profile/product evidence.	-
SVELTE-CD1F625FC299146560DD	css	packages/svelte/tests/css/samples/general-siblings-combinator-if-not-exhaustive-with-each/	5955431dec14ac066d6f02cc9cec945cf12a2c7c	sample-directory	blocked	BS1	BF2 must execute/classify the sample and attach profile/product evidence.	-
SVELTE-F92A323107436F466367	css	packages/svelte/tests/css/samples/general-siblings-combinator-if-not-exhaustive/	3b091a0c56bea2c847a829c95dea10b0010b24ed	sample-directory	blocked	BS1	BF2 must execute/classify the sample and attach profile/product evidence.	-
SVELTE-4EF771C701AC2E5DA32A	css	packages/svelte/tests/css/samples/general-siblings-combinator-if/	752c680ceeaa20c2a7d5d015eed8cff640a8c830	sample-directory	blocked	BS1	BF2 must execute/classify the sample and attach profile/product evidence.	-
SVELTE-82B0B07AFA78292EDF0F	css	packages/svelte/tests/css/samples/general-siblings-combinator-key/	b06ce464782190c8336ac65027d8b0d5634d6480	sample-directory	blocked	BS1	BF2 must execute/classify the sample and attach profile/product evidence.	-
SVELTE-13E2167057024C2958A8	css	packages/svelte/tests/css/samples/general-siblings-combinator-nested-slots-flattened/	31dd0a18737b6900179534000c7e40dfacd19394	sample-directory	blocked	BS1	BF2 must execute/classify the sample and attach profile/product evidence.	-
SVELTE-CF0F9442D4CA5DEB604E	css	packages/svelte/tests/css/samples/general-siblings-combinator-nested-slots/	15cb58d1b66434c9c1ac35d5451695634d9a7607	sample-directory	blocked	BS1	BF2 must execute/classify the sample and attach profile/product evidence.	-
SVELTE-AB53B5F04EEE52D29053	css	packages/svelte/tests/css/samples/general-siblings-combinator-render-tag/	36c8af1cf522b2d7c57bb4dfb712c625b8f4131b	sample-directory	blocked	BS1	BF2 must execute/classify the sample and attach profile/product evidence.	-
SVELTE-DBEC2351546690993EEE	css	packages/svelte/tests/css/samples/general-siblings-combinator-rendertag-global/	7c4625f6c870f55f795b9db2c03b3203c59e2f7f	sample-directory	blocked	BS1	BF2 must execute/classify the sample and attach profile/product evidence.	-
SVELTE-CF631A7FFE4208A3DFB1	css	packages/svelte/tests/css/samples/general-siblings-combinator-selects-slot-fallback/	18d98286ce851256ca8aa74cede44768a70025cf	sample-directory	blocked	BS1	BF2 must execute/classify the sample and attach profile/product evidence.	-
SVELTE-50CDC1749A33344036B3	css	packages/svelte/tests/css/samples/general-siblings-combinator-slot-global/	03188b7de1a5fc56504551f3c8b2f1ebbaaa935e	sample-directory	blocked	BS1	BF2 must execute/classify the sample and attach profile/product evidence.	-
SVELTE-1EE060D76ED50C1E28CC	css	packages/svelte/tests/css/samples/general-siblings-combinator-slot/	5f133ee696a96814c3b8239f6c4d9b2bfecf3e0e	sample-directory	blocked	BS1	BF2 must execute/classify the sample and attach profile/product evidence.	-
SVELTE-94C9C899372D8AF6CE74	css	packages/svelte/tests/css/samples/general-siblings-combinator-slots-between/	706f8a713a01638654ecdb07531e1f74044089f8	sample-directory	blocked	BS1	BF2 must execute/classify the sample and attach profile/product evidence.	-
SVELTE-8F6151A36FE5DF9E8A16	css	packages/svelte/tests/css/samples/general-siblings-combinator-star/	5c890b4c9b1156decd93ad64d6da374d601327a1	sample-directory	blocked	BS1	BF2 must execute/classify the sample and attach profile/product evidence.	-
SVELTE-02992467445656EC5DFA	css	packages/svelte/tests/css/samples/general-siblings-combinator-svelteelement/	5778828096247f7ce4999e85616855b6988b9f78	sample-directory	blocked	BS1	BF2 must execute/classify the sample and attach profile/product evidence.	-
SVELTE-C6967A533B5997F69536	css	packages/svelte/tests/css/samples/general-siblings-combinator/	75ff9ae5f518655f58be4d91672702c95e8d1203	sample-directory	blocked	BS1	BF2 must execute/classify the sample and attach profile/product evidence.	-
SVELTE-2A0AA0D0E7669F7B1396	css	packages/svelte/tests/css/samples/global-block/	4ce7339ffd6258dcc6c1d1b4c11cd298a352076d	sample-directory	blocked	BS1	BF2 must execute/classify the sample and attach profile/product evidence.	-
SVELTE-A2992381BB7276D235C7	css	packages/svelte/tests/css/samples/global-keyframes-with-no-elements/	63da92b3c9fe9faa92249af9903a5b36bc6315c3	sample-directory	blocked	BS1	BF2 must execute/classify the sample and attach profile/product evidence.	-
SVELTE-A6315202CCA6D964A12D	css	packages/svelte/tests/css/samples/global-keyframes/	22f07a4aec654d0057e68fde882bc1336a3f03db	sample-directory	blocked	BS1	BF2 must execute/classify the sample and attach profile/product evidence.	-
SVELTE-E5E16BBCBC4C9F41DF60	css	packages/svelte/tests/css/samples/global-local-nested/	72df6c6bd5e6dc94e0ed5f1660a1f8214a4d4fda	sample-directory	blocked	BS1	BF2 must execute/classify the sample and attach profile/product evidence.	-
SVELTE-F516ECC9900BF2240D4B	css	packages/svelte/tests/css/samples/global-local/	084882f09a92fb747d3a0db114f2fcba27063ea9	sample-directory	blocked	BS1	BF2 must execute/classify the sample and attach profile/product evidence.	-
SVELTE-3B9989BA26CF035872E9	css	packages/svelte/tests/css/samples/global-nested-block/	788080e2d49fca8742197e7738c7a28d431e7ff0	sample-directory	blocked	BS1	BF2 must execute/classify the sample and attach profile/product evidence.	-
SVELTE-14EA9AC1FFA80C0FF41B	css	packages/svelte/tests/css/samples/global-with-child-combinator-2/	f4182edc2f8035637ebd3eb9fcfb46f8cafa24b9	sample-directory	blocked	BS1	BF2 must execute/classify the sample and attach profile/product evidence.	-
SVELTE-6421EB57F4BED01F6299	css	packages/svelte/tests/css/samples/global-with-child-combinator/	92e4f77eacf43a3ae46846ee528ddfb1c40b23a8	sample-directory	blocked	BS1	BF2 must execute/classify the sample and attach profile/product evidence.	-
SVELTE-825731F847843AF838B6	css	packages/svelte/tests/css/samples/global-with-class/	619972bd25a63bcea884c9349b1916c30e8e2d81	sample-directory	blocked	BS1	BF2 must execute/classify the sample and attach profile/product evidence.	-
SVELTE-A965E19D0AD0FF6EC3C9	css	packages/svelte/tests/css/samples/global-with-data-attribute/	6d02cd8b47e64ab0ed83e05ec817c1f121b9f760	sample-directory	blocked	BS1	BF2 must execute/classify the sample and attach profile/product evidence.	-
SVELTE-DDD262F95CA5A4892E7A	css	packages/svelte/tests/css/samples/global-with-nesting/	c988be0c4dd73f9873cda92cddf95718daeb1753	sample-directory	blocked	BS1	BF2 must execute/classify the sample and attach profile/product evidence.	-
SVELTE-FEC9C1CE7C62023221F5	css	packages/svelte/tests/css/samples/global-with-root/	8a3fbe675db97aa27d201a204cbb5e5eb7d5f84f	sample-directory	blocked	BS1	BF2 must execute/classify the sample and attach profile/product evidence.	-
SVELTE-B053B86FFB7754E8F555	css	packages/svelte/tests/css/samples/global-with-unused-descendant/	10c73572a155c7ca1b18dc5a1025ff05f2e9b79b	sample-directory	blocked	BS1	BF2 must execute/classify the sample and attach profile/product evidence.	-
SVELTE-CF2D23279EA86C5C5187	css	packages/svelte/tests/css/samples/global/	b09ce291de3e287a7a93cfc6226c789e93c63f5c	sample-directory	blocked	BS1	BF2 must execute/classify the sample and attach profile/product evidence.	-
SVELTE-E375F24467BE8B0D24AE	css	packages/svelte/tests/css/samples/has-with-render-tag/	79b9c440df4a2c7cd1b03713b03e38465d7166d8	sample-directory	blocked	BS1	BF2 must execute/classify the sample and attach profile/product evidence.	-
SVELTE-5C294D0350ABE691877B	css	packages/svelte/tests/css/samples/has/	6f04c0ca97dfd27bdb6f3139abcbf36e6832cb1d	sample-directory	blocked	BS1	BF2 must execute/classify the sample and attach profile/product evidence.	-
SVELTE-5A891A92D61E0BC657E3	css	packages/svelte/tests/css/samples/host/	cc0ea01fc40ee4b418f2fb88a85944639e2a42e0	sample-directory	blocked	BS1	BF2 must execute/classify the sample and attach profile/product evidence.	-
SVELTE-C2277CE45D929C26097B	css	packages/svelte/tests/css/samples/is/	e5bfc6a3ed142fa0f9ceeb8f45964064a71e2585	sample-directory	blocked	BS1	BF2 must execute/classify the sample and attach profile/product evidence.	-
SVELTE-79D6801A4A94202001A3	css	packages/svelte/tests/css/samples/keyframes-autoprefixed/	5210ba29b5be4f114448c76ba9c9fc0999c9ba1f	sample-directory	blocked	BS1	BF2 must execute/classify the sample and attach profile/product evidence.	-
SVELTE-51562803D3C74710FDC6	css	packages/svelte/tests/css/samples/keyframes-from-to/	c450283e7d3e05f2f2980c2a02462524efa7538f	sample-directory	blocked	BS1	BF2 must execute/classify the sample and attach profile/product evidence.	-
SVELTE-1DEF0134295470BD70B1	css	packages/svelte/tests/css/samples/keyframes/	9740f15193930e091687d5e2e62e723d8fbd0db3	sample-directory	blocked	BS1	BF2 must execute/classify the sample and attach profile/product evidence.	-
SVELTE-82C0B0814AA1B77A6953	css	packages/svelte/tests/css/samples/local-inside-global/	0bf33edb217d705ebe3e97cb2e74f35991398741	sample-directory	blocked	BS1	BF2 must execute/classify the sample and attach profile/product evidence.	-
SVELTE-190CA7AFE6E1BC3D36AA	css	packages/svelte/tests/css/samples/media-query-word/	31a295476264f20dffee092a97bd64d8b3d070ae	sample-directory	blocked	BS1	BF2 must execute/classify the sample and attach profile/product evidence.	-
SVELTE-91E9DB9EC933D3640553	css	packages/svelte/tests/css/samples/media-query/	ee474d6e8dd42df7d90194ba544643988c97f076	sample-directory	blocked	BS1	BF2 must execute/classify the sample and attach profile/product evidence.	-
SVELTE-B09756F9959E19916D3F	css	packages/svelte/tests/css/samples/namespaced-type-selector/	3101df84eeab6db65f4bddecb54b268ec954e70b	sample-directory	blocked	BS1	BF2 must execute/classify the sample and attach profile/product evidence.	-
SVELTE-9A61E8C30549366CFDC1	css	packages/svelte/tests/css/samples/nested-css-combinator/	349ef84304f635d8636d7e57323494105ef8a6a0	sample-directory	blocked	BS1	BF2 must execute/classify the sample and attach profile/product evidence.	-
SVELTE-CFCCD2D3A3CC9A5E8CB1	css	packages/svelte/tests/css/samples/nested-css/	c0f6394adac58c6dc8e98ceddc8ee28cdbf46b14	sample-directory	blocked	BS1	BF2 must execute/classify the sample and attach profile/product evidence.	-
SVELTE-DAEA5EF56A8895036175	css	packages/svelte/tests/css/samples/nested/	43a3dda2e0b07ec321d570f6aed7b4b404e94e58	sample-directory	blocked	BS1	BF2 must execute/classify the sample and attach profile/product evidence.	-
SVELTE-01CDCD73F21B7D82EDCA	css	packages/svelte/tests/css/samples/nesting-selectors/	cfe3b1aec317f22f26e0839699b4ce635a7825a2	sample-directory	blocked	BS1	BF2 must execute/classify the sample and attach profile/product evidence.	-
SVELTE-FD5C914DCD6843947108	css	packages/svelte/tests/css/samples/not-selector-global/	44428cd43238eb0c88fba45247855ee856fb8e64	sample-directory	blocked	BS1	BF2 must execute/classify the sample and attach profile/product evidence.	-
SVELTE-DDAC9A594BFAF127F9EC	css	packages/svelte/tests/css/samples/not-selector/	ab9f7f4dcb18b36959e4bf9f7bcb8d1b95410e26	sample-directory	blocked	BS1	BF2 must execute/classify the sample and attach profile/product evidence.	-
SVELTE-C90D8BA8139FF224074F	css	packages/svelte/tests/css/samples/omit-scoping-attribute-attribute-selector-contains/	b8f0d5020db0ac8ef7fe9e6be32888b0592e85d1	sample-directory	blocked	BS1	BF2 must execute/classify the sample and attach profile/product evidence.	-
SVELTE-AAFED8929824A4E6D66E	css	packages/svelte/tests/css/samples/omit-scoping-attribute-attribute-selector-equals-case-insensitive/	b6e09a56320f899c4f993ab7095f6c31a2c38eb7	sample-directory	blocked	BS1	BF2 must execute/classify the sample and attach profile/product evidence.	-
SVELTE-41BF83A6EDF35F2E83A4	css	packages/svelte/tests/css/samples/omit-scoping-attribute-attribute-selector-equals-dynamic/	f3d196dddd1ceae04824f951793642852bffb2e4	sample-directory	blocked	BS1	BF2 must execute/classify the sample and attach profile/product evidence.	-
SVELTE-941E72DCD5B6858F7875	css	packages/svelte/tests/css/samples/omit-scoping-attribute-attribute-selector-equals/	b56cfa7dcdb5d6d358665ee08bafc57a4b46fd61	sample-directory	blocked	BS1	BF2 must execute/classify the sample and attach profile/product evidence.	-
SVELTE-EF9F3BD3DAD688BDE025	css	packages/svelte/tests/css/samples/omit-scoping-attribute-attribute-selector-pipe-equals/	59cb304014247ae50e67b42b0448902645850d9f	sample-directory	blocked	BS1	BF2 must execute/classify the sample and attach profile/product evidence.	-
SVELTE-3551FF9279F07BB2CE8F	css	packages/svelte/tests/css/samples/omit-scoping-attribute-attribute-selector-prefix/	c7ef3d7c7d588d56f73e2af93d10100c78b4bd28	sample-directory	blocked	BS1	BF2 must execute/classify the sample and attach profile/product evidence.	-
SVELTE-BB8C22F2AAA98826B83B	css	packages/svelte/tests/css/samples/omit-scoping-attribute-attribute-selector-suffix/	5b4f8f750f3bcf3fd4cad5dbe98132a31816c85b	sample-directory	blocked	BS1	BF2 must execute/classify the sample and attach profile/product evidence.	-
SVELTE-A4361933A56335B72D38	css	packages/svelte/tests/css/samples/omit-scoping-attribute-attribute-selector-word-equals/	3d9d7732ce8213f5c38e44b6d64e468da5b30887	sample-directory	blocked	BS1	BF2 must execute/classify the sample and attach profile/product evidence.	-
SVELTE-ED8905E24E1D84AC511D	css	packages/svelte/tests/css/samples/omit-scoping-attribute-attribute-selector/	5bb9c4dc1ee4d18720132de343582f5fbbe084af	sample-directory	blocked	BS1	BF2 must execute/classify the sample and attach profile/product evidence.	-
SVELTE-8E87CA73121F0FE91B5D	css	packages/svelte/tests/css/samples/omit-scoping-attribute-class-dynamic/	fb5f7431cfbcb12958cb248e00bf8acf6c0ffa12	sample-directory	blocked	BS1	BF2 must execute/classify the sample and attach profile/product evidence.	-
SVELTE-AA78A5CE5B636CCC5A4D	css	packages/svelte/tests/css/samples/omit-scoping-attribute-class-static/	390387cf97ce5337134cbc96c9eef9e5725c4a93	sample-directory	blocked	BS1	BF2 must execute/classify the sample and attach profile/product evidence.	-
SVELTE-FC35F16F095844768EAD	css	packages/svelte/tests/css/samples/omit-scoping-attribute-descendant-global-inner-class/	3e8d2bde310a694ac82e19995a6717d2aca40486	sample-directory	blocked	BS1	BF2 must execute/classify the sample and attach profile/product evidence.	-
SVELTE-92E981356E8B36473AEE	css	packages/svelte/tests/css/samples/omit-scoping-attribute-descendant-global-inner-multiple/	65d9d64404bdcaa931932a73fc95083cc1f7d46f	sample-directory	blocked	BS1	BF2 must execute/classify the sample and attach profile/product evidence.	-
SVELTE-4D75411B5FD959D13C3E	css	packages/svelte/tests/css/samples/omit-scoping-attribute-descendant-global-inner/	b24a6d7c4c62cc5b64aaca795f64b2ee5c87e180	sample-directory	blocked	BS1	BF2 must execute/classify the sample and attach profile/product evidence.	-
SVELTE-E95C57642EEF0CC08A01	css	packages/svelte/tests/css/samples/omit-scoping-attribute-descendant-global-outer-multiple/	044128c02cb6f2398d1105062cca5ba2f2aee879	sample-directory	blocked	BS1	BF2 must execute/classify the sample and attach profile/product evidence.	-
SVELTE-1BAB3B62F87616620719	css	packages/svelte/tests/css/samples/omit-scoping-attribute-descendant-global-outer/	081de6785b68e7c7bf7937f37d5fb95de886451e	sample-directory	blocked	BS1	BF2 must execute/classify the sample and attach profile/product evidence.	-
SVELTE-39E97BEF87E2CE6D9B7C	css	packages/svelte/tests/css/samples/omit-scoping-attribute-descendant/	aec19ab999f279e3bfc3ef63ac3f3dbf423cc8aa	sample-directory	blocked	BS1	BF2 must execute/classify the sample and attach profile/product evidence.	-
SVELTE-049541F12B8AF61FF662	css	packages/svelte/tests/css/samples/omit-scoping-attribute-global-children/	1624682bcb8c90d13f26078bb0cfa3ba66d4dc44	sample-directory	blocked	BS1	BF2 must execute/classify the sample and attach profile/product evidence.	-
SVELTE-1D906614FC1A31D300E8	css	packages/svelte/tests/css/samples/omit-scoping-attribute-global-descendants/	ded435d1688b417e9537dfad606b7fe06475f017	sample-directory	blocked	BS1	BF2 must execute/classify the sample and attach profile/product evidence.	-
SVELTE-1BB3EC078CFD064FCA6A	css	packages/svelte/tests/css/samples/omit-scoping-attribute-global/	631e69bedfd6d74a74a2f894d0a8e2b00c907f29	sample-directory	blocked	BS1	BF2 must execute/classify the sample and attach profile/product evidence.	-
SVELTE-5C29FB731488EFD5228C	css	packages/svelte/tests/css/samples/omit-scoping-attribute-id/	0e38f8fd9c11eca587b8e907cee4869051e15295	sample-directory	blocked	BS1	BF2 must execute/classify the sample and attach profile/product evidence.	-
SVELTE-D04551ACD2214B67BF5F	css	packages/svelte/tests/css/samples/omit-scoping-attribute-multiple-descendants/	7dcc745245af5eb2848045927372a01c3b120c15	sample-directory	blocked	BS1	BF2 must execute/classify the sample and attach profile/product evidence.	-
SVELTE-394D9F59B4CA58CA3BA5	css	packages/svelte/tests/css/samples/omit-scoping-attribute-whitespace-multiple/	defad5eb8b257777d30a12a360d00347f9b008ce	sample-directory	blocked	BS1	BF2 must execute/classify the sample and attach profile/product evidence.	-
SVELTE-FCA855C104648618602B	css	packages/svelte/tests/css/samples/omit-scoping-attribute-whitespace/	cb132eccb186c68713cc46ac81e685c86efcedcf	sample-directory	blocked	BS1	BF2 must execute/classify the sample and attach profile/product evidence.	-
SVELTE-BD9FFFDB666EBFD23467	css	packages/svelte/tests/css/samples/omit-scoping-attribute/	625f0e331b5d1aa1c4348221f2b3938115cdff87	sample-directory	blocked	BS1	BF2 must execute/classify the sample and attach profile/product evidence.	-
SVELTE-0DC57D2C83E6B7484DDE	css	packages/svelte/tests/css/samples/preserve-specificity/	790355f810d18187c87e7a64a411ce2e9072d1c5	sample-directory	blocked	BS1	BF2 must execute/classify the sample and attach profile/product evidence.	-
SVELTE-C0D3A539E50B7737A6E4	css	packages/svelte/tests/css/samples/pseudo-element/	1a0e5548894c903832456d0c6058df1d4c5bd789	sample-directory	blocked	BS1	BF2 must execute/classify the sample and attach profile/product evidence.	-
SVELTE-9801E9DD55F23A64E829	css	packages/svelte/tests/css/samples/quote-mark-inside-string/	8335f044896a60953598fecf39daaf61a1d88fbe	sample-directory	blocked	BS1	BF2 must execute/classify the sample and attach profile/product evidence.	-
SVELTE-C0512297B529DF799278	css	packages/svelte/tests/css/samples/render-tag-loop/	5137fccfe802afd406a19d81f90e41748a17ca43	sample-directory	blocked	BS1	BF2 must execute/classify the sample and attach profile/product evidence.	-
SVELTE-5B11516836AE4A8F1F5C	css	packages/svelte/tests/css/samples/root/	98bfe27a2bf3436fea6fa99e6d8bf7c5affe02c8	sample-directory	blocked	BS1	BF2 must execute/classify the sample and attach profile/product evidence.	-
SVELTE-47CAE9FC766BCFB578C3	css	packages/svelte/tests/css/samples/selectedcontent/	ff27d37be6f956f91fd4a593df707225241e2254	sample-directory	blocked	BS1	BF2 must execute/classify the sample and attach profile/product evidence.	-
SVELTE-7C9D5E94B954C7DBC7F9	css	packages/svelte/tests/css/samples/selector-list/	fb3f7b0f63affb319a2ab7764dbd22b1bdd54e75	sample-directory	blocked	BS1	BF2 must execute/classify the sample and attach profile/product evidence.	-
SVELTE-5EEB4308CDD9F0A225F1	css	packages/svelte/tests/css/samples/siblings-combinator-await-not-exhaustive/	0d5af0b9faf096d62eefb4157345f6ceac7d2806	sample-directory	blocked	BS1	BF2 must execute/classify the sample and attach profile/product evidence.	-
SVELTE-D11E0BC3CEFD2F1A9995	css	packages/svelte/tests/css/samples/siblings-combinator-await/	4fb1eafc39171e7a9db684f2b3c79a8324c88726	sample-directory	blocked	BS1	BF2 must execute/classify the sample and attach profile/product evidence.	-
SVELTE-68A513E2AC1FD384DD50	css	packages/svelte/tests/css/samples/siblings-combinator-component-default-snippet/	e061d6731ad3059e663c10714dce64f5dda2fcc3	sample-directory	blocked	BS1	BF2 must execute/classify the sample and attach profile/product evidence.	-
SVELTE-ECDD4DE04AB087F174A8	css	packages/svelte/tests/css/samples/siblings-combinator-component-named-snippet/	8ab505d9e9ab535e2e51fcce899c111758192987	sample-directory	blocked	BS1	BF2 must execute/classify the sample and attach profile/product evidence.	-
SVELTE-B51106CF804D49D7D60F	css	packages/svelte/tests/css/samples/siblings-combinator-component/	75cd14d979b8c84c43b8c4afd6289de96cbe58c2	sample-directory	blocked	BS1	BF2 must execute/classify the sample and attach profile/product evidence.	-
SVELTE-C7ABBAEF7EB4B01A34A8	css	packages/svelte/tests/css/samples/siblings-combinator-each-2/	53b703a72f5bb64accb32524b018638c67180694	sample-directory	blocked	BS1	BF2 must execute/classify the sample and attach profile/product evidence.	-
SVELTE-DB805BDD7B9BEA01A7D9	css	packages/svelte/tests/css/samples/siblings-combinator-each-else-nested/	76554897011e875c166f3e6575de3ea8193c962b	sample-directory	blocked	BS1	BF2 must execute/classify the sample and attach profile/product evidence.	-
SVELTE-85B1AA3637CBA71AC734	css	packages/svelte/tests/css/samples/siblings-combinator-each-else/	b4faccebe1bfffb80c48b538f198d4023dd84984	sample-directory	blocked	BS1	BF2 must execute/classify the sample and attach profile/product evidence.	-
SVELTE-783BCD681719040006C0	css	packages/svelte/tests/css/samples/siblings-combinator-each-nested/	2a8d2d2d13c9d80ec57af37c5820fe0fc768cc6f	sample-directory	blocked	BS1	BF2 must execute/classify the sample and attach profile/product evidence.	-
SVELTE-317719CA5912E45B1666	css	packages/svelte/tests/css/samples/siblings-combinator-each/	67bdc3e518bc8056569e92103a403eef01860553	sample-directory	blocked	BS1	BF2 must execute/classify the sample and attach profile/product evidence.	-
SVELTE-A6630C686E2979799DF4	css	packages/svelte/tests/css/samples/siblings-combinator-former-element-in-slot/	302e9b2b9cbacbdc08c8a3f7a8b62f56dfd473bd	sample-directory	blocked	BS1	BF2 must execute/classify the sample and attach profile/product evidence.	-
SVELTE-26F3086A36285F39D54C	css	packages/svelte/tests/css/samples/siblings-combinator-global/	ff7e2f12ee6f611ccb845ec8699abe0b593a0da1	sample-directory	blocked	BS1	BF2 must execute/classify the sample and attach profile/product evidence.	-
SVELTE-9327161FDB5C3E399461	css	packages/svelte/tests/css/samples/siblings-combinator-if-not-exhaustive-with-each/	4fdbe3f8f8d3e30a5b88eb96e52eb8bacfe94bb2	sample-directory	blocked	BS1	BF2 must execute/classify the sample and attach profile/product evidence.	-
SVELTE-5A59BAD4E35C9C057A12	css	packages/svelte/tests/css/samples/siblings-combinator-if-not-exhaustive/	1feff50476507d687cb6bed113429f00ac1d93f6	sample-directory	blocked	BS1	BF2 must execute/classify the sample and attach profile/product evidence.	-
SVELTE-8F7AAAC5AD08BD9671F6	css	packages/svelte/tests/css/samples/siblings-combinator-if/	1e8239165ef44112030d9e588dcf0c1d8ca2d07a	sample-directory	blocked	BS1	BF2 must execute/classify the sample and attach profile/product evidence.	-
SVELTE-48632900189263D7AD53	css	packages/svelte/tests/css/samples/siblings-combinator-key/	4d9bad4465d5ed01286c61c96f774051b60ab289	sample-directory	blocked	BS1	BF2 must execute/classify the sample and attach profile/product evidence.	-
SVELTE-A123C03752E60CA34EF6	css	packages/svelte/tests/css/samples/siblings-combinator-missing-fallback/	4af040eb670e6fb943570fac0b3c6c222651c9ea	sample-directory	blocked	BS1	BF2 must execute/classify the sample and attach profile/product evidence.	-
SVELTE-D7940CA69731B5EEC3F0	css	packages/svelte/tests/css/samples/siblings-combinator-nested-slots-flattened/	ba62b410ed24c4576ffd7cbef29b85e87f9bbf7d	sample-directory	blocked	BS1	BF2 must execute/classify the sample and attach profile/product evidence.	-
SVELTE-467A6A03E56843FE51F7	css	packages/svelte/tests/css/samples/siblings-combinator-nested-slots/	fc3d73cb6f28d12b169f333619985d19d25e93f9	sample-directory	blocked	BS1	BF2 must execute/classify the sample and attach profile/product evidence.	-
SVELTE-837920EC9244638CBAC8	css	packages/svelte/tests/css/samples/siblings-combinator-render-tag/	ae3e1c3c29ca5b54dcc60c4776a87838f1df58d2	sample-directory	blocked	BS1	BF2 must execute/classify the sample and attach profile/product evidence.	-
SVELTE-080C5837587AE077716B	css	packages/svelte/tests/css/samples/siblings-combinator-selects-slot-fallback/	b303c978ebf4650c6ef7601e11019ca311256aa1	sample-directory	blocked	BS1	BF2 must execute/classify the sample and attach profile/product evidence.	-
SVELTE-10EFEA53412A8C76FFAA	css	packages/svelte/tests/css/samples/siblings-combinator-slot-named-between-default/	1d7dcbc14444c4016815a3dcfdc1e77896cbcc93	sample-directory	blocked	BS1	BF2 must execute/classify the sample and attach profile/product evidence.	-
SVELTE-9069B0D106BF7834CEF8	css	packages/svelte/tests/css/samples/siblings-combinator-slot/	4a99a8d4e3049cc218a19551337a8ed8f0e0f8e3	sample-directory	blocked	BS1	BF2 must execute/classify the sample and attach profile/product evidence.	-
SVELTE-34F7237EA65AB432CBAC	css	packages/svelte/tests/css/samples/siblings-combinator-slots-between/	1c0e400a71294b0c1e71832c2b5d7a82a8f2935e	sample-directory	blocked	BS1	BF2 must execute/classify the sample and attach profile/product evidence.	-
SVELTE-12F1237E3CAFA00D65E9	css	packages/svelte/tests/css/samples/siblings-combinator-star/	4ea2ea74069ba3ac2b7cadb5e626f290e78f86f8	sample-directory	blocked	BS1	BF2 must execute/classify the sample and attach profile/product evidence.	-
SVELTE-DCB19B55324C2E40B480	css	packages/svelte/tests/css/samples/siblings-combinator-with-spread/	54c7a95903a17e316ea13354783d9760ca5a714e	sample-directory	blocked	BS1	BF2 must execute/classify the sample and attach profile/product evidence.	-
SVELTE-FEA525F2CE4A4ADB5C3B	css	packages/svelte/tests/css/samples/siblings-combinator/	c650a59e15f2940f3477b2e90cd8da2f46afe403	sample-directory	blocked	BS1	BF2 must execute/classify the sample and attach profile/product evidence.	-
SVELTE-11E297CA7375CEDA136C	css	packages/svelte/tests/css/samples/snippets-elements/	75bfed961765fb36ac2d073eda5e2a5c12d6116b	sample-directory	blocked	BS1	BF2 must execute/classify the sample and attach profile/product evidence.	-
SVELTE-FC3EAA9771EA6A59231B	css	packages/svelte/tests/css/samples/snippets/	25651ce04db3700d193cc5441bcb9731a980817a	sample-directory	blocked	BS1	BF2 must execute/classify the sample and attach profile/product evidence.	-
SVELTE-1B928DDA37C6FB69D85A	css	packages/svelte/tests/css/samples/special-characters/	2a33af367189026e2a5e6d593c425c3c7379de76	sample-directory	blocked	BS1	BF2 must execute/classify the sample and attach profile/product evidence.	-
SVELTE-2FA9A12798052B4B6219	css	packages/svelte/tests/css/samples/spread/	727801ba6fc471120e36ae7a78a7608c3e392f74	sample-directory	blocked	BS1	BF2 must execute/classify the sample and attach profile/product evidence.	-
SVELTE-EB8388D6D5F70661CC74	css	packages/svelte/tests/css/samples/supports-charset/	7ab84b8041973cfdf416e7aa966f5ce3b55f0bff	sample-directory	blocked	BS1	BF2 must execute/classify the sample and attach profile/product evidence.	-
SVELTE-9A82F07F3ED0700EF6E4	css	packages/svelte/tests/css/samples/supports-font-face/	ad0323f5d2a212818ba55ad7f56a13a0e9ca6d26	sample-directory	blocked	BS1	BF2 must execute/classify the sample and attach profile/product evidence.	-
SVELTE-ACF01275FD69BABA67BD	css	packages/svelte/tests/css/samples/supports-import/	f5b9a2e3e105fcfe0fbbb33a409ffb1783aa0b14	sample-directory	blocked	BS1	BF2 must execute/classify the sample and attach profile/product evidence.	-
SVELTE-2BBD39EDB08DF613837B	css	packages/svelte/tests/css/samples/supports-namespace/	df545991f22137a762d91ae62b51a0eabfc9e5ad	sample-directory	blocked	BS1	BF2 must execute/classify the sample and attach profile/product evidence.	-
SVELTE-48A25019F5496403E772	css	packages/svelte/tests/css/samples/supports-nested-page/	eab5f1003ad9a29be78ed6a7edecfa14f8ef621b	sample-directory	blocked	BS1	BF2 must execute/classify the sample and attach profile/product evidence.	-
SVELTE-23BE64C6EC20E86B8AA7	css	packages/svelte/tests/css/samples/supports-page/	daf901381b2de118e2f6846dc5ea79f91436e589	sample-directory	blocked	BS1	BF2 must execute/classify the sample and attach profile/product evidence.	-
SVELTE-96DBBDC5487FCEB72C20	css	packages/svelte/tests/css/samples/supports-query/	ed7cd54e850bff2e76e971eab7e31bfe1ec38627	sample-directory	blocked	BS1	BF2 must execute/classify the sample and attach profile/product evidence.	-
SVELTE-A58A1FD1F8E37DAB86F1	css	packages/svelte/tests/css/samples/undefined-with-scope/	56602382e5ee4683c835278d998a0e4942bc197c	sample-directory	blocked	BS1	BF2 must execute/classify the sample and attach profile/product evidence.	-
SVELTE-ADC4E54B7A2A551E8E56	css	packages/svelte/tests/css/samples/unicode-identifier/	068bf018155a751b4c46d483d9dafad27193d2a9	sample-directory	blocked	BS1	BF2 must execute/classify the sample and attach profile/product evidence.	-
SVELTE-6C21E50BC33E8B6421BE	css	packages/svelte/tests/css/samples/universal-selector/	6c87aa27a0d6c89698decb470c544ea19829d61b	sample-directory	blocked	BS1	BF2 must execute/classify the sample and attach profile/product evidence.	-
SVELTE-C7B04F951FE244C8AB78	css	packages/svelte/tests/css/samples/unknown-at-rule-with-following-rules/	fb42e666bbd65a1a4986475c5ac9068f221f38c5	sample-directory	blocked	BS1	BF2 must execute/classify the sample and attach profile/product evidence.	-
SVELTE-FB09314E4886255DCBC4	css	packages/svelte/tests/css/samples/unknown-at-rule/	1f04c17f58df58287f417e08acffc402776facdf	sample-directory	blocked	BS1	BF2 must execute/classify the sample and attach profile/product evidence.	-
SVELTE-4873EB0BB1B6BB4A728E	css	packages/svelte/tests/css/samples/unused-nested-at-rule/	af19d5efed77e8e99fe4ea546a9540e015bd0993	sample-directory	blocked	BS1	BF2 must execute/classify the sample and attach profile/product evidence.	-
SVELTE-67B75EE61CEB90D63636	css	packages/svelte/tests/css/samples/unused-selector-child-combinator/	396e105af796c2ce0096ed2466afa8744f43c760	sample-directory	blocked	BS1	BF2 must execute/classify the sample and attach profile/product evidence.	-
SVELTE-7A4350430A89BD6A0C25	css	packages/svelte/tests/css/samples/unused-selector-empty-attribute/	fb053926908c64a2bbb2bb5bb03ffb80dd59aa68	sample-directory	blocked	BS1	BF2 must execute/classify the sample and attach profile/product evidence.	-
SVELTE-9D02C0581DEAA9151BA9	css	packages/svelte/tests/css/samples/unused-selector-in-between/	f67784ac4bffc961d0a39a15eaccb19a82c937f9	sample-directory	blocked	BS1	BF2 must execute/classify the sample and attach profile/product evidence.	-
SVELTE-90952E68ECFA465E0BC7	css	packages/svelte/tests/css/samples/unused-selector-leading/	ff848e1268f23015b5202db96ed7af5103ae4faf	sample-directory	blocked	BS1	BF2 must execute/classify the sample and attach profile/product evidence.	-
SVELTE-0C807317E7BA79D209B6	css	packages/svelte/tests/css/samples/unused-selector-multiple/	7744216cef275d05c8611bfa12090c70ce8883bf	sample-directory	blocked	BS1	BF2 must execute/classify the sample and attach profile/product evidence.	-
SVELTE-E0785F3131344BE9F6C5	css	packages/svelte/tests/css/samples/unused-selector-string-concat/	f6fb20c228af93780526531ec26414bb8c35e893	sample-directory	blocked	BS1	BF2 must execute/classify the sample and attach profile/product evidence.	-
SVELTE-04BE7FA5DDE82E20CA20	css	packages/svelte/tests/css/samples/unused-selector-ternary-bailed/	3ee73d663ec5f6f91c479784c59f75aebeeedce4	sample-directory	blocked	BS1	BF2 must execute/classify the sample and attach profile/product evidence.	-
SVELTE-D0EB4A728C98C0D658DB	css	packages/svelte/tests/css/samples/unused-selector-ternary-concat/	a75f467ab889dce181bfcfcd74369d9c68859fc9	sample-directory	blocked	BS1	BF2 must execute/classify the sample and attach profile/product evidence.	-
SVELTE-537EDDE1E56BE65DD97C	css	packages/svelte/tests/css/samples/unused-selector-ternary-nested/	fee9b6f402296b7556d14f0fa5a2dba2cde10dad	sample-directory	blocked	BS1	BF2 must execute/classify the sample and attach profile/product evidence.	-
SVELTE-D20C794A22002B08FC77	css	packages/svelte/tests/css/samples/unused-selector-ternary/	6944fe9396449225c5be215b52e62b14d8ba4e78	sample-directory	blocked	BS1	BF2 must execute/classify the sample and attach profile/product evidence.	-
SVELTE-19784518B4E86CA43918	css	packages/svelte/tests/css/samples/unused-selector-trailing/	ef9222d70b224fe0d39e1b0db55751a3f2b6e8ca	sample-directory	blocked	BS1	BF2 must execute/classify the sample and attach profile/product evidence.	-
SVELTE-AE5708E616F707372431	css	packages/svelte/tests/css/samples/unused-selector/	971a9f5760d0c7580b49a526ab1eb5a527b563ff	sample-directory	blocked	BS1	BF2 must execute/classify the sample and attach profile/product evidence.	-
SVELTE-8F31E883EA4F5E4F1BC0	css	packages/svelte/tests/css/samples/unused-ts-as-expression/	49c628e176f450f13ceb3a885158b130d5c7d78c	sample-directory	blocked	BS1	BF2 must execute/classify the sample and attach profile/product evidence.	-
SVELTE-F13E81A522519E2965F8	css	packages/svelte/tests/css/samples/view-transition/	07c5f71a32f4953ddc7c633e2a37ec0608ce6d5d	sample-directory	blocked	BS1	BF2 must execute/classify the sample and attach profile/product evidence.	-
SVELTE-412BCCE3C829ADBDCFC8	css	packages/svelte/tests/css/samples/weird-selectors/	c3b3daeec3cb467a38fe1be619cfd7057069b845	sample-directory	blocked	BS1	BF2 must execute/classify the sample and attach profile/product evidence.	-
SVELTE-BCEC7D718FC22092313F	hydration	packages/svelte/tests/hydration/samples/basic/	7e6bf1c122a7177b6d2f310ce3e51610c0b4e366	sample-directory	blocked	BS1	BF2 must execute/classify the sample and attach profile/product evidence.	-
SVELTE-EE900298A27D65F09E15	hydration	packages/svelte/tests/hydration/samples/binding-input/	577fe2fa2f13d9df695cac18398c0caf9047fb85	sample-directory	blocked	BS1	BF2 must execute/classify the sample and attach profile/product evidence.	-
SVELTE-99F92999C3A3F301B617	hydration	packages/svelte/tests/hydration/samples/boundary-pending-attribute/	172fb26143e9fb0e5a16b7e6d67e3e0d34be9d1a	sample-directory	blocked	BS1	BF2 must execute/classify the sample and attach profile/product evidence.	-
SVELTE-6FEE41FD3BB3D41265FA	hydration	packages/svelte/tests/hydration/samples/claim-comment/	b5fad1a28dbd5a93046abe1fb8a558b12b595cf0	sample-directory	blocked	BS1	BF2 must execute/classify the sample and attach profile/product evidence.	-
SVELTE-C2F86D221BC83B72C04E	hydration	packages/svelte/tests/hydration/samples/claim-static/	2c851f68079f09d8eec69494dc7c656a839c3b7d	sample-directory	blocked	BS1	BF2 must execute/classify the sample and attach profile/product evidence.	-
SVELTE-5DFB065FBE719636A7D3	hydration	packages/svelte/tests/hydration/samples/claim-text/	eddb504fa93d272ecbbf528676301d2d5d3e6046	sample-directory	blocked	BS1	BF2 must execute/classify the sample and attach profile/product evidence.	-
SVELTE-A5B0CCCCA281CE0C9E71	hydration	packages/svelte/tests/hydration/samples/cloudflare-mirage-borking-2/	561108414c7f5dcc8567c7d3aa8dc099e78ce2c8	sample-directory	blocked	BS1	BF2 must execute/classify the sample and attach profile/product evidence.	-
SVELTE-2AD17683E98655ADB751	hydration	packages/svelte/tests/hydration/samples/cloudflare-mirage-borking/	4b8b6f0c351be3af6e061d7162698e7919834d6e	sample-directory	blocked	BS1	BF2 must execute/classify the sample and attach profile/product evidence.	-
SVELTE-F71409CC392C07FC5EC7	hydration	packages/svelte/tests/hydration/samples/component-in-element/	0f9d60198ed006030c0776f30c64acc48d52c62a	sample-directory	blocked	BS1	BF2 must execute/classify the sample and attach profile/product evidence.	-
SVELTE-224B197D1A101DC1EFA2	hydration	packages/svelte/tests/hydration/samples/component/	36fddfe27e80699d07440b74b21354fe1649c7d4	sample-directory	blocked	BS1	BF2 must execute/classify the sample and attach profile/product evidence.	-
SVELTE-7868F240A5125277A628	hydration	packages/svelte/tests/hydration/samples/css-props-hmr/	86a6d09e1b8bea4c9b8db49d4c40885a2b6631d7	sample-directory	blocked	BS1	BF2 must execute/classify the sample and attach profile/product evidence.	-
SVELTE-4BA64FB32A9A1DD893AC	hydration	packages/svelte/tests/hydration/samples/custom-element-with-settable-only-property/	ae478b92909436f229da33826196362155ec67c4	sample-directory	blocked	BS1	BF2 must execute/classify the sample and attach profile/product evidence.	-
SVELTE-63390A0448871D79E1DF	hydration	packages/svelte/tests/hydration/samples/dynamic-text-changed/	7dda8f306c6dc8535b570b770dcf960f1a331b73	sample-directory	blocked	BS1	BF2 must execute/classify the sample and attach profile/product evidence.	-
SVELTE-7BE3314172C03E3934DF	hydration	packages/svelte/tests/hydration/samples/dynamic-text-nil/	db28e1a25f283ab09d7b5d1a1309c7cc36146ffc	sample-directory	blocked	BS1	BF2 must execute/classify the sample and attach profile/product evidence.	-
SVELTE-145D60219EB062B7A2B7	hydration	packages/svelte/tests/hydration/samples/dynamic-text/	0958cc73ab7e4e0d67f68f62e7c7cf04b0aa1e42	sample-directory	blocked	BS1	BF2 must execute/classify the sample and attach profile/product evidence.	-
SVELTE-888185931DDB39633495	hydration	packages/svelte/tests/hydration/samples/each-block-0-on-server-more-on-client/	3630a85f315714a00365e457293f3fd9805a099c	sample-directory	blocked	BS1	BF2 must execute/classify the sample and attach profile/product evidence.	-
SVELTE-B436169174148100CDB1	hydration	packages/svelte/tests/hydration/samples/each-block-arg-clash/	6a6652b1a8005558e575e8f8913191f2fe3c8d19	sample-directory	blocked	BS1	BF2 must execute/classify the sample and attach profile/product evidence.	-
SVELTE-F15F3060965D4B25C7AE	hydration	packages/svelte/tests/hydration/samples/each-block-fallback-mismatch/	ead81f7c600131d51689f74f30bdbae46c4200d9	sample-directory	blocked	BS1	BF2 must execute/classify the sample and attach profile/product evidence.	-
SVELTE-6BB14F6DBA633E3E2821	hydration	packages/svelte/tests/hydration/samples/each-block-less-nodes-on-client/	38d757505874b00a9b536f451d2907769f8b83b4	sample-directory	blocked	BS1	BF2 must execute/classify the sample and attach profile/product evidence.	-
SVELTE-78436EB857F4494644EE	hydration	packages/svelte/tests/hydration/samples/each-block-more-nodes-on-client/	403cd590ce0171d95377a713992df43210c8bff6	sample-directory	blocked	BS1	BF2 must execute/classify the sample and attach profile/product evidence.	-
SVELTE-D19C354FE9BC6C002580	hydration	packages/svelte/tests/hydration/samples/each-block/	e86e0cfbc53ec34ca70892d3cc18fafeec80cbbe	sample-directory	blocked	BS1	BF2 must execute/classify the sample and attach profile/product evidence.	-
SVELTE-0A3FE4FB587A7230D366	hydration	packages/svelte/tests/hydration/samples/each-else/	b005aa6e5cb5eeb5673f00f85090efa2189d3014	sample-directory	blocked	BS1	BF2 must execute/classify the sample and attach profile/product evidence.	-
SVELTE-BA781B3C5A8CBDCA0AAD	hydration	packages/svelte/tests/hydration/samples/each-preserve-whitespace/	a91aa14b38322b5f91527547590ae8288798a4e2	sample-directory	blocked	BS1	BF2 must execute/classify the sample and attach profile/product evidence.	-
SVELTE-E318D3607CE8B6CE9EF2	hydration	packages/svelte/tests/hydration/samples/each-text-only/	b4948811b23eb4542972b4d272b054286d02b786	sample-directory	blocked	BS1	BF2 must execute/classify the sample and attach profile/product evidence.	-
SVELTE-A5C59414E79621EE3B35	hydration	packages/svelte/tests/hydration/samples/element-attribute-added/	9c86baead6d766a3f65d044423d2be69fa30f82c	sample-directory	blocked	BS1	BF2 must execute/classify the sample and attach profile/product evidence.	-
SVELTE-57BABAC8DB50C0E3F81F	hydration	packages/svelte/tests/hydration/samples/element-attribute-changed/	cea063cb09dfb5e35f16221e4c9283201d8b2674	sample-directory	blocked	BS1	BF2 must execute/classify the sample and attach profile/product evidence.	-
SVELTE-A8C5096CFF035604ECC1	hydration	packages/svelte/tests/hydration/samples/element-attribute-removed/	bdf5e720ebfe1266675f44c056e0f8cff3ea700d	sample-directory	blocked	BS1	BF2 must execute/classify the sample and attach profile/product evidence.	-
SVELTE-4B6EBB5EF5322779D5E7	hydration	packages/svelte/tests/hydration/samples/element-attribute-unchanged-2/	2cec3b0b16cc480a61e03f627d7f6fc3505c0fb1	sample-directory	blocked	BS1	BF2 must execute/classify the sample and attach profile/product evidence.	-
SVELTE-F1A75C0CFCBDC37734E8	hydration	packages/svelte/tests/hydration/samples/element-attribute-unchanged/	ec9c1d35a394d5c6db5fe28b161d4dc1dd385908	sample-directory	blocked	BS1	BF2 must execute/classify the sample and attach profile/product evidence.	-
SVELTE-6DE98A8CC91954CA3B00	hydration	packages/svelte/tests/hydration/samples/element-dir-attribute-sibling/	5283f3fb5132ab574dd9af6fd9ae5f6b8ccdf4db	sample-directory	blocked	BS1	BF2 must execute/classify the sample and attach profile/product evidence.	-
SVELTE-4CC6647A7BCC23BF8079	hydration	packages/svelte/tests/hydration/samples/element-nested-sibling/	7837ce8166ed52400335960c3c64679d0afaca46	sample-directory	blocked	BS1	BF2 must execute/classify the sample and attach profile/product evidence.	-
SVELTE-54A39ADD54EE0D5D5CB9	hydration	packages/svelte/tests/hydration/samples/element-nested/	66ff39d035d348decd1abfa7336c70fadb2fd8c9	sample-directory	blocked	BS1	BF2 must execute/classify the sample and attach profile/product evidence.	-
SVELTE-F45DE331E505973B4BFA	hydration	packages/svelte/tests/hydration/samples/element-ref/	3a6179faa6f9183e691523dd9ab8d1972e6ea434	sample-directory	blocked	BS1	BF2 must execute/classify the sample and attach profile/product evidence.	-
SVELTE-4B949142927D46D09BF4	hydration	packages/svelte/tests/hydration/samples/event-handler/	f1767645b5dca5e3fcad9705cee99739c61a75ee	sample-directory	blocked	BS1	BF2 must execute/classify the sample and attach profile/product evidence.	-
SVELTE-2C2B00B8623A6C8B46A7	hydration	packages/svelte/tests/hydration/samples/expression-sibling/	c2738aa12553d83265091fd2a47ecb773c06d664	sample-directory	blocked	BS1	BF2 must execute/classify the sample and attach profile/product evidence.	-
SVELTE-2FFB60E2CA493B57573E	hydration	packages/svelte/tests/hydration/samples/head-html-and-component/	7a4b804bc31849fb0695f0246b743bf674b0bd55	sample-directory	blocked	BS1	BF2 must execute/classify the sample and attach profile/product evidence.	-
SVELTE-90145068DAA6E81D8679	hydration	packages/svelte/tests/hydration/samples/head-meta-hydrate-duplicate/	ffc7019e2c40a11db1fb78208f6a3c4ea29ce56e	sample-directory	blocked	BS1	BF2 must execute/classify the sample and attach profile/product evidence.	-
SVELTE-F4B45E327120BAEC51DB	hydration	packages/svelte/tests/hydration/samples/head-missing/	b59549440a5bf502ca39a914367b59d82a13b230	sample-directory	blocked	BS1	BF2 must execute/classify the sample and attach profile/product evidence.	-
SVELTE-913F1974150D255B199B	hydration	packages/svelte/tests/hydration/samples/html-tag-hydration/	46025a7cf9901599e8ddb5c03c9371c8999ab385	sample-directory	blocked	BS1	BF2 must execute/classify the sample and attach profile/product evidence.	-
SVELTE-9B4ED8A06E2CE301CBDC	hydration	packages/svelte/tests/hydration/samples/if-block-anchor/	61b158b3a59470fcedbc2eb441f351b1d94f27ce	sample-directory	blocked	BS1	BF2 must execute/classify the sample and attach profile/product evidence.	-
SVELTE-312127246B9892B1B0D9	hydration	packages/svelte/tests/hydration/samples/if-block-empty/	723fdf354b373ac8d328be3e81fb70e9c7022574	sample-directory	blocked	BS1	BF2 must execute/classify the sample and attach profile/product evidence.	-
SVELTE-EC316A14C91BD40711F5	hydration	packages/svelte/tests/hydration/samples/if-block-false/	769867323e8cc754ece9fae2d3b400355eda9356	sample-directory	blocked	BS1	BF2 must execute/classify the sample and attach profile/product evidence.	-
SVELTE-3EE72F208F1804E20516	hydration	packages/svelte/tests/hydration/samples/if-block-mismatch-2/	f84f0d550910531ca9881a68a40ec6e29e45f1a3	sample-directory	blocked	BS1	BF2 must execute/classify the sample and attach profile/product evidence.	-
SVELTE-399284792E3DBA1126D6	hydration	packages/svelte/tests/hydration/samples/if-block-mismatch/	fe5199be10d201e7525eceb2d0929a69a4f08c15	sample-directory	blocked	BS1	BF2 must execute/classify the sample and attach profile/product evidence.	-
SVELTE-3DE8EADB9A466B83BEFC	hydration	packages/svelte/tests/hydration/samples/if-block-update/	9b851afe7abdad0fd830ce6a0d88a51b7da56937	sample-directory	blocked	BS1	BF2 must execute/classify the sample and attach profile/product evidence.	-
SVELTE-4B2BC5C80196D74E7ABB	hydration	packages/svelte/tests/hydration/samples/if-block/	f944a564a6d445355c0507dba1b38ce2c2c7d332	sample-directory	blocked	BS1	BF2 must execute/classify the sample and attach profile/product evidence.	-
SVELTE-DDDA5ADFB5E75EF0DED2	hydration	packages/svelte/tests/hydration/samples/ignore-mismatched-href/	7b92d2a37e4ebd90a1a40b8a48011eb86fddf233	sample-directory	blocked	BS1	BF2 must execute/classify the sample and attach profile/product evidence.	-
SVELTE-EB67A67806817F694642	hydration	packages/svelte/tests/hydration/samples/img-src-mismatch/	0e4b2b3be67e6ec03c36c31df60bc9b4d45b3184	sample-directory	blocked	BS1	BF2 must execute/classify the sample and attach profile/product evidence.	-
SVELTE-E72FF568278BA01B6DE5	hydration	packages/svelte/tests/hydration/samples/input-checked-attribute-sibling/	9dd325636091137fad3fe88af8485b973634f38f	sample-directory	blocked	BS1	BF2 must execute/classify the sample and attach profile/product evidence.	-
SVELTE-6F3793F5A98FD262E62C	hydration	packages/svelte/tests/hydration/samples/input-value-changed/	24f1abbb6287ef42c291b554beca7b0a79bf2aa8	sample-directory	blocked	BS1	BF2 must execute/classify the sample and attach profile/product evidence.	-
SVELTE-23C8964B87E68E980D47	hydration	packages/svelte/tests/hydration/samples/no-reset-debug/	6108755270b251d523ede0ded3be89752c211674	sample-directory	blocked	BS1	BF2 must execute/classify the sample and attach profile/product evidence.	-
SVELTE-7187A9AC296C279AD3AF	hydration	packages/svelte/tests/hydration/samples/no-reset-snippet/	94a8f272819e5b1e1b809ad8f89e5a70b8393831	sample-directory	blocked	BS1	BF2 must execute/classify the sample and attach profile/product evidence.	-
SVELTE-1E38D4EA0B4FD30507F9	hydration	packages/svelte/tests/hydration/samples/noscript/	f817303c472b22b1931f65ad991083c9e47799e3	sample-directory	blocked	BS1	BF2 must execute/classify the sample and attach profile/product evidence.	-
SVELTE-517FFC7BEF4166042167	hydration	packages/svelte/tests/hydration/samples/optgroup-rich-content/	583e85c555272b7e37ff8339f8a8b25fcc7a52fc	sample-directory	blocked	BS1	BF2 must execute/classify the sample and attach profile/product evidence.	-
SVELTE-9997BFF02C445D41DE83	hydration	packages/svelte/tests/hydration/samples/option-rich-content-continues/	14553263ad194f8f8013e734b21090502064b79f	sample-directory	blocked	BS1	BF2 must execute/classify the sample and attach profile/product evidence.	-
SVELTE-E48439BB22142D315AE9	hydration	packages/svelte/tests/hydration/samples/option-rich-content-static/	9ca4c1a6dee48f00b437397a583da9101ad969b7	sample-directory	blocked	BS1	BF2 must execute/classify the sample and attach profile/product evidence.	-
SVELTE-AC7044EF1144A5D52F8E	hydration	packages/svelte/tests/hydration/samples/pre-first-node-newline/	c4037f9cbaa15f158dcda8e410cde65e17beb381	sample-directory	blocked	BS1	BF2 must execute/classify the sample and attach profile/product evidence.	-
SVELTE-468B22920E919B5033A7	hydration	packages/svelte/tests/hydration/samples/raw-empty/	a5d00e5ebde0093366473b6ce908abf1813750cc	sample-directory	blocked	BS1	BF2 must execute/classify the sample and attach profile/product evidence.	-
SVELTE-BB33F3FFD91A3C61A09D	hydration	packages/svelte/tests/hydration/samples/raw-mismatch-static/	406117e454200acff232aa453c91f01f68409fc7	sample-directory	blocked	BS1	BF2 must execute/classify the sample and attach profile/product evidence.	-
SVELTE-E5319D2CCF5FA1EB2669	hydration	packages/svelte/tests/hydration/samples/raw-mismatch/	e960d2ffc89be392f04852d3dbe6f5934027c31f	sample-directory	blocked	BS1	BF2 must execute/classify the sample and attach profile/product evidence.	-
SVELTE-4FD7E181E81EF41FE172	hydration	packages/svelte/tests/hydration/samples/raw-repair/	9ce2e1528e20b6a442157134436b2d757aaf3eda	sample-directory	blocked	BS1	BF2 must execute/classify the sample and attach profile/product evidence.	-
SVELTE-F48D3C5AB387408BAF2E	hydration	packages/svelte/tests/hydration/samples/raw-svg/	d5a446935cc665d6f8ae818d1198db9feaa61a7a	sample-directory	blocked	BS1	BF2 must execute/classify the sample and attach profile/product evidence.	-
SVELTE-44C6823058771C8A7F6E	hydration	packages/svelte/tests/hydration/samples/raw-with-empty-line-at-top/	316fca16619e47fcefeb560a95d3428964380fda	sample-directory	blocked	BS1	BF2 must execute/classify the sample and attach profile/product evidence.	-
SVELTE-F6D4C1A311976430289B	hydration	packages/svelte/tests/hydration/samples/raw/	c3b78311af0f3405f2ec9cee91323023f338a1af	sample-directory	blocked	BS1	BF2 must execute/classify the sample and attach profile/product evidence.	-
SVELTE-C939D20871A1F2EF8F9B	hydration	packages/svelte/tests/hydration/samples/removes-undefined-attributes/	d998510e2787c5e1b55183e5e8c1aacbed6d12bf	sample-directory	blocked	BS1	BF2 must execute/classify the sample and attach profile/product evidence.	-
SVELTE-35E73600315272B822DC	hydration	packages/svelte/tests/hydration/samples/repair-mismatched-a-href/	c4f58b71ccd9f2c894b9f76c9d40c97727fe11b4	sample-directory	blocked	BS1	BF2 must execute/classify the sample and attach profile/product evidence.	-
SVELTE-4D3F87322DA7ECB757BB	hydration	packages/svelte/tests/hydration/samples/repairs-apparent-static-content/	97f775ec977eafcfc54cc7851a7997ddf3f89d67	sample-directory	blocked	BS1	BF2 must execute/classify the sample and attach profile/product evidence.	-
SVELTE-1646AE865FE71297C503	hydration	packages/svelte/tests/hydration/samples/rich-select/	117ecd7b56a21b2046037d723081c6a9cbb9ced0	sample-directory	blocked	BS1	BF2 must execute/classify the sample and attach profile/product evidence.	-
SVELTE-85331807171692271564	hydration	packages/svelte/tests/hydration/samples/safari-borking-2/	195376c0ae4ba47828a4f80c8b1648c7e71177c6	sample-directory	blocked	BS1	BF2 must execute/classify the sample and attach profile/product evidence.	-
SVELTE-211E7DF4C7C4171B5EFE	hydration	packages/svelte/tests/hydration/samples/safari-borking/	2320c73e2482a921586e20faac85fb45b2ef152e	sample-directory	blocked	BS1	BF2 must execute/classify the sample and attach profile/product evidence.	-
SVELTE-7E780A7B59021C760248	hydration	packages/svelte/tests/hydration/samples/script/	4be365737e5b80294c0e927e0fd11867c83e4f73	sample-directory	blocked	BS1	BF2 must execute/classify the sample and attach profile/product evidence.	-
SVELTE-49B88D0F367721CAF121	hydration	packages/svelte/tests/hydration/samples/snippet-raw-hydrate/	f692f2e73ec5adb2c9b5c4b8721036f3c8350186	sample-directory	blocked	BS1	BF2 must execute/classify the sample and attach profile/product evidence.	-
SVELTE-115E618299E712BE4221	hydration	packages/svelte/tests/hydration/samples/standalone-component/	46a052ab6807aa04a5d54096d2991773e3fbe91d	sample-directory	blocked	BS1	BF2 must execute/classify the sample and attach profile/product evidence.	-
SVELTE-AE11C7E5EC581A7A92D9	hydration	packages/svelte/tests/hydration/samples/standalone-snippet/	135ea4439a5b7d457ba30d7040fcea09cbbf0414	sample-directory	blocked	BS1	BF2 must execute/classify the sample and attach profile/product evidence.	-
SVELTE-9A90B7AF2F54B558D33C	hydration	packages/svelte/tests/hydration/samples/surrounding-whitespace/	967b871fe79a963c9f777363dce429a80bd094b8	sample-directory	blocked	BS1	BF2 must execute/classify the sample and attach profile/product evidence.	-
SVELTE-7AA51702DA68A06D80C8	hydration	packages/svelte/tests/hydration/samples/svelte-head-dynamic-style/	15a350b54c782888f3a826dbf3d3279b891ef7d1	sample-directory	blocked	BS1	BF2 must execute/classify the sample and attach profile/product evidence.	-
SVELTE-3DEE6FA5C4AB174E0D33	hydration	packages/svelte/tests/hydration/samples/text-empty-2/	150ee3fa091080d3952dec1c4468fdd776465356	sample-directory	blocked	BS1	BF2 must execute/classify the sample and attach profile/product evidence.	-
SVELTE-03C8F1476508D613125A	hydration	packages/svelte/tests/hydration/samples/text-empty/	a23fac453e4e5904c6d8ccf922b05e6483c7ab3e	sample-directory	blocked	BS1	BF2 must execute/classify the sample and attach profile/product evidence.	-
SVELTE-937171D844FFCECCBA6E	hydration	packages/svelte/tests/hydration/samples/text-fallback/	c345b32bc1aee7b84131e1fee1ae198d8237accc	sample-directory	blocked	BS1	BF2 must execute/classify the sample and attach profile/product evidence.	-
SVELTE-B2ED35CF03EDDB97DD4B	hydration	packages/svelte/tests/hydration/samples/top-level-text/	2f7734c2bb5dd0bae407193f08b01b76555d311b	sample-directory	blocked	BS1	BF2 must execute/classify the sample and attach profile/product evidence.	-
SVELTE-64972137B35E91714ACC	hydration	packages/svelte/tests/hydration/samples/whitespace-at-block-start/	7c38e124a9ce091190dd407e6b776489fa13c6de	sample-directory	blocked	BS1	BF2 must execute/classify the sample and attach profile/product evidence.	-
SVELTE-C2B4112C37A8A7212549	manual	packages/svelte/tests/manual/	34ec204c44a8b663c6693152faf75f7a40f448ba	suite-sentinel	not_applicable	BF1	Manual playgrounds are not automated official compiler cases.	-
SVELTE-274DAC48D59494BE6E51	migrate	packages/svelte/tests/migrate/samples/$$slots-used-as-variable-$$props/	83b4d6bbd9537847107ad3a03ee28ae6657b4280	sample-directory	not_applicable	BF1	Official migration-code product is outside Verter's compiler product boundary.	-
SVELTE-FD94557C7F3043C103D3	migrate	packages/svelte/tests/migrate/samples/$$slots-used-as-variable/	d1d1f9ffafa1ac4dbe91174229785e061cd72957	sample-directory	not_applicable	BF1	Official migration-code product is outside Verter's compiler product boundary.	-
SVELTE-4B9C6D5DE72B876C3F0C	migrate	packages/svelte/tests/migrate/samples/accessors/	22acdc7a60b74a7d5e1fc17395a52f83d38a5e21	sample-directory	not_applicable	BF1	Official migration-code product is outside Verter's compiler product boundary.	-
SVELTE-CCCE339E49951720C85F	migrate	packages/svelte/tests/migrate/samples/css-ignore/	9970e4adf8ee92fa0349d497f275f6a3b6e91e18	sample-directory	not_applicable	BF1	Official migration-code product is outside Verter's compiler product boundary.	-
SVELTE-2AFB019CAB967033C450	migrate	packages/svelte/tests/migrate/samples/derivations/	c60a209eefe871e00db9a641d44390c1fdfde9fa	sample-directory	not_applicable	BF1	Official migration-code product is outside Verter's compiler product boundary.	-
SVELTE-6F72510B5E9694D257F4	migrate	packages/svelte/tests/migrate/samples/each-block-const/	f4769f9fe30d9a65bd45f6d2c8b815091312c935	sample-directory	not_applicable	BF1	Official migration-code product is outside Verter's compiler product boundary.	-
SVELTE-2101F5456F7903DF6F9F	migrate	packages/svelte/tests/migrate/samples/effects-with-alias-run/	dc9b2f04959d469158282f7245a47ab919df0a45	sample-directory	not_applicable	BF1	Official migration-code product is outside Verter's compiler product boundary.	-
SVELTE-8DE4B07E615FFC764C04	migrate	packages/svelte/tests/migrate/samples/effects/	be9d39afc0541fad31ac75c190909308770d1373	sample-directory	not_applicable	BF1	Official migration-code product is outside Verter's compiler product boundary.	-
SVELTE-89B6830C6B1DFF714EEC	migrate	packages/svelte/tests/migrate/samples/event-handlers-with-alias/	16fe56afde7174ac1632beee4a821acf2aa82bd9	sample-directory	not_applicable	BF1	Official migration-code product is outside Verter's compiler product boundary.	-
SVELTE-A9A91C5870A335AC0DD8	migrate	packages/svelte/tests/migrate/samples/event-handlers/	f6399c237938bc36b7258916a0f671691d8f34b9	sample-directory	not_applicable	BF1	Official migration-code product is outside Verter's compiler product boundary.	-
SVELTE-6AC1ED9E676D3965E78E	migrate	packages/svelte/tests/migrate/samples/export-props-multiple-declarations/	54a83b1725181b6fdb0e783e4788c08517e21608	sample-directory	not_applicable	BF1	Official migration-code product is outside Verter's compiler product boundary.	-
SVELTE-4437B9F5ED66C0B1A837	migrate	packages/svelte/tests/migrate/samples/import-type-$-prefix/	f8cb2ca92ec3148bf65b441b3cc5c211859241c9	sample-directory	not_applicable	BF1	Official migration-code product is outside Verter's compiler product boundary.	-
SVELTE-520AD74F44435DDB879C	migrate	packages/svelte/tests/migrate/samples/impossible-migrate-$bindable-bindable-var-1/	2b3b941991e549c447c19ab2f697030878f6e23c	sample-directory	not_applicable	BF1	Official migration-code product is outside Verter's compiler product boundary.	-
SVELTE-4A89A4449BEB91748F14	migrate	packages/svelte/tests/migrate/samples/impossible-migrate-$derived-derived-var-1/	d0987ed9b786a96df918c371a5a95731f07c00c5	sample-directory	not_applicable	BF1	Official migration-code product is outside Verter's compiler product boundary.	-
SVELTE-B240FFA02CDC9B186A53	migrate	packages/svelte/tests/migrate/samples/impossible-migrate-$derived-derived-var-2/	d56d4db68e84cfa5c252614d4b344c4d76db27c0	sample-directory	not_applicable	BF1	Official migration-code product is outside Verter's compiler product boundary.	-
SVELTE-2A78B9D78F2AEDC0BF41	migrate	packages/svelte/tests/migrate/samples/impossible-migrate-$derived-derived-var-3/	61a644c4c15a1a12296cd06cea92c00e124d6009	sample-directory	not_applicable	BF1	Official migration-code product is outside Verter's compiler product boundary.	-
SVELTE-B575D555ABDD0CE70731	migrate	packages/svelte/tests/migrate/samples/impossible-migrate-$derived-derived-var-4/	d52fa62213452794124f9b528de3de189b7d20bc	sample-directory	not_applicable	BF1	Official migration-code product is outside Verter's compiler product boundary.	-
SVELTE-AC60197FD5F7BCA6E90B	migrate	packages/svelte/tests/migrate/samples/impossible-migrate-$props-props-var-1/	05983f63a842a6865ffd430d73494bdca82c43f0	sample-directory	not_applicable	BF1	Official migration-code product is outside Verter's compiler product boundary.	-
SVELTE-0173CC9FB8ED87F605BF	migrate	packages/svelte/tests/migrate/samples/impossible-migrate-$state-state-var-1/	84e237a455d6e098c2bcb37b645c47f45be7c0b8	sample-directory	not_applicable	BF1	Official migration-code product is outside Verter's compiler product boundary.	-
SVELTE-7B2756370610420ECC70	migrate	packages/svelte/tests/migrate/samples/impossible-migrate-$state-state-var-2/	55114ddd4835d04206a14d8047abdc461b0d3448	sample-directory	not_applicable	BF1	Official migration-code product is outside Verter's compiler product boundary.	-
SVELTE-678C2025986E21B31F13	migrate	packages/svelte/tests/migrate/samples/impossible-migrate-$state-state-var-3/	4e65aae2f6b0a824f423ff5384a930a5cb198cd7	sample-directory	not_applicable	BF1	Official migration-code product is outside Verter's compiler product boundary.	-
SVELTE-BDCE45C089909DB83D25	migrate	packages/svelte/tests/migrate/samples/impossible-migrate-beforeUpdate-afterUpdate/	a146e46829269a416181e7ac12a48194b19d7632	sample-directory	not_applicable	BF1	Official migration-code product is outside Verter's compiler product boundary.	-
SVELTE-6088D7BB80033D5DEA2D	migrate	packages/svelte/tests/migrate/samples/impossible-migrate-prop-and-$$props/	cec12041d5cec4fed58062e31458daf40f826da7	sample-directory	not_applicable	BF1	Official migration-code product is outside Verter's compiler product boundary.	-
SVELTE-C19CAA834663828E7C90	migrate	packages/svelte/tests/migrate/samples/impossible-migrate-prop-non-identifier/	1b326f78adeeb762b1e4027471277f50b72b78be	sample-directory	not_applicable	BF1	Official migration-code product is outside Verter's compiler product boundary.	-
SVELTE-215F66E8477E4C5BA414	migrate	packages/svelte/tests/migrate/samples/impossible-migrate-slot-change-name/	2b62486cf82fa33caf0d44e441dab7bd411d2a8c	sample-directory	not_applicable	BF1	Official migration-code product is outside Verter's compiler product boundary.	-
SVELTE-B5106297C1A354D4BA01	migrate	packages/svelte/tests/migrate/samples/impossible-migrate-slot-non-identifier/	a4aedf7746f5ba281f4723ca77e1402d59ae3066	sample-directory	not_applicable	BF1	Official migration-code product is outside Verter's compiler product boundary.	-
SVELTE-E7081247DAD5EDF13072	migrate	packages/svelte/tests/migrate/samples/impossible-migrate-with-errors/	8aef9289b1e5baf9794ae15e338f625018738e83	sample-directory	not_applicable	BF1	Official migration-code product is outside Verter's compiler product boundary.	-
SVELTE-0FC329BD7CC74282E669	migrate	packages/svelte/tests/migrate/samples/is-not-where-has/	3e371d06eac0ce86aa86a139e4404534b0a3bf5b	sample-directory	not_applicable	BF1	Official migration-code product is outside Verter's compiler product boundary.	-
SVELTE-FB35F230B8AA351757EF	migrate	packages/svelte/tests/migrate/samples/jsdoc-with-comments/	af7fb2e0d456844b684368ff1d968c1fbde5a129	sample-directory	not_applicable	BF1	Official migration-code product is outside Verter's compiler product boundary.	-
SVELTE-12928EE30BFBC8DC167E	migrate	packages/svelte/tests/migrate/samples/labeled-statement-reassign-state/	11c8223b2d7865410c6ec116ade618585ccf9bda	sample-directory	not_applicable	BF1	Official migration-code product is outside Verter's compiler product boundary.	-
SVELTE-AB4D6D00D792891072CE	migrate	packages/svelte/tests/migrate/samples/named-slots/	5786a3941a0083880a85de781b6967957f880b82	sample-directory	not_applicable	BF1	Official migration-code product is outside Verter's compiler product boundary.	-
SVELTE-38AB4E77FBE558924FD4	migrate	packages/svelte/tests/migrate/samples/not-blank-css-if-error/	52cd9203b81ed7c0319711f0b79fba972e599da4	sample-directory	not_applicable	BF1	Official migration-code product is outside Verter's compiler product boundary.	-
SVELTE-0F37FF8F7142DAB8220D	migrate	packages/svelte/tests/migrate/samples/not-prepend-props-to-export-let/	06c49f54262d803d45f975c8796235df7ee05fd9	sample-directory	not_applicable	BF1	Official migration-code product is outside Verter's compiler product boundary.	-
SVELTE-90CFD3C64F1896AB1F1A	migrate	packages/svelte/tests/migrate/samples/props-and-labeled/	5495e9ab067c6e3d6956d6711c325ff4ae26d8df	sample-directory	not_applicable	BF1	Official migration-code product is outside Verter's compiler product boundary.	-
SVELTE-646C0AA1B2791C868698	migrate	packages/svelte/tests/migrate/samples/props-export-alias/	3e0990c0b00428b72f7f36bc44c5a4b10d71f2fc	sample-directory	not_applicable	BF1	Official migration-code product is outside Verter's compiler product boundary.	-
SVELTE-712C4D0CA8D96748C077	migrate	packages/svelte/tests/migrate/samples/props-interface/	939137747541816a568f3bfca0ad3228e154e33a	sample-directory	not_applicable	BF1	Official migration-code product is outside Verter's compiler product boundary.	-
SVELTE-101F35F830276320836F	migrate	packages/svelte/tests/migrate/samples/props-rest-props-jsdoc/	08286e875be785698ca3b0eb62f346b55f2b62e1	sample-directory	not_applicable	BF1	Official migration-code product is outside Verter's compiler product boundary.	-
SVELTE-DFDA59156D13D2AAEBD1	migrate	packages/svelte/tests/migrate/samples/props-rest-props-ts/	c0657da360b44b19ac435f1ea71195814784c2c4	sample-directory	not_applicable	BF1	Official migration-code product is outside Verter's compiler product boundary.	-
SVELTE-AEC8E9AA8C6DBB54EAD8	migrate	packages/svelte/tests/migrate/samples/props-rest-props/	d02fdbd0f2d5eb1855fc9f8b13e0c7a48c8cab32	sample-directory	not_applicable	BF1	Official migration-code product is outside Verter's compiler product boundary.	-
SVELTE-9D0826279B007543AF76	migrate	packages/svelte/tests/migrate/samples/props-ts/	cc53fbd6a028382061f61d720565f698fb71450f	sample-directory	not_applicable	BF1	Official migration-code product is outside Verter's compiler product boundary.	-
SVELTE-7FBAADA33F0054BF3E5C	migrate	packages/svelte/tests/migrate/samples/props/	d3abedacc7a745c824513d5910b69b035074555a	sample-directory	not_applicable	BF1	Official migration-code product is outside Verter's compiler product boundary.	-
SVELTE-35B13206FEE1163A0765	migrate	packages/svelte/tests/migrate/samples/reactive-statements-inner-block/	3d33bfea881f53891fe1e4ca474163efe1cad486	sample-directory	not_applicable	BF1	Official migration-code product is outside Verter's compiler product boundary.	-
SVELTE-170A4CB3C12AA4761DE2	migrate	packages/svelte/tests/migrate/samples/reactive-statements-reorder-1/	dad96f7010764154fda9bfab41a0e9250bf1d92c	sample-directory	not_applicable	BF1	Official migration-code product is outside Verter's compiler product boundary.	-
SVELTE-7401CA556F6E77AC8E48	migrate	packages/svelte/tests/migrate/samples/reactive-statements-reorder-2/	86ded198b58491e6c566cb256a49cb05b4cfafd6	sample-directory	not_applicable	BF1	Official migration-code product is outside Verter's compiler product boundary.	-
SVELTE-40BAEA43A8AC15C3E9DA	migrate	packages/svelte/tests/migrate/samples/reactive-statements-reorder-not-deleting-additions/	ac788f2a3f4e30f96f1dadd608cc731ef36fd540	sample-directory	not_applicable	BF1	Official migration-code product is outside Verter's compiler product boundary.	-
SVELTE-B397A76B0E6C53B71B09	migrate	packages/svelte/tests/migrate/samples/reactive-statements-reorder-with-comments/	158c0b4e93df30d7d83c3cd2e1c658743a2f8e68	sample-directory	not_applicable	BF1	Official migration-code product is outside Verter's compiler product boundary.	-
SVELTE-FB7462261B77027A4183	migrate	packages/svelte/tests/migrate/samples/reassigned-deriveds/	9b4d9f27ed93a6d8b7b1135dd4357fea260a1067	sample-directory	not_applicable	BF1	Official migration-code product is outside Verter's compiler product boundary.	-
SVELTE-361E7AAD2EDAD2467358	migrate	packages/svelte/tests/migrate/samples/remove-blocks-whitespace/	d2a9b5a6e3a65e22429ad705ec30a3caa7126993	sample-directory	not_applicable	BF1	Official migration-code product is outside Verter's compiler product boundary.	-
SVELTE-C144CD630FBC673E9938	migrate	packages/svelte/tests/migrate/samples/script-context-module/	fbc2d33911413a62a097dee966e8db6bb8ceb333	sample-directory	not_applicable	BF1	Official migration-code product is outside Verter's compiler product boundary.	-
SVELTE-62B5B6E3BC8B5B49FD1C	migrate	packages/svelte/tests/migrate/samples/self-closing-elements/	a09279bc8340e099650d4e5b2dbd239e84858756	sample-directory	not_applicable	BF1	Official migration-code product is outside Verter's compiler product boundary.	-
SVELTE-09FA12C4A45E3BCA9D52	migrate	packages/svelte/tests/migrate/samples/self-closing-named-slot/	a1851c4cc7a12e45387792f2a35e31be6ed9bfe4	sample-directory	not_applicable	BF1	Official migration-code product is outside Verter's compiler product boundary.	-
SVELTE-F9F25929DE5620CF7557	migrate	packages/svelte/tests/migrate/samples/shadowed-forwarded-slot/	ba0067e22183156db22763cfcc71cfc2bf86b206	sample-directory	not_applicable	BF1	Official migration-code product is outside Verter's compiler product boundary.	-
SVELTE-FE2FE1F814CE11A5D2BE	migrate	packages/svelte/tests/migrate/samples/single-assignment-labeled/	58b78fb5c17528b5061dc19ebb261f3b75b2cd62	sample-directory	not_applicable	BF1	Official migration-code product is outside Verter's compiler product boundary.	-
SVELTE-DC6011D6F599FEB3F9ED	migrate	packages/svelte/tests/migrate/samples/slot-dont-mess-with-attributes/	3bdf056ff50094c3f525f6affc6ebd0829a187ad	sample-directory	not_applicable	BF1	Official migration-code product is outside Verter's compiler product boundary.	-
SVELTE-38B996B8FF154FB26444	migrate	packages/svelte/tests/migrate/samples/slot-non-identifier/	ff517f39223431f98eac495e7f6b0c85dbcf0e18	sample-directory	not_applicable	BF1	Official migration-code product is outside Verter's compiler product boundary.	-
SVELTE-62FA400B186149C72550	migrate	packages/svelte/tests/migrate/samples/slot-shadow-props/	7c92814558045ead4548a0fe6f94dd62f5aab77d	sample-directory	not_applicable	BF1	Official migration-code product is outside Verter's compiler product boundary.	-
SVELTE-BB8F37B6045F45B53FEC	migrate	packages/svelte/tests/migrate/samples/slot-usages/	bc42af7445dfaba25f61b80f83e482180aa4be0e	sample-directory	not_applicable	BF1	Official migration-code product is outside Verter's compiler product boundary.	-
SVELTE-DA2C10C4D881A2522B46	migrate	packages/svelte/tests/migrate/samples/slot-use_ts-2/	cabbe396a2c9c125db29343786a1ae42a18d8511	sample-directory	not_applicable	BF1	Official migration-code product is outside Verter's compiler product boundary.	-
SVELTE-1905440BA704608694A3	migrate	packages/svelte/tests/migrate/samples/slot-use_ts-3/	d92ffc20d83289d93626e2060efd5db8f7742052	sample-directory	not_applicable	BF1	Official migration-code product is outside Verter's compiler product boundary.	-
SVELTE-A10863841576594CFE45	migrate	packages/svelte/tests/migrate/samples/slot-use_ts/	0312c458ac38fbf0a2a7fa24405a079965e4121f	sample-directory	not_applicable	BF1	Official migration-code product is outside Verter's compiler product boundary.	-
SVELTE-3DF192A3BBD6C7F392AF	migrate	packages/svelte/tests/migrate/samples/slots-below-imports/	4f9483a267eae25110754ec304fe0a5641f3a5cb	sample-directory	not_applicable	BF1	Official migration-code product is outside Verter's compiler product boundary.	-
SVELTE-A271EE3B72CCFAE25F3C	migrate	packages/svelte/tests/migrate/samples/slots-custom-element/	51a05546de746d338fcd8906de8a68bc0d7f8262	sample-directory	not_applicable	BF1	Official migration-code product is outside Verter's compiler product boundary.	-
SVELTE-D702AED81F9F2E68150C	migrate	packages/svelte/tests/migrate/samples/slots-multiple/	bb739becdc5c50daee7ec241f38661e60cf57522	sample-directory	not_applicable	BF1	Official migration-code product is outside Verter's compiler product boundary.	-
SVELTE-246A74EB76A4F82CA624	migrate	packages/svelte/tests/migrate/samples/slots-with-$$props/	ab05621486c2ee9fe67a388d9911b5de147ece8a	sample-directory	not_applicable	BF1	Official migration-code product is outside Verter's compiler product boundary.	-
SVELTE-20A6ED979130D2B42F3E	migrate	packages/svelte/tests/migrate/samples/slots/	3f721d375b68b83b50c091c8d42aea61cb8bed93	sample-directory	not_applicable	BF1	Official migration-code product is outside Verter's compiler product boundary.	-
SVELTE-8EC61D7EE1A2B6DA9CD4	migrate	packages/svelte/tests/migrate/samples/state-and-derivations-sequence/	9d91c5d17ed35e4e5dcd25d943d435b13211e1e7	sample-directory	not_applicable	BF1	Official migration-code product is outside Verter's compiler product boundary.	-
SVELTE-BD4DC3CAEA1CED7EB003	migrate	packages/svelte/tests/migrate/samples/state-no-initial/	15072205cd4567f0ec7324126bb209d8816c1733	sample-directory	not_applicable	BF1	Official migration-code product is outside Verter's compiler product boundary.	-
SVELTE-77D76C761A0CC92296E3	migrate	packages/svelte/tests/migrate/samples/state-ts/	1450356586db8e46b174b91b295b727bc5056bb2	sample-directory	not_applicable	BF1	Official migration-code product is outside Verter's compiler product boundary.	-
SVELTE-B04F4B8F878929D0AD54	migrate	packages/svelte/tests/migrate/samples/svelte-component/	57710f3e0335f55c9e520a3a0df8be596687fc9a	sample-directory	not_applicable	BF1	Official migration-code product is outside Verter's compiler product boundary.	-
SVELTE-9A440140C6E3AAB6E256	migrate	packages/svelte/tests/migrate/samples/svelte-element/	5d1e51501f2ecf71dcb9096aa05c1389298c9ccc	sample-directory	not_applicable	BF1	Official migration-code product is outside Verter's compiler product boundary.	-
SVELTE-0D79AAB5196A35EFB9EA	migrate	packages/svelte/tests/migrate/samples/svelte-ignore/	0435a7cc0579e088eeba9fe85786d1e7212b0b3e	sample-directory	not_applicable	BF1	Official migration-code product is outside Verter's compiler product boundary.	-
SVELTE-6876D0EA539E23C3FD1A	migrate	packages/svelte/tests/migrate/samples/svelte-self-name-conflict/	2e731eb732d8b51e8c893947d9b8e11c55f1d911	sample-directory	not_applicable	BF1	Official migration-code product is outside Verter's compiler product boundary.	-
SVELTE-8C8D05E334EC747D7181	migrate	packages/svelte/tests/migrate/samples/svelte-self-skip-filename/	754b45ffe28b4ae78a366392d3b3962c9ece096c	sample-directory	not_applicable	BF1	Official migration-code product is outside Verter's compiler product boundary.	-
SVELTE-8B016969443A7D605FB5	migrate	packages/svelte/tests/migrate/samples/svelte-self/	c7620166efa1ca0307a0101b70dcad2077a11cf0	sample-directory	not_applicable	BF1	Official migration-code product is outside Verter's compiler product boundary.	-
SVELTE-8EE0EB8614D17A58954C	migrate	packages/svelte/tests/migrate/samples/unused-beforeUpdate-afterUpdate-extra-imports/	e9765e9b654c0536cefa7a36a4e86e864a3571d2	sample-directory	not_applicable	BF1	Official migration-code product is outside Verter's compiler product boundary.	-
SVELTE-6E9FDC6FEA2ED5956D83	migrate	packages/svelte/tests/migrate/samples/unused-beforeUpdate-afterUpdate/	cca5a00f966c2efd6a662d3a4f691bdc1d448b03	sample-directory	not_applicable	BF1	Official migration-code product is outside Verter's compiler product boundary.	-
SVELTE-060FFE36CD5AABC07736	motion	packages/svelte/tests/motion/	040a7fb416920095d77b18be21d2005259a6b9ca	suite-sentinel	not_applicable	BF1	Official runtime motion package tests are outside compiler-output conformance.	-
SVELTE-5713C601CDAFA8829AE5	parser-legacy	packages/svelte/tests/parser-legacy/samples/action-duplicate/	6b5bbb4e9b3a8436d6de14492428929f0e89f557	sample-directory	blocked	B2/BS1	BF2 must execute/classify the sample and attach profile/product evidence.	B2-parse-facet-svelte.md#svelte-5713c601cdafa8829ae5:pass
SVELTE-7C1D8C1ADC7E3936287D	parser-legacy	packages/svelte/tests/parser-legacy/samples/action-with-call/	71b02c9ba22a5c03fd437e49e2b30f311fac2e72	sample-directory	blocked	B2/BS1	BF2 must execute/classify the sample and attach profile/product evidence.	B2-parse-facet-svelte.md#svelte-7c1d8c1adc7e3936287d:pass
SVELTE-1F73EA394AC14A0D0796	parser-legacy	packages/svelte/tests/parser-legacy/samples/action-with-identifier/	3365e5a6223953a8871c6c907a1684e5a8f1038c	sample-directory	blocked	B2/BS1	BF2 must execute/classify the sample and attach profile/product evidence.	B2-parse-facet-svelte.md#svelte-1f73ea394ac14a0d0796:pass
SVELTE-588EB4A447C4E526430B	parser-legacy	packages/svelte/tests/parser-legacy/samples/action-with-literal/	20a55b9fa9a98d4e956fb8202ba6ef70ee68cfa1	sample-directory	blocked	B2/BS1	BF2 must execute/classify the sample and attach profile/product evidence.	B2-parse-facet-svelte.md#svelte-588eb4a447c4e526430b:pass
SVELTE-55D6B6647C53BB7E49D5	parser-legacy	packages/svelte/tests/parser-legacy/samples/action/	e5c39950ca47017ba3343f62ce989165d2186419	sample-directory	blocked	B2/BS1	BF2 must execute/classify the sample and attach profile/product evidence.	B2-parse-facet-svelte.md#svelte-55d6b6647c53bb7e49d5:pass
SVELTE-6338890FAA0EE039533C	parser-legacy	packages/svelte/tests/parser-legacy/samples/animation/	1206c7fbca58a48b3fb98385b324a009935dfc6f	sample-directory	blocked	B2/BS1	BF2 must execute/classify the sample and attach profile/product evidence.	B2-parse-facet-svelte.md#svelte-6338890faa0ee039533c:pass
SVELTE-AB354CA0C4D8D51215F1	parser-legacy	packages/svelte/tests/parser-legacy/samples/attribute-class-directive/	43fc659ee0455b776b5ad5273c141033b5a7ffb9	sample-directory	blocked	B2/BS1	BF2 must execute/classify the sample and attach profile/product evidence.	B2-parse-facet-svelte.md#svelte-ab354ca0c4d8d51215f1:pass
SVELTE-76203C36FD8B04897D44	parser-legacy	packages/svelte/tests/parser-legacy/samples/attribute-containing-solidus/	7fc3c85a40c0e61d18b96ab71975d9adcd0be537	sample-directory	blocked	B2/BS1	BF2 must execute/classify the sample and attach profile/product evidence.	B2-parse-facet-svelte.md#svelte-76203c36fd8b04897d44:pass
SVELTE-38A5E842A82588DEB86D	parser-legacy	packages/svelte/tests/parser-legacy/samples/attribute-curly-bracket/	e81d312b73552507025fa93767164a60aa7c9582	sample-directory	blocked	B2/BS1	BF2 must execute/classify the sample and attach profile/product evidence.	B2-parse-facet-svelte.md#svelte-38a5e842a82588deb86d:pass
SVELTE-4F6128EBCA094BEB0EA0	parser-legacy	packages/svelte/tests/parser-legacy/samples/attribute-dynamic-boolean/	14a8e5e43c55d16477be66604f3d2aea39c4f020	sample-directory	blocked	B2/BS1	BF2 must execute/classify the sample and attach profile/product evidence.	B2-parse-facet-svelte.md#svelte-4f6128ebca094beb0ea0:pass
SVELTE-945669F7DBEFA428074A	parser-legacy	packages/svelte/tests/parser-legacy/samples/attribute-dynamic/	58fe81f7ab545371af0b8fe12faba0a8a1c09e48	sample-directory	blocked	B2/BS1	BF2 must execute/classify the sample and attach profile/product evidence.	B2-parse-facet-svelte.md#svelte-945669f7dbefa428074a:pass
SVELTE-F8766E20C25DA90E9F18	parser-legacy	packages/svelte/tests/parser-legacy/samples/attribute-empty/	53ea181734d1a0b1d8dce09d9e1174ab9e977290	sample-directory	blocked	B2/BS1	BF2 must execute/classify the sample and attach profile/product evidence.	B2-parse-facet-svelte.md#svelte-f8766e20c25da90e9f18:pass
SVELTE-D45D12C24EBB4FD96417	parser-legacy	packages/svelte/tests/parser-legacy/samples/attribute-escaped/	3eedd70c8560a64f22d128b38d9eff5aa9d2ccd7	sample-directory	blocked	B2/BS1	BF2 must execute/classify the sample and attach profile/product evidence.	B2-parse-facet-svelte.md#svelte-d45d12c24ebb4fd96417:pass
SVELTE-772327BC4EFFD70EFBD5	parser-legacy	packages/svelte/tests/parser-legacy/samples/attribute-multiple/	1b174d1627fe7955353181697b8350d08c6ac93e	sample-directory	blocked	B2/BS1	BF2 must execute/classify the sample and attach profile/product evidence.	B2-parse-facet-svelte.md#svelte-772327bc4effd70efbd5:pass
SVELTE-50F681DC203CF4A9D56C	parser-legacy	packages/svelte/tests/parser-legacy/samples/attribute-shorthand/	74290b9355bc0381be1fb0c337a6806a6d06365e	sample-directory	blocked	B2/BS1	BF2 must execute/classify the sample and attach profile/product evidence.	B2-parse-facet-svelte.md#svelte-50f681dc203cf4a9d56c:pass
SVELTE-278B8FFA0426D96B9B65	parser-legacy	packages/svelte/tests/parser-legacy/samples/attribute-static-boolean/	9723f9f5dfd5d898b28611096f999679bb355da8	sample-directory	blocked	B2/BS1	BF2 must execute/classify the sample and attach profile/product evidence.	B2-parse-facet-svelte.md#svelte-278b8ffa0426d96b9b65:pass
SVELTE-A8C6DBBEDD37958DB989	parser-legacy	packages/svelte/tests/parser-legacy/samples/attribute-static/	be8b9ea5b29f2c0e1bebc79960a9358e6633c898	sample-directory	blocked	B2/BS1	BF2 must execute/classify the sample and attach profile/product evidence.	B2-parse-facet-svelte.md#svelte-a8c6dbbedd37958db989:pass
SVELTE-CA0365F9A528F42FA3BE	parser-legacy	packages/svelte/tests/parser-legacy/samples/attribute-style-directive-modifiers/	f106322c162cce30ce525e57db3cce58197d82b1	sample-directory	blocked	B2/BS1	BF2 must execute/classify the sample and attach profile/product evidence.	B2-parse-facet-svelte.md#svelte-ca0365f9a528f42fa3be:pass
SVELTE-D51CF9FC2BD0C31DDCAD	parser-legacy	packages/svelte/tests/parser-legacy/samples/attribute-style-directive-shorthand/	4a016de4b76e505e38bf5337b10ae9931bc09d1e	sample-directory	blocked	B2/BS1	BF2 must execute/classify the sample and attach profile/product evidence.	B2-parse-facet-svelte.md#svelte-d51cf9fc2bd0c31ddcad:pass
SVELTE-B93219B96A9F7B56EA63	parser-legacy	packages/svelte/tests/parser-legacy/samples/attribute-style-directive-string/	26498cc84ae32884adb08859b02b46eac63dc9ed	sample-directory	blocked	B2/BS1	BF2 must execute/classify the sample and attach profile/product evidence.	B2-parse-facet-svelte.md#svelte-b93219b96a9f7b56ea63:pass
SVELTE-015B7123CF0AFF047EA2	parser-legacy	packages/svelte/tests/parser-legacy/samples/attribute-style-directive/	757946f2356d48abc778240db88dc37312bbe2e9	sample-directory	blocked	B2/BS1	BF2 must execute/classify the sample and attach profile/product evidence.	B2-parse-facet-svelte.md#svelte-015b7123cf0aff047ea2:pass
SVELTE-DDBC3941C1EF2A1AA8A9	parser-legacy	packages/svelte/tests/parser-legacy/samples/attribute-style/	77bd8157d6a916641d4242c70c2c7d28abb17f78	sample-directory	blocked	B2/BS1	BF2 must execute/classify the sample and attach profile/product evidence.	B2-parse-facet-svelte.md#svelte-ddbc3941c1ef2a1aa8a9:pass
SVELTE-AD4328B406D0DAE96213	parser-legacy	packages/svelte/tests/parser-legacy/samples/attribute-unquoted/	38d3e2103243613a5919eee90a0e68df1bd349d8	sample-directory	blocked	B2/BS1	BF2 must execute/classify the sample and attach profile/product evidence.	B2-parse-facet-svelte.md#svelte-ad4328b406d0dae96213:pass
SVELTE-19F4A2D154F0F13CC717	parser-legacy	packages/svelte/tests/parser-legacy/samples/attribute-with-whitespace/	65a99e3f4402a78aff1c52527779190a958127ce	sample-directory	blocked	B2/BS1	BF2 must execute/classify the sample and attach profile/product evidence.	B2-parse-facet-svelte.md#svelte-19f4a2d154f0f13cc717:pass
SVELTE-41EB654ACF9E90C71B50	parser-legacy	packages/svelte/tests/parser-legacy/samples/await-catch/	51cc570bef2a6d47ca3b72ba73a7fa2e0e583c8c	sample-directory	blocked	B2/BS1	BF2 must execute/classify the sample and attach profile/product evidence.	B2-parse-facet-svelte.md#svelte-41eb654acf9e90c71b50:pass
SVELTE-8A07ADA0A9EE36C7EA74	parser-legacy	packages/svelte/tests/parser-legacy/samples/await-then-catch/	b4112eeafbb65d938eb9b380798d5154fff0c9ad	sample-directory	blocked	B2/BS1	BF2 must execute/classify the sample and attach profile/product evidence.	B2-parse-facet-svelte.md#svelte-8a07ada0a9ee36c7ea74:pass
SVELTE-CB67C94C10812869CCAD	parser-legacy	packages/svelte/tests/parser-legacy/samples/binding-shorthand/	6bb4d1ed2afc580702ee361781dcde5e342062ce	sample-directory	blocked	B2/BS1	BF2 must execute/classify the sample and attach profile/product evidence.	B2-parse-facet-svelte.md#svelte-cb67c94c10812869ccad:pass
SVELTE-DD94ADB770ED58B1B72F	parser-legacy	packages/svelte/tests/parser-legacy/samples/binding/	4770801da0fb813e8891fa851a71923737fea8d4	sample-directory	blocked	B2/BS1	BF2 must execute/classify the sample and attach profile/product evidence.	B2-parse-facet-svelte.md#svelte-dd94adb770ed58b1b72f:pass
SVELTE-9A0B4DDCEF62B6052FB8	parser-legacy	packages/svelte/tests/parser-legacy/samples/comment-with-ignores/	a7147f4d034405c0058392b9dd0cc62850d9d3af	sample-directory	blocked	B2/BS1	BF2 must execute/classify the sample and attach profile/product evidence.	B2-parse-facet-svelte.md#svelte-9a0b4ddcef62b6052fb8:pass
SVELTE-A19AFB33C67CF934F133	parser-legacy	packages/svelte/tests/parser-legacy/samples/comment/	f221ac9cf72d7ce89e38c02f74a406034fe587d5	sample-directory	blocked	B2/BS1	BF2 must execute/classify the sample and attach profile/product evidence.	B2-parse-facet-svelte.md#svelte-a19afb33c67cf934f133:pass
SVELTE-8DB02CCF70E30E567CE0	parser-legacy	packages/svelte/tests/parser-legacy/samples/component-dynamic/	232b268ae125a3c70b54f6e04a274b7b8a16d0c5	sample-directory	blocked	B2/BS1	BF2 must execute/classify the sample and attach profile/product evidence.	B2-parse-facet-svelte.md#svelte-8db02ccf70e30e567ce0:pass
SVELTE-4D05C1AA0BB6BC0C7AA6	parser-legacy	packages/svelte/tests/parser-legacy/samples/convert-entities-in-element/	f5959909d33746e12e85fbd5c8a80501b54c035d	sample-directory	blocked	B2/BS1	BF2 must execute/classify the sample and attach profile/product evidence.	B2-parse-facet-svelte.md#svelte-4d05c1aa0bb6bc0c7aa6:pass
SVELTE-F44D4995D1B8BEEDFA20	parser-legacy	packages/svelte/tests/parser-legacy/samples/convert-entities/	56f62ad25df82b33d0b6c6270785801775f8c451	sample-directory	blocked	B2/BS1	BF2 must execute/classify the sample and attach profile/product evidence.	B2-parse-facet-svelte.md#svelte-f44d4995d1b8beedfa20:pass
SVELTE-E5900A338A24CD878E0D	parser-legacy	packages/svelte/tests/parser-legacy/samples/css/	d4ff2fc4a8ac35f8ed567223318481ab9d6c0061	sample-directory	blocked	B2/BS1	BF2 must execute/classify the sample and attach profile/product evidence.	B2-parse-facet-svelte.md#svelte-e5900a338a24cd878e0d:pass
SVELTE-A8C1C39CF883D81E40F7	parser-legacy	packages/svelte/tests/parser-legacy/samples/dynamic-element-string/	408f1ff5c9d1aa73f949441bf0a5cbe38552e66e	sample-directory	blocked	B2/BS1	BF2 must execute/classify the sample and attach profile/product evidence.	B2-parse-facet-svelte.md#svelte-a8c1c39cf883d81e40f7:pass
SVELTE-8CF1C3FC50584696D0B2	parser-legacy	packages/svelte/tests/parser-legacy/samples/dynamic-element-variable/	f95445f79281ce9797af147fa0cfb4db7c2de859	sample-directory	blocked	B2/BS1	BF2 must execute/classify the sample and attach profile/product evidence.	B2-parse-facet-svelte.md#svelte-8cf1c3fc50584696d0b2:pass
SVELTE-284B76F4A4D80A777D1A	parser-legacy	packages/svelte/tests/parser-legacy/samples/dynamic-import/	d27435c8c2b2c7b1c75da2fb3845ba1674c791d8	sample-directory	blocked	B2/BS1	BF2 must execute/classify the sample and attach profile/product evidence.	B2-parse-facet-svelte.md#svelte-284b76f4a4d80a777d1a:pass
SVELTE-64442CF44791795A9EB5	parser-legacy	packages/svelte/tests/parser-legacy/samples/each-block-destructured/	63aa4ceb9650bece3d16694097221e82b068ed0b	sample-directory	blocked	B2/BS1	BF2 must execute/classify the sample and attach profile/product evidence.	B2-parse-facet-svelte.md#svelte-64442cf44791795a9eb5:pass
SVELTE-B709E892D1291BCF2FD1	parser-legacy	packages/svelte/tests/parser-legacy/samples/each-block-else/	a042943c03aa8ff9d4b75d0172a8fc1890a2d700	sample-directory	blocked	B2/BS1	BF2 must execute/classify the sample and attach profile/product evidence.	B2-parse-facet-svelte.md#svelte-b709e892d1291bcf2fd1:pass
SVELTE-083535DB1DD2C11E5B37	parser-legacy	packages/svelte/tests/parser-legacy/samples/each-block-indexed/	c3f180b28a07ef5441c6080dc8d8dcb032aa9571	sample-directory	blocked	B2/BS1	BF2 must execute/classify the sample and attach profile/product evidence.	B2-parse-facet-svelte.md#svelte-083535db1dd2c11e5b37:pass
SVELTE-476959256458A7E3A8DC	parser-legacy	packages/svelte/tests/parser-legacy/samples/each-block-keyed/	d0f7db3c2c47fc523665c4bfb630928a7d17cdb0	sample-directory	blocked	B2/BS1	BF2 must execute/classify the sample and attach profile/product evidence.	B2-parse-facet-svelte.md#svelte-476959256458a7e3a8dc:pass
SVELTE-19376EDA5822BA2E5768	parser-legacy	packages/svelte/tests/parser-legacy/samples/each-block/	3daed40e4935963aadb91a90f0818de8548c645d	sample-directory	blocked	B2/BS1	BF2 must execute/classify the sample and attach profile/product evidence.	B2-parse-facet-svelte.md#svelte-19376eda5822ba2e5768:pass
SVELTE-2D0FCA7B802A74D1716F	parser-legacy	packages/svelte/tests/parser-legacy/samples/element-with-attribute-empty-string/	34240c9defc1fcc1a47be484922a91db4c5c90c8	sample-directory	blocked	B2/BS1	BF2 must execute/classify the sample and attach profile/product evidence.	B2-parse-facet-svelte.md#svelte-2d0fca7b802a74d1716f:pass
SVELTE-03E88316239FCA2065DE	parser-legacy	packages/svelte/tests/parser-legacy/samples/element-with-attribute/	60cc7f83037e2a7e71cb2e49617bafdf3e928baf	sample-directory	blocked	B2/BS1	BF2 must execute/classify the sample and attach profile/product evidence.	B2-parse-facet-svelte.md#svelte-03e88316239fca2065de:pass
SVELTE-39DD49357DDA94382F47	parser-legacy	packages/svelte/tests/parser-legacy/samples/element-with-mustache/	365906e3dcaf041069b8e7f77905e004c2d96e8e	sample-directory	blocked	B2/BS1	BF2 must execute/classify the sample and attach profile/product evidence.	B2-parse-facet-svelte.md#svelte-39dd49357dda94382f47:pass
SVELTE-39CC7E69D126893B8B50	parser-legacy	packages/svelte/tests/parser-legacy/samples/element-with-text/	d08bdc951ebfcd18fc794a043c20ad93c26cafbf	sample-directory	blocked	B2/BS1	BF2 must execute/classify the sample and attach profile/product evidence.	B2-parse-facet-svelte.md#svelte-39cc7e69d126893b8b50:pass
SVELTE-A1A36ACF8F81F646558C	parser-legacy	packages/svelte/tests/parser-legacy/samples/elements/	1ba5b93313c93f2096e448f540ec4062a6070ed2	sample-directory	blocked	B2/BS1	BF2 must execute/classify the sample and attach profile/product evidence.	B2-parse-facet-svelte.md#svelte-a1a36acf8f81f646558c:pass
SVELTE-3A3B81E9AD5CEE409138	parser-legacy	packages/svelte/tests/parser-legacy/samples/event-handler/	814dfb4c98d4556fb3d4f00272341da08f8a3e32	sample-directory	blocked	B2/BS1	BF2 must execute/classify the sample and attach profile/product evidence.	B2-parse-facet-svelte.md#svelte-3a3b81e9ad5cee409138:pass
SVELTE-E645348F46CB5BFB9AAA	parser-legacy	packages/svelte/tests/parser-legacy/samples/generic-snippets/	ceaed00b6b2f3251c319b9597cdab4302eba60cb	sample-directory	blocked	B2/BS1	BF2 must execute/classify the sample and attach profile/product evidence.	B2-parse-facet-svelte.md#svelte-e645348f46cb5bfb9aaa:pass
SVELTE-535A5227584C344B6615	parser-legacy	packages/svelte/tests/parser-legacy/samples/if-block-else/	abdfa2a2983fdc82c54e69580b556f66752e5af6	sample-directory	blocked	B2/BS1	BF2 must execute/classify the sample and attach profile/product evidence.	B2-parse-facet-svelte.md#svelte-535a5227584c344b6615:pass
SVELTE-682FBC9E59894A813EC1	parser-legacy	packages/svelte/tests/parser-legacy/samples/if-block-elseif/	6077d13b2b6b3bc87809a88b4555f5fcc69f1442	sample-directory	blocked	B2/BS1	BF2 must execute/classify the sample and attach profile/product evidence.	B2-parse-facet-svelte.md#svelte-682fbc9e59894a813ec1:pass
SVELTE-A331A60B30F66A95D929	parser-legacy	packages/svelte/tests/parser-legacy/samples/if-block/	18ac98bf8d9a2d763e109f62d7174816b7f548e9	sample-directory	blocked	B2/BS1	BF2 must execute/classify the sample and attach profile/product evidence.	B2-parse-facet-svelte.md#svelte-a331a60b30f66a95d929:pass
SVELTE-94F2422BF31038F439E9	parser-legacy	packages/svelte/tests/parser-legacy/samples/implicitly-closed-li-block/	f7d08313110d57dc6ac5cf8e835770cc60be8a4c	sample-directory	blocked	B2/BS1	BF2 must execute/classify the sample and attach profile/product evidence.	B2-parse-facet-svelte.md#svelte-94f2422bf31038f439e9:pass
SVELTE-9D67B6AD65859BDEFEA0	parser-legacy	packages/svelte/tests/parser-legacy/samples/implicitly-closed-li/	a8decb265049c3f14277bcc56cdcb6c5395d2e8b	sample-directory	blocked	B2/BS1	BF2 must execute/classify the sample and attach profile/product evidence.	B2-parse-facet-svelte.md#svelte-9d67b6ad65859bdefea0:pass
SVELTE-A1457F945D6C5AD379F5	parser-legacy	packages/svelte/tests/parser-legacy/samples/javascript-comments/	d338e6e2f5f29207aa38f5823b017578d7202a2d	sample-directory	blocked	B2/BS1	BF2 must execute/classify the sample and attach profile/product evidence.	B2-parse-facet-svelte.md#svelte-a1457f945d6c5ad379f5:pass
SVELTE-D2AB325F6A156F65B6DE	parser-legacy	packages/svelte/tests/parser-legacy/samples/loose-invalid-block/	a20278738883bf0c2f92b2c4b460923991a817bb	sample-directory	blocked	B2/BS1	BF2 must execute/classify the sample and attach profile/product evidence.	B2-parse-facet-svelte.md#svelte-d2ab325f6a156f65b6de:pass
SVELTE-3FC6561F0D5BACD2ABA2	parser-legacy	packages/svelte/tests/parser-legacy/samples/loose-invalid-expression/	224f36d4e99e11ddd76be6ce1de601f16de9f115	sample-directory	blocked	B2/BS1	BF2 must execute/classify the sample and attach profile/product evidence.	B2-parse-facet-svelte.md#svelte-3fc6561f0d5bacd2aba2:pass
SVELTE-6ECDD9F061EC07A0DDC3	parser-legacy	packages/svelte/tests/parser-legacy/samples/loose-unclosed-block/	d62af606fa74e47593ece8e9876550f47e903354	sample-directory	blocked	B2/BS1	BF2 must execute/classify the sample and attach profile/product evidence.	B2-parse-facet-svelte.md#svelte-6ecdd9f061ec07a0ddc3:pass
SVELTE-36B5E29A6E7D2F13281E	parser-legacy	packages/svelte/tests/parser-legacy/samples/loose-unclosed-open-tag/	8eda31e008499db14d37893fedc53862eac1da28	sample-directory	blocked	B2/BS1	BF2 must execute/classify the sample and attach profile/product evidence.	B2-parse-facet-svelte.md#svelte-36b5e29a6e7d2f13281e:pass
SVELTE-CAB14C1E1512AF07B2D9	parser-legacy	packages/svelte/tests/parser-legacy/samples/loose-unclosed-tag/	2b00122188ffbad2028d4739705896bfd2da3138	sample-directory	blocked	B2/BS1	BF2 must execute/classify the sample and attach profile/product evidence.	B2-parse-facet-svelte.md#svelte-cab14c1e1512af07b2d9:pass
SVELTE-36366A4C53ABD0145C0A	parser-legacy	packages/svelte/tests/parser-legacy/samples/nbsp/	f3bae9b0d543f18d5acdb203a161462d387e820f	sample-directory	blocked	B2/BS1	BF2 must execute/classify the sample and attach profile/product evidence.	B2-parse-facet-svelte.md#svelte-36366a4c53abd0145c0a:pass
SVELTE-12C3E2B3FEF1A1AD9C8E	parser-legacy	packages/svelte/tests/parser-legacy/samples/no-error-if-before-closing/	ed4f8607da87f3ef05e9d149570cfd4df0598dad	sample-directory	blocked	B2/BS1	BF2 must execute/classify the sample and attach profile/product evidence.	B2-parse-facet-svelte.md#svelte-12c3e2b3fef1a1ad9c8e:pass
SVELTE-38FDC0B1FDC73B8C2A98	parser-legacy	packages/svelte/tests/parser-legacy/samples/raw-mustaches/	8d6615979a45bee8a6f3f288e6c6b65626edeb3c	sample-directory	blocked	B2/BS1	BF2 must execute/classify the sample and attach profile/product evidence.	B2-parse-facet-svelte.md#svelte-38fdc0b1fdc73b8c2a98:pass
SVELTE-34308B784C7278010C63	parser-legacy	packages/svelte/tests/parser-legacy/samples/refs/	81b0f3b85a8b26cdecf5b5721dcb747f12c4ba20	sample-directory	blocked	B2/BS1	BF2 must execute/classify the sample and attach profile/product evidence.	B2-parse-facet-svelte.md#svelte-34308b784c7278010c63:pass
SVELTE-92AFE390C7134BC7B2CF	parser-legacy	packages/svelte/tests/parser-legacy/samples/script-attribute-with-curly-braces/	28bde9ab302667f4a82f6636897e1bbdba5c96eb	sample-directory	blocked	B2/BS1	BF2 must execute/classify the sample and attach profile/product evidence.	B2-parse-facet-svelte.md#svelte-92afe390c7134bc7b2cf:pass
SVELTE-41994B14981280DDFACE	parser-legacy	packages/svelte/tests/parser-legacy/samples/script-comment-only/	6b86fb8515a80f94dbbfee20c9e3bd77dbc3b414	sample-directory	blocked	B2/BS1	BF2 must execute/classify the sample and attach profile/product evidence.	B2-parse-facet-svelte.md#svelte-41994b14981280ddface:pass
SVELTE-960F936BC65A5375F320	parser-legacy	packages/svelte/tests/parser-legacy/samples/script-context-module-unquoted/	3e30a515756f861823ac2fcfc64a1989a60b2a3b	sample-directory	blocked	B2/BS1	BF2 must execute/classify the sample and attach profile/product evidence.	B2-parse-facet-svelte.md#svelte-960f936bc65a5375f320:pass
SVELTE-2F9EDE9C0FE9F4880AA2	parser-legacy	packages/svelte/tests/parser-legacy/samples/script/	7b954f40c2a5ed6894c0b1142ff1cce3c3b59e1b	sample-directory	blocked	B2/BS1	BF2 must execute/classify the sample and attach profile/product evidence.	B2-parse-facet-svelte.md#svelte-2f9ede9c0fe9f4880aa2:pass
SVELTE-794CF61A6BC3B60D4107	parser-legacy	packages/svelte/tests/parser-legacy/samples/self-closing-element/	8b32ece7baaa44b1c31209a27bb9d465787bbc88	sample-directory	blocked	B2/BS1	BF2 must execute/classify the sample and attach profile/product evidence.	B2-parse-facet-svelte.md#svelte-794cf61a6bc3b60d4107:pass
SVELTE-25D809B22DAF86217416	parser-legacy	packages/svelte/tests/parser-legacy/samples/self-reference/	8c1ba2a4a974164026770ee26154413a7e665b05	sample-directory	blocked	B2/BS1	BF2 must execute/classify the sample and attach profile/product evidence.	B2-parse-facet-svelte.md#svelte-25d809b22daf86217416:pass
SVELTE-C96FE9C69227FC26124D	parser-legacy	packages/svelte/tests/parser-legacy/samples/slotted-element/	4aba8c91528b8990d6d06a872d1a01e7d3a90012	sample-directory	blocked	B2/BS1	BF2 must execute/classify the sample and attach profile/product evidence.	B2-parse-facet-svelte.md#svelte-c96fe9c69227fc26124d:pass
SVELTE-BDA3453C34528DA5044A	parser-legacy	packages/svelte/tests/parser-legacy/samples/space-between-mustaches/	c0f44ac3760959fe19913128069d07882b40d1e1	sample-directory	blocked	B2/BS1	BF2 must execute/classify the sample and attach profile/product evidence.	B2-parse-facet-svelte.md#svelte-bda3453c34528da5044a:pass
SVELTE-143C82BDDC0EEB5A1F1B	parser-legacy	packages/svelte/tests/parser-legacy/samples/spread/	953e36754e6c577a7818b0c53dd02ab8e77f4f9c	sample-directory	blocked	B2/BS1	BF2 must execute/classify the sample and attach profile/product evidence.	B2-parse-facet-svelte.md#svelte-143c82bddc0eeb5a1f1b:pass
SVELTE-099F7A87D510210ED0DF	parser-legacy	packages/svelte/tests/parser-legacy/samples/style-inside-head/	d79fa6b4038bf536f994b827fc913951603057bc	sample-directory	blocked	B2/BS1	BF2 must execute/classify the sample and attach profile/product evidence.	B2-parse-facet-svelte.md#svelte-099f7a87d510210ed0df:pass
SVELTE-F0590101B1E5E3EA519D	parser-legacy	packages/svelte/tests/parser-legacy/samples/textarea-children/	2da2888543b7772ad38ceadaaf5d6aa3e6756cb6	sample-directory	blocked	B2/BS1	BF2 must execute/classify the sample and attach profile/product evidence.	B2-parse-facet-svelte.md#svelte-f0590101b1e5e3ea519d:pass
SVELTE-B7C51EACCBA5CF5962E8	parser-legacy	packages/svelte/tests/parser-legacy/samples/textarea-end-tag/	660a557f132befba09c66c651a602491815b11a8	sample-directory	blocked	B2/BS1	BF2 must execute/classify the sample and attach profile/product evidence.	B2-parse-facet-svelte.md#svelte-b7c51eaccba5cf5962e8:pass
SVELTE-97007637D3182E421291	parser-legacy	packages/svelte/tests/parser-legacy/samples/transition-intro-no-params/	f1d5525b04636648ec3b9b79c78bdb2184ba0311	sample-directory	blocked	B2/BS1	BF2 must execute/classify the sample and attach profile/product evidence.	B2-parse-facet-svelte.md#svelte-97007637d3182e421291:pass
SVELTE-9FE6502E40D3C4D64A21	parser-legacy	packages/svelte/tests/parser-legacy/samples/transition-intro/	817b3b1a85db1ec7058a058c2d27917a47c9e423	sample-directory	blocked	B2/BS1	BF2 must execute/classify the sample and attach profile/product evidence.	B2-parse-facet-svelte.md#svelte-9fe6502e40d3c4d64a21:pass
SVELTE-7A34C8977005A9EE577F	parser-legacy	packages/svelte/tests/parser-legacy/samples/unusual-identifier/	2825b779df31c5d0434f8608cdd7fd6c1803109f	sample-directory	blocked	B2/BS1	BF2 must execute/classify the sample and attach profile/product evidence.	B2-parse-facet-svelte.md#svelte-7a34c8977005a9ee577f:pass
SVELTE-90DCA7EA182953338925	parser-legacy	packages/svelte/tests/parser-legacy/samples/whitespace-after-script-tag/	9da715e63cc9ecbf6fed390bca09c8c2f8325d96	sample-directory	blocked	B2/BS1	BF2 must execute/classify the sample and attach profile/product evidence.	B2-parse-facet-svelte.md#svelte-90dca7ea182953338925:pass
SVELTE-947F5A49ACF91F9DE76C	parser-legacy	packages/svelte/tests/parser-legacy/samples/whitespace-after-style-tag/	44636bae3c10ae5b52a31ff35a832f9db4e8ffbd	sample-directory	blocked	B2/BS1	BF2 must execute/classify the sample and attach profile/product evidence.	B2-parse-facet-svelte.md#svelte-947f5a49acf91f9de76c:pass
SVELTE-C317C3B86A496E37F862	parser-legacy	packages/svelte/tests/parser-legacy/samples/whitespace-leading-trailing/	b88e102ddb9bf307002266bc8c3ee2fbd0983583	sample-directory	blocked	B2/BS1	BF2 must execute/classify the sample and attach profile/product evidence.	B2-parse-facet-svelte.md#svelte-c317c3b86a496e37f862:pass
SVELTE-670865A4B139C8A7688E	parser-legacy	packages/svelte/tests/parser-legacy/samples/whitespace-normal/	1c3492f2d52465cbd9e2da2ba2249309676f393a	sample-directory	blocked	B2/BS1	BF2 must execute/classify the sample and attach profile/product evidence.	B2-parse-facet-svelte.md#svelte-670865a4b139c8a7688e:pass
SVELTE-91E458981CEADEE3DF7A	parser-modern	packages/svelte/tests/parser-modern/samples/attachments/	5bc442f7de534e220d0ff1322408227b9ff73352	sample-directory	blocked	B2/BS1	BF2 must execute/classify the sample and attach profile/product evidence.	B2-parse-facet-svelte.md#svelte-91e458981ceadee3df7a:pass
SVELTE-A8F88AE63B0E4974EC2E	parser-modern	packages/svelte/tests/parser-modern/samples/comment-before-function-binding/	bf94f65644a2c288c7f50f7ca94b49aa41e2fe34	sample-directory	blocked	B2/BS1	BF2 must execute/classify the sample and attach profile/product evidence.	B2-parse-facet-svelte.md#svelte-a8f88ae63b0e4974ec2e:pass
SVELTE-E792526A616F93DBE6D2	parser-modern	packages/svelte/tests/parser-modern/samples/comment-before-script/	cc3220cb7531ac6057e064001a21b25579d01acc	sample-directory	blocked	B2/BS1	BF2 must execute/classify the sample and attach profile/product evidence.	B2-parse-facet-svelte.md#svelte-e792526a616f93dbe6d2:pass
SVELTE-7E8751F159E9DA485773	parser-modern	packages/svelte/tests/parser-modern/samples/comment-in-tag/	c569ee6c00a03ecedbf1786bcabdf21459ea26f3	sample-directory	blocked	B2/BS1	BF2 must execute/classify the sample and attach profile/product evidence.	B2-parse-facet-svelte.md#svelte-7e8751f159e9da485773:pass
SVELTE-AE9405B3646114006F3B	parser-modern	packages/svelte/tests/parser-modern/samples/const-tag-parenthesized-init/	466a0e3c2795d038cf82f2cd00779dcc89724cba	sample-directory	blocked	B2/BS1	BF2 must execute/classify the sample and attach profile/product evidence.	B2-parse-facet-svelte.md#svelte-ae9405b3646114006f3b:pass
SVELTE-E02C5AD1D1551DEA7C44	parser-modern	packages/svelte/tests/parser-modern/samples/css-nth-of-minified/	134659e3fc781dc95a22d4aaa09a08f4440c8997	sample-directory	blocked	B2/BS1	BF2 must execute/classify the sample and attach profile/product evidence.	B2-parse-facet-svelte.md#svelte-e02c5ad1d1551dea7c44:pass
SVELTE-ED2DD7A86E4D9E723BFB	parser-modern	packages/svelte/tests/parser-modern/samples/css-nth-syntax/	0dce6bf38d98b90755531487f261b74618361a99	sample-directory	blocked	B2/BS1	BF2 must execute/classify the sample and attach profile/product evidence.	B2-parse-facet-svelte.md#svelte-ed2dd7a86e4d9e723bfb:pass
SVELTE-CB8C9C3614417F2AF1E3	parser-modern	packages/svelte/tests/parser-modern/samples/css-pseudo-classes/	ccfedc59234573526cdbe83a22e08f86a0a36aec	sample-directory	blocked	B2/BS1	BF2 must execute/classify the sample and attach profile/product evidence.	B2-parse-facet-svelte.md#svelte-cb8c9c3614417f2af1e3:pass
SVELTE-09B849A1D780FFBCDD40	parser-modern	packages/svelte/tests/parser-modern/samples/each-block-object-pattern-special-characters/	861ca9eb74a66242977c25ec28532918398d76fc	sample-directory	blocked	B2/BS1	BF2 must execute/classify the sample and attach profile/product evidence.	B2-parse-facet-svelte.md#svelte-09b849a1d780ffbcdd40:pass
SVELTE-2C61531AE1EBC3EA4F72	parser-modern	packages/svelte/tests/parser-modern/samples/each-block-object-pattern/	1e1e8e68beec9e890140723ec4f7e1e007c9fd4e	sample-directory	blocked	B2/BS1	BF2 must execute/classify the sample and attach profile/product evidence.	B2-parse-facet-svelte.md#svelte-2c61531ae1ebc3ea4f72:pass
SVELTE-C88B4A00A307EF87E838	parser-modern	packages/svelte/tests/parser-modern/samples/generic-snippets/	1c84beb0dd66c314281ce7fa00351ecceddf3445	sample-directory	blocked	B2/BS1	BF2 must execute/classify the sample and attach profile/product evidence.	B2-parse-facet-svelte.md#svelte-c88b4a00a307ef87e838:pass
SVELTE-7ADEE49DF091A3E4A7D6	parser-modern	packages/svelte/tests/parser-modern/samples/if-block-else/	d10fe7aaab33e1cc25abd9a4f8738d2b61a22ff4	sample-directory	blocked	B2/BS1	BF2 must execute/classify the sample and attach profile/product evidence.	B2-parse-facet-svelte.md#svelte-7adee49df091a3e4a7d6:pass
SVELTE-66261B1F6111B50AFCDB	parser-modern	packages/svelte/tests/parser-modern/samples/if-block-elseif/	269c73a2ea05fcc40fe3bb88d4da14cfd38275ec	sample-directory	blocked	B2/BS1	BF2 must execute/classify the sample and attach profile/product evidence.	B2-parse-facet-svelte.md#svelte-66261b1f6111b50afcdb:pass
SVELTE-612B777DC1FC1E0CF19C	parser-modern	packages/svelte/tests/parser-modern/samples/if-block/	733031009228c3ed321c5de6abbc68dfc45a9e8f	sample-directory	blocked	B2/BS1	BF2 must execute/classify the sample and attach profile/product evidence.	B2-parse-facet-svelte.md#svelte-612b777dc1fc1e0cf19c:pass
SVELTE-852C0624759A89B97A4D	parser-modern	packages/svelte/tests/parser-modern/samples/loose-declaration-tag/	b4b327d3a2c733317a6fadd8beb356a4200b4b38	sample-directory	blocked	B2/BS1	BF2 must execute/classify the sample and attach profile/product evidence.	B2-parse-facet-svelte.md#svelte-852c0624759a89b97a4d:pass
SVELTE-7F5448BEA33B52B03874	parser-modern	packages/svelte/tests/parser-modern/samples/loose-invalid-block/	c06e7ae6625b9ab29e09319309a5f0d862e7b90b	sample-directory	blocked	B2/BS1	BF2 must execute/classify the sample and attach profile/product evidence.	B2-parse-facet-svelte.md#svelte-7f5448bea33b52b03874:pass
SVELTE-F0D036AE02D1C48F5DB3	parser-modern	packages/svelte/tests/parser-modern/samples/loose-invalid-expression/	eee3e7cdc855f9bd0361056a844e134a97a5bbd9	sample-directory	blocked	B2/BS1	BF2 must execute/classify the sample and attach profile/product evidence.	B2-parse-facet-svelte.md#svelte-f0d036ae02d1c48f5db3:pass
SVELTE-4394848E1F28CE04D32C	parser-modern	packages/svelte/tests/parser-modern/samples/loose-unclosed-open-tag/	f313722624475e6c1170f0895509757f1e86f29e	sample-directory	blocked	B2/BS1	BF2 must execute/classify the sample and attach profile/product evidence.	B2-parse-facet-svelte.md#svelte-4394848e1f28ce04d32c:pass
SVELTE-BD38D4B4A1869D6FA630	parser-modern	packages/svelte/tests/parser-modern/samples/loose-unclosed-tag/	1e4eb59592d6b16083b2043c8129e4f332d13331	sample-directory	blocked	B2/BS1	BF2 must execute/classify the sample and attach profile/product evidence.	B2-parse-facet-svelte.md#svelte-bd38d4b4a1869d6fa630:pass
SVELTE-302D2F4A7EF6CCF4FE1C	parser-modern	packages/svelte/tests/parser-modern/samples/loose-valid-each-as/	eec5a71f69514826397ef1696a9360cc833ab3d0	sample-directory	blocked	B2/BS1	BF2 must execute/classify the sample and attach profile/product evidence.	B2-parse-facet-svelte.md#svelte-302d2f4a7ef6ccf4fe1c:pass
SVELTE-C6B0B5B104EBCC063E52	parser-modern	packages/svelte/tests/parser-modern/samples/options/	6e1c5f283fbbde1c7a64c401ecb2653865d9f388	sample-directory	blocked	B2/BS1	BF2 must execute/classify the sample and attach profile/product evidence.	B2-parse-facet-svelte.md#svelte-c6b0b5b104ebcc063e52:pass
SVELTE-2D78F8276DF2223E31C2	parser-modern	packages/svelte/tests/parser-modern/samples/parens/	e30c72277c4e928a264dd35ff5cac4ffb66c48a4	sample-directory	blocked	B2/BS1	BF2 must execute/classify the sample and attach profile/product evidence.	B2-parse-facet-svelte.md#svelte-2d78f8276df2223e31c2:pass
SVELTE-CB4370086413CA801955	parser-modern	packages/svelte/tests/parser-modern/samples/script-style-no-markup/	70f0dd86531ddcf667045146aa612a3c9e46d92e	sample-directory	blocked	B2/BS1	BF2 must execute/classify the sample and attach profile/product evidence.	B2-parse-facet-svelte.md#svelte-cb4370086413ca801955:pass
SVELTE-BAFE48E1057D5E163062	parser-modern	packages/svelte/tests/parser-modern/samples/semicolon-inside-quotes/	16c0a6bbcc2b19b9ca04e3d267ae2cd8999dcbab	sample-directory	blocked	B2/BS1	BF2 must execute/classify the sample and attach profile/product evidence.	B2-parse-facet-svelte.md#svelte-bafe48e1057d5e163062:pass
SVELTE-09AE687E089415080BDF	parser-modern	packages/svelte/tests/parser-modern/samples/snippets/	fc83f50ff92fac66ca10969d2e3d743100cd44a4	sample-directory	blocked	B2/BS1	BF2 must execute/classify the sample and attach profile/product evidence.	B2-parse-facet-svelte.md#svelte-09ae687e089415080bdf:pass
SVELTE-E8926C4F3C9848E67B5D	parser-modern	packages/svelte/tests/parser-modern/samples/tag-type-identifier-probe-comment/	24a07d4a6ec182fc0413b1a788fb2be13a6a378d	sample-directory	blocked	B2/BS1	BF2 must execute/classify the sample and attach profile/product evidence.	B2-parse-facet-svelte.md#svelte-e8926c4f3c9848e67b5d:pass
SVELTE-65D58D8A4E3A2A3F9F0A	parser-modern	packages/svelte/tests/parser-modern/samples/template-shadowroot/	eefd261b9aa17527ed58239501b82bdb2a420e97	sample-directory	blocked	B2/BS1	BF2 must execute/classify the sample and attach profile/product evidence.	B2-parse-facet-svelte.md#svelte-65d58d8a4e3a2a3f9f0a:pass
SVELTE-11E5846E494003F9AD4D	parser-modern	packages/svelte/tests/parser-modern/samples/typescript-in-event-handler/	0dea329a63b73493b48fe068a7bdef83bdb3b7e1	sample-directory	blocked	B2/BS1	BF2 must execute/classify the sample and attach profile/product evidence.	B2-parse-facet-svelte.md#svelte-11e5846e494003f9ad4d:pass
SVELTE-89A3DDCF6382DCD301D5	preprocess	packages/svelte/tests/preprocess/samples/attributes-with-closing-tag/	1401e2941c94feb724dc48bd93da5aa7d49b5aa9	sample-directory	not_applicable	BF1	External preprocessor implementation is outside Verter's compiler product boundary.	-
SVELTE-F1E974C576716EA777EA	preprocess	packages/svelte/tests/preprocess/samples/attributes-with-equals/	5df7dfe10899b8a8133a78f54404390e79cd24b6	sample-directory	not_applicable	BF1	External preprocessor implementation is outside Verter's compiler product boundary.	-
SVELTE-341367AAFF4A309524BD	preprocess	packages/svelte/tests/preprocess/samples/comments/	28592219f8532b7bcc65601af9145202b0c8cb2c	sample-directory	not_applicable	BF1	External preprocessor implementation is outside Verter's compiler product boundary.	-
SVELTE-EA7B5CD4261463FCD00A	preprocess	packages/svelte/tests/preprocess/samples/dependencies/	3754e843c054480e1062215feb2bb0035d698bd3	sample-directory	not_applicable	BF1	External preprocessor implementation is outside Verter's compiler product boundary.	-
SVELTE-1BEF06152DDC7CA8F495	preprocess	packages/svelte/tests/preprocess/samples/empty-sourcemap/	56c12c86dfba459f91fa284f0407a38f3c0c5e15	sample-directory	not_applicable	BF1	External preprocessor implementation is outside Verter's compiler product boundary.	-
SVELTE-5B06DDCA4DED38EB2EFF	preprocess	packages/svelte/tests/preprocess/samples/filename/	94cf1f3ff38fc1ca80dd9221b8e6adbb9195c2b3	sample-directory	not_applicable	BF1	External preprocessor implementation is outside Verter's compiler product boundary.	-
SVELTE-4385C41FF3ED04F043E6	preprocess	packages/svelte/tests/preprocess/samples/ignores-null/	92c163b9c9a80c77fad6833309cf45c1618331cb	sample-directory	not_applicable	BF1	External preprocessor implementation is outside Verter's compiler product boundary.	-
SVELTE-EF1446EE2653C9D0700F	preprocess	packages/svelte/tests/preprocess/samples/markup/	815cbe235f92e59eea81ff9c17a4178b8adf914a	sample-directory	not_applicable	BF1	External preprocessor implementation is outside Verter's compiler product boundary.	-
SVELTE-81847C89B81DA7BE05DD	preprocess	packages/svelte/tests/preprocess/samples/multiple-preprocessors/	e5313a6372fe0f68b66e211eb97c5e51bb603e64	sample-directory	not_applicable	BF1	External preprocessor implementation is outside Verter's compiler product boundary.	-
SVELTE-2AD308966047CD68CAA3	preprocess	packages/svelte/tests/preprocess/samples/partial-names/	090d81498fc048937d34625f08b3eb7150247a4a	sample-directory	not_applicable	BF1	External preprocessor implementation is outside Verter's compiler product boundary.	-
SVELTE-919C0C772E1B58423EB7	preprocess	packages/svelte/tests/preprocess/samples/script-multiple/	f85f866ad7aa322f4c024ccfb128ad6df2bc3c58	sample-directory	not_applicable	BF1	External preprocessor implementation is outside Verter's compiler product boundary.	-
SVELTE-CD242F756056ABFBC487	preprocess	packages/svelte/tests/preprocess/samples/script-self-closing/	caac15303c739a1d34f9b6a6d8c9dd1f6310664e	sample-directory	not_applicable	BF1	External preprocessor implementation is outside Verter's compiler product boundary.	-
SVELTE-882A3F0983A0903E6E49	preprocess	packages/svelte/tests/preprocess/samples/script/	0c9895e09d6b1da607631d9d1f03d856749724e7	sample-directory	not_applicable	BF1	External preprocessor implementation is outside Verter's compiler product boundary.	-
SVELTE-3C12D6163F2FF7AAEF6E	preprocess	packages/svelte/tests/preprocess/samples/style-async/	ebcbda0f82ddbcec015ea7fae5171f697631637f	sample-directory	not_applicable	BF1	External preprocessor implementation is outside Verter's compiler product boundary.	-
SVELTE-121B31CD5B0EBF034759	preprocess	packages/svelte/tests/preprocess/samples/style-attributes-modified-longer/	67db4e53131c67acab44f2d0745cec12be726b5c	sample-directory	not_applicable	BF1	External preprocessor implementation is outside Verter's compiler product boundary.	-
SVELTE-1BCD00B58D83BCFC4D7F	preprocess	packages/svelte/tests/preprocess/samples/style-attributes-modified/	8aba5fe7af234a6e2ed7726077ce7081a758a512	sample-directory	not_applicable	BF1	External preprocessor implementation is outside Verter's compiler product boundary.	-
SVELTE-908A0780504F4885C85D	preprocess	packages/svelte/tests/preprocess/samples/style-attributes/	5bad9611679ba0f2e485d18fd3eca972a920d409	sample-directory	not_applicable	BF1	External preprocessor implementation is outside Verter's compiler product boundary.	-
SVELTE-B7F0F0D565B1940F1BC4	preprocess	packages/svelte/tests/preprocess/samples/style-self-closing/	1fd95114dd7c5846c92b29fb366b43f4b44e053f	sample-directory	not_applicable	BF1	External preprocessor implementation is outside Verter's compiler product boundary.	-
SVELTE-1C1EFA7B7C7421FF1E2D	preprocess	packages/svelte/tests/preprocess/samples/style/	c4dade24b25d2b5768a834a9888cd0887007e6ce	sample-directory	not_applicable	BF1	External preprocessor implementation is outside Verter's compiler product boundary.	-
SVELTE-9C57FBB1295CCA920B30	print	packages/svelte/tests/print/samples/animate-directive/	b91dc8dbe881e7079c703c03f913a06dd5efa168	sample-directory	not_applicable	BF1	Official AST printer product is outside Verter's compiler product boundary.	-
SVELTE-5805F4A9214EB16FB089	print	packages/svelte/tests/print/samples/attach-tag/	1f066b8c14c8695451100fc2bf85c941bd45214e	sample-directory	not_applicable	BF1	Official AST printer product is outside Verter's compiler product boundary.	-
SVELTE-D1F2704ABB2D8F3E021D	print	packages/svelte/tests/print/samples/attribute/	70e68ed165993a6a3762f8de2f6f4ebb5b1cb670	sample-directory	not_applicable	BF1	Official AST printer product is outside Verter's compiler product boundary.	-
SVELTE-8D17EC339A2A308287F0	print	packages/svelte/tests/print/samples/await-block/	ae99f6b4e45b927c9fda9f15811fe26f924d441e	sample-directory	not_applicable	BF1	Official AST printer product is outside Verter's compiler product boundary.	-
SVELTE-0D7950186A703E0D9AC7	print	packages/svelte/tests/print/samples/bind-directive/	ac8608cba9d7ed454fec98eda5da912abf228aa3	sample-directory	not_applicable	BF1	Official AST printer product is outside Verter's compiler product boundary.	-
SVELTE-2D39ED7D5227D972E672	print	packages/svelte/tests/print/samples/block-element-separation/	1401117777db1b04f0381c15182e5bbd98648b67	sample-directory	not_applicable	BF1	Official AST printer product is outside Verter's compiler product boundary.	-
SVELTE-060200E5762ABC47AFAD	print	packages/svelte/tests/print/samples/block/	ac0a5154eb457cb8ddb5a9be6d5fda5d955e49a0	sample-directory	not_applicable	BF1	Official AST printer product is outside Verter's compiler product boundary.	-
SVELTE-A084C662691E939B0D7E	print	packages/svelte/tests/print/samples/class-directive/	fd2ce4ea969b6fe78bb74f4df7e78212302b6b4a	sample-directory	not_applicable	BF1	Official AST printer product is outside Verter's compiler product boundary.	-
SVELTE-F407C05FDA09BB24A1DB	print	packages/svelte/tests/print/samples/comment-inside-attribute/	5a1663155410390a6ecbc621e452699cb068b3e4	sample-directory	not_applicable	BF1	Official AST printer product is outside Verter's compiler product boundary.	-
SVELTE-3185F82C5049A962002C	print	packages/svelte/tests/print/samples/comment/	a8bf91c5cb4296a9056b08b46cbd51688e86e5f6	sample-directory	not_applicable	BF1	Official AST printer product is outside Verter's compiler product boundary.	-
SVELTE-058086693F91BF392721	print	packages/svelte/tests/print/samples/component/	a861c4896bdc98946f0feb8cb34932205483b7f8	sample-directory	not_applicable	BF1	Official AST printer product is outside Verter's compiler product boundary.	-
SVELTE-E4A9E124F6B2BAFF6D07	print	packages/svelte/tests/print/samples/const-tag/	c4ff2e0313ef09ab341564cfedd52dd1e7aa7ac6	sample-directory	not_applicable	BF1	Official AST printer product is outside Verter's compiler product boundary.	-
SVELTE-04270B466945D08A2695	print	packages/svelte/tests/print/samples/css-escape-sequences/	06b923406c5eeac582e1a3d6897b2b63ebda40e1	sample-directory	not_applicable	BF1	Official AST printer product is outside Verter's compiler product boundary.	-
SVELTE-D3CED51C64E4FE20F08E	print	packages/svelte/tests/print/samples/css-keyframes-percent/	7553a0bab8f90dba7ae22f414f1204524b6dbd47	sample-directory	not_applicable	BF1	Official AST printer product is outside Verter's compiler product boundary.	-
SVELTE-5AEA0E94F0179D86EFE5	print	packages/svelte/tests/print/samples/css-namespaced-type-selector/	79f4031a027fbfa66b8d990d06caa183f9a21cb1	sample-directory	not_applicable	BF1	Official AST printer product is outside Verter's compiler product boundary.	-
SVELTE-16C4CD7C853CFD84385D	print	packages/svelte/tests/print/samples/declaration-tag-division/	02380c8926e19724681f202ecc67c6e54f47467a	sample-directory	not_applicable	BF1	Official AST printer product is outside Verter's compiler product boundary.	-
SVELTE-824064EA9F86CB423ECC	print	packages/svelte/tests/print/samples/declaration-tag/	90df09a1bb164ff4626871d723d04a4e37498f0e	sample-directory	not_applicable	BF1	Official AST printer product is outside Verter's compiler product boundary.	-
SVELTE-1531A7E9CFAE8E58D5E2	print	packages/svelte/tests/print/samples/each-block/	e9cd1d48f6ccc929d5050ba9d9978761c752023a	sample-directory	not_applicable	BF1	Official AST printer product is outside Verter's compiler product boundary.	-
SVELTE-34224552DFDB5F41A7D1	print	packages/svelte/tests/print/samples/element-content-wrapping/	64755f357592d7c23b75a5ed42d3c7bb31248695	sample-directory	not_applicable	BF1	Official AST printer product is outside Verter's compiler product boundary.	-
SVELTE-B498A13D21790DF8BE09	print	packages/svelte/tests/print/samples/expression-tag/	9c76f0186aeb4be55928fcfc8b353af053ae30c6	sample-directory	not_applicable	BF1	Official AST printer product is outside Verter's compiler product boundary.	-
SVELTE-0BF88872D65BD759CDA2	print	packages/svelte/tests/print/samples/formatting/	b62ce28672638a0749cf6cdcabff4db9222dd304	sample-directory	not_applicable	BF1	Official AST printer product is outside Verter's compiler product boundary.	-
SVELTE-D1CE42E8A4A48C24D3B1	print	packages/svelte/tests/print/samples/html-document/	15cb457c209ac22e741a04d18c6d084c14278928	sample-directory	not_applicable	BF1	Official AST printer product is outside Verter's compiler product boundary.	-
SVELTE-7C87DE4937C73E92B5F2	print	packages/svelte/tests/print/samples/html-tag/	1591efd9d0df47e80f12af564988ceaa1f408d7a	sample-directory	not_applicable	BF1	Official AST printer product is outside Verter's compiler product boundary.	-
SVELTE-585AB5DF850DBD4EAF5D	print	packages/svelte/tests/print/samples/if-block/	e5d249a4ff74910561a517967de33b3bf1be7718	sample-directory	not_applicable	BF1	Official AST printer product is outside Verter's compiler product boundary.	-
SVELTE-B71C35D34B6A96FF0EF5	print	packages/svelte/tests/print/samples/key-block/	268b62ce3559c0d20a4910099aa710bc5cf9156b	sample-directory	not_applicable	BF1	Official AST printer product is outside Verter's compiler product boundary.	-
SVELTE-6A4DDAD2EB41446AF858	print	packages/svelte/tests/print/samples/let-directive/	13485ccfa29ba17c0a8992dbe8b68010703cc35d	sample-directory	not_applicable	BF1	Official AST printer product is outside Verter's compiler product boundary.	-
SVELTE-828599B177831018AFE8	print	packages/svelte/tests/print/samples/on-directive/	4e03a4be3b9aba41221f4a08aa32c7a1edd8226d	sample-directory	not_applicable	BF1	Official AST printer product is outside Verter's compiler product boundary.	-
SVELTE-863E89A2899607BF94C8	print	packages/svelte/tests/print/samples/preserve-whitespace-elements/	b7bdeab0c366e430079ae35d09678d29534b0c0a	sample-directory	not_applicable	BF1	Official AST printer product is outside Verter's compiler product boundary.	-
SVELTE-5858D373C2505D18125A	print	packages/svelte/tests/print/samples/regular-element/	92b108e0315586f20188a6e513d455ff39a0cb33	sample-directory	not_applicable	BF1	Official AST printer product is outside Verter's compiler product boundary.	-
SVELTE-CFF3FA4682BF396C04A7	print	packages/svelte/tests/print/samples/render-tag/	3daf8e3ef9453dddf3414cab79d2839ddd9a337e	sample-directory	not_applicable	BF1	Official AST printer product is outside Verter's compiler product boundary.	-
SVELTE-35E3D32DA09EC5A5D753	print	packages/svelte/tests/print/samples/script/	4af1507a6765b3eb78ad8edbdb7542372ab6dc3b	sample-directory	not_applicable	BF1	Official AST printer product is outside Verter's compiler product boundary.	-
SVELTE-C1DC3CE27B5D9A1E8C7D	print	packages/svelte/tests/print/samples/slot-element/	cb1c31aaab525b28d2a824818fa298aca063d7f9	sample-directory	not_applicable	BF1	Official AST printer product is outside Verter's compiler product boundary.	-
SVELTE-08AE92C36A0268E95123	print	packages/svelte/tests/print/samples/snippet-block/	c5076d3a96e69a027001d28792dd9b6eee1b488d	sample-directory	not_applicable	BF1	Official AST printer product is outside Verter's compiler product boundary.	-
SVELTE-FC7F5D64605594C8A069	print	packages/svelte/tests/print/samples/spread-attribute/	dfd2a8883da919bf3d3a5246e405a56b2fa411c2	sample-directory	not_applicable	BF1	Official AST printer product is outside Verter's compiler product boundary.	-
SVELTE-81A8CC9307C56432BA94	print	packages/svelte/tests/print/samples/style-comments/	0e294acc2f0c8c052e0f3cec6f10c7413f50a8e6	sample-directory	not_applicable	BF1	Official AST printer product is outside Verter's compiler product boundary.	-
SVELTE-87175D4614710704C48F	print	packages/svelte/tests/print/samples/style-directive/	a26899a1db182c8502996c881dd838d43c55a98c	sample-directory	not_applicable	BF1	Official AST printer product is outside Verter's compiler product boundary.	-
SVELTE-C423F174B3F6A64A02AE	print	packages/svelte/tests/print/samples/style/	8c553079cbeb1327c81d8f7d087d48eeb6004763	sample-directory	not_applicable	BF1	Official AST printer product is outside Verter's compiler product boundary.	-
SVELTE-20D913FDC5B1F72AE3A9	print	packages/svelte/tests/print/samples/svelte-body/	c2ba28d2158067eca32e0589e5dc29b38e20bc4f	sample-directory	not_applicable	BF1	Official AST printer product is outside Verter's compiler product boundary.	-
SVELTE-C0F3F842A048D63FC0B8	print	packages/svelte/tests/print/samples/svelte-boundary/	744b6a58366f58c012d292d01a78e93e3ee2ddcb	sample-directory	not_applicable	BF1	Official AST printer product is outside Verter's compiler product boundary.	-
SVELTE-3817B13CD30402A82E85	print	packages/svelte/tests/print/samples/svelte-component/	409cc282967ec9d32a9bc269fb2a069bb9582cff	sample-directory	not_applicable	BF1	Official AST printer product is outside Verter's compiler product boundary.	-
SVELTE-AEE44A84EFCF68B3CC13	print	packages/svelte/tests/print/samples/svelte-document/	e7555b87679c47fd66a41efa0b57d6132186def3	sample-directory	not_applicable	BF1	Official AST printer product is outside Verter's compiler product boundary.	-
SVELTE-EF61283695A9DD8ED22E	print	packages/svelte/tests/print/samples/svelte-element/	094cf5564495f69cac494b5f55c64e71286d9f7f	sample-directory	not_applicable	BF1	Official AST printer product is outside Verter's compiler product boundary.	-
SVELTE-1E4479B68954E45B65C1	print	packages/svelte/tests/print/samples/svelte-fragment/	70151db22f5f202af26c276385f466d4a1e7845e	sample-directory	not_applicable	BF1	Official AST printer product is outside Verter's compiler product boundary.	-
SVELTE-BB757339645F45232B38	print	packages/svelte/tests/print/samples/svelte-head/	4bef33fe5ba882ac1acdeb2b48fa149430b23075	sample-directory	not_applicable	BF1	Official AST printer product is outside Verter's compiler product boundary.	-
SVELTE-F6DBC87E0F60A4725485	print	packages/svelte/tests/print/samples/svelte-options/	1947a14c47823524d25ec6e3f1c835d745a2d1cd	sample-directory	not_applicable	BF1	Official AST printer product is outside Verter's compiler product boundary.	-
SVELTE-484BE5064F8F0585C54A	print	packages/svelte/tests/print/samples/svelte-self/	cbf4494a4988e1f6621795115b3a0c1ae3dd2e4c	sample-directory	not_applicable	BF1	Official AST printer product is outside Verter's compiler product boundary.	-
SVELTE-1B9E41EDB484B94688FA	print	packages/svelte/tests/print/samples/svelte-window/	78992af80cb7abac80c9d4ab9b1b4f010673125b	sample-directory	not_applicable	BF1	Official AST printer product is outside Verter's compiler product boundary.	-
SVELTE-D3C8DD45B41C8C325952	print	packages/svelte/tests/print/samples/text/	f72be28d3c8723a4bfce41f184f549544a366ed6	sample-directory	not_applicable	BF1	Official AST printer product is outside Verter's compiler product boundary.	-
SVELTE-295A4979F737741329F3	print	packages/svelte/tests/print/samples/transition-directive/	40a423b86203954ab53b09cd9f49c81f388b56fe	sample-directory	not_applicable	BF1	Official AST printer product is outside Verter's compiler product boundary.	-
SVELTE-E9C1E562B3A035C06459	print	packages/svelte/tests/print/samples/use-directive/	8b81d025aa9191b9d0ae083e7197a743241600bd	sample-directory	not_applicable	BF1	Official AST printer product is outside Verter's compiler product boundary.	-
SVELTE-2F8B92ED6113D28ECF5F	runtime-browser	packages/svelte/tests/runtime-browser/samples/bind-muted/	7beb5c03e2710958d35fdfe36f58536b92b902b2	sample-directory	blocked	BS1	BF2 must execute/classify the sample and attach profile/product evidence.	-
SVELTE-B449DA17F4BF32371197	runtime-browser	packages/svelte/tests/runtime-browser/samples/bind-playbackrate/	121599474c95a141cbb244659738bf11954b5c52	sample-directory	blocked	BS1	BF2 must execute/classify the sample and attach profile/product evidence.	-
SVELTE-DC926E12F8EAC001B3A8	runtime-browser	packages/svelte/tests/runtime-browser/samples/bind-volume/	d44ee0de184177f49ac855d1d1f97fde6d2dc3d3	sample-directory	blocked	BS1	BF2 must execute/classify the sample and attach profile/product evidence.	-
SVELTE-6A26986D8946D702DFB5	runtime-browser	packages/svelte/tests/runtime-browser/samples/binding-files/	6617a0c85dc908dd80232886ad50b6b35d791bd3	sample-directory	blocked	BS1	BF2 must execute/classify the sample and attach profile/product evidence.	-
SVELTE-50246B34590D9EF57BDD	runtime-browser	packages/svelte/tests/runtime-browser/samples/binding-width-height-initialize/	59a9f5b1e51f3516e02a98cff132e11d5c964b4c	sample-directory	blocked	BS1	BF2 must execute/classify the sample and attach profile/product evidence.	-
SVELTE-2FECB446B19B2D698763	runtime-browser	packages/svelte/tests/runtime-browser/samples/binding-width-height-this-timing/	a819ecb868c9bc76ea6efd61aae9e36b97bef034	sample-directory	blocked	BS1	BF2 must execute/classify the sample and attach profile/product evidence.	-
SVELTE-19ED7E8F25F4CA77F609	runtime-browser	packages/svelte/tests/runtime-browser/samples/browser-events-ending-with-capture/	16f30a1dd265e23b883ac33b37b85101f07efae2	sample-directory	blocked	BS1	BF2 must execute/classify the sample and attach profile/product evidence.	-
SVELTE-15B891EEC2F81D749028	runtime-browser	packages/svelte/tests/runtime-browser/samples/component-css-custom-properties-dynamic-svg/	c0841bf5c53da7ea1b39487d74c0275886fe9c17	sample-directory	blocked	BS1	BF2 must execute/classify the sample and attach profile/product evidence.	-
SVELTE-3D037C360368FC83020F	runtime-browser	packages/svelte/tests/runtime-browser/samples/component-css-custom-properties-dynamic/	33cf7a1bbd4ca44923c9da2408802ec5440741da	sample-directory	blocked	BS1	BF2 must execute/classify the sample and attach profile/product evidence.	-
SVELTE-453CD7203CEA300A142E	runtime-browser	packages/svelte/tests/runtime-browser/samples/component-css-custom-properties/	1f85ae226f634259a15976d4004a09bfb73379cb	sample-directory	blocked	BS1	BF2 must execute/classify the sample and attach profile/product evidence.	-
SVELTE-646A8253263473A66D03	runtime-browser	packages/svelte/tests/runtime-browser/samples/component-event-handler-contenteditable-false/	d71918f66f954e60e838dfa05b66941a2a574e6e	sample-directory	blocked	BS1	BF2 must execute/classify the sample and attach profile/product evidence.	-
SVELTE-8BA7302EFE2371C9802D	runtime-browser	packages/svelte/tests/runtime-browser/samples/component-slot-binding-dimensions/	1f8ae0ba104149722eeb0d9f29b38ac5aec1fa64	sample-directory	blocked	BS1	BF2 must execute/classify the sample and attach profile/product evidence.	-
SVELTE-BDDBEB147123FE6A0918	runtime-browser	packages/svelte/tests/runtime-browser/samples/css-props-dynamic-component/	0f18e8c910972b300008d7597a4de13347804001	sample-directory	blocked	BS1	BF2 must execute/classify the sample and attach profile/product evidence.	-
SVELTE-9230A95D7EF056401492	runtime-browser	packages/svelte/tests/runtime-browser/samples/dom-clobbering-cache-symbols-spread/	eecaa587b97aee14de463693e844a8f6f37453e9	sample-directory	blocked	BS1	BF2 must execute/classify the sample and attach profile/product evidence.	-
SVELTE-BECCC9314BFF61B8AA6B	runtime-browser	packages/svelte/tests/runtime-browser/samples/dynamic-element-custom-element/	8dc2ae1b9abce587cd17ab4562e8ffa991939d7c	sample-directory	blocked	BS1	BF2 must execute/classify the sample and attach profile/product evidence.	-
SVELTE-51BD7DA2132FCFBAF713	runtime-browser	packages/svelte/tests/runtime-browser/samples/fine-grained-hydration-clean-attr/	4ff0a912a58675acb7e0cf764f6ea4fcc716e06f	sample-directory	blocked	BS1	BF2 must execute/classify the sample and attach profile/product evidence.	-
SVELTE-3F6F276E0B5E284E083B	runtime-browser	packages/svelte/tests/runtime-browser/samples/head-script/	9e873871b77745ba3d5d5583478c300a3215cd13	sample-directory	blocked	BS1	BF2 must execute/classify the sample and attach profile/product evidence.	-
SVELTE-73B8DD3E4C71A456DB80	runtime-browser	packages/svelte/tests/runtime-browser/samples/head-scripts/	b214efb045ba1fb42636898926f9ab1f27475568	sample-directory	blocked	BS1	BF2 must execute/classify the sample and attach profile/product evidence.	-
SVELTE-D858AAA8605E26607650	runtime-browser	packages/svelte/tests/runtime-browser/samples/html-tag-script-2/	d19a39e3f1ffc616848d6e6ffa8984b05779d237	sample-directory	blocked	BS1	BF2 must execute/classify the sample and attach profile/product evidence.	-
SVELTE-CEB3B4BDDDFEB8DD4562	runtime-browser	packages/svelte/tests/runtime-browser/samples/html-tag-script/	531eb8cbd98cbce4d7e51ed28ca7e2c2c268db9e	sample-directory	blocked	BS1	BF2 must execute/classify the sample and attach profile/product evidence.	-
SVELTE-47FFA6C7EC8CE7C14F72	runtime-browser	packages/svelte/tests/runtime-browser/samples/hydrate-large-text-node/	7c14f961a48c0824f2a443fad8ef6780989b22b6	sample-directory	blocked	BS1	BF2 must execute/classify the sample and attach profile/product evidence.	-
SVELTE-6C0194404A5E21A77FA7	runtime-browser	packages/svelte/tests/runtime-browser/samples/inline-style-directive-important/	13b8ccdaa67a7d17d0d7bfdf0e01fc539ae4b1dd	sample-directory	blocked	BS1	BF2 must execute/classify the sample and attach profile/product evidence.	-
SVELTE-89A287772AD9CCE16335	runtime-browser	packages/svelte/tests/runtime-browser/samples/inline-style-directive-precedence/	f96cad1093cd20d5d2ed052e72bd84e6e1bdae39	sample-directory	blocked	BS1	BF2 must execute/classify the sample and attach profile/product evidence.	-
SVELTE-A6DB497429683FC3C231	runtime-browser	packages/svelte/tests/runtime-browser/samples/inline-style-directive-update-with-spread/	aa85d77b2c721dbbee5b6e3e845eabaf85f78d62	sample-directory	blocked	BS1	BF2 must execute/classify the sample and attach profile/product evidence.	-
SVELTE-D6BD25689EFFE891A1B6	runtime-browser	packages/svelte/tests/runtime-browser/samples/mount-in-iframe/	e3325c17883046c9d41823fb5c7362354de95ee5	sample-directory	blocked	BS1	BF2 must execute/classify the sample and attach profile/product evidence.	-
SVELTE-55C8C11735932EB18567	runtime-browser	packages/svelte/tests/runtime-browser/samples/sole-script-tag/	5598560e8c6045b7ed1ea5ff6cc61e305f41573c	sample-directory	blocked	BS1	BF2 must execute/classify the sample and attach profile/product evidence.	-
SVELTE-857FDA633DA5C988419B	runtime-browser	packages/svelte/tests/runtime-browser/samples/svelte-component-css-custom-properties-dynamic/	3c0e393961107e671d49180d1dc36129e0143ff5	sample-directory	blocked	BS1	BF2 must execute/classify the sample and attach profile/product evidence.	-
SVELTE-BD12E64005BEDA5936AD	runtime-browser	packages/svelte/tests/runtime-browser/samples/svelte-component-css-custom-properties/	65c1578b211900251dd13daba2b74bdc28a4d4d6	sample-directory	blocked	BS1	BF2 must execute/classify the sample and attach profile/product evidence.	-
SVELTE-E00847ECEBF98731BF4B	runtime-browser	packages/svelte/tests/runtime-browser/samples/svelte-component-css-custom-properties2/	b3c8dabace96a69a37224c31fdffee3cd87646e8	sample-directory	blocked	BS1	BF2 must execute/classify the sample and attach profile/product evidence.	-
SVELTE-D1B354982A6297C0D21C	runtime-browser	packages/svelte/tests/runtime-browser/samples/svelte-self-css-custom-properties-dynamic/	f1e80913bc4aa821950372046b1abaf715a8aeb0	sample-directory	blocked	BS1	BF2 must execute/classify the sample and attach profile/product evidence.	-
SVELTE-6244647FD5FF78EE45B3	runtime-browser	packages/svelte/tests/runtime-browser/samples/svelte-self-css-custom-properties/	53ed5b25fb1648ea769a4da7b86182df8fc2abf7	sample-directory	blocked	BS1	BF2 must execute/classify the sample and attach profile/product evidence.	-
SVELTE-0C48E7EE92B1425B6D64	runtime-browser	packages/svelte/tests/runtime-browser/samples/svelte-self-css-custom-properties2/	153023eb04c703fa55b88f73a2034f262ff3b50d	sample-directory	blocked	BS1	BF2 must execute/classify the sample and attach profile/product evidence.	-
SVELTE-2E54B74810AE3DDDE5AC	runtime-legacy	packages/svelte/tests/runtime-legacy/samples/action-body/	f578a69bf94d4dd084d50c1276a6b666a73b5f98	sample-directory	blocked	BS1	BF2 must execute/classify the sample and attach profile/product evidence.	-
SVELTE-96E15E601B1439AE93A8	runtime-legacy	packages/svelte/tests/runtime-legacy/samples/action-component/	6d4d5791dc7d7f33bb5b188f83ff21278d15f5bb	sample-directory	blocked	BS1	BF2 must execute/classify the sample and attach profile/product evidence.	-
SVELTE-43538925D6C40EC14B8A	runtime-legacy	packages/svelte/tests/runtime-legacy/samples/action-custom-event-handler-in-each-destructured/	27329b9f6c6057289ba1c56a14b4a39bbe55fa9c	sample-directory	blocked	BS1	BF2 must execute/classify the sample and attach profile/product evidence.	-
SVELTE-48A7439327AAE0A1E866	runtime-legacy	packages/svelte/tests/runtime-legacy/samples/action-custom-event-handler-in-each/	9549782bfd6cbab0f6895e2e140f5eb5d6fd0e56	sample-directory	blocked	BS1	BF2 must execute/classify the sample and attach profile/product evidence.	-
SVELTE-430F1D76126D60E0797D	runtime-legacy	packages/svelte/tests/runtime-legacy/samples/action-custom-event-handler-node-context/	49a922325f183827f77d3c08f642b0a66d9ee4f0	sample-directory	blocked	BS1	BF2 must execute/classify the sample and attach profile/product evidence.	-
SVELTE-902A91D7F064FD419350	runtime-legacy	packages/svelte/tests/runtime-legacy/samples/action-custom-event-handler-this/	d664e83c029b23a9c808a6326983ba0867af63cb	sample-directory	blocked	BS1	BF2 must execute/classify the sample and attach profile/product evidence.	-
SVELTE-2699C6707C3519271D59	runtime-legacy	packages/svelte/tests/runtime-legacy/samples/action-custom-event-handler-with-context/	a568afc516fcd3945f1496ecd251c08f3e97a0cf	sample-directory	blocked	BS1	BF2 must execute/classify the sample and attach profile/product evidence.	-
SVELTE-69E1DCD004D7CCB2448B	runtime-legacy	packages/svelte/tests/runtime-legacy/samples/action-custom-event-handler/	a43b563b07c427eafe9c91d32c53a02758e6e68b	sample-directory	blocked	BS1	BF2 must execute/classify the sample and attach profile/product evidence.	-
SVELTE-B277A95341824F2E0CCE	runtime-legacy	packages/svelte/tests/runtime-legacy/samples/action-document/	4d89eb9e5ed95f31ea1bb5333e558fb1ce9394b1	sample-directory	blocked	BS1	BF2 must execute/classify the sample and attach profile/product evidence.	-
SVELTE-32A0E72439D6EDD2D68F	runtime-legacy	packages/svelte/tests/runtime-legacy/samples/action-function/	58144b11157ead588e653aff445c2a9c3e60d431	sample-directory	blocked	BS1	BF2 must execute/classify the sample and attach profile/product evidence.	-
SVELTE-A9DFBF38EC4C5EB31D0F	runtime-legacy	packages/svelte/tests/runtime-legacy/samples/action-object-deep/	ab0ba850f91701d0ec9b7d92df18e015828ab176	sample-directory	blocked	BS1	BF2 must execute/classify the sample and attach profile/product evidence.	-
SVELTE-D0B8F091EEE98721D948	runtime-legacy	packages/svelte/tests/runtime-legacy/samples/action-object/	69a7bebf38ee546df025f57a908bd6fa026a3154	sample-directory	blocked	BS1	BF2 must execute/classify the sample and attach profile/product evidence.	-
SVELTE-8678EB779CAE90B6CBFA	runtime-legacy	packages/svelte/tests/runtime-legacy/samples/action-receives-element-mounted/	98efe81687acddb3ffd787aa4d96caa6c58b6c12	sample-directory	blocked	BS1	BF2 must execute/classify the sample and attach profile/product evidence.	-
SVELTE-547C9CC26120A3F92A52	runtime-legacy	packages/svelte/tests/runtime-legacy/samples/action-ternary-template/	b1da63e7731dbb0dc9880f01d93029fb1544ad23	sample-directory	blocked	BS1	BF2 must execute/classify the sample and attach profile/product evidence.	-
SVELTE-B0A188F62548DB463069	runtime-legacy	packages/svelte/tests/runtime-legacy/samples/action-this/	42fcd0497bec12ed710dd399dcbee025a03839f3	sample-directory	blocked	BS1	BF2 must execute/classify the sample and attach profile/product evidence.	-
SVELTE-B988FEC411ED0840DC01	runtime-legacy	packages/svelte/tests/runtime-legacy/samples/action-update-before-destroy/	8ef652f6f1d781ca423ff321a99690b988731f05	sample-directory	blocked	BS1	BF2 must execute/classify the sample and attach profile/product evidence.	-
SVELTE-BC4C9790335864620D96	runtime-legacy	packages/svelte/tests/runtime-legacy/samples/action-update/	689f978d7cc5efc3f73bac7937578847654c3b69	sample-directory	blocked	BS1	BF2 must execute/classify the sample and attach profile/product evidence.	-
SVELTE-CF35C7B74A773D721570	runtime-legacy	packages/svelte/tests/runtime-legacy/samples/action/	15a1992abbc4647109cf8d030f5cc354ee5d0c68	sample-directory	blocked	BS1	BF2 must execute/classify the sample and attach profile/product evidence.	-
SVELTE-F5DB308FD022F792F56E	runtime-legacy	packages/svelte/tests/runtime-legacy/samples/after-render-prevents-loop/	fa770e84d118d647e6e2ad068450f196b593f044	sample-directory	blocked	BS1	BF2 must execute/classify the sample and attach profile/product evidence.	-
SVELTE-9831A9EC84A7285FEA86	runtime-legacy	packages/svelte/tests/runtime-legacy/samples/after-render-triggers-update/	4f1747d05b97018c197335e3cb6df6165436ca6d	sample-directory	blocked	BS1	BF2 must execute/classify the sample and attach profile/product evidence.	-
SVELTE-15CD804E82C1F57A4C38	runtime-legacy	packages/svelte/tests/runtime-legacy/samples/animation-css/	dc2b34f3ae49e4f52a5b437c7229b61fa2b6793b	sample-directory	blocked	BS1	BF2 must execute/classify the sample and attach profile/product evidence.	-
SVELTE-632DA4FB19C051A1ABF9	runtime-legacy	packages/svelte/tests/runtime-legacy/samples/animation-flip-2/	78c62e8c179e4dc5277bbf6a267dbf3823baeb8e	sample-directory	blocked	BS1	BF2 must execute/classify the sample and attach profile/product evidence.	-
SVELTE-A6717B290B835E51C5F8	runtime-legacy	packages/svelte/tests/runtime-legacy/samples/animation-flip/	db94c75da0694e6b48ba9ff9c68d11596570567a	sample-directory	blocked	BS1	BF2 must execute/classify the sample and attach profile/product evidence.	-
SVELTE-DDD672FA004146E7F002	runtime-legacy	packages/svelte/tests/runtime-legacy/samples/animation-js-delay/	ecd01e7fd8b33f975af99f5782b12f728b131100	sample-directory	blocked	BS1	BF2 must execute/classify the sample and attach profile/product evidence.	-
SVELTE-9415BF218F309762208A	runtime-legacy	packages/svelte/tests/runtime-legacy/samples/animation-js-easing/	627acfc0b6b8ba6934914aad0d57de3fc12426d0	sample-directory	blocked	BS1	BF2 must execute/classify the sample and attach profile/product evidence.	-
SVELTE-3FE640F0578CA35DF777	runtime-legacy	packages/svelte/tests/runtime-legacy/samples/animation-js/	b914a60da1783c1cb5a3dced0a116f1f4db8c967	sample-directory	blocked	BS1	BF2 must execute/classify the sample and attach profile/product evidence.	-
SVELTE-C2FC6AA033FFB880AE43	runtime-legacy	packages/svelte/tests/runtime-legacy/samples/apply-directives-in-order-2/	4b64b3678c60e90d91757eddca5a68ebe43b56b3	sample-directory	blocked	BS1	BF2 must execute/classify the sample and attach profile/product evidence.	-
SVELTE-8DF11EFC797C7DE23811	runtime-legacy	packages/svelte/tests/runtime-legacy/samples/apply-directives-in-order/	43b20ecf56dc000c915969461126ce4b7b83936b	sample-directory	blocked	BS1	BF2 must execute/classify the sample and attach profile/product evidence.	-
SVELTE-21C426870CBD44BF4F56	runtime-legacy	packages/svelte/tests/runtime-legacy/samples/array-literal-spread-deopt/	8ddbcd7b0e64eaaaa911bec5e7c1e94e3031c1b7	sample-directory	blocked	BS1	BF2 must execute/classify the sample and attach profile/product evidence.	-
SVELTE-86A2D0CC159745801DB2	runtime-legacy	packages/svelte/tests/runtime-legacy/samples/array-rest-is-array-or-object/	b27c7fa4b83621256cac47fa64981e9579a7340c	sample-directory	blocked	BS1	BF2 must execute/classify the sample and attach profile/product evidence.	-
SVELTE-BAA9C697774E97AC3129	runtime-legacy	packages/svelte/tests/runtime-legacy/samples/assignment-in-init/	f6c29a9067270615e8942c80c91f6b90275d23dd	sample-directory	blocked	BS1	BF2 must execute/classify the sample and attach profile/product evidence.	-
SVELTE-04EDB95B4C1B913E9EBB	runtime-legacy	packages/svelte/tests/runtime-legacy/samples/assignment-to-computed-property/	17cf4c46738ccc41bd74e82febd82a59e8519fe4	sample-directory	blocked	BS1	BF2 must execute/classify the sample and attach profile/product evidence.	-
SVELTE-5A071BC97F2FE0569E07	runtime-legacy	packages/svelte/tests/runtime-legacy/samples/assignment-to-const1/	b4242c12c2bbe488e6d137a4ef3367eb87dab97e	sample-directory	blocked	BS1	BF2 must execute/classify the sample and attach profile/product evidence.	-
SVELTE-46EA9AD37D7A27844B61	runtime-legacy	packages/svelte/tests/runtime-legacy/samples/assignment-to-const2/	30f7db4a1c8f5abb94686e5dcff9ac6ee764031d	sample-directory	blocked	BS1	BF2 must execute/classify the sample and attach profile/product evidence.	-
SVELTE-6443BE7AD14AEC62CC21	runtime-legacy	packages/svelte/tests/runtime-legacy/samples/async-generator-object-methods/	44620826c48ded6c5f0761a513d25207c1c24a0b	sample-directory	blocked	BS1	BF2 must execute/classify the sample and attach profile/product evidence.	-
SVELTE-3FD2DC643C7F59C6324B	runtime-legacy	packages/svelte/tests/runtime-legacy/samples/attachment-in-mutated-state/	3cd85ed25f3098729420631851e8689b9fe9024f	sample-directory	blocked	BS1	BF2 must execute/classify the sample and attach profile/product evidence.	-
SVELTE-0D0D48D104100C688123	runtime-legacy	packages/svelte/tests/runtime-legacy/samples/attribute-after-property/	03552ebb38f1d4bbc785df75434b1c6ed8ecfa98	sample-directory	blocked	BS1	BF2 must execute/classify the sample and attach profile/product evidence.	-
SVELTE-09AAC9BA336BA5507708	runtime-legacy	packages/svelte/tests/runtime-legacy/samples/attribute-boolean-case-insensitive/	ddcc478534a98dc574e2f61b088bb75392fd5481	sample-directory	blocked	BS1	BF2 must execute/classify the sample and attach profile/product evidence.	-
SVELTE-5A178B01A9B396FEBB2B	runtime-legacy	packages/svelte/tests/runtime-legacy/samples/attribute-boolean-false/	2e671b2994e6881ad6df6f3ffaf3425249f96dd1	sample-directory	blocked	BS1	BF2 must execute/classify the sample and attach profile/product evidence.	-
SVELTE-B7523A68B8FA5803A495	runtime-legacy	packages/svelte/tests/runtime-legacy/samples/attribute-boolean-hidden/	63955b9d5e224ab298120ec1d961c56c2aa12827	sample-directory	blocked	BS1	BF2 must execute/classify the sample and attach profile/product evidence.	-
SVELTE-2F859606CE44F1450FBF	runtime-legacy	packages/svelte/tests/runtime-legacy/samples/attribute-boolean-indeterminate/	673c8eb795c0d27cb515d06b54d7610fa97ad1f4	sample-directory	blocked	BS1	BF2 must execute/classify the sample and attach profile/product evidence.	-
SVELTE-4685D54FEE5C26173DD4	runtime-legacy	packages/svelte/tests/runtime-legacy/samples/attribute-boolean-inert/	ee4f578d822e6d133e3ee7e4e51117c9e0a48bc7	sample-directory	blocked	BS1	BF2 must execute/classify the sample and attach profile/product evidence.	-
SVELTE-0B47ABE82EEBFD17F10A	runtime-legacy	packages/svelte/tests/runtime-legacy/samples/attribute-boolean-true/	e925f52ab8ec6ab9ee11225c22877412c5943247	sample-directory	blocked	BS1	BF2 must execute/classify the sample and attach profile/product evidence.	-
SVELTE-7DD0D40BD1037AB55F0D	runtime-legacy	packages/svelte/tests/runtime-legacy/samples/attribute-boolean-with-spread/	54e70cb458f8982201a2a33591976305f6cf315f	sample-directory	blocked	BS1	BF2 must execute/classify the sample and attach profile/product evidence.	-
SVELTE-A034F12C8D8D80EFB268	runtime-legacy	packages/svelte/tests/runtime-legacy/samples/attribute-casing-custom-element/	23d56c74bc097676cd3f003c4f841cfa28d31cec	sample-directory	blocked	BS1	BF2 must execute/classify the sample and attach profile/product evidence.	-
SVELTE-90084A42321B1F3A114B	runtime-legacy	packages/svelte/tests/runtime-legacy/samples/attribute-casing/	a28c13d291b6b9aff7a138cbe93f192d29e0b90d	sample-directory	blocked	BS1	BF2 must execute/classify the sample and attach profile/product evidence.	-
SVELTE-75614B703236C065E34A	runtime-legacy	packages/svelte/tests/runtime-legacy/samples/attribute-custom-element-inheritance/	1d97c9a626513b5d249d2421c284ff0b8fbd0abf	sample-directory	blocked	BS1	BF2 must execute/classify the sample and attach profile/product evidence.	-
SVELTE-69EA42F22811ACDEB8E2	runtime-legacy	packages/svelte/tests/runtime-legacy/samples/attribute-dataset-without-value/	ece797a4b3176f653e4319c7d1fcb7014d2d8e28	sample-directory	blocked	BS1	BF2 must execute/classify the sample and attach profile/product evidence.	-
SVELTE-C92FA61143B101B083A6	runtime-legacy	packages/svelte/tests/runtime-legacy/samples/attribute-dynamic-multiple/	53a8793659ec56ab159f67eaf5710330ebeaa7c6	sample-directory	blocked	BS1	BF2 must execute/classify the sample and attach profile/product evidence.	-
SVELTE-8039096CBC3961775833	runtime-legacy	packages/svelte/tests/runtime-legacy/samples/attribute-dynamic-no-dependencies/	68cbe62dc6022a892b8791f8729a3c6f281b6e75	sample-directory	blocked	BS1	BF2 must execute/classify the sample and attach profile/product evidence.	-
SVELTE-A3488A8C3FA5788040D3	runtime-legacy	packages/svelte/tests/runtime-legacy/samples/attribute-dynamic-quotemarks/	873963282a776b8e5d8d68f782f947e3b715d1b2	sample-directory	blocked	BS1	BF2 must execute/classify the sample and attach profile/product evidence.	-
SVELTE-3B6E4B626D7ACE1E2C8A	runtime-legacy	packages/svelte/tests/runtime-legacy/samples/attribute-dynamic-shorthand/	48a0759e28f7b8d84a58c8c6bc400982eb8448a2	sample-directory	blocked	BS1	BF2 must execute/classify the sample and attach profile/product evidence.	-
SVELTE-A6C535382F95C9817460	runtime-legacy	packages/svelte/tests/runtime-legacy/samples/attribute-dynamic-type/	b8f24a4175653b6bb00e2a9c4a0db1d2a6926961	sample-directory	blocked	BS1	BF2 must execute/classify the sample and attach profile/product evidence.	-
SVELTE-11FC5629B596584B1E72	runtime-legacy	packages/svelte/tests/runtime-legacy/samples/attribute-dynamic/	9b5572f0025adbf80559c6f3598d6c2cc2d92d11	sample-directory	blocked	BS1	BF2 must execute/classify the sample and attach profile/product evidence.	-
SVELTE-12A23C5C764099AF0748	runtime-legacy	packages/svelte/tests/runtime-legacy/samples/attribute-empty-svg/	6b3d98002f4f1f2e3960ba04b48f3c0fc453d20b	sample-directory	blocked	BS1	BF2 must execute/classify the sample and attach profile/product evidence.	-
SVELTE-AEAE363E75CCAE149203	runtime-legacy	packages/svelte/tests/runtime-legacy/samples/attribute-empty/	1bdcc38c9dd293d7642e6085d143f44bbbfe829c	sample-directory	blocked	BS1	BF2 must execute/classify the sample and attach profile/product evidence.	-
SVELTE-7CF89B16A20AAE431FC2	runtime-legacy	packages/svelte/tests/runtime-legacy/samples/attribute-false/	5ddb537d6326de19ed2d45bfc51e4cc80c0e87e1	sample-directory	blocked	BS1	BF2 must execute/classify the sample and attach profile/product evidence.	-
SVELTE-25513F2D232CA5F1E4AB	runtime-legacy	packages/svelte/tests/runtime-legacy/samples/attribute-microdata/	7e8349ca18e43d432ac601977d7db2d94a46eed0	sample-directory	blocked	BS1	BF2 must execute/classify the sample and attach profile/product evidence.	-
SVELTE-4265DA2C90F099E1ECE4	runtime-legacy	packages/svelte/tests/runtime-legacy/samples/attribute-namespaced/	bd73152ecee39cbb083e50fe5bd032d30b67cdec	sample-directory	blocked	BS1	BF2 must execute/classify the sample and attach profile/product evidence.	-
SVELTE-41280883B03A9ACA9718	runtime-legacy	packages/svelte/tests/runtime-legacy/samples/attribute-null-classname-no-style/	63f8a3d89dde66e5b93d68cedc779098b481454e	sample-directory	blocked	BS1	BF2 must execute/classify the sample and attach profile/product evidence.	-
SVELTE-B2814DD9C5BDD1FF113E	runtime-legacy	packages/svelte/tests/runtime-legacy/samples/attribute-null-classname-with-style/	5db861812d5091a936a79aa33da1e5a9cc912950	sample-directory	blocked	BS1	BF2 must execute/classify the sample and attach profile/product evidence.	-
SVELTE-13464B3DB6D93261BE64	runtime-legacy	packages/svelte/tests/runtime-legacy/samples/attribute-null-classnames-no-style/	9bdb115141c2d080955699bc4c9d4ab9bf971853	sample-directory	blocked	BS1	BF2 must execute/classify the sample and attach profile/product evidence.	-
SVELTE-099079587F4044C5E79E	runtime-legacy	packages/svelte/tests/runtime-legacy/samples/attribute-null-classnames-with-style/	9b71bd6ed295facdb6b149e0093e1ecb6ab7643f	sample-directory	blocked	BS1	BF2 must execute/classify the sample and attach profile/product evidence.	-
SVELTE-E66417B1BDE357AF240F	runtime-legacy	packages/svelte/tests/runtime-legacy/samples/attribute-null-func-classname-no-style/	1319c70afdb7aadaec08068b67d51bbe39ccee8f	sample-directory	blocked	BS1	BF2 must execute/classify the sample and attach profile/product evidence.	-
SVELTE-19802588123E49B0F020	runtime-legacy	packages/svelte/tests/runtime-legacy/samples/attribute-null-func-classname-with-style/	323f41b04336d311964a0c4af5adf4f7f946502c	sample-directory	blocked	BS1	BF2 must execute/classify the sample and attach profile/product evidence.	-
SVELTE-6895FD6D838C72674734	runtime-legacy	packages/svelte/tests/runtime-legacy/samples/attribute-null-func-classnames-no-style/	218fabfb0058a0821065a2d0754d2fb9f80fd65a	sample-directory	blocked	BS1	BF2 must execute/classify the sample and attach profile/product evidence.	-
SVELTE-AABAE361F79DF70E3645	runtime-legacy	packages/svelte/tests/runtime-legacy/samples/attribute-null-func-classnames-with-style/	198de2595872e7406dfe323a12305ffb19bf12a8	sample-directory	blocked	BS1	BF2 must execute/classify the sample and attach profile/product evidence.	-
SVELTE-D40F70B59A051357F27E	runtime-legacy	packages/svelte/tests/runtime-legacy/samples/attribute-null/	9d91596845c7ae5a9a711b8d7ef74f198e2fa212	sample-directory	blocked	BS1	BF2 must execute/classify the sample and attach profile/product evidence.	-
SVELTE-2A2AAD85AFFD562EDADD	runtime-legacy	packages/svelte/tests/runtime-legacy/samples/attribute-partial-number/	8bf5a0be28e87c7d2f05756b9d88aeac3123b147	sample-directory	blocked	BS1	BF2 must execute/classify the sample and attach profile/product evidence.	-
SVELTE-AA42950939140E5FC901	runtime-legacy	packages/svelte/tests/runtime-legacy/samples/attribute-prefer-expression/	abcd0b4329060ba3b4c2d549664d679ab623e3b8	sample-directory	blocked	BS1	BF2 must execute/classify the sample and attach profile/product evidence.	-
SVELTE-355240BCC2B6E47C54E5	runtime-legacy	packages/svelte/tests/runtime-legacy/samples/attribute-static-at-symbol/	eeda8cf15d8c3422c40619902c75ff2011c88ad2	sample-directory	blocked	BS1	BF2 must execute/classify the sample and attach profile/product evidence.	-
SVELTE-73BF4201CBF6610E93E6	runtime-legacy	packages/svelte/tests/runtime-legacy/samples/attribute-static-boolean/	9177d009430ae174416fff23d6e9d92f3ede8106	sample-directory	blocked	BS1	BF2 must execute/classify the sample and attach profile/product evidence.	-
SVELTE-1FEABC77D3DF445D6909	runtime-legacy	packages/svelte/tests/runtime-legacy/samples/attribute-static-quotemarks/	4c63ac1048f1db846c5da604413fe299308cec48	sample-directory	blocked	BS1	BF2 must execute/classify the sample and attach profile/product evidence.	-
SVELTE-B6304079E4329EC66819	runtime-legacy	packages/svelte/tests/runtime-legacy/samples/attribute-static/	f42300f6627a9d4ce74c3da95c0c114e35673c2e	sample-directory	blocked	BS1	BF2 must execute/classify the sample and attach profile/product evidence.	-
SVELTE-8AC56BA781FD713F70B9	runtime-legacy	packages/svelte/tests/runtime-legacy/samples/attribute-undefined/	14b96f7f04a193c39c9236f9e62eda357fe4f93e	sample-directory	blocked	BS1	BF2 must execute/classify the sample and attach profile/product evidence.	-
SVELTE-3D275BEE393A6EFA5A6F	runtime-legacy	packages/svelte/tests/runtime-legacy/samples/attribute-unknown-without-value/	4ffbf334fa4e7beedbd01642fe42df2d23525f98	sample-directory	blocked	BS1	BF2 must execute/classify the sample and attach profile/product evidence.	-
SVELTE-85E65A62C9A24899C3EA	runtime-legacy	packages/svelte/tests/runtime-legacy/samples/attribute-url/	76a6b6112b903dc48c5abda77c4fb5f2aa2e1174	sample-directory	blocked	BS1	BF2 must execute/classify the sample and attach profile/product evidence.	-
SVELTE-5BCD74DEFB3EB22027B5	runtime-legacy	packages/svelte/tests/runtime-legacy/samples/autofocus-2/	5d488ec27902950096b64e496cda28dc813635e7	sample-directory	blocked	BS1	BF2 must execute/classify the sample and attach profile/product evidence.	-
SVELTE-58FB4CCA8A7EFBFFFAF1	runtime-legacy	packages/svelte/tests/runtime-legacy/samples/autofocus-3/	8f540fb5236161d79d4d6eea9473c60449dc2737	sample-directory	blocked	BS1	BF2 must execute/classify the sample and attach profile/product evidence.	-
SVELTE-D318AB78F789F47B730C	runtime-legacy	packages/svelte/tests/runtime-legacy/samples/autofocus/	e208c5361665f2a8b05fd23829f0f83a47af1d8c	sample-directory	blocked	BS1	BF2 must execute/classify the sample and attach profile/product evidence.	-
SVELTE-CDE8C1CF9C57D597CA4A	runtime-legacy	packages/svelte/tests/runtime-legacy/samples/await-block-func-function/	2660a48f0918db869bca18504a40b7d67b76382e	sample-directory	blocked	BS1	BF2 must execute/classify the sample and attach profile/product evidence.	-
SVELTE-41E952B7E42A313A2CAB	runtime-legacy	packages/svelte/tests/runtime-legacy/samples/await-catch-no-expression/	e30ab15ec615ee7f3b21bc696bb93757534d1693	sample-directory	blocked	BS1	BF2 must execute/classify the sample and attach profile/product evidence.	-
SVELTE-38C4BE27842D013A8CD2	runtime-legacy	packages/svelte/tests/runtime-legacy/samples/await-catch-shorthand/	68b6edb943776e4649b0132feacb9ae972684832	sample-directory	blocked	BS1	BF2 must execute/classify the sample and attach profile/product evidence.	-
SVELTE-6F442213C21B57A2BED6	runtime-legacy	packages/svelte/tests/runtime-legacy/samples/await-component-oncreate/	3f8fae5ccae0a3da87154e468c1c3a484e8a6874	sample-directory	blocked	BS1	BF2 must execute/classify the sample and attach profile/product evidence.	-
SVELTE-5C17981134A182288099	runtime-legacy	packages/svelte/tests/runtime-legacy/samples/await-conservative-update/	5e5236f13d280d352601fe6014a693f5c6e874a2	sample-directory	blocked	BS1	BF2 must execute/classify the sample and attach profile/product evidence.	-
SVELTE-5CB34D35A803CABCCDBD	runtime-legacy	packages/svelte/tests/runtime-legacy/samples/await-containing-if/	62990081f57c83fe74c48a48ca28092e1336688a	sample-directory	blocked	BS1	BF2 must execute/classify the sample and attach profile/product evidence.	-
SVELTE-58F1A553213AB436D6FF	runtime-legacy	packages/svelte/tests/runtime-legacy/samples/await-function-promise/	e3d3c062851688c32f12b7d25ab24f6acf349471	sample-directory	blocked	BS1	BF2 must execute/classify the sample and attach profile/product evidence.	-
SVELTE-6351E2FC81CBF649572A	runtime-legacy	packages/svelte/tests/runtime-legacy/samples/await-in-dynamic-component/	56a17002e689f85baf86c4bcf15ba4267abde890	sample-directory	blocked	BS1	BF2 must execute/classify the sample and attach profile/product evidence.	-
SVELTE-3DB2F000A6068E9036C7	runtime-legacy	packages/svelte/tests/runtime-legacy/samples/await-in-each/	ffc95df79df927dbbacddd2e87d91ee9952a91d6	sample-directory	blocked	BS1	BF2 must execute/classify the sample and attach profile/product evidence.	-
SVELTE-B82C6D1EA56858823095	runtime-legacy	packages/svelte/tests/runtime-legacy/samples/await-in-removed-if/	a8844d95f378dcf5c22154b63566468f84b09cfd	sample-directory	blocked	BS1	BF2 must execute/classify the sample and attach profile/product evidence.	-
SVELTE-A245525D248F6A3DFE87	runtime-legacy	packages/svelte/tests/runtime-legacy/samples/await-mount-and-unmount-immediately/	515a882773193776c2f8e0c73d5607d4bf961909	sample-directory	blocked	BS1	BF2 must execute/classify the sample and attach profile/product evidence.	-
SVELTE-969A36C7C2935B536086	runtime-legacy	packages/svelte/tests/runtime-legacy/samples/await-mutate-array/	3163857206121cd9f4658bb2fca969bd51147932	sample-directory	blocked	BS1	BF2 must execute/classify the sample and attach profile/product evidence.	-
SVELTE-06BAF557A12B9D2D93AE	runtime-legacy	packages/svelte/tests/runtime-legacy/samples/await-set-simultaneous-reactive/	64d88e4e2123f801188b7bf3fe8ce188a50d6384	sample-directory	blocked	BS1	BF2 must execute/classify the sample and attach profile/product evidence.	-
SVELTE-BDD59171095C2B68BB83	runtime-legacy	packages/svelte/tests/runtime-legacy/samples/await-set-simultaneous/	2419caca11f3661526163f44f1d517a7c765b381	sample-directory	blocked	BS1	BF2 must execute/classify the sample and attach profile/product evidence.	-
SVELTE-E07F3B239405DAF6B17A	runtime-legacy	packages/svelte/tests/runtime-legacy/samples/await-then-blowback-reactive/	433ce988e814c29215e4efe49c45acd8ecd21e8d	sample-directory	blocked	BS1	BF2 must execute/classify the sample and attach profile/product evidence.	-
SVELTE-8DFE5BD996DA91590DF1	runtime-legacy	packages/svelte/tests/runtime-legacy/samples/await-then-catch-anchor/	cb39f75684ea72541e7535c46b7ea0a91813ce66	sample-directory	blocked	BS1	BF2 must execute/classify the sample and attach profile/product evidence.	-
SVELTE-C2EFFC0A2D722FB4E36D	runtime-legacy	packages/svelte/tests/runtime-legacy/samples/await-then-catch-event/	1d99e04db83d03591a4d953c4f90721c726a1e45	sample-directory	blocked	BS1	BF2 must execute/classify the sample and attach profile/product evidence.	-
SVELTE-73448511AFE939285ADC	runtime-legacy	packages/svelte/tests/runtime-legacy/samples/await-then-catch-if/	0e1f18d22527f5dedec8c7bf724608e2876c0b68	sample-directory	blocked	BS1	BF2 must execute/classify the sample and attach profile/product evidence.	-
SVELTE-FC1C927D00CCDFD5875B	runtime-legacy	packages/svelte/tests/runtime-legacy/samples/await-then-catch-in-slot/	1f471c6fec3c1f3cf11361b39dce5b8e9b26ca6b	sample-directory	blocked	BS1	BF2 must execute/classify the sample and attach profile/product evidence.	-
SVELTE-1040804DB69704CBE4D2	runtime-legacy	packages/svelte/tests/runtime-legacy/samples/await-then-catch-multiple/	2894d9a44514f106c63aedf6a66f02063dafeb2f	sample-directory	blocked	BS1	BF2 must execute/classify the sample and attach profile/product evidence.	-
SVELTE-878EB8F7433C8DF85FFB	runtime-legacy	packages/svelte/tests/runtime-legacy/samples/await-then-catch-no-values/	eae1ff4c6d1919387dc6bf7a47e7eb192d52738d	sample-directory	blocked	BS1	BF2 must execute/classify the sample and attach profile/product evidence.	-
SVELTE-2FF7D0F3971AA608D9EC	runtime-legacy	packages/svelte/tests/runtime-legacy/samples/await-then-catch-non-promise/	ea518897c5df45893942c0f54deb0b0e1854b2b5	sample-directory	blocked	BS1	BF2 must execute/classify the sample and attach profile/product evidence.	-
SVELTE-1EAECCF684E7FE627883	runtime-legacy	packages/svelte/tests/runtime-legacy/samples/await-then-catch-order/	5aaf374236f902ae5dee4d316a3445981d7cc241	sample-directory	blocked	BS1	BF2 must execute/classify the sample and attach profile/product evidence.	-
SVELTE-D068BD44B646CC95F4DF	runtime-legacy	packages/svelte/tests/runtime-legacy/samples/await-then-catch-static/	f0276c31d16b1260719e8e27f3a91152dda0042d	sample-directory	blocked	BS1	BF2 must execute/classify the sample and attach profile/product evidence.	-
SVELTE-18CF3C9EF01218821BBE	runtime-legacy	packages/svelte/tests/runtime-legacy/samples/await-then-catch/	399c9618ffe57018f5c32ecbd519d5073d55dbc2	sample-directory	blocked	BS1	BF2 must execute/classify the sample and attach profile/product evidence.	-
SVELTE-2FAC4BBB1FC723532196	runtime-legacy	packages/svelte/tests/runtime-legacy/samples/await-then-destruct-array-nested-rest/	1e1555d391ac5f10c3fbf0a07535a21160dab45d	sample-directory	blocked	BS1	BF2 must execute/classify the sample and attach profile/product evidence.	-
SVELTE-345BAE1FAC97339629EA	runtime-legacy	packages/svelte/tests/runtime-legacy/samples/await-then-destruct-array/	00e7c6ae9e7691dd945912a7c3e3d9217070dd61	sample-directory	blocked	BS1	BF2 must execute/classify the sample and attach profile/product evidence.	-
SVELTE-624F564F488EF51993AA	runtime-legacy	packages/svelte/tests/runtime-legacy/samples/await-then-destruct-computed-props/	6adcc567685c8fdf1ac169ecf5cfa48f11369ad4	sample-directory	blocked	BS1	BF2 must execute/classify the sample and attach profile/product evidence.	-
SVELTE-32D8F7053DF8859566C4	runtime-legacy	packages/svelte/tests/runtime-legacy/samples/await-then-destruct-default/	6a0070fb9a4dbe7a7ef7aee13aa2e738d3650178	sample-directory	blocked	BS1	BF2 must execute/classify the sample and attach profile/product evidence.	-
SVELTE-6516798B3F0C3F6040C3	runtime-legacy	packages/svelte/tests/runtime-legacy/samples/await-then-destruct-number-props/	9346a4a8465eb385659318515def20c8c37ae914	sample-directory	blocked	BS1	BF2 must execute/classify the sample and attach profile/product evidence.	-
SVELTE-30E4455331B04612DD84	runtime-legacy	packages/svelte/tests/runtime-legacy/samples/await-then-destruct-object-if/	e5e438dce8496b157ffb3113f4d1160327d846ab	sample-directory	blocked	BS1	BF2 must execute/classify the sample and attach profile/product evidence.	-
SVELTE-80769B32C534B60DCF1A	runtime-legacy	packages/svelte/tests/runtime-legacy/samples/await-then-destruct-object/	bd43d86ad1f6a62ba7eaee850299e4d6e796c031	sample-directory	blocked	BS1	BF2 must execute/classify the sample and attach profile/product evidence.	-
SVELTE-F5A69B8BBA19EC165BC4	runtime-legacy	packages/svelte/tests/runtime-legacy/samples/await-then-destruct-rest/	8414e9d507033030762d3538074e45c0c2556574	sample-directory	blocked	BS1	BF2 must execute/classify the sample and attach profile/product evidence.	-
SVELTE-0E00A1391E818BDB879C	runtime-legacy	packages/svelte/tests/runtime-legacy/samples/await-then-destruct-string-props/	e813c90294ebaf97b636cd571a435bf02a32c68b	sample-directory	blocked	BS1	BF2 must execute/classify the sample and attach profile/product evidence.	-
SVELTE-EBA96A5FF6362E0CFC28	runtime-legacy	packages/svelte/tests/runtime-legacy/samples/await-then-if/	a3a39d8ba0b9c7bd3fb2d5e3f312d9c2860c786f	sample-directory	blocked	BS1	BF2 must execute/classify the sample and attach profile/product evidence.	-
SVELTE-EC58619EFDB0D73EB5A5	runtime-legacy	packages/svelte/tests/runtime-legacy/samples/await-then-no-context/	9f865b86aa35cec397df0f9eb31c2a7d546b042a	sample-directory	blocked	BS1	BF2 must execute/classify the sample and attach profile/product evidence.	-
SVELTE-DB6825C5F7521D181FD2	runtime-legacy	packages/svelte/tests/runtime-legacy/samples/await-then-no-expression/	1f1f792ae19579eb1ce0d2f45cfd4d95977332c0	sample-directory	blocked	BS1	BF2 must execute/classify the sample and attach profile/product evidence.	-
SVELTE-5F1D430499A19A9868AC	runtime-legacy	packages/svelte/tests/runtime-legacy/samples/await-then-shadowed/	b23e86e0b9cca5e6c7c21e277e141e05f37dc51e	sample-directory	blocked	BS1	BF2 must execute/classify the sample and attach profile/product evidence.	-
SVELTE-083836C7FDDD74843C48	runtime-legacy	packages/svelte/tests/runtime-legacy/samples/await-then-shorthand/	071b78797811f52cda21a8131eb128722aa98f2d	sample-directory	blocked	BS1	BF2 must execute/classify the sample and attach profile/product evidence.	-
SVELTE-D2C3794CB2FB8B7F1F3C	runtime-legacy	packages/svelte/tests/runtime-legacy/samples/await-with-components/	aff24c653357efe244748d1f0c78f77f0058d33f	sample-directory	blocked	BS1	BF2 must execute/classify the sample and attach profile/product evidence.	-
SVELTE-995E1C469FC30B37A20A	runtime-legacy	packages/svelte/tests/runtime-legacy/samples/await-with-update-2/	acea4fa85f31fdad5f934cbe7e97ff698b4294f2	sample-directory	blocked	BS1	BF2 must execute/classify the sample and attach profile/product evidence.	-
SVELTE-FFA36A639DBCB5C68DE8	runtime-legacy	packages/svelte/tests/runtime-legacy/samples/await-with-update-catch-scope/	ddec41cab07adebc44fbf4b6bd12f9eb50ca1103	sample-directory	blocked	BS1	BF2 must execute/classify the sample and attach profile/product evidence.	-
SVELTE-7CA42DBA14F55D7534CA	runtime-legacy	packages/svelte/tests/runtime-legacy/samples/await-with-update/	93d0c9687abff05e3fc32330ab0f1aca6b4b82b0	sample-directory	blocked	BS1	BF2 must execute/classify the sample and attach profile/product evidence.	-
SVELTE-DDBB930D9D2E39EEB99F	runtime-legacy	packages/svelte/tests/runtime-legacy/samples/await-without-catch/	523da8a02163f83580408646f5f584c7ea236bfd	sample-directory	blocked	BS1	BF2 must execute/classify the sample and attach profile/product evidence.	-
SVELTE-AC6650DDE6EFDCCF6B3B	runtime-legacy	packages/svelte/tests/runtime-legacy/samples/before-render-chain-2/	d178d23f4a06f20c12d5903c4a364f05e8fea247	sample-directory	blocked	BS1	BF2 must execute/classify the sample and attach profile/product evidence.	-
SVELTE-51E6869F373F0B890293	runtime-legacy	packages/svelte/tests/runtime-legacy/samples/before-render-chain/	5c64120b1da843c1c142ee92d9446b3dab9061d6	sample-directory	blocked	BS1	BF2 must execute/classify the sample and attach profile/product evidence.	-
SVELTE-A60DC77823363362E6C3	runtime-legacy	packages/svelte/tests/runtime-legacy/samples/before-render-prevents-loop/	45fab6e666cd67fdde0a0f9a757d6c96b96546d3	sample-directory	blocked	BS1	BF2 must execute/classify the sample and attach profile/product evidence.	-
SVELTE-D0E3C9C8AFBBB0562C7E	runtime-legacy	packages/svelte/tests/runtime-legacy/samples/bind-export-const-with-spread/	b1587f651907ff92279e9bb4910f565d66221018	sample-directory	blocked	BS1	BF2 must execute/classify the sample and attach profile/product evidence.	-
SVELTE-95952903A1F302151077	runtime-legacy	packages/svelte/tests/runtime-legacy/samples/binding-backflow/	a81abb3d3c27d1f56d5b85a3dcb2c270ac6c6e1e	sample-directory	blocked	BS1	BF2 must execute/classify the sample and attach profile/product evidence.	-
SVELTE-DF2749DBC70505A905FF	runtime-legacy	packages/svelte/tests/runtime-legacy/samples/binding-circular/	21912d14a245a52fa4cb8495cbea823398f005e1	sample-directory	blocked	BS1	BF2 must execute/classify the sample and attach profile/product evidence.	-
SVELTE-C75231EC9C74B55F9969	runtime-legacy	packages/svelte/tests/runtime-legacy/samples/binding-contenteditable-html-initial/	4e5188461ef2c38b33d4df1c205eb0585cd62878	sample-directory	blocked	BS1	BF2 must execute/classify the sample and attach profile/product evidence.	-
SVELTE-8F951B3A66347481BDDE	runtime-legacy	packages/svelte/tests/runtime-legacy/samples/binding-contenteditable-html/	a0b76538f83613e4b40ed63651b524783960eb95	sample-directory	blocked	BS1	BF2 must execute/classify the sample and attach profile/product evidence.	-
SVELTE-58E5B168C91FC45C12C4	runtime-legacy	packages/svelte/tests/runtime-legacy/samples/binding-contenteditable-innertext/	8e3b9c38ccd1183caa5c1e6278c305cbf05a4e1f	sample-directory	blocked	BS1	BF2 must execute/classify the sample and attach profile/product evidence.	-
SVELTE-D211667CBBEEEDE8A1CD	runtime-legacy	packages/svelte/tests/runtime-legacy/samples/binding-contenteditable-text-initial/	dd6160a8e0c84c8c8876f0e99082f6a881f24314	sample-directory	blocked	BS1	BF2 must execute/classify the sample and attach profile/product evidence.	-
SVELTE-D33252DC091792C9E93D	runtime-legacy	packages/svelte/tests/runtime-legacy/samples/binding-contenteditable-text/	a79af0a31bdef639bffb2e622fc696bdb0b074ac	sample-directory	blocked	BS1	BF2 must execute/classify the sample and attach profile/product evidence.	-
SVELTE-70EAFAD159737D99165C	runtime-legacy	packages/svelte/tests/runtime-legacy/samples/binding-details-open/	82c361c4c128b2e5d404e69d554e816d6e202f3a	sample-directory	blocked	BS1	BF2 must execute/classify the sample and attach profile/product evidence.	-
SVELTE-0DB18095F910C6B760C3	runtime-legacy	packages/svelte/tests/runtime-legacy/samples/binding-focused/	58dc691c3a49a6ef200959318202e0e05b574bd0	sample-directory	blocked	BS1	BF2 must execute/classify the sample and attach profile/product evidence.	-
SVELTE-C17A5DF6396ACDE007A7	runtime-legacy	packages/svelte/tests/runtime-legacy/samples/binding-indirect-computed/	fca020092f586ed1c7267dcfccf3250ce4e4ca37	sample-directory	blocked	BS1	BF2 must execute/classify the sample and attach profile/product evidence.	-
SVELTE-58DCAFF6D907BD8B5256	runtime-legacy	packages/svelte/tests/runtime-legacy/samples/binding-indirect-fn/	0dea99ba16246e3619d4d92ebad77fc24132088f	sample-directory	blocked	BS1	BF2 must execute/classify the sample and attach profile/product evidence.	-
SVELTE-56BB21CB3F83634C9B38	runtime-legacy	packages/svelte/tests/runtime-legacy/samples/binding-indirect-spread/	cb119cf2494d4e6c4f9e03d9bda4ecda3f62cd50	sample-directory	blocked	BS1	BF2 must execute/classify the sample and attach profile/product evidence.	-
SVELTE-8D8913ADADE71839A8F2	runtime-legacy	packages/svelte/tests/runtime-legacy/samples/binding-indirect-value/	4c9b1236672b38e4b17b767a58971f6cb3b1ab17	sample-directory	blocked	BS1	BF2 must execute/classify the sample and attach profile/product evidence.	-
SVELTE-E61DC3BB138FF467D928	runtime-legacy	packages/svelte/tests/runtime-legacy/samples/binding-indirect/	0b0c6bdcfa50a0d133174c3a98dc8dd62a5f68f9	sample-directory	blocked	BS1	BF2 must execute/classify the sample and attach profile/product evidence.	-
SVELTE-2E449E4BE672E56CA088	runtime-legacy	packages/svelte/tests/runtime-legacy/samples/binding-input-checkbox-deep-contextual-b/	e935268cc742d7f952d0f1424da5ee625f5465c9	sample-directory	blocked	BS1	BF2 must execute/classify the sample and attach profile/product evidence.	-
SVELTE-F5C01748DC6A377A065B	runtime-legacy	packages/svelte/tests/runtime-legacy/samples/binding-input-checkbox-deep-contextual/	bb57e43e971eaf13bf538b644cb35e57814d6db8	sample-directory	blocked	BS1	BF2 must execute/classify the sample and attach profile/product evidence.	-
SVELTE-94D92695F012AFA75E55	runtime-legacy	packages/svelte/tests/runtime-legacy/samples/binding-input-checkbox-group-outside-each/	1a71eb86b3b504f831154407957a34956f64a6e5	sample-directory	blocked	BS1	BF2 must execute/classify the sample and attach profile/product evidence.	-
SVELTE-8A4BC9B6D61B141245E8	runtime-legacy	packages/svelte/tests/runtime-legacy/samples/binding-input-checkbox-group/	8d754364617033160234754c1000d030ad642b97	sample-directory	blocked	BS1	BF2 must execute/classify the sample and attach profile/product evidence.	-
SVELTE-90FA46E649092BB09DD0	runtime-legacy	packages/svelte/tests/runtime-legacy/samples/binding-input-checkbox-indeterminate/	267f7fb98b5ba92ba0ad7d55154ac1e4d86e6ed2	sample-directory	blocked	BS1	BF2 must execute/classify the sample and attach profile/product evidence.	-
SVELTE-AAE89F8165CC92355A53	runtime-legacy	packages/svelte/tests/runtime-legacy/samples/binding-input-checkbox-with-event-in-each/	0b85feb69131b60cb2877790c6abead95190da20	sample-directory	blocked	BS1	BF2 must execute/classify the sample and attach profile/product evidence.	-
SVELTE-04BF8FB2D2DE093EB750	runtime-legacy	packages/svelte/tests/runtime-legacy/samples/binding-input-checkbox/	5eff8bf6518cc2f932737e07fa6c9bd15b78f19b	sample-directory	blocked	BS1	BF2 must execute/classify the sample and attach profile/product evidence.	-
SVELTE-1BEBDEDB37E080C74D53	runtime-legacy	packages/svelte/tests/runtime-legacy/samples/binding-input-group-duplicate-value/	b7433b5f1786ca4b19278499ea18f0182b8d4964	sample-directory	blocked	BS1	BF2 must execute/classify the sample and attach profile/product evidence.	-
SVELTE-85589189E47CBB4E567D	runtime-legacy	packages/svelte/tests/runtime-legacy/samples/binding-input-group-each-1/	2f474ddae4e2d48a9c90b067e052e2e2eefb46a9	sample-directory	blocked	BS1	BF2 must execute/classify the sample and attach profile/product evidence.	-
SVELTE-BCA309864EEC7CAEDE3E	runtime-legacy	packages/svelte/tests/runtime-legacy/samples/binding-input-group-each-10/	5e52c778454e38e995bd1d0a6b65ff8d1cddbc9b	sample-directory	blocked	BS1	BF2 must execute/classify the sample and attach profile/product evidence.	-
SVELTE-FB018B2B8D591F635EB6	runtime-legacy	packages/svelte/tests/runtime-legacy/samples/binding-input-group-each-11/	c944b377f9b2a13d7008ea9139697550ce884872	sample-directory	blocked	BS1	BF2 must execute/classify the sample and attach profile/product evidence.	-
SVELTE-3A03E6E15759CE7A3EED	runtime-legacy	packages/svelte/tests/runtime-legacy/samples/binding-input-group-each-12/	70d15d9116cfba0fac595a178760f0ad2d069979	sample-directory	blocked	BS1	BF2 must execute/classify the sample and attach profile/product evidence.	-
SVELTE-EB022A15389898001EA7	runtime-legacy	packages/svelte/tests/runtime-legacy/samples/binding-input-group-each-13/	7a666c591f93b014beb00cf55f94b68321ee5cd1	sample-directory	blocked	BS1	BF2 must execute/classify the sample and attach profile/product evidence.	-
SVELTE-5D339F7DD77526D6E9C0	runtime-legacy	packages/svelte/tests/runtime-legacy/samples/binding-input-group-each-14/	7c9ec7840a062f4198f1c5536bcf69f18e8277bb	sample-directory	blocked	BS1	BF2 must execute/classify the sample and attach profile/product evidence.	-
SVELTE-B7E4D76B0C1B449C5B41	runtime-legacy	packages/svelte/tests/runtime-legacy/samples/binding-input-group-each-15/	8a923b34fc0020c467ef5be5fc39f3dd96416210	sample-directory	blocked	BS1	BF2 must execute/classify the sample and attach profile/product evidence.	-
SVELTE-C73CAF963669D3DAC19E	runtime-legacy	packages/svelte/tests/runtime-legacy/samples/binding-input-group-each-16/	ca71adda337cd2aee3ca2fef3aed07a77cca2854	sample-directory	blocked	BS1	BF2 must execute/classify the sample and attach profile/product evidence.	-
SVELTE-C566856C26EB48345554	runtime-legacy	packages/svelte/tests/runtime-legacy/samples/binding-input-group-each-2/	4c717fe73e0faf58302db4c7e6ac966518f4171a	sample-directory	blocked	BS1	BF2 must execute/classify the sample and attach profile/product evidence.	-
SVELTE-3D88575C0DDD0200B20F	runtime-legacy	packages/svelte/tests/runtime-legacy/samples/binding-input-group-each-3/	b05b8c8501fa49b41af84d8371c4a86f06e7f27a	sample-directory	blocked	BS1	BF2 must execute/classify the sample and attach profile/product evidence.	-
SVELTE-986D2F1E5A047DA08454	runtime-legacy	packages/svelte/tests/runtime-legacy/samples/binding-input-group-each-4/	950a7e0ad506d67c9b7c20f7f7f451422a0d6bd9	sample-directory	blocked	BS1	BF2 must execute/classify the sample and attach profile/product evidence.	-
SVELTE-0DE33ADFD2B00091553A	runtime-legacy	packages/svelte/tests/runtime-legacy/samples/binding-input-group-each-5/	b787719c33f7f898fd1bdcfe768aa9178dd4fe6f	sample-directory	blocked	BS1	BF2 must execute/classify the sample and attach profile/product evidence.	-
SVELTE-2CCB6E2A153C9519E880	runtime-legacy	packages/svelte/tests/runtime-legacy/samples/binding-input-group-each-6/	7c02b567b88177549756d2873de5995acce68a8e	sample-directory	blocked	BS1	BF2 must execute/classify the sample and attach profile/product evidence.	-
SVELTE-3E4F6C58D35B1312BF76	runtime-legacy	packages/svelte/tests/runtime-legacy/samples/binding-input-group-each-7/	bbca51324875a81540fba7f7d10c6e35baaf98dc	sample-directory	blocked	BS1	BF2 must execute/classify the sample and attach profile/product evidence.	-
SVELTE-41E58E727D2BC9E51A88	runtime-legacy	packages/svelte/tests/runtime-legacy/samples/binding-input-group-each-8/	2441c1f6e1b14e026e90633a8fe5034e362555e3	sample-directory	blocked	BS1	BF2 must execute/classify the sample and attach profile/product evidence.	-
SVELTE-571561EE14B66D9C2C47	runtime-legacy	packages/svelte/tests/runtime-legacy/samples/binding-input-group-each-9/	51579704d0b24ca609b42e0ab1884bc205ac1b2e	sample-directory	blocked	BS1	BF2 must execute/classify the sample and attach profile/product evidence.	-
SVELTE-437AA1711854DD811FCD	runtime-legacy	packages/svelte/tests/runtime-legacy/samples/binding-input-group-if-gh-8372-1/	25b6116a5a8f23268f8508624c39f8f8425c091f	sample-directory	blocked	BS1	BF2 must execute/classify the sample and attach profile/product evidence.	-
SVELTE-A0EFB80816CE722314B3	runtime-legacy	packages/svelte/tests/runtime-legacy/samples/binding-input-group-if-gh-8372-2/	9e0012ae219065870ee242b3f8aec4b2c53b5ba8	sample-directory	blocked	BS1	BF2 must execute/classify the sample and attach profile/product evidence.	-
SVELTE-81FAF42D3DF6038A5B69	runtime-legacy	packages/svelte/tests/runtime-legacy/samples/binding-input-group-undefined/	2bf8018d9653ff6ab81d47226540bcf20542aaf9	sample-directory	blocked	BS1	BF2 must execute/classify the sample and attach profile/product evidence.	-
SVELTE-897D4EFB1412BE49F9A0	runtime-legacy	packages/svelte/tests/runtime-legacy/samples/binding-input-member-expression-update/	327ddab4ff13ebce0c36266f3f333b8de5940161	sample-directory	blocked	BS1	BF2 must execute/classify the sample and attach profile/product evidence.	-
SVELTE-BEA266E177ACF638EC0F	runtime-legacy	packages/svelte/tests/runtime-legacy/samples/binding-input-number-2/	449498fc0c6fa68520c9dec5f6eca04e29852ab8	sample-directory	blocked	BS1	BF2 must execute/classify the sample and attach profile/product evidence.	-
SVELTE-71EBCA391A0C63003C2C	runtime-legacy	packages/svelte/tests/runtime-legacy/samples/binding-input-number/	357c75bcb324273ae2a26dc81509738e3fe95bea	sample-directory	blocked	BS1	BF2 must execute/classify the sample and attach profile/product evidence.	-
SVELTE-69D21450B498A46F659C	runtime-legacy	packages/svelte/tests/runtime-legacy/samples/binding-input-radio-group/	d632a03cf7a9087d2a214003ffbaa965c9cff32c	sample-directory	blocked	BS1	BF2 must execute/classify the sample and attach profile/product evidence.	-
SVELTE-79E28444E92A455DB997	runtime-legacy	packages/svelte/tests/runtime-legacy/samples/binding-input-range-change-with-max/	c843bb494eb615aede3614e913f686496feec574	sample-directory	blocked	BS1	BF2 must execute/classify the sample and attach profile/product evidence.	-
SVELTE-20CF830E98DCB4581FDA	runtime-legacy	packages/svelte/tests/runtime-legacy/samples/binding-input-range/	390aac0e309b725bcbbf6838a73959ff4eddfe28	sample-directory	blocked	BS1	BF2 must execute/classify the sample and attach profile/product evidence.	-
SVELTE-32D38826693B0288F67D	runtime-legacy	packages/svelte/tests/runtime-legacy/samples/binding-input-text-contextual-deconflicted/	84f03d8d1a35cbb5090a3fc396147ecf1a9c3ddf	sample-directory	blocked	BS1	BF2 must execute/classify the sample and attach profile/product evidence.	-
SVELTE-E33F9A8690D1A9267F3C	runtime-legacy	packages/svelte/tests/runtime-legacy/samples/binding-input-text-contextual-reactive-prop/	26b7a68d7b16b596fec12a02cb1fa476bf5cd4c7	sample-directory	blocked	BS1	BF2 must execute/classify the sample and attach profile/product evidence.	-
SVELTE-27839245EBA26DE48025	runtime-legacy	packages/svelte/tests/runtime-legacy/samples/binding-input-text-contextual-reactive/	d9c82c7973df9c1b75702f1af630952e492ae115	sample-directory	blocked	BS1	BF2 must execute/classify the sample and attach profile/product evidence.	-
SVELTE-E12E103BE18FDF1D41E3	runtime-legacy	packages/svelte/tests/runtime-legacy/samples/binding-input-text-contextual/	bb1ae82a97bbaa94d99ed7f8351c0097a94d77f2	sample-directory	blocked	BS1	BF2 must execute/classify the sample and attach profile/product evidence.	-
SVELTE-3EF2EED53475016764D2	runtime-legacy	packages/svelte/tests/runtime-legacy/samples/binding-input-text-deconflicted/	b2bfbbd5550c01f1a4c62e86f2c8743cc69be658	sample-directory	blocked	BS1	BF2 must execute/classify the sample and attach profile/product evidence.	-
SVELTE-B1C84177CD2F99D46D49	runtime-legacy	packages/svelte/tests/runtime-legacy/samples/binding-input-text-deep-computed-dynamic/	58454af9b9ad7c740eed17174ce281b2349ea9c8	sample-directory	blocked	BS1	BF2 must execute/classify the sample and attach profile/product evidence.	-
SVELTE-FF275D129EBCB2BACF76	runtime-legacy	packages/svelte/tests/runtime-legacy/samples/binding-input-text-deep-computed/	ba6aa1eb4468a563333a6dd49e5e4d9fa3c3e899	sample-directory	blocked	BS1	BF2 must execute/classify the sample and attach profile/product evidence.	-
SVELTE-C5167DB307CB72BD69E0	runtime-legacy	packages/svelte/tests/runtime-legacy/samples/binding-input-text-deep-contextual-computed-dynamic/	5a211dbbf93d4caad9eb5630ecc408c9edabc696	sample-directory	blocked	BS1	BF2 must execute/classify the sample and attach profile/product evidence.	-
SVELTE-78DB38CFA637DFF919F9	runtime-legacy	packages/svelte/tests/runtime-legacy/samples/binding-input-text-deep-contextual/	97c4d4593644dece7462094e94bbc010041944a7	sample-directory	blocked	BS1	BF2 must execute/classify the sample and attach profile/product evidence.	-
SVELTE-082422BC8561CE7D47AE	runtime-legacy	packages/svelte/tests/runtime-legacy/samples/binding-input-text-deep/	361396f1883bbb0a8789884d58cdbf885487684d	sample-directory	blocked	BS1	BF2 must execute/classify the sample and attach profile/product evidence.	-
SVELTE-C4E6C6EDA497CEAFE623	runtime-legacy	packages/svelte/tests/runtime-legacy/samples/binding-input-text-undefined/	790dd2403ed8f0b59397d928e768ba3e53eec342	sample-directory	blocked	BS1	BF2 must execute/classify the sample and attach profile/product evidence.	-
SVELTE-CE5EB1D65DBB2DEA9480	runtime-legacy	packages/svelte/tests/runtime-legacy/samples/binding-input-text/	f97d0cde3fcb36926bde8cb305a2f5bdd6264818	sample-directory	blocked	BS1	BF2 must execute/classify the sample and attach profile/product evidence.	-
SVELTE-2C43A5285428C9EE5D23	runtime-legacy	packages/svelte/tests/runtime-legacy/samples/binding-input-with-event/	64f8e2fde44590f8cfeb964e24405da4dd9497b9	sample-directory	blocked	BS1	BF2 must execute/classify the sample and attach profile/product evidence.	-
SVELTE-9EAF0017C0D848788D7A	runtime-legacy	packages/svelte/tests/runtime-legacy/samples/binding-member-expression-no-warning/	60a45223a161327cc241b17bab9c6b8928507912	sample-directory	blocked	BS1	BF2 must execute/classify the sample and attach profile/product evidence.	-
SVELTE-C8EFFDAB5FB0AE7453D9	runtime-legacy	packages/svelte/tests/runtime-legacy/samples/binding-no-unnecessary-invalidation/	e36e3f74bb14a7d70de8b552c0811033332ece65	sample-directory	blocked	BS1	BF2 must execute/classify the sample and attach profile/product evidence.	-
SVELTE-296F2E3E420ADE749911	runtime-legacy	packages/svelte/tests/runtime-legacy/samples/binding-select-from-let-2/	96611b651bba2091a2fa513d94b1801fb5af1f6c	sample-directory	blocked	BS1	BF2 must execute/classify the sample and attach profile/product evidence.	-
SVELTE-5454BEFE78B0CADCDE1A	runtime-legacy	packages/svelte/tests/runtime-legacy/samples/binding-select-from-let/	e5a5466f03ba7432135a7c8b9ea933c025fe57f5	sample-directory	blocked	BS1	BF2 must execute/classify the sample and attach profile/product evidence.	-
SVELTE-293655E006A56AE0543A	runtime-legacy	packages/svelte/tests/runtime-legacy/samples/binding-select-implicit-option-value/	6b1c8e654ac971107c5a12c2157cf9cfc4132a4c	sample-directory	blocked	BS1	BF2 must execute/classify the sample and attach profile/product evidence.	-
SVELTE-CE4D0DF6969CEB65A2E1	runtime-legacy	packages/svelte/tests/runtime-legacy/samples/binding-select-in-each-block/	50f3cd2501e564c03477009507ba2d35f54e274a	sample-directory	blocked	BS1	BF2 must execute/classify the sample and attach profile/product evidence.	-
SVELTE-503E1F8F68A4BE688AE0	runtime-legacy	packages/svelte/tests/runtime-legacy/samples/binding-select-in-yield/	d0ec2c82d5cc12d03c669f962763cd24d6818377	sample-directory	blocked	BS1	BF2 must execute/classify the sample and attach profile/product evidence.	-
SVELTE-354D5815A60CD3FAF512	runtime-legacy	packages/svelte/tests/runtime-legacy/samples/binding-select-initial-value-undefined-2/	f93db09b9e8e18c49c4282155cb42718c2731ce0	sample-directory	blocked	BS1	BF2 must execute/classify the sample and attach profile/product evidence.	-
SVELTE-8064D5C408C8389904D2	runtime-legacy	packages/svelte/tests/runtime-legacy/samples/binding-select-initial-value-undefined-3/	f0a38847ec071cdf5f2f0732abf28afe7eb6d6f7	sample-directory	blocked	BS1	BF2 must execute/classify the sample and attach profile/product evidence.	-
SVELTE-3C2DD50D4E518B180389	runtime-legacy	packages/svelte/tests/runtime-legacy/samples/binding-select-initial-value-undefined/	fd69c5e306ace587f5ce88a46961c23002a47955	sample-directory	blocked	BS1	BF2 must execute/classify the sample and attach profile/product evidence.	-
SVELTE-B7F959E2594C9B50DD2C	runtime-legacy	packages/svelte/tests/runtime-legacy/samples/binding-select-initial-value/	1fd6bf540182f21dce6292ff921e399e3a65bf49	sample-directory	blocked	BS1	BF2 must execute/classify the sample and attach profile/product evidence.	-
SVELTE-33C5ACF47C8F65516819	runtime-legacy	packages/svelte/tests/runtime-legacy/samples/binding-select-late-2/	7ef5427e7835abb14d7d667f9574c45a30c2e2fd	sample-directory	blocked	BS1	BF2 must execute/classify the sample and attach profile/product evidence.	-
SVELTE-561178E8733D6C023680	runtime-legacy	packages/svelte/tests/runtime-legacy/samples/binding-select-late-3/	434bbcfa4dfab78d775d50b71d6df440acd8d9c7	sample-directory	blocked	BS1	BF2 must execute/classify the sample and attach profile/product evidence.	-
SVELTE-B9790FF4C21279F6062C	runtime-legacy	packages/svelte/tests/runtime-legacy/samples/binding-select-late-4/	9e5a5c6fec9ac3e094b51266995c0f3b1cc749b0	sample-directory	blocked	BS1	BF2 must execute/classify the sample and attach profile/product evidence.	-
SVELTE-0FDFEA28C2E7965F9DB0	runtime-legacy	packages/svelte/tests/runtime-legacy/samples/binding-select-late/	f58ec9038a48c052e9350979f61fbe4438d9f312	sample-directory	blocked	BS1	BF2 must execute/classify the sample and attach profile/product evidence.	-
SVELTE-0D5CB4FCA66CF6A198CE	runtime-legacy	packages/svelte/tests/runtime-legacy/samples/binding-select-multiple/	942b38474477934caa4af39ae6ece1bc48b7100b	sample-directory	blocked	BS1	BF2 must execute/classify the sample and attach profile/product evidence.	-
SVELTE-E9FD3D2A074E7F3F5B17	runtime-legacy	packages/svelte/tests/runtime-legacy/samples/binding-select-null-placeholder-2/	f57f194ee427c791898b37d786029bd1ab763913	sample-directory	blocked	BS1	BF2 must execute/classify the sample and attach profile/product evidence.	-
SVELTE-ECF3975089381D22A708	runtime-legacy	packages/svelte/tests/runtime-legacy/samples/binding-select-null-placeholder/	64a6b52eb3dcec6886bfe9073f9e24485d729088	sample-directory	blocked	BS1	BF2 must execute/classify the sample and attach profile/product evidence.	-
SVELTE-AA4C8162E6AE1B66E6FA	runtime-legacy	packages/svelte/tests/runtime-legacy/samples/binding-select-optgroup/	0211789a5f229e643635378cdc93181bd947a9c2	sample-directory	blocked	BS1	BF2 must execute/classify the sample and attach profile/product evidence.	-
SVELTE-C46677CD90C811878F10	runtime-legacy	packages/svelte/tests/runtime-legacy/samples/binding-select-reactive-derived/	5969cd5b16a4828b33fac467e36e20acacca923b	sample-directory	blocked	BS1	BF2 must execute/classify the sample and attach profile/product evidence.	-
SVELTE-432A7BA4B14C4B3495F7	runtime-legacy	packages/svelte/tests/runtime-legacy/samples/binding-select-unmatched-2/	957c5b1b043914e3c93aa7f4387fd8d2b75da0c9	sample-directory	blocked	BS1	BF2 must execute/classify the sample and attach profile/product evidence.	-
SVELTE-8A59E814A9660FAEE213	runtime-legacy	packages/svelte/tests/runtime-legacy/samples/binding-select-unmatched-3/	55587c612ed09ad478e066946fae0b9edf2fe0e6	sample-directory	blocked	BS1	BF2 must execute/classify the sample and attach profile/product evidence.	-
SVELTE-C14A8A35307C6D3D1076	runtime-legacy	packages/svelte/tests/runtime-legacy/samples/binding-select-unmatched/	b8ffa6d99cccf42d67fb175d92ebb1d3cfaf1f2b	sample-directory	blocked	BS1	BF2 must execute/classify the sample and attach profile/product evidence.	-
SVELTE-EE31DFF6C10C7E0DD0C1	runtime-legacy	packages/svelte/tests/runtime-legacy/samples/binding-select/	570d21becc86a0076135e4660a2868d0b78dc6e8	sample-directory	blocked	BS1	BF2 must execute/classify the sample and attach profile/product evidence.	-
SVELTE-CC932D9104A2C47C9085	runtime-legacy	packages/svelte/tests/runtime-legacy/samples/binding-store-deep/	3b0bdbfc8a1ecacb2a112787b56111fc08e3f22f	sample-directory	blocked	BS1	BF2 must execute/classify the sample and attach profile/product evidence.	-
SVELTE-E5FBB42715CC0862D546	runtime-legacy	packages/svelte/tests/runtime-legacy/samples/binding-store-each/	1f591f94d0ad239ef072be686890f58212e4e5da	sample-directory	blocked	BS1	BF2 must execute/classify the sample and attach profile/product evidence.	-
SVELTE-B3849A0825CA8AA60132	runtime-legacy	packages/svelte/tests/runtime-legacy/samples/binding-store/	982b78348407101b6630a348426942401f4c0ec6	sample-directory	blocked	BS1	BF2 must execute/classify the sample and attach profile/product evidence.	-
SVELTE-DF7BEEDB8FC7FB4BA6A7	runtime-legacy	packages/svelte/tests/runtime-legacy/samples/binding-textarea/	84932ddfa5ae68b3493b9a56de6875a96a019dbf	sample-directory	blocked	BS1	BF2 must execute/classify the sample and attach profile/product evidence.	-
SVELTE-3DA2C6B1AD7D5E410B15	runtime-legacy	packages/svelte/tests/runtime-legacy/samples/binding-this-and-value/	1bf46cd0abb8108650d1f8484e096bffc82fdc01	sample-directory	blocked	BS1	BF2 must execute/classify the sample and attach profile/product evidence.	-
SVELTE-F15F0AA7FC36B9FB14FF	runtime-legacy	packages/svelte/tests/runtime-legacy/samples/binding-this-component-computed-key/	1e2a5c8457741d687a3c3f69d65608b2ce5340a2	sample-directory	blocked	BS1	BF2 must execute/classify the sample and attach profile/product evidence.	-
SVELTE-0009191BE228A8EF3AF3	runtime-legacy	packages/svelte/tests/runtime-legacy/samples/binding-this-component-each-block-value/	ce7a923f9c104d4270e35cffafc94bf11b85f093	sample-directory	blocked	BS1	BF2 must execute/classify the sample and attach profile/product evidence.	-
SVELTE-70DC9473A3885CE2B447	runtime-legacy	packages/svelte/tests/runtime-legacy/samples/binding-this-component-each-block/	fc0d6fcf346cf8dc1f187ee6f1e43c1bec7ce9f2	sample-directory	blocked	BS1	BF2 must execute/classify the sample and attach profile/product evidence.	-
SVELTE-F1F0954133CB551ED798	runtime-legacy	packages/svelte/tests/runtime-legacy/samples/binding-this-component-reactive/	f85497dde7778db28a911340881939487f6d0f7e	sample-directory	blocked	BS1	BF2 must execute/classify the sample and attach profile/product evidence.	-
SVELTE-2BEBAFA4430D5F754412	runtime-legacy	packages/svelte/tests/runtime-legacy/samples/binding-this-each-block-property-2/	7fa7f13138246dcb8565650827ff416340b8dd89	sample-directory	blocked	BS1	BF2 must execute/classify the sample and attach profile/product evidence.	-
SVELTE-27ABEB5146F5CD4E32E8	runtime-legacy	packages/svelte/tests/runtime-legacy/samples/binding-this-each-block-property-component/	18d881cb7da038cd3a1598b6c327a18f7a3d30eb	sample-directory	blocked	BS1	BF2 must execute/classify the sample and attach profile/product evidence.	-
SVELTE-4EA8C3F6785D23C89228	runtime-legacy	packages/svelte/tests/runtime-legacy/samples/binding-this-each-block-property/	513896a5147d0e9b1d87d79b766e683fb4896cce	sample-directory	blocked	BS1	BF2 must execute/classify the sample and attach profile/product evidence.	-
SVELTE-277137C892586B1ED1BB	runtime-legacy	packages/svelte/tests/runtime-legacy/samples/binding-this-each-key/	cd8b6bb5422cec5b01707ab80910ba8b3fb89518	sample-directory	blocked	BS1	BF2 must execute/classify the sample and attach profile/product evidence.	-
SVELTE-4A7D8292D1B2BC700C56	runtime-legacy	packages/svelte/tests/runtime-legacy/samples/binding-this-each-object-props/	4839149db5e1a370874d98c67c15af51182026c7	sample-directory	blocked	BS1	BF2 must execute/classify the sample and attach profile/product evidence.	-
SVELTE-721B242CD975F13CCD3B	runtime-legacy	packages/svelte/tests/runtime-legacy/samples/binding-this-each-object-spread/	39a2a6eb35b8ca16922560c05fbcece3d4ae7a3f	sample-directory	blocked	BS1	BF2 must execute/classify the sample and attach profile/product evidence.	-
SVELTE-F6AF0B84B38823F0B224	runtime-legacy	packages/svelte/tests/runtime-legacy/samples/binding-this-element-reactive-b/	d336c0bfbabde5a840a5bc83d89f0d64252682c3	sample-directory	blocked	BS1	BF2 must execute/classify the sample and attach profile/product evidence.	-
SVELTE-BF70E7322E0578D820AC	runtime-legacy	packages/svelte/tests/runtime-legacy/samples/binding-this-element-reactive/	722134f9335a41c291b683b6b9686fa2db19c519	sample-directory	blocked	BS1	BF2 must execute/classify the sample and attach profile/product evidence.	-
SVELTE-AC5382D2421B2A2D0AD5	runtime-legacy	packages/svelte/tests/runtime-legacy/samples/binding-this-legacy-component-api/	31b2e7645576660d06e5c0da3e138f62147d2175	sample-directory	blocked	BS1	BF2 must execute/classify the sample and attach profile/product evidence.	-
SVELTE-47B71EB33AAB7FB4FAC1	runtime-legacy	packages/svelte/tests/runtime-legacy/samples/binding-this-member-expression-update/	55a02d2b1f61fe82b22f1fe9d30b45d0520f62eb	sample-directory	blocked	BS1	BF2 must execute/classify the sample and attach profile/product evidence.	-
SVELTE-BDC7AA2D0EEA54979564	runtime-legacy	packages/svelte/tests/runtime-legacy/samples/binding-this-multiple/	c3ec66ff4a1bab1a0e80e2b181e03c622f0d220f	sample-directory	blocked	BS1	BF2 must execute/classify the sample and attach profile/product evidence.	-
SVELTE-E99ACEDD92DF046CF522	runtime-legacy	packages/svelte/tests/runtime-legacy/samples/binding-this-no-innerhtml/	bba458f14e5fb173f6ece4b8e93c78dbe1c1e20a	sample-directory	blocked	BS1	BF2 must execute/classify the sample and attach profile/product evidence.	-
SVELTE-CF16660BB9B327F20C10	runtime-legacy	packages/svelte/tests/runtime-legacy/samples/binding-this-store/	ecd825ae4d1a5cc92113d68bce053a952b17c085	sample-directory	blocked	BS1	BF2 must execute/classify the sample and attach profile/product evidence.	-
SVELTE-3CE942EA7E3F1788DDC0	runtime-legacy	packages/svelte/tests/runtime-legacy/samples/binding-this-unset/	da4f9727ed12ddf5198de37ce6d569f285a85c08	sample-directory	blocked	BS1	BF2 must execute/classify the sample and attach profile/product evidence.	-
SVELTE-6F9FA7CBE089CE13DC3A	runtime-legacy	packages/svelte/tests/runtime-legacy/samples/binding-this-with-context/	8cbec351770ecb0ec4e436b88bd3bb4fdab42d51	sample-directory	blocked	BS1	BF2 must execute/classify the sample and attach profile/product evidence.	-
SVELTE-DF11B1F9BD04C6E81284	runtime-legacy	packages/svelte/tests/runtime-legacy/samples/binding-this/	924bef9c130b295cdf510bdb5caef1256221bbb4	sample-directory	blocked	BS1	BF2 must execute/classify the sample and attach profile/product evidence.	-
SVELTE-278341CD656E5C20F213	runtime-legacy	packages/svelte/tests/runtime-legacy/samples/binding-using-props/	55278f75928ee9a660213972c0c67bb522a8712e	sample-directory	blocked	BS1	BF2 must execute/classify the sample and attach profile/product evidence.	-
SVELTE-4660F67607A2B8E83A95	runtime-legacy	packages/svelte/tests/runtime-legacy/samples/binding-value-prop/	89967591c80104df8fb978844aca0da65efb9ec9	sample-directory	blocked	BS1	BF2 must execute/classify the sample and attach profile/product evidence.	-
SVELTE-B4F080C2CAF34736E98F	runtime-legacy	packages/svelte/tests/runtime-legacy/samples/bindings-before-onmount/	0d8358e3d5c1a6e0363bebab83730cf37b1f6262	sample-directory	blocked	BS1	BF2 must execute/classify the sample and attach profile/product evidence.	-
SVELTE-993E70B31704C310868A	runtime-legacy	packages/svelte/tests/runtime-legacy/samples/bindings-coalesced/	143fdb9914f1a1a6247ee2f14a28ea6dbb0ddce5	sample-directory	blocked	BS1	BF2 must execute/classify the sample and attach profile/product evidence.	-
SVELTE-9BDDE88C6155659E5E1E	runtime-legacy	packages/svelte/tests/runtime-legacy/samples/bindings-global-dependency/	73268e19e17a049ef3a494082430a8a0a310e449	sample-directory	blocked	BS1	BF2 must execute/classify the sample and attach profile/product evidence.	-
SVELTE-8F4C4B88D5C01F015F1C	runtime-legacy	packages/svelte/tests/runtime-legacy/samples/bitmask-overflow-2/	18721a8883fd1f5ff3a0ec4ac71b02706197d6b5	sample-directory	blocked	BS1	BF2 must execute/classify the sample and attach profile/product evidence.	-
SVELTE-CF5C508ADD20D6A3BC6F	runtime-legacy	packages/svelte/tests/runtime-legacy/samples/bitmask-overflow-3/	ea25e33b383c66d2ac0351786e3df9129422eeff	sample-directory	blocked	BS1	BF2 must execute/classify the sample and attach profile/product evidence.	-
SVELTE-6C5D513A1EF5A93C35E2	runtime-legacy	packages/svelte/tests/runtime-legacy/samples/bitmask-overflow-if-2/	e1cad2536da7c432919d96cab162b7ca12e48417	sample-directory	blocked	BS1	BF2 must execute/classify the sample and attach profile/product evidence.	-
SVELTE-8128670DF96DDE20D134	runtime-legacy	packages/svelte/tests/runtime-legacy/samples/bitmask-overflow-if/	21a87d2614f597995dc5c4d44ff502f64ac6b228	sample-directory	blocked	BS1	BF2 must execute/classify the sample and attach profile/product evidence.	-
SVELTE-1E5E2C7212EEC6536A93	runtime-legacy	packages/svelte/tests/runtime-legacy/samples/bitmask-overflow-slot-2/	dfbf3373d3a0de8e85bdf80a4fef205e9a00faef	sample-directory	blocked	BS1	BF2 must execute/classify the sample and attach profile/product evidence.	-
SVELTE-C9757E60B4571EF5CC7B	runtime-legacy	packages/svelte/tests/runtime-legacy/samples/bitmask-overflow-slot-3/	cf562cb04ea370b2a2da5c338eae3a927242a962	sample-directory	blocked	BS1	BF2 must execute/classify the sample and attach profile/product evidence.	-
SVELTE-6FEAE1B9A2A162436618	runtime-legacy	packages/svelte/tests/runtime-legacy/samples/bitmask-overflow-slot-4/	202a8036567ac4dcc77223321d0c5d9d67689c5a	sample-directory	blocked	BS1	BF2 must execute/classify the sample and attach profile/product evidence.	-
SVELTE-E7943D8BFF28DD9167A3	runtime-legacy	packages/svelte/tests/runtime-legacy/samples/bitmask-overflow-slot-5/	bbd0f1455245a08ccc784d385fd302439b6afd01	sample-directory	blocked	BS1	BF2 must execute/classify the sample and attach profile/product evidence.	-
SVELTE-FAB1A41EFA97C9A1F034	runtime-legacy	packages/svelte/tests/runtime-legacy/samples/bitmask-overflow-slot-6/	94935bafb44a1a235e92504af473f23e9ae7ee73	sample-directory	blocked	BS1	BF2 must execute/classify the sample and attach profile/product evidence.	-
SVELTE-3C7CE825602469B09373	runtime-legacy	packages/svelte/tests/runtime-legacy/samples/bitmask-overflow-slot/	2b69f9fe541f3f4b742a399dfcf5c182502f853c	sample-directory	blocked	BS1	BF2 must execute/classify the sample and attach profile/product evidence.	-
SVELTE-1913F01A3B3DB1191AC9	runtime-legacy	packages/svelte/tests/runtime-legacy/samples/bitmask-overflow/	ee16482f2f428cf3b26954886d7c8401739e9a77	sample-directory	blocked	BS1	BF2 must execute/classify the sample and attach profile/product evidence.	-
SVELTE-28B2CA96562FBFB8B68A	runtime-legacy	packages/svelte/tests/runtime-legacy/samples/block-expression-assign/	c53d842e3f468026c5dcf0b2abce2138da31a611	sample-directory	blocked	BS1	BF2 must execute/classify the sample and attach profile/product evidence.	-
SVELTE-0E4C3054B1E8343ABDD3	runtime-legacy	packages/svelte/tests/runtime-legacy/samples/block-expression-fn-call/	68a18a24a66d3f4ed994759caa24d0c75a9617ae	sample-directory	blocked	BS1	BF2 must execute/classify the sample and attach profile/product evidence.	-
SVELTE-775375402829A769AB2D	runtime-legacy	packages/svelte/tests/runtime-legacy/samples/block-expression-member-access/	5d4487410a3f36cc3b1121aa542bee03b9eba12d	sample-directory	blocked	BS1	BF2 must execute/classify the sample and attach profile/product evidence.	-
SVELTE-28C8352B2D8A159A6CA9	runtime-legacy	packages/svelte/tests/runtime-legacy/samples/class-boolean/	fc30acd3493ccfcdc3a58c0b3693e82110edf2c0	sample-directory	blocked	BS1	BF2 must execute/classify the sample and attach profile/product evidence.	-
SVELTE-D1F60EF7893D8AB5FFA0	runtime-legacy	packages/svelte/tests/runtime-legacy/samples/class-helper/	70571869249bb54158d24c446bf22bdd8fbc69b3	sample-directory	blocked	BS1	BF2 must execute/classify the sample and attach profile/product evidence.	-
SVELTE-AC8245F2B96D42E008CA	runtime-legacy	packages/svelte/tests/runtime-legacy/samples/class-in-each/	c1fab9c77b6970b80a892e0be2f64807be849d5b	sample-directory	blocked	BS1	BF2 must execute/classify the sample and attach profile/product evidence.	-
SVELTE-173BC0E32D01A8DAA339	runtime-legacy	packages/svelte/tests/runtime-legacy/samples/class-shortcut-with-class/	17a4293eba8e068af40ffb309f4920c0b2662401	sample-directory	blocked	BS1	BF2 must execute/classify the sample and attach profile/product evidence.	-
SVELTE-8EBF4CB6E02B942E00E9	runtime-legacy	packages/svelte/tests/runtime-legacy/samples/class-shortcut-with-transition/	59d118e0859ee2ddd4afe7f920309244fe4703cc	sample-directory	blocked	BS1	BF2 must execute/classify the sample and attach profile/product evidence.	-
SVELTE-507238B10E38278E222F	runtime-legacy	packages/svelte/tests/runtime-legacy/samples/class-shortcut/	1105f708dd936c7157037a1c3a9fb1db8fd68340	sample-directory	blocked	BS1	BF2 must execute/classify the sample and attach profile/product evidence.	-
SVELTE-6F39E3BD4A895C5B2A73	runtime-legacy	packages/svelte/tests/runtime-legacy/samples/class-with-attribute/	65fb51db99153482527dc10ba69837a5132d1a28	sample-directory	blocked	BS1	BF2 must execute/classify the sample and attach profile/product evidence.	-
SVELTE-5D9FB2B414A6526A946B	runtime-legacy	packages/svelte/tests/runtime-legacy/samples/class-with-dynamic-attribute-and-spread/	30f3654b9a6b56b3e86efcdcc39b1ee8783ed1fe	sample-directory	blocked	BS1	BF2 must execute/classify the sample and attach profile/product evidence.	-
SVELTE-4F95F91B5CFB3C7A3014	runtime-legacy	packages/svelte/tests/runtime-legacy/samples/class-with-dynamic-attribute/	96107d2202007ec437ef95bf828129d0cfb86e51	sample-directory	blocked	BS1	BF2 must execute/classify the sample and attach profile/product evidence.	-
SVELTE-C786D3C781E1995AB040	runtime-legacy	packages/svelte/tests/runtime-legacy/samples/class-with-spread-and-bind/	d012d71945f281d278f85a6d52711e745829d497	sample-directory	blocked	BS1	BF2 must execute/classify the sample and attach profile/product evidence.	-
SVELTE-EC9727CB605E699DE432	runtime-legacy	packages/svelte/tests/runtime-legacy/samples/class-with-spread/	69fc342e407c18a7661d8de82e2ccf2e11ab04a6	sample-directory	blocked	BS1	BF2 must execute/classify the sample and attach profile/product evidence.	-
SVELTE-690BCE68A2F52924A8CD	runtime-legacy	packages/svelte/tests/runtime-legacy/samples/component-binding-accessors/	6cf5294a2337c33b51ed9667e3a4280947e8aec2	sample-directory	blocked	BS1	BF2 must execute/classify the sample and attach profile/product evidence.	-
SVELTE-1B961BD25F9DC3D292EA	runtime-legacy	packages/svelte/tests/runtime-legacy/samples/component-binding-aliased/	fc6abb56596849d20dfdaa6e56de54661b472270	sample-directory	blocked	BS1	BF2 must execute/classify the sample and attach profile/product evidence.	-
SVELTE-EF345DFE8CBA4EDF6777	runtime-legacy	packages/svelte/tests/runtime-legacy/samples/component-binding-blowback-b/	e4ec26013f470a95da97aa09c3e9593d1a7ea6f7	sample-directory	blocked	BS1	BF2 must execute/classify the sample and attach profile/product evidence.	-
SVELTE-8B171CD9FEEDCADCE7EF	runtime-legacy	packages/svelte/tests/runtime-legacy/samples/component-binding-blowback-c/	bc1e956876cf7d91cce6348efe1f6660bb3e16a9	sample-directory	blocked	BS1	BF2 must execute/classify the sample and attach profile/product evidence.	-
SVELTE-3AF7E7B770D93E773D20	runtime-legacy	packages/svelte/tests/runtime-legacy/samples/component-binding-blowback-d/	a5f85f50963592cf188b6baa59c1ef699b9f9a50	sample-directory	blocked	BS1	BF2 must execute/classify the sample and attach profile/product evidence.	-
SVELTE-3E739C0AFEF2E152CB19	runtime-legacy	packages/svelte/tests/runtime-legacy/samples/component-binding-blowback-e/	c550d035b986b1b129d50507656b4a19b9c5725c	sample-directory	blocked	BS1	BF2 must execute/classify the sample and attach profile/product evidence.	-
SVELTE-903E97A09B4F0E6DA8B2	runtime-legacy	packages/svelte/tests/runtime-legacy/samples/component-binding-blowback-f/	ca8396aeda092fac0a49e7f6b9663f110a9378fa	sample-directory	blocked	BS1	BF2 must execute/classify the sample and attach profile/product evidence.	-
SVELTE-40714233C8D5839F2A88	runtime-legacy	packages/svelte/tests/runtime-legacy/samples/component-binding-blowback/	170b009b834381fbe2ca8bed8a4a3de45f6a47f4	sample-directory	blocked	BS1	BF2 must execute/classify the sample and attach profile/product evidence.	-
SVELTE-1C46B801DDE9B45D6CEE	runtime-legacy	packages/svelte/tests/runtime-legacy/samples/component-binding-computed/	b164f301390eba5666e11c2aafd76d6fad5daa4b	sample-directory	blocked	BS1	BF2 must execute/classify the sample and attach profile/product evidence.	-
SVELTE-973D5D8C46B1B2A13EC3	runtime-legacy	packages/svelte/tests/runtime-legacy/samples/component-binding-conditional-b/	3e042b5783fd53053c26552cc7a2eb77cb3564d5	sample-directory	blocked	BS1	BF2 must execute/classify the sample and attach profile/product evidence.	-
SVELTE-45B00A7F1D65A98F8335	runtime-legacy	packages/svelte/tests/runtime-legacy/samples/component-binding-conditional/	3a6d47a462c579e22181e54527fd06d78910f280	sample-directory	blocked	BS1	BF2 must execute/classify the sample and attach profile/product evidence.	-
SVELTE-8059CAED2C45DE912CFD	runtime-legacy	packages/svelte/tests/runtime-legacy/samples/component-binding-deep/	efe754c9c81096beca831e4102d3e6e228276742	sample-directory	blocked	BS1	BF2 must execute/classify the sample and attach profile/product evidence.	-
SVELTE-ECD4136A7F7D531CD764	runtime-legacy	packages/svelte/tests/runtime-legacy/samples/component-binding-deep2/	399beaa6b294e23b39e44c68ae3c5d8ec27b9b81	sample-directory	blocked	BS1	BF2 must execute/classify the sample and attach profile/product evidence.	-
SVELTE-06F47FEEBED5C4EF0324	runtime-legacy	packages/svelte/tests/runtime-legacy/samples/component-binding-each-nested/	bbcef83dde0b186b6d364a55556904593373810c	sample-directory	blocked	BS1	BF2 must execute/classify the sample and attach profile/product evidence.	-
SVELTE-C84EE198540CEC83DADD	runtime-legacy	packages/svelte/tests/runtime-legacy/samples/component-binding-each-object/	ed844c1155d9ea4147667aef4c29b0058f0d4f49	sample-directory	blocked	BS1	BF2 must execute/classify the sample and attach profile/product evidence.	-
SVELTE-AC3A45A6A5B81073ACEF	runtime-legacy	packages/svelte/tests/runtime-legacy/samples/component-binding-each-reassigned/	bc839788a53578de96d525ce42d0a54df2606001	sample-directory	blocked	BS1	BF2 must execute/classify the sample and attach profile/product evidence.	-
SVELTE-A1DBD691B8AB1D623971	runtime-legacy	packages/svelte/tests/runtime-legacy/samples/component-binding-each-remount-keyed/	847338398b3e82a6e4ea479e46ff4dc491f238f0	sample-directory	blocked	BS1	BF2 must execute/classify the sample and attach profile/product evidence.	-
SVELTE-3A3889496D5FC02F1B95	runtime-legacy	packages/svelte/tests/runtime-legacy/samples/component-binding-each-remount-unkeyed/	531307c8e614265effc370a5e0df1fb29dff937f	sample-directory	blocked	BS1	BF2 must execute/classify the sample and attach profile/product evidence.	-
SVELTE-4A0CD1A04D1EB5BFA5F0	runtime-legacy	packages/svelte/tests/runtime-legacy/samples/component-binding-each/	ace97aa0c3bdc7d81e818f88cd4e203931c83ed7	sample-directory	blocked	BS1	BF2 must execute/classify the sample and attach profile/product evidence.	-
SVELTE-63261DB30C755AC52AF2	runtime-legacy	packages/svelte/tests/runtime-legacy/samples/component-binding-infinite-loop/	683935ea02a52b0a243ec8307a33144d0b80e50a	sample-directory	blocked	BS1	BF2 must execute/classify the sample and attach profile/product evidence.	-
SVELTE-8C95FEF4E2E22532051B	runtime-legacy	packages/svelte/tests/runtime-legacy/samples/component-binding-nested/	6b4a17bcb485ea9314a41dea46b65688413b8e17	sample-directory	blocked	BS1	BF2 must execute/classify the sample and attach profile/product evidence.	-
SVELTE-5086E4ACFCB2D3BC5BD0	runtime-legacy	packages/svelte/tests/runtime-legacy/samples/component-binding-non-leaky/	a22af7508285a199bc7d0a5a6e45887dc252ca07	sample-directory	blocked	BS1	BF2 must execute/classify the sample and attach profile/product evidence.	-
SVELTE-E140CADA5E69679C769D	runtime-legacy	packages/svelte/tests/runtime-legacy/samples/component-binding-onMount/	f977576c11dee3ea79e35e195c9b1f55c66be936	sample-directory	blocked	BS1	BF2 must execute/classify the sample and attach profile/product evidence.	-
SVELTE-5C0217C37B58A36962A8	runtime-legacy	packages/svelte/tests/runtime-legacy/samples/component-binding-parent-supercedes-child-b/	e0e3f2ea2f1285c1ec1682ae026b6b3d5e2cbacf	sample-directory	blocked	BS1	BF2 must execute/classify the sample and attach profile/product evidence.	-
SVELTE-8F45EC36EC4B5671F09E	runtime-legacy	packages/svelte/tests/runtime-legacy/samples/component-binding-parent-supercedes-child-c/	9b8542392c746f543f5950e0747f6b2720f6b16a	sample-directory	blocked	BS1	BF2 must execute/classify the sample and attach profile/product evidence.	-
SVELTE-DCA6CEEAF186DABBB395	runtime-legacy	packages/svelte/tests/runtime-legacy/samples/component-binding-parent-supercedes-child/	a5d8e345a4e8819f5c2c8ecf0f2755ca24d1779b	sample-directory	blocked	BS1	BF2 must execute/classify the sample and attach profile/product evidence.	-
SVELTE-AA6F679A8FAAF48B26F3	runtime-legacy	packages/svelte/tests/runtime-legacy/samples/component-binding-private-state/	d43765ccdceedbee38ce27ecd74d4a2fd712bb5d	sample-directory	blocked	BS1	BF2 must execute/classify the sample and attach profile/product evidence.	-
SVELTE-6FFA5186738EBE34CAA4	runtime-legacy	packages/svelte/tests/runtime-legacy/samples/component-binding-reactive-property-no-extra-call/	4629139d21c410e0954f1f649245158db24fe8e7	sample-directory	blocked	BS1	BF2 must execute/classify the sample and attach profile/product evidence.	-
SVELTE-56BCB793F4C6B71A1AD7	runtime-legacy	packages/svelte/tests/runtime-legacy/samples/component-binding-reactive-statement/	b4f54acc742e3fd8514858f97cd5bd9f03654452	sample-directory	blocked	BS1	BF2 must execute/classify the sample and attach profile/product evidence.	-
SVELTE-6C72ECAC21EDD2D368B2	runtime-legacy	packages/svelte/tests/runtime-legacy/samples/component-binding-self-destroying/	6b2d663cea4042341c8cbfd74871622953521f9c	sample-directory	blocked	BS1	BF2 must execute/classify the sample and attach profile/product evidence.	-
SVELTE-770AD4341F6ADAB84600	runtime-legacy	packages/svelte/tests/runtime-legacy/samples/component-binding-store/	5ff5932930909b6037e0aec81ca08c665c5e860a	sample-directory	blocked	BS1	BF2 must execute/classify the sample and attach profile/product evidence.	-
SVELTE-FB6B1ECB6A6268643566	runtime-legacy	packages/svelte/tests/runtime-legacy/samples/component-binding/	0009f8f0cc1c67c8acdf304c5d85864254fd9788	sample-directory	blocked	BS1	BF2 must execute/classify the sample and attach profile/product evidence.	-
SVELTE-2603A77594721E4158BE	runtime-legacy	packages/svelte/tests/runtime-legacy/samples/component-data-dynamic-late/	9bd36d23e2d967e230d563021e50f8c1ea3e01c1	sample-directory	blocked	BS1	BF2 must execute/classify the sample and attach profile/product evidence.	-
SVELTE-B7EECA4210E7B020EE44	runtime-legacy	packages/svelte/tests/runtime-legacy/samples/component-data-dynamic-shorthand/	86e0afc4925705a8d3e15cadfc4e0c0fd4398c73	sample-directory	blocked	BS1	BF2 must execute/classify the sample and attach profile/product evidence.	-
SVELTE-F64C46172663AAF183CF	runtime-legacy	packages/svelte/tests/runtime-legacy/samples/component-data-dynamic/	60032c05ca82c5c2eee82f03c5479146bf3aa4dc	sample-directory	blocked	BS1	BF2 must execute/classify the sample and attach profile/product evidence.	-
SVELTE-44C553CDD4D92B9189CC	runtime-legacy	packages/svelte/tests/runtime-legacy/samples/component-data-empty/	fa20cad4f6f6920d9874086a68694c5e3f83cad3	sample-directory	blocked	BS1	BF2 must execute/classify the sample and attach profile/product evidence.	-
SVELTE-D6C6C4A3DAEEC1B9E9EA	runtime-legacy	packages/svelte/tests/runtime-legacy/samples/component-data-static-boolean-regression/	22d29909017c7dbec5a079986b3b6f9d143ecf95	sample-directory	blocked	BS1	BF2 must execute/classify the sample and attach profile/product evidence.	-
SVELTE-FB03B2B4149078A33AC3	runtime-legacy	packages/svelte/tests/runtime-legacy/samples/component-data-static-boolean/	e35ac994957d8f73c63fb1e699e48b92082e28c3	sample-directory	blocked	BS1	BF2 must execute/classify the sample and attach profile/product evidence.	-
SVELTE-D6921B787ABDF20A473B	runtime-legacy	packages/svelte/tests/runtime-legacy/samples/component-data-static/	e57405508988d8d6df34e8f4827ee163486a955e	sample-directory	blocked	BS1	BF2 must execute/classify the sample and attach profile/product evidence.	-
SVELTE-95D7A509A6AE2CE32BE0	runtime-legacy	packages/svelte/tests/runtime-legacy/samples/component-event-handler-dynamic/	041d9022f8183f1deaaefdef2fde578b7f0fec72	sample-directory	blocked	BS1	BF2 must execute/classify the sample and attach profile/product evidence.	-
SVELTE-F9EA94796F562A58529C	runtime-legacy	packages/svelte/tests/runtime-legacy/samples/component-event-handler-modifier-once-dynamic/	c5dfb7181a8d2814e8de905e18386151052a0e55	sample-directory	blocked	BS1	BF2 must execute/classify the sample and attach profile/product evidence.	-
SVELTE-1182B3C16F0DC4121664	runtime-legacy	packages/svelte/tests/runtime-legacy/samples/component-event-handler-modifier-once/	e22de93e276b86b91ff335f0961db0e580d94e69	sample-directory	blocked	BS1	BF2 must execute/classify the sample and attach profile/product evidence.	-
SVELTE-683F57EE479661289572	runtime-legacy	packages/svelte/tests/runtime-legacy/samples/component-event-not-stale/	9571952fb3bca416cdb097c1e23ec73a6d375e92	sample-directory	blocked	BS1	BF2 must execute/classify the sample and attach profile/product evidence.	-
SVELTE-8537AB002921E085350E	runtime-legacy	packages/svelte/tests/runtime-legacy/samples/component-events-console/	fe9bf11acc36b0e7ffcfd2e65aca0f1043f3197e	sample-directory	blocked	BS1	BF2 must execute/classify the sample and attach profile/product evidence.	-
SVELTE-AECFFF3B8B146DC44796	runtime-legacy	packages/svelte/tests/runtime-legacy/samples/component-events-data/	acd6ff22f34173ead1384f8553073c40c415d0a9	sample-directory	blocked	BS1	BF2 must execute/classify the sample and attach profile/product evidence.	-
SVELTE-F7C0C611E617D362FD71	runtime-legacy	packages/svelte/tests/runtime-legacy/samples/component-events-each/	20dc3db95b53a7f5ab35e7549c3fe0ad4b42ffc8	sample-directory	blocked	BS1	BF2 must execute/classify the sample and attach profile/product evidence.	-
SVELTE-DFBEE095B2C11D4C5F70	runtime-legacy	packages/svelte/tests/runtime-legacy/samples/component-events-nullish/	ff8acf5a3c5a18b3e5f53c102cf3e5bfcecf3ce9	sample-directory	blocked	BS1	BF2 must execute/classify the sample and attach profile/product evidence.	-
SVELTE-B12A229A8BF6FA93700E	runtime-legacy	packages/svelte/tests/runtime-legacy/samples/component-events-this/	8edaf23aad5b5fec2ba6120743423b81c3b7a75a	sample-directory	blocked	BS1	BF2 must execute/classify the sample and attach profile/product evidence.	-
SVELTE-942271E61EF3EC19486D	runtime-legacy	packages/svelte/tests/runtime-legacy/samples/component-events/	d33a7edfc35515aba9f14228bbf72725fa95ea0e	sample-directory	blocked	BS1	BF2 must execute/classify the sample and attach profile/product evidence.	-
SVELTE-61B4F493CCDE058239EC	runtime-legacy	packages/svelte/tests/runtime-legacy/samples/component-if-placement/	5f0c2877a31f75380758631caee5f0044c8ddad6	sample-directory	blocked	BS1	BF2 must execute/classify the sample and attach profile/product evidence.	-
SVELTE-8DA3987EDA3FC0F08D7C	runtime-legacy	packages/svelte/tests/runtime-legacy/samples/component-name-deconflicted-globals/	3f08606ad4ef90c6c8733eb35bc76df5050637a1	sample-directory	blocked	BS1	BF2 must execute/classify the sample and attach profile/product evidence.	-
SVELTE-FE889CBED139EBC290E8	runtime-legacy	packages/svelte/tests/runtime-legacy/samples/component-name-deconflicted/	8b8978450d0f8b7d803305dc0ae749d4f2cf33fd	sample-directory	blocked	BS1	BF2 must execute/classify the sample and attach profile/product evidence.	-
SVELTE-6773426AE16A4EBF8271	runtime-legacy	packages/svelte/tests/runtime-legacy/samples/component-namespace/	cf244593bf6e9d941cf8f7d7f6b145e2a51056a1	sample-directory	blocked	BS1	BF2 must execute/classify the sample and attach profile/product evidence.	-
SVELTE-E046F9543BFDFC7825CF	runtime-legacy	packages/svelte/tests/runtime-legacy/samples/component-namespaced/	34938354753731170f35f9a2140f3871df738594	sample-directory	blocked	BS1	BF2 must execute/classify the sample and attach profile/product evidence.	-
SVELTE-67F97DD9A434AF483B8B	runtime-legacy	packages/svelte/tests/runtime-legacy/samples/component-nested-deep/	962a9301a825240b9210c2d5d319d71552a29407	sample-directory	blocked	BS1	BF2 must execute/classify the sample and attach profile/product evidence.	-
SVELTE-561AA37C1835E9C62900	runtime-legacy	packages/svelte/tests/runtime-legacy/samples/component-nested-deeper/	9cc6f3c8527af24ffaa9bfe0956010f5cd35cad3	sample-directory	blocked	BS1	BF2 must execute/classify the sample and attach profile/product evidence.	-
SVELTE-6C1FEC9E3034AF3C30B4	runtime-legacy	packages/svelte/tests/runtime-legacy/samples/component-not-constructor/	e500678629202abdc9e2ff19510cc623edf55782	sample-directory	blocked	BS1	BF2 must execute/classify the sample and attach profile/product evidence.	-
SVELTE-72BE59CF00DB9CC971A7	runtime-legacy	packages/svelte/tests/runtime-legacy/samples/component-not-constructor2/	e0e56890878abe0a3c68bd07d8b6a604533dc457	sample-directory	blocked	BS1	BF2 must execute/classify the sample and attach profile/product evidence.	-
SVELTE-11A6EAE468DC15527528	runtime-legacy	packages/svelte/tests/runtime-legacy/samples/component-not-void/	72a6d81481026ccd2e07c2633d7ca991cf70d754	sample-directory	blocked	BS1	BF2 must execute/classify the sample and attach profile/product evidence.	-
SVELTE-D4FD9850E8A07C88F32E	runtime-legacy	packages/svelte/tests/runtime-legacy/samples/component-prop-object/	c7c2a8a070bd305d560dfd5e8e3f26d001da6901	sample-directory	blocked	BS1	BF2 must execute/classify the sample and attach profile/product evidence.	-
SVELTE-FC15B1013276094901C9	runtime-legacy	packages/svelte/tests/runtime-legacy/samples/component-props-added/	55edad27a391b06b4cd8b65ec11b66e2a5168e35	sample-directory	blocked	BS1	BF2 must execute/classify the sample and attach profile/product evidence.	-
SVELTE-55A606DD2D0AE338C5D8	runtime-legacy	packages/svelte/tests/runtime-legacy/samples/component-props-mutated/	ef768d104da93052f7429ebee617936047907c93	sample-directory	blocked	BS1	BF2 must execute/classify the sample and attach profile/product evidence.	-
SVELTE-3691A9A83C8E356BF879	runtime-legacy	packages/svelte/tests/runtime-legacy/samples/component-props/	096fbd755dc3c61bb647a2ffc04d23b9c20570b6	sample-directory	blocked	BS1	BF2 must execute/classify the sample and attach profile/product evidence.	-
SVELTE-FF206A241632C0BDCC5A	runtime-legacy	packages/svelte/tests/runtime-legacy/samples/component-ref/	ce952280d62883d10ff6f594f3ddfeaa7fc2abeb	sample-directory	blocked	BS1	BF2 must execute/classify the sample and attach profile/product evidence.	-
SVELTE-ECA8C7280AAC3C8475BA	runtime-legacy	packages/svelte/tests/runtime-legacy/samples/component-shorthand-import/	1f610cc2486b6fcddeeb117b031f0e0e2757b53f	sample-directory	blocked	BS1	BF2 must execute/classify the sample and attach profile/product evidence.	-
SVELTE-2DA6883530DB45D16200	runtime-legacy	packages/svelte/tests/runtime-legacy/samples/component-slot-attribute-order/	79f6094893b24aadbd15934efac5b53eeda1144d	sample-directory	blocked	BS1	BF2 must execute/classify the sample and attach profile/product evidence.	-
SVELTE-E08D1711D98C0C610F36	runtime-legacy	packages/svelte/tests/runtime-legacy/samples/component-slot-chained/	128e80d769cc628f4144a1c9ee726cd98847da65	sample-directory	blocked	BS1	BF2 must execute/classify the sample and attach profile/product evidence.	-
SVELTE-D69EDB2C8F3FF7C4C183	runtime-legacy	packages/svelte/tests/runtime-legacy/samples/component-slot-component-named-b/	8644e184cb07632096da1883d9bdfa88a179d2f1	sample-directory	blocked	BS1	BF2 must execute/classify the sample and attach profile/product evidence.	-
SVELTE-C8DDF375B314B602C5C7	runtime-legacy	packages/svelte/tests/runtime-legacy/samples/component-slot-component-named-c/	266a7141e12d5891b50c471c16a0d0e3e39a6bc1	sample-directory	blocked	BS1	BF2 must execute/classify the sample and attach profile/product evidence.	-
SVELTE-A0FC213C613448D196D9	runtime-legacy	packages/svelte/tests/runtime-legacy/samples/component-slot-component-named/	232c045c16ac65a46e320b84fae5ff78d23458c3	sample-directory	blocked	BS1	BF2 must execute/classify the sample and attach profile/product evidence.	-
SVELTE-E4E49E4F33233AFD03AB	runtime-legacy	packages/svelte/tests/runtime-legacy/samples/component-slot-context-props-each-nested/	fba21d968990c258832f574960e8f04581ea5376	sample-directory	blocked	BS1	BF2 must execute/classify the sample and attach profile/product evidence.	-
SVELTE-CB0DCFD6BA6FE9A2839D	runtime-legacy	packages/svelte/tests/runtime-legacy/samples/component-slot-context-props-each/	47cc869bde8df41b7622680d4ba79261479e1167	sample-directory	blocked	BS1	BF2 must execute/classify the sample and attach profile/product evidence.	-
SVELTE-E5F068C46270BB19D379	runtime-legacy	packages/svelte/tests/runtime-legacy/samples/component-slot-context-props-let/	e3c27d91b41f78d5442c49dd6ddf4932a07d3517	sample-directory	blocked	BS1	BF2 must execute/classify the sample and attach profile/product evidence.	-
SVELTE-AB1A5B96C62AC482A38E	runtime-legacy	packages/svelte/tests/runtime-legacy/samples/component-slot-default-in-each/	cb5ae4f24b7364c62e668f29a789dd1f91b83c2f	sample-directory	blocked	BS1	BF2 must execute/classify the sample and attach profile/product evidence.	-
SVELTE-07DC6B6321D4BEF89AAD	runtime-legacy	packages/svelte/tests/runtime-legacy/samples/component-slot-default/	878a84a79388167f3740bde42a78fe6a8298db24	sample-directory	blocked	BS1	BF2 must execute/classify the sample and attach profile/product evidence.	-
SVELTE-C9174C330768511710CA	runtime-legacy	packages/svelte/tests/runtime-legacy/samples/component-slot-dynamic/	82ae1688c095139e919d6fd44394d20985a087b9	sample-directory	blocked	BS1	BF2 must execute/classify the sample and attach profile/product evidence.	-
SVELTE-C68FCA59CF94C73E01BE	runtime-legacy	packages/svelte/tests/runtime-legacy/samples/component-slot-each-block/	9ebdace788f90e08b997e5115e8c72ea08c7c974	sample-directory	blocked	BS1	BF2 must execute/classify the sample and attach profile/product evidence.	-
SVELTE-A8E81A93424083BCC81E	runtime-legacy	packages/svelte/tests/runtime-legacy/samples/component-slot-empty-b/	89511519ae56c4df166d72b5556ec596a04f8fcf	sample-directory	blocked	BS1	BF2 must execute/classify the sample and attach profile/product evidence.	-
SVELTE-D6EBE5E14370F1B33BDC	runtime-legacy	packages/svelte/tests/runtime-legacy/samples/component-slot-empty/	45148d9d64465fa2a7e5efee7e9367b4d7a3f913	sample-directory	blocked	BS1	BF2 must execute/classify the sample and attach profile/product evidence.	-
SVELTE-FF7AEBBE88E0463EAFCA	runtime-legacy	packages/svelte/tests/runtime-legacy/samples/component-slot-fallback-2/	a1b47571273d486bd7e63a60c9d3251713afde74	sample-directory	blocked	BS1	BF2 must execute/classify the sample and attach profile/product evidence.	-
SVELTE-891F3AC26E6641C89B32	runtime-legacy	packages/svelte/tests/runtime-legacy/samples/component-slot-fallback-3/	a7aa8f2948168a6392cc5960408d81a60a063f0a	sample-directory	blocked	BS1	BF2 must execute/classify the sample and attach profile/product evidence.	-
SVELTE-6F822C4846E22C232BB1	runtime-legacy	packages/svelte/tests/runtime-legacy/samples/component-slot-fallback-4/	7a6995a6b15cd89ef255ae5af9be15dd59b87499	sample-directory	blocked	BS1	BF2 must execute/classify the sample and attach profile/product evidence.	-
SVELTE-1A6D2F1559F21D9D47E0	runtime-legacy	packages/svelte/tests/runtime-legacy/samples/component-slot-fallback-5/	b2129258b26ff49ccaba7da7e79dc808c43ade71	sample-directory	blocked	BS1	BF2 must execute/classify the sample and attach profile/product evidence.	-
SVELTE-48A831EB98993DDF72CB	runtime-legacy	packages/svelte/tests/runtime-legacy/samples/component-slot-fallback-6/	b412a049a6bde807cd3b256b8c5f5ee0ceff29bb	sample-directory	blocked	BS1	BF2 must execute/classify the sample and attach profile/product evidence.	-
SVELTE-1A791550C860CB3C59E3	runtime-legacy	packages/svelte/tests/runtime-legacy/samples/component-slot-fallback-empty/	551f94cea620b9114698e0f86bef63fae319fce4	sample-directory	blocked	BS1	BF2 must execute/classify the sample and attach profile/product evidence.	-
SVELTE-81670738D875B6973143	runtime-legacy	packages/svelte/tests/runtime-legacy/samples/component-slot-fallback/	159a81e411ff08bf598cd1059e246cb5a4c8a582	sample-directory	blocked	BS1	BF2 must execute/classify the sample and attach profile/product evidence.	-
SVELTE-268B696C4CE6DF67B5EB	runtime-legacy	packages/svelte/tests/runtime-legacy/samples/component-slot-if-block-before-node/	093622d3d86fcd7ded81dba244878259cd951d4f	sample-directory	blocked	BS1	BF2 must execute/classify the sample and attach profile/product evidence.	-
SVELTE-63E3A2D7100777B2260E	runtime-legacy	packages/svelte/tests/runtime-legacy/samples/component-slot-if-block/	ba173e38a85f82c9ef8646317b7e84483c8e62bf	sample-directory	blocked	BS1	BF2 must execute/classify the sample and attach profile/product evidence.	-
SVELTE-54560E3FF6227F26AA05	runtime-legacy	packages/svelte/tests/runtime-legacy/samples/component-slot-if-else-block-before-node/	cd2efc3bdc5f7367123dbc5ec2f8c5b7c5299681	sample-directory	blocked	BS1	BF2 must execute/classify the sample and attach profile/product evidence.	-
SVELTE-3C4989377C3B8D563429	runtime-legacy	packages/svelte/tests/runtime-legacy/samples/component-slot-let-aliased/	cd206e169a5196bf1b82b49ce0c553bff6fb868e	sample-directory	blocked	BS1	BF2 must execute/classify the sample and attach profile/product evidence.	-
SVELTE-61A7612D11C22DA13BF7	runtime-legacy	packages/svelte/tests/runtime-legacy/samples/component-slot-let-b/	b0adde26c64061a5d82c71a5ef2253bc66538aff	sample-directory	blocked	BS1	BF2 must execute/classify the sample and attach profile/product evidence.	-
SVELTE-789CAF8DB0C24A3B0FA7	runtime-legacy	packages/svelte/tests/runtime-legacy/samples/component-slot-let-c/	f8ac739d90d186a1ab028bea0229131748b103dd	sample-directory	blocked	BS1	BF2 must execute/classify the sample and attach profile/product evidence.	-
SVELTE-1CCD19FA3BEEDCFF6C91	runtime-legacy	packages/svelte/tests/runtime-legacy/samples/component-slot-let-d/	11b442ab3f499fb9279434b5ecff2ced94d36f4c	sample-directory	blocked	BS1	BF2 must execute/classify the sample and attach profile/product evidence.	-
SVELTE-0C5E29EF8B9859DF3745	runtime-legacy	packages/svelte/tests/runtime-legacy/samples/component-slot-let-destructured-2/	a26f9636b633eecbaeb7effa1e5257eb65a59ace	sample-directory	blocked	BS1	BF2 must execute/classify the sample and attach profile/product evidence.	-
SVELTE-0E45F395E16F5BB50274	runtime-legacy	packages/svelte/tests/runtime-legacy/samples/component-slot-let-destructured/	1280f91748fc954c8fa5ae604159c1478e5c27eb	sample-directory	blocked	BS1	BF2 must execute/classify the sample and attach profile/product evidence.	-
SVELTE-658B576D3856ED7A1195	runtime-legacy	packages/svelte/tests/runtime-legacy/samples/component-slot-let-e/	a8c17b9aa13b966d09687d6d6fbec706c40fbf9b	sample-directory	blocked	BS1	BF2 must execute/classify the sample and attach profile/product evidence.	-
SVELTE-02CF0BCC13E8A011597A	runtime-legacy	packages/svelte/tests/runtime-legacy/samples/component-slot-let-f/	e906a00ff8d785d7c0b91507efc0d6d405dc8227	sample-directory	blocked	BS1	BF2 must execute/classify the sample and attach profile/product evidence.	-
SVELTE-618B1711E3D1E1A87BAC	runtime-legacy	packages/svelte/tests/runtime-legacy/samples/component-slot-let-g/	3cbdcbc516251095d8b9fd7ce66375b738b60dc1	sample-directory	blocked	BS1	BF2 must execute/classify the sample and attach profile/product evidence.	-
SVELTE-EC7F4438CEA1AF37D971	runtime-legacy	packages/svelte/tests/runtime-legacy/samples/component-slot-let-in-binding/	ffa3f2e46d5c6fdc5f468fb7e489a40affa1475c	sample-directory	blocked	BS1	BF2 must execute/classify the sample and attach profile/product evidence.	-
SVELTE-561F0E2C503C61270C6B	runtime-legacy	packages/svelte/tests/runtime-legacy/samples/component-slot-let-in-slot-2/	8174d04c0aef389fc43d0a4a821fa191d63e11b3	sample-directory	blocked	BS1	BF2 must execute/classify the sample and attach profile/product evidence.	-
SVELTE-383671B7879101E03BB5	runtime-legacy	packages/svelte/tests/runtime-legacy/samples/component-slot-let-in-slot/	f2736251ac277381fc8db68b0f090cbe5a3f99f4	sample-directory	blocked	BS1	BF2 must execute/classify the sample and attach profile/product evidence.	-
SVELTE-CAF79A7E9CEFE2A08231	runtime-legacy	packages/svelte/tests/runtime-legacy/samples/component-slot-let-inline-function/	0cffa4703a87279b50128e5bfe2801d924067aea	sample-directory	blocked	BS1	BF2 must execute/classify the sample and attach profile/product evidence.	-
SVELTE-93BD0380F4852918AEEA	runtime-legacy	packages/svelte/tests/runtime-legacy/samples/component-slot-let-missing-prop/	d8e544edc503978f0eb24fdd03c325c00f0ab286	sample-directory	blocked	BS1	BF2 must execute/classify the sample and attach profile/product evidence.	-
SVELTE-0E4D117B7DCC0FD3D22C	runtime-legacy	packages/svelte/tests/runtime-legacy/samples/component-slot-let-mutated/	6f037c4213671a7612558a622abdf1a78b87f39f	sample-directory	blocked	BS1	BF2 must execute/classify the sample and attach profile/product evidence.	-
SVELTE-3C11243096A7BE235A7E	runtime-legacy	packages/svelte/tests/runtime-legacy/samples/component-slot-let-named-2/	97fad572596ce2b42fd477e4c8be5bf36c1bfb7c	sample-directory	blocked	BS1	BF2 must execute/classify the sample and attach profile/product evidence.	-
SVELTE-AB387A03A43C369551F1	runtime-legacy	packages/svelte/tests/runtime-legacy/samples/component-slot-let-named/	c4253619cffbd1947451a3d511ebf41dd59e80c7	sample-directory	blocked	BS1	BF2 must execute/classify the sample and attach profile/product evidence.	-
SVELTE-D283AAC66E8B1C578857	runtime-legacy	packages/svelte/tests/runtime-legacy/samples/component-slot-let-scope-2/	f213a00df9bd3cd7bddcd6df78101318cf60485e	sample-directory	blocked	BS1	BF2 must execute/classify the sample and attach profile/product evidence.	-
SVELTE-F0ED231C81F969FF00E3	runtime-legacy	packages/svelte/tests/runtime-legacy/samples/component-slot-let-scope-3/	7b1ef53144df4b792c694e097784f59aad81e3a3	sample-directory	blocked	BS1	BF2 must execute/classify the sample and attach profile/product evidence.	-
SVELTE-E1246117792AF8870621	runtime-legacy	packages/svelte/tests/runtime-legacy/samples/component-slot-let-scope-4/	5f2d7d17a7c028574bf7f12af8ffa7e9ffc0e698	sample-directory	blocked	BS1	BF2 must execute/classify the sample and attach profile/product evidence.	-
SVELTE-29B0751592D1465D3941	runtime-legacy	packages/svelte/tests/runtime-legacy/samples/component-slot-let-scope-5/	e43d4b1a1f8b24c0423145885089005a9080b61e	sample-directory	blocked	BS1	BF2 must execute/classify the sample and attach profile/product evidence.	-
SVELTE-DB2ECA1124906A78B83E	runtime-legacy	packages/svelte/tests/runtime-legacy/samples/component-slot-let-scope/	4cacd7e523c1639c4849a5102a1705a01e1f26fd	sample-directory	blocked	BS1	BF2 must execute/classify the sample and attach profile/product evidence.	-
SVELTE-BC3E86FCA7F6BC61E9ED	runtime-legacy	packages/svelte/tests/runtime-legacy/samples/component-slot-let-static/	ee0cd5a0f3d7ef87681456bc7a4bc87b7551a0e5	sample-directory	blocked	BS1	BF2 must execute/classify the sample and attach profile/product evidence.	-
SVELTE-F4BD674EBDF21C6520AD	runtime-legacy	packages/svelte/tests/runtime-legacy/samples/component-slot-let/	b832b0b2293376ffd16916d917aa30f23f73832a	sample-directory	blocked	BS1	BF2 must execute/classify the sample and attach profile/product evidence.	-
SVELTE-9FCF03DF83338E3D2E1E	runtime-legacy	packages/svelte/tests/runtime-legacy/samples/component-slot-name-with-hyphen/	d1f644c80185e1c1acb869968287850a239c50a4	sample-directory	blocked	BS1	BF2 must execute/classify the sample and attach profile/product evidence.	-
SVELTE-475B178D3AF0054535F0	runtime-legacy	packages/svelte/tests/runtime-legacy/samples/component-slot-named-b/	19266c94b859d20d1ff93533d50f7710b00a401e	sample-directory	blocked	BS1	BF2 must execute/classify the sample and attach profile/product evidence.	-
SVELTE-30D6697DFECE7A96697D	runtime-legacy	packages/svelte/tests/runtime-legacy/samples/component-slot-named-c/	ec31deea07aeb355275a57c3c572ad9374967b76	sample-directory	blocked	BS1	BF2 must execute/classify the sample and attach profile/product evidence.	-
SVELTE-6802FA2240DC55CF5C9E	runtime-legacy	packages/svelte/tests/runtime-legacy/samples/component-slot-named-scope/	a40ef6ba4f6f5b51aeae77ab6580919f6d49e622	sample-directory	blocked	BS1	BF2 must execute/classify the sample and attach profile/product evidence.	-
SVELTE-659EED8EABF6209881C9	runtime-legacy	packages/svelte/tests/runtime-legacy/samples/component-slot-named/	fe642ee4666d1c0997beb08993901cb70ccb9fb8	sample-directory	blocked	BS1	BF2 must execute/classify the sample and attach profile/product evidence.	-
SVELTE-CCD07C3D2358F818E186	runtime-legacy	packages/svelte/tests/runtime-legacy/samples/component-slot-names-sanitized/	89e0e493d32cdc526a30f322fb4e527b868ebe2a	sample-directory	blocked	BS1	BF2 must execute/classify the sample and attach profile/product evidence.	-
SVELTE-2B49A8C2841E2A393589	runtime-legacy	packages/svelte/tests/runtime-legacy/samples/component-slot-nested-component/	fc4f13317c534a4d7dd68b1e665407c3fd3cdb00	sample-directory	blocked	BS1	BF2 must execute/classify the sample and attach profile/product evidence.	-
SVELTE-54AEC2E46C9E86108C3B	runtime-legacy	packages/svelte/tests/runtime-legacy/samples/component-slot-nested-if/	83b2d292f38c5e90fdb31e6459fcf16ec250eff7	sample-directory	blocked	BS1	BF2 must execute/classify the sample and attach profile/product evidence.	-
SVELTE-00494A6A6287E5A91ACC	runtime-legacy	packages/svelte/tests/runtime-legacy/samples/component-slot-nested-in-element/	61e70cfd4b1813171777b4c3f6483d111a9e2a6d	sample-directory	blocked	BS1	BF2 must execute/classify the sample and attach profile/product evidence.	-
SVELTE-C70C971B4E214DB488A1	runtime-legacy	packages/svelte/tests/runtime-legacy/samples/component-slot-nested-in-slot/	79cc7c045341fc338b1e66eebcda9f6fb394fe0a	sample-directory	blocked	BS1	BF2 must execute/classify the sample and attach profile/product evidence.	-
SVELTE-79FA9C7F506C5BCB94D5	runtime-legacy	packages/svelte/tests/runtime-legacy/samples/component-slot-nested/	a4415fff6b092d5f3ab243731ec28421a6fb90cb	sample-directory	blocked	BS1	BF2 must execute/classify the sample and attach profile/product evidence.	-
SVELTE-014CAA6CCD6E71562B50	runtime-legacy	packages/svelte/tests/runtime-legacy/samples/component-slot-slot/	a55976fdbd8c942e577e0cee8de8322d0b38d2b4	sample-directory	blocked	BS1	BF2 must execute/classify the sample and attach profile/product evidence.	-
SVELTE-8C3E33B182E4D2A22C22	runtime-legacy	packages/svelte/tests/runtime-legacy/samples/component-slot-spread-props/	9c97221a61ceaff93770eb597cfcbdc9b5ac6243	sample-directory	blocked	BS1	BF2 must execute/classify the sample and attach profile/product evidence.	-
SVELTE-6DDA1B3D00C9BD45B3DA	runtime-legacy	packages/svelte/tests/runtime-legacy/samples/component-slot-spread/	dd861426b477a983b00f871ab058e3bde3a0431e	sample-directory	blocked	BS1	BF2 must execute/classify the sample and attach profile/product evidence.	-
SVELTE-58E1E3420E4C62DCB206	runtime-legacy	packages/svelte/tests/runtime-legacy/samples/component-slot-static-and-dynamic/	45a038a055c349a77f6eacc60817b483bf80c7f4	sample-directory	blocked	BS1	BF2 must execute/classify the sample and attach profile/product evidence.	-
SVELTE-9ED852FF33C3295CDAA1	runtime-legacy	packages/svelte/tests/runtime-legacy/samples/component-slot-used-with-default-event/	2274a03623068722b4bd3ace7e62fa86c574d6f4	sample-directory	blocked	BS1	BF2 must execute/classify the sample and attach profile/product evidence.	-
SVELTE-4E481DC33EC16735921E	runtime-legacy	packages/svelte/tests/runtime-legacy/samples/component-static-at-symbol/	e4dbf6645689eb524b312a684b2ae0aefeb2aa49	sample-directory	blocked	BS1	BF2 must execute/classify the sample and attach profile/product evidence.	-
SVELTE-0F2A0E50FD1E4C14573C	runtime-legacy	packages/svelte/tests/runtime-legacy/samples/component-svelte-fragment-2/	035725a6ff49685da4d980a210927a21eb8410b0	sample-directory	blocked	BS1	BF2 must execute/classify the sample and attach profile/product evidence.	-
SVELTE-AA062807DA2D03C16292	runtime-legacy	packages/svelte/tests/runtime-legacy/samples/component-svelte-fragment-let-aliased/	cbe6fc03e3e20a68198e78c026ac017e006e87bf	sample-directory	blocked	BS1	BF2 must execute/classify the sample and attach profile/product evidence.	-
SVELTE-70C07C3C000F414E70AB	runtime-legacy	packages/svelte/tests/runtime-legacy/samples/component-svelte-fragment-let-b/	5444d92ae6b011fa20bb01f0d8747e2e4d41355c	sample-directory	blocked	BS1	BF2 must execute/classify the sample and attach profile/product evidence.	-
SVELTE-B2BC34164E4D65D0BBDB	runtime-legacy	packages/svelte/tests/runtime-legacy/samples/component-svelte-fragment-let-c/	f4161c38539c7a0d12166dfe677d9bf3d4e6e443	sample-directory	blocked	BS1	BF2 must execute/classify the sample and attach profile/product evidence.	-
SVELTE-B6339565845063EAFEFA	runtime-legacy	packages/svelte/tests/runtime-legacy/samples/component-svelte-fragment-let-d/	e53c208df4a2c65b718450bce34206e8e5407a58	sample-directory	blocked	BS1	BF2 must execute/classify the sample and attach profile/product evidence.	-
SVELTE-F12BF026607B5C34695F	runtime-legacy	packages/svelte/tests/runtime-legacy/samples/component-svelte-fragment-let-destructured-2/	a3f23943fcd2bf09dbbb7b77e5b658d9fb14d478	sample-directory	blocked	BS1	BF2 must execute/classify the sample and attach profile/product evidence.	-
SVELTE-17CF4523E3D5444AC57F	runtime-legacy	packages/svelte/tests/runtime-legacy/samples/component-svelte-fragment-let-destructured/	5aac14bc2be0efdf6b3d71229fd423c7c0b55cad	sample-directory	blocked	BS1	BF2 must execute/classify the sample and attach profile/product evidence.	-
SVELTE-E569BD17D0825AF070C5	runtime-legacy	packages/svelte/tests/runtime-legacy/samples/component-svelte-fragment-let-e/	4b6dcab21cec38e0a4ecaa8ea5ff4f07a567480a	sample-directory	blocked	BS1	BF2 must execute/classify the sample and attach profile/product evidence.	-
SVELTE-623623D9133F30ACC2C4	runtime-legacy	packages/svelte/tests/runtime-legacy/samples/component-svelte-fragment-let-f/	2ad7da6f47e082dc8b769ff0639417b62daf533b	sample-directory	blocked	BS1	BF2 must execute/classify the sample and attach profile/product evidence.	-
SVELTE-DBA687C720712E4A6861	runtime-legacy	packages/svelte/tests/runtime-legacy/samples/component-svelte-fragment-let-in-binding/	a6a49bbb70d4930f5f768ae01fbe71a23a4ffbd1	sample-directory	blocked	BS1	BF2 must execute/classify the sample and attach profile/product evidence.	-
SVELTE-9BC82E23A5715A8F88C6	runtime-legacy	packages/svelte/tests/runtime-legacy/samples/component-svelte-fragment-let-in-slot/	b85ea2aa283ad553f736a91ad997ace952939baf	sample-directory	blocked	BS1	BF2 must execute/classify the sample and attach profile/product evidence.	-
SVELTE-1E246D8B9068217A9FA2	runtime-legacy	packages/svelte/tests/runtime-legacy/samples/component-svelte-fragment-let-named/	c4253619cffbd1947451a3d511ebf41dd59e80c7	sample-directory	blocked	BS1	BF2 must execute/classify the sample and attach profile/product evidence.	-
SVELTE-6B6BEAD1E2D229413E6B	runtime-legacy	packages/svelte/tests/runtime-legacy/samples/component-svelte-fragment-let-static/	ee0cd5a0f3d7ef87681456bc7a4bc87b7551a0e5	sample-directory	blocked	BS1	BF2 must execute/classify the sample and attach profile/product evidence.	-
SVELTE-F4820C27A11FA3B94D91	runtime-legacy	packages/svelte/tests/runtime-legacy/samples/component-svelte-fragment-let/	b832b0b2293376ffd16916d917aa30f23f73832a	sample-directory	blocked	BS1	BF2 must execute/classify the sample and attach profile/product evidence.	-
SVELTE-62618C385AC94E97E627	runtime-legacy	packages/svelte/tests/runtime-legacy/samples/component-svelte-fragment-nested/	66c659d44b8a8556169de33a8054db6dbb2d723e	sample-directory	blocked	BS1	BF2 must execute/classify the sample and attach profile/product evidence.	-
SVELTE-703D2DFBA8BEC4C6C0DF	runtime-legacy	packages/svelte/tests/runtime-legacy/samples/component-svelte-fragment/	364c346f656b782ba93b92900a23f8ab36c20626	sample-directory	blocked	BS1	BF2 must execute/classify the sample and attach profile/product evidence.	-
SVELTE-8930B5D7E8F5A5BCE008	runtime-legacy	packages/svelte/tests/runtime-legacy/samples/component-template-inline-mutation/	4a92860f4b68a949c15dcd72c48531f8d1200912	sample-directory	blocked	BS1	BF2 must execute/classify the sample and attach profile/product evidence.	-
SVELTE-76487F7C690E044F23FC	runtime-legacy	packages/svelte/tests/runtime-legacy/samples/component-transition/	73043cdccc524a712e62a3d8ab89643b41e1c808	sample-directory	blocked	BS1	BF2 must execute/classify the sample and attach profile/product evidence.	-
SVELTE-CB94F7E4CA1AF3423A5E	runtime-legacy	packages/svelte/tests/runtime-legacy/samples/component-yield-follows-element/	bf536c975827cc30edd0acf79b2b6deef2ba37c0	sample-directory	blocked	BS1	BF2 must execute/classify the sample and attach profile/product evidence.	-
SVELTE-B02AE891949BF884C07A	runtime-legacy	packages/svelte/tests/runtime-legacy/samples/component-yield-if/	d6785eedc82c6c10eabd837f624a68576b4cd2f9	sample-directory	blocked	BS1	BF2 must execute/classify the sample and attach profile/product evidence.	-
SVELTE-926303FDE65CB13128DC	runtime-legacy	packages/svelte/tests/runtime-legacy/samples/component-yield-multiple-in-each/	3343a605a6210ed16dc4188734c37d9780d82b2f	sample-directory	blocked	BS1	BF2 must execute/classify the sample and attach profile/product evidence.	-
SVELTE-2A9F6014E6BC8F587F86	runtime-legacy	packages/svelte/tests/runtime-legacy/samples/component-yield-multiple-in-if/	267fe9e5852949fc23d41552e8794c723e1f8839	sample-directory	blocked	BS1	BF2 must execute/classify the sample and attach profile/product evidence.	-
SVELTE-D3E7F225E79C8A9EEA9F	runtime-legacy	packages/svelte/tests/runtime-legacy/samples/component-yield-nested-if/	bbe196648e2dcab8d77a76931d4f006b1e1193f4	sample-directory	blocked	BS1	BF2 must execute/classify the sample and attach profile/product evidence.	-
SVELTE-53AA65DE2E43C15B3417	runtime-legacy	packages/svelte/tests/runtime-legacy/samples/component-yield-parent/	b1620d0807b3116b619b922c5d0148d1d7f8061b	sample-directory	blocked	BS1	BF2 must execute/classify the sample and attach profile/product evidence.	-
SVELTE-EB0059F371C2B61C99A4	runtime-legacy	packages/svelte/tests/runtime-legacy/samples/component-yield-placement/	1051f1c9ea7ba31c9dabfcc76d60784f79eb6152	sample-directory	blocked	BS1	BF2 must execute/classify the sample and attach profile/product evidence.	-
SVELTE-970746AE387AEBACF320	runtime-legacy	packages/svelte/tests/runtime-legacy/samples/component-yield-static/	554e96721a77e83c16713aae1830059b335f0c8f	sample-directory	blocked	BS1	BF2 must execute/classify the sample and attach profile/product evidence.	-
SVELTE-CEF38AD236E25342E4F2	runtime-legacy	packages/svelte/tests/runtime-legacy/samples/component-yield/	074f8511a0edc6f68dbfe06e79fad1a93578973d	sample-directory	blocked	BS1	BF2 must execute/classify the sample and attach profile/product evidence.	-
SVELTE-B8F8099CC816E6B9BB13	runtime-legacy	packages/svelte/tests/runtime-legacy/samples/component/	78eccd044e4af626b388727340b88897832e9e15	sample-directory	blocked	BS1	BF2 must execute/classify the sample and attach profile/product evidence.	-
SVELTE-1D9CEA9A68D0B827688F	runtime-legacy	packages/svelte/tests/runtime-legacy/samples/const-tag-await-then-destructuring-computed-in-computed/	8917dca055cc6c04913cc1277a8683f3f0b4ff6d	sample-directory	blocked	BS1	BF2 must execute/classify the sample and attach profile/product evidence.	-
SVELTE-A3F5CA3986017A363276	runtime-legacy	packages/svelte/tests/runtime-legacy/samples/const-tag-await-then-destructuring-computed-props/	473caf34c488678194ab9fbd10e4b56c80dde034	sample-directory	blocked	BS1	BF2 must execute/classify the sample and attach profile/product evidence.	-
SVELTE-162E3F8C8027CC3D51E1	runtime-legacy	packages/svelte/tests/runtime-legacy/samples/const-tag-await-then-destructuring-literals/	e1575f7fda29cf8037e18e1517b41f477af6e420	sample-directory	blocked	BS1	BF2 must execute/classify the sample and attach profile/product evidence.	-
SVELTE-8A537158401245B73A65	runtime-legacy	packages/svelte/tests/runtime-legacy/samples/const-tag-await-then-destructuring-nested-rest/	d5f01702154efe9f4fe3effc6fd3f3cac27b526b	sample-directory	blocked	BS1	BF2 must execute/classify the sample and attach profile/product evidence.	-
SVELTE-4FF383627D2B4C47153A	runtime-legacy	packages/svelte/tests/runtime-legacy/samples/const-tag-await-then-destructuring/	a34b34a5eb5bf4cf5f00779ed7f6dec7c2ccf92f	sample-directory	blocked	BS1	BF2 must execute/classify the sample and attach profile/product evidence.	-
SVELTE-EF458235BBF7E92FF873	runtime-legacy	packages/svelte/tests/runtime-legacy/samples/const-tag-await-then/	a0f0d89f3aef442076ae9660c1708d71c870d848	sample-directory	blocked	BS1	BF2 must execute/classify the sample and attach profile/product evidence.	-
SVELTE-BA078CBFA54446B5F412	runtime-legacy	packages/svelte/tests/runtime-legacy/samples/const-tag-component-without-let/	4f52f124cb7da72f5dffe30534e5aed8ace8aa65	sample-directory	blocked	BS1	BF2 must execute/classify the sample and attach profile/product evidence.	-
SVELTE-5DDB147E22EC467ED559	runtime-legacy	packages/svelte/tests/runtime-legacy/samples/const-tag-component/	b8585cbd8af1a3fbe08c66aff79b14d9d9ad1bdc	sample-directory	blocked	BS1	BF2 must execute/classify the sample and attach profile/product evidence.	-
SVELTE-58F2A92CA7043227FD68	runtime-legacy	packages/svelte/tests/runtime-legacy/samples/const-tag-dependencies/	30d4074432620c74d56bc0a18a814e87bd0f5496	sample-directory	blocked	BS1	BF2 must execute/classify the sample and attach profile/product evidence.	-
SVELTE-9060764B5FB211B8296A	runtime-legacy	packages/svelte/tests/runtime-legacy/samples/const-tag-depends-on-const-tag/	5f7dfdc0c7dce5507722a169c0c336273acf363d	sample-directory	blocked	BS1	BF2 must execute/classify the sample and attach profile/product evidence.	-
SVELTE-A58F433562C7347CB554	runtime-legacy	packages/svelte/tests/runtime-legacy/samples/const-tag-each-arrow/	8a6e4e9b541242f55a98b607886ddd7823fc20f1	sample-directory	blocked	BS1	BF2 must execute/classify the sample and attach profile/product evidence.	-
SVELTE-9CF59A29E650EACCCB1F	runtime-legacy	packages/svelte/tests/runtime-legacy/samples/const-tag-each-const/	b45bf8b692217a03f9d21e33281bf31052f70fc9	sample-directory	blocked	BS1	BF2 must execute/classify the sample and attach profile/product evidence.	-
SVELTE-0EC09E523DB64A5F8CC8	runtime-legacy	packages/svelte/tests/runtime-legacy/samples/const-tag-each-destructure-computed-in-computed/	9d747f9a5a01a5cb87c1741f10c834dd67240cb1	sample-directory	blocked	BS1	BF2 must execute/classify the sample and attach profile/product evidence.	-
SVELTE-F287810B437DF07CA65C	runtime-legacy	packages/svelte/tests/runtime-legacy/samples/const-tag-each-destructure-computed-props/	4a6c3e84da90fe2768c515a0d7e0c3dd07d7dd7d	sample-directory	blocked	BS1	BF2 must execute/classify the sample and attach profile/product evidence.	-
SVELTE-C184ABC972D489B07851	runtime-legacy	packages/svelte/tests/runtime-legacy/samples/const-tag-each-destructure-literals/	d7d682273be189d4bd92f4f7c5cace2cf9f9762a	sample-directory	blocked	BS1	BF2 must execute/classify the sample and attach profile/product evidence.	-
SVELTE-DD6CB6BF1D1C0E69AA42	runtime-legacy	packages/svelte/tests/runtime-legacy/samples/const-tag-each-destructure-nested-rest/	50fea5e18dfc51f1458d18742f144b647011d6bf	sample-directory	blocked	BS1	BF2 must execute/classify the sample and attach profile/product evidence.	-
SVELTE-2A8B0AF17C93438D8282	runtime-legacy	packages/svelte/tests/runtime-legacy/samples/const-tag-each-destructure/	b9dd700851a3839115cf5860da7b7ae349f2281a	sample-directory	blocked	BS1	BF2 must execute/classify the sample and attach profile/product evidence.	-
SVELTE-7B64DAF4AA705C8EC990	runtime-legacy	packages/svelte/tests/runtime-legacy/samples/const-tag-each-duplicated-variable1/	4486ae46b147b4df91abbdfcd3355cfe07ed4c9a	sample-directory	blocked	BS1	BF2 must execute/classify the sample and attach profile/product evidence.	-
SVELTE-8C50F69838B1A0B28622	runtime-legacy	packages/svelte/tests/runtime-legacy/samples/const-tag-each-duplicated-variable2/	7596018eff15e9f5a5c5949af237a5b4cf43bdd9	sample-directory	blocked	BS1	BF2 must execute/classify the sample and attach profile/product evidence.	-
SVELTE-75622E9A7AD990F67DC7	runtime-legacy	packages/svelte/tests/runtime-legacy/samples/const-tag-each-duplicated-variable3/	33946a067786379707bfbc664850531b39d50237	sample-directory	blocked	BS1	BF2 must execute/classify the sample and attach profile/product evidence.	-
SVELTE-E2D3F5B734F7537AC53E	runtime-legacy	packages/svelte/tests/runtime-legacy/samples/const-tag-each-else/	52f0f5c50db3775091ffb55f450de15614228c62	sample-directory	blocked	BS1	BF2 must execute/classify the sample and attach profile/product evidence.	-
SVELTE-5237F4C88194BD8BAC27	runtime-legacy	packages/svelte/tests/runtime-legacy/samples/const-tag-each-function/	5b713294f3af4962c48059cc87c4a10d418ec7f3	sample-directory	blocked	BS1	BF2 must execute/classify the sample and attach profile/product evidence.	-
SVELTE-AE554891F06A4F6A8BCC	runtime-legacy	packages/svelte/tests/runtime-legacy/samples/const-tag-each-update/	6b5525722d2c3697ab22b3bf6b4e76dc573be717	sample-directory	blocked	BS1	BF2 must execute/classify the sample and attach profile/product evidence.	-
SVELTE-D80CAAAA1389F99A0B35	runtime-legacy	packages/svelte/tests/runtime-legacy/samples/const-tag-each/	9648365690f29b8bf8f3b743465b0736815f012f	sample-directory	blocked	BS1	BF2 must execute/classify the sample and attach profile/product evidence.	-
SVELTE-763597EC05A2D525EBE9	runtime-legacy	packages/svelte/tests/runtime-legacy/samples/const-tag-func-function/	2341ad25ba0cf67e4761a2b80f19fa19de87190b	sample-directory	blocked	BS1	BF2 must execute/classify the sample and attach profile/product evidence.	-
SVELTE-D12E3AB0CA311F25CC6B	runtime-legacy	packages/svelte/tests/runtime-legacy/samples/const-tag-hoisting/	33d4e6f4620867b912c4bd7bdc786ece4bfc32ae	sample-directory	blocked	BS1	BF2 must execute/classify the sample and attach profile/product evidence.	-
SVELTE-5FDCFCDBF4C82691F7A2	runtime-legacy	packages/svelte/tests/runtime-legacy/samples/const-tag-if-else-if/	8014334a42075201912ce13629765e3eaf001a0b	sample-directory	blocked	BS1	BF2 must execute/classify the sample and attach profile/product evidence.	-
SVELTE-1196453E18AB6C0C3201	runtime-legacy	packages/svelte/tests/runtime-legacy/samples/const-tag-if-else-outro/	2c0fae85b1d56baeac16aeefebac1b347a3b3453	sample-directory	blocked	BS1	BF2 must execute/classify the sample and attach profile/product evidence.	-
SVELTE-7AE91E830AA1A552A3C6	runtime-legacy	packages/svelte/tests/runtime-legacy/samples/const-tag-if-else/	7ff122e86e4438e089b509e1b2f51baff6fe8b6d	sample-directory	blocked	BS1	BF2 must execute/classify the sample and attach profile/product evidence.	-
SVELTE-57A8CFDD1AC2FAAD3CB6	runtime-legacy	packages/svelte/tests/runtime-legacy/samples/const-tag-if/	32481302c37bb8c25c72c8a7febd00223aee7580	sample-directory	blocked	BS1	BF2 must execute/classify the sample and attach profile/product evidence.	-
SVELTE-A09E34D5011FDACF331C	runtime-legacy	packages/svelte/tests/runtime-legacy/samples/const-tag-invalidate/	2cd398e40c539ddc8d9a71d07425f67a970e4e02	sample-directory	blocked	BS1	BF2 must execute/classify the sample and attach profile/product evidence.	-
SVELTE-C29F951389EE637C70A7	runtime-legacy	packages/svelte/tests/runtime-legacy/samples/const-tag-ordering/	33d4e6f4620867b912c4bd7bdc786ece4bfc32ae	sample-directory	blocked	BS1	BF2 must execute/classify the sample and attach profile/product evidence.	-
SVELTE-4D64988F05AC59766B78	runtime-legacy	packages/svelte/tests/runtime-legacy/samples/const-tag-shadow-2/	20426cb0cdfd3d16a3df0e87cd990c1f5df825de	sample-directory	blocked	BS1	BF2 must execute/classify the sample and attach profile/product evidence.	-
SVELTE-C66924043EE6D6C7F7EA	runtime-legacy	packages/svelte/tests/runtime-legacy/samples/const-tag-shadow/	3aafbb0f0f60132f8f1c794d453d6acb121ea3d5	sample-directory	blocked	BS1	BF2 must execute/classify the sample and attach profile/product evidence.	-
SVELTE-2EADDD8D2653400D2B97	runtime-legacy	packages/svelte/tests/runtime-legacy/samples/const-tag/	b18c26cc143b5c6a33bebc380cfa31b6a787ca69	sample-directory	blocked	BS1	BF2 must execute/classify the sample and attach profile/product evidence.	-
SVELTE-09348C910D056B9113F5	runtime-legacy	packages/svelte/tests/runtime-legacy/samples/constructor-prefer-passed-context/	124be9a8dbd75314ee39c38bb4bc14a0c4de6498	sample-directory	blocked	BS1	BF2 must execute/classify the sample and attach profile/product evidence.	-
SVELTE-D40CC3752E683CF088FA	runtime-legacy	packages/svelte/tests/runtime-legacy/samples/context-api-b/	89d947409a89e7ff18aed480fbcbeb04c1f37927	sample-directory	blocked	BS1	BF2 must execute/classify the sample and attach profile/product evidence.	-
SVELTE-62CCCA6DEB26BEE25F70	runtime-legacy	packages/svelte/tests/runtime-legacy/samples/context-api-c/	47ed78d42708a25d52425a0a12c837eaea12921e	sample-directory	blocked	BS1	BF2 must execute/classify the sample and attach profile/product evidence.	-
SVELTE-BC13BABD7EBA78913076	runtime-legacy	packages/svelte/tests/runtime-legacy/samples/context-api-d/	c8cf3293f62d76877bf8284333cbdf7ffe015a4c	sample-directory	blocked	BS1	BF2 must execute/classify the sample and attach profile/product evidence.	-
SVELTE-EB6C6C91E9C74C10FAB8	runtime-legacy	packages/svelte/tests/runtime-legacy/samples/context-api/	494a4e7c9ce4d792d525339a5e823fe0a5662824	sample-directory	blocked	BS1	BF2 must execute/classify the sample and attach profile/product evidence.	-
SVELTE-93502B18D80E5F89A763	runtime-legacy	packages/svelte/tests/runtime-legacy/samples/context-in-await/	37879187f05343f4c3fc64c2f9f26bfce04fcf89	sample-directory	blocked	BS1	BF2 must execute/classify the sample and attach profile/product evidence.	-
SVELTE-2F78879A1155EBD89900	runtime-legacy	packages/svelte/tests/runtime-legacy/samples/context-in-template/	fb490c7d0d89ad86d14af4a95a42b3ffdb07bd15	sample-directory	blocked	BS1	BF2 must execute/classify the sample and attach profile/product evidence.	-
SVELTE-A084096A7E922AB05369	runtime-legacy	packages/svelte/tests/runtime-legacy/samples/context-setcontext-return/	2d24b031536095b811737f94f95a4b034f658538	sample-directory	blocked	BS1	BF2 must execute/classify the sample and attach profile/product evidence.	-
SVELTE-774B8E727F5E54EA60AF	runtime-legacy	packages/svelte/tests/runtime-legacy/samples/contextual-callback-b/	16f0697fcb5cac2d3b20390b9c34e17a0717fe98	sample-directory	blocked	BS1	BF2 must execute/classify the sample and attach profile/product evidence.	-
SVELTE-07C0B4C0170D497CDFED	runtime-legacy	packages/svelte/tests/runtime-legacy/samples/contextual-callback/	77c980e53ae66bbcff893468f6b6b5cea2079606	sample-directory	blocked	BS1	BF2 must execute/classify the sample and attach profile/product evidence.	-
SVELTE-CD4107D26FE34E6107B8	runtime-legacy	packages/svelte/tests/runtime-legacy/samples/css-comments/	deb46fe09788c28f9733ef433f3615b7e7a33d0e	sample-directory	blocked	BS1	BF2 must execute/classify the sample and attach profile/product evidence.	-
SVELTE-7C1CCE71E8448719B6D5	runtime-legacy	packages/svelte/tests/runtime-legacy/samples/css-space-in-attribute/	cd9d84b8e8bc0ef0107713cf753a3995f6b0c0d6	sample-directory	blocked	BS1	BF2 must execute/classify the sample and attach profile/product evidence.	-
SVELTE-479A1FE5500E7395275D	runtime-legacy	packages/svelte/tests/runtime-legacy/samples/css-vars-escape/	9083111835d4e00bbe9395428b7d768fad0faa46	sample-directory	blocked	BS1	BF2 must execute/classify the sample and attach profile/product evidence.	-
SVELTE-40436622825051E4C8FE	runtime-legacy	packages/svelte/tests/runtime-legacy/samples/css/	5578b4ecdafe1af1f7d853b8f45be72ff15a6577	sample-directory	blocked	BS1	BF2 must execute/classify the sample and attach profile/product evidence.	-
SVELTE-2B8687728D607EC402A5	runtime-legacy	packages/svelte/tests/runtime-legacy/samples/custom-method/	1f97145a39d9ec88e21f741d61f3b2007006a377	sample-directory	blocked	BS1	BF2 must execute/classify the sample and attach profile/product evidence.	-
SVELTE-0A41B8B8F66D4614881D	runtime-legacy	packages/svelte/tests/runtime-legacy/samples/deconflict-anchor/	e77dcd513b9380820cf2e0e11dc469e18799784f	sample-directory	blocked	BS1	BF2 must execute/classify the sample and attach profile/product evidence.	-
SVELTE-28DBF6DF98C38AB9043B	runtime-legacy	packages/svelte/tests/runtime-legacy/samples/deconflict-block-methods/	0693917d7d0b69e97003feab9e223d0a04194df9	sample-directory	blocked	BS1	BF2 must execute/classify the sample and attach profile/product evidence.	-
SVELTE-99654E60097A99D6886A	runtime-legacy	packages/svelte/tests/runtime-legacy/samples/deconflict-builtins-2/	71253305267dd594c644d977e01d64678e2c593e	sample-directory	blocked	BS1	BF2 must execute/classify the sample and attach profile/product evidence.	-
SVELTE-B2BA0202EFDD24663F69	runtime-legacy	packages/svelte/tests/runtime-legacy/samples/deconflict-builtins/	350a11f3b430bca84a87233b9e1acf537fb37ce5	sample-directory	blocked	BS1	BF2 must execute/classify the sample and attach profile/product evidence.	-
SVELTE-A1AA5581022B62B3CAEC	runtime-legacy	packages/svelte/tests/runtime-legacy/samples/deconflict-component-name-with-global/	516da2bbdce9eaa2690cf347fcb198adde797861	sample-directory	blocked	BS1	BF2 must execute/classify the sample and attach profile/product evidence.	-
SVELTE-1CC3CF6125A2D5C253FD	runtime-legacy	packages/svelte/tests/runtime-legacy/samples/deconflict-component-name-with-module-global/	7a218f9807bcfd32480530e39bd6784daaffa738	sample-directory	blocked	BS1	BF2 must execute/classify the sample and attach profile/product evidence.	-
SVELTE-88C37D63832C8B987345	runtime-legacy	packages/svelte/tests/runtime-legacy/samples/deconflict-component-refs/	58bbbf947b141a991a2b192e438bc6077e8c6689	sample-directory	blocked	BS1	BF2 must execute/classify the sample and attach profile/product evidence.	-
SVELTE-3E7A39DD8C4F7BA6E7CD	runtime-legacy	packages/svelte/tests/runtime-legacy/samples/deconflict-contexts/	a23628f54f1e73aa73cd0692ad76d3069a7d47e6	sample-directory	blocked	BS1	BF2 must execute/classify the sample and attach profile/product evidence.	-
SVELTE-20C5C94A013D724F886E	runtime-legacy	packages/svelte/tests/runtime-legacy/samples/deconflict-contextual-action/	dfa55adad093f905af3771c425c386959a366b77	sample-directory	blocked	BS1	BF2 must execute/classify the sample and attach profile/product evidence.	-
SVELTE-33BA479DC9804F1BC405	runtime-legacy	packages/svelte/tests/runtime-legacy/samples/deconflict-contextual-bind/	b7f9e5cd81c6f406c0c33fe135dacd1ba45ff536	sample-directory	blocked	BS1	BF2 must execute/classify the sample and attach profile/product evidence.	-
SVELTE-6346519DB56D98F43BE2	runtime-legacy	packages/svelte/tests/runtime-legacy/samples/deconflict-ctx/	02d0efa97f5824f6a69583126ac86faa908071a7	sample-directory	blocked	BS1	BF2 must execute/classify the sample and attach profile/product evidence.	-
SVELTE-93C86ADF0E0D49DF3CEB	runtime-legacy	packages/svelte/tests/runtime-legacy/samples/deconflict-elements-indexes/	a23bd7cb120dfb1754ae490ceb1f540c7d32fe15	sample-directory	blocked	BS1	BF2 must execute/classify the sample and attach profile/product evidence.	-
SVELTE-E3EB3C77E365C3B39394	runtime-legacy	packages/svelte/tests/runtime-legacy/samples/deconflict-globals/	7ee289387de25358c466f7a61cf07fd3044a96be	sample-directory	blocked	BS1	BF2 must execute/classify the sample and attach profile/product evidence.	-
SVELTE-1281E98051219CECAC9D	runtime-legacy	packages/svelte/tests/runtime-legacy/samples/deconflict-non-helpers/	fba941ac4126634c5c7d127ebe2bb131547eab42	sample-directory	blocked	BS1	BF2 must execute/classify the sample and attach profile/product evidence.	-
SVELTE-652C1860CBE47F0B5C28	runtime-legacy	packages/svelte/tests/runtime-legacy/samples/deconflict-self/	65d7c3892b70da6bae1151a14f2619b1320624b9	sample-directory	blocked	BS1	BF2 must execute/classify the sample and attach profile/product evidence.	-
SVELTE-73F42189239F2328AAF6	runtime-legacy	packages/svelte/tests/runtime-legacy/samples/deconflict-spread-i/	8c39ae43c3412bbcab3e94c67a01d22d99b15051	sample-directory	blocked	BS1	BF2 must execute/classify the sample and attach profile/product evidence.	-
SVELTE-E6434CF1CDEB112F332F	runtime-legacy	packages/svelte/tests/runtime-legacy/samples/deconflict-template-1/	57e3ab77fea23a4ccc4c3442d31108f6e6912601	sample-directory	blocked	BS1	BF2 must execute/classify the sample and attach profile/product evidence.	-
SVELTE-32188E124523BB992B97	runtime-legacy	packages/svelte/tests/runtime-legacy/samples/deconflict-template-2/	73828186699bd5337338b0f4c06970ea2f7ddf01	sample-directory	blocked	BS1	BF2 must execute/classify the sample and attach profile/product evidence.	-
SVELTE-EFA9E38D99B38EB7F913	runtime-legacy	packages/svelte/tests/runtime-legacy/samples/deconflict-template-3/	7fa5c0b21838b92e4f37eb47d07e3106e79f5f41	sample-directory	blocked	BS1	BF2 must execute/classify the sample and attach profile/product evidence.	-
SVELTE-476964AC1C31CE41DB80	runtime-legacy	packages/svelte/tests/runtime-legacy/samples/deconflict-template-4/	cf02260eb5c24d9e5d8a7393811ff7bda6cdda49	sample-directory	blocked	BS1	BF2 must execute/classify the sample and attach profile/product evidence.	-
SVELTE-9F5A64D63494250BBD10	runtime-legacy	packages/svelte/tests/runtime-legacy/samples/deconflict-value/	9b78e1005f405e3a057931b5acf1eeba37238444	sample-directory	blocked	BS1	BF2 must execute/classify the sample and attach profile/product evidence.	-
SVELTE-AFFBD46D774292E116FC	runtime-legacy	packages/svelte/tests/runtime-legacy/samples/deconflict-vars/	c3780f27092c5a008ce4672fa017bbedeab9e0ef	sample-directory	blocked	BS1	BF2 must execute/classify the sample and attach profile/product evidence.	-
SVELTE-C6D95515640E9BD6FC1F	runtime-legacy	packages/svelte/tests/runtime-legacy/samples/default-data-function/	9a21cb73a0996b0542ded4084a97c9d977884c65	sample-directory	blocked	BS1	BF2 must execute/classify the sample and attach profile/product evidence.	-
SVELTE-4F41723018BE1AAAF9CF	runtime-legacy	packages/svelte/tests/runtime-legacy/samples/default-data-override/	b0cf1cdc7f87654ee240e6f843ccfd2351e8d311	sample-directory	blocked	BS1	BF2 must execute/classify the sample and attach profile/product evidence.	-
SVELTE-E13EB7D5824DAA724999	runtime-legacy	packages/svelte/tests/runtime-legacy/samples/default-data/	20a8ef2438c3fae1042e93df6c0502726e6b9c1e	sample-directory	blocked	BS1	BF2 must execute/classify the sample and attach profile/product evidence.	-
SVELTE-3BCB3565CCB9EF79EE25	runtime-legacy	packages/svelte/tests/runtime-legacy/samples/destroy-twice/	42fc8bfdb361ad951140e2fa378acb41c035566d	sample-directory	blocked	BS1	BF2 must execute/classify the sample and attach profile/product evidence.	-
SVELTE-59F9035663098125AABF	runtime-legacy	packages/svelte/tests/runtime-legacy/samples/destructured-assignment-pattern-with-object-pattern/	c5d5fb7a3131e7d019bfdaab2495ab584699baa6	sample-directory	blocked	BS1	BF2 must execute/classify the sample and attach profile/product evidence.	-
SVELTE-B52468C37172EE5EAF86	runtime-legacy	packages/svelte/tests/runtime-legacy/samples/destructured-props-1/	d48c57346ba7b4f1348ad1924e6d9366cc3b25ad	sample-directory	blocked	BS1	BF2 must execute/classify the sample and attach profile/product evidence.	-
SVELTE-E4442A39D92A4A554C0D	runtime-legacy	packages/svelte/tests/runtime-legacy/samples/destructured-props-2/	32b0b1b1fd87037e896212e5b8d63c57df6cc464	sample-directory	blocked	BS1	BF2 must execute/classify the sample and attach profile/product evidence.	-
SVELTE-9CE7C5AD6962270A6EE9	runtime-legacy	packages/svelte/tests/runtime-legacy/samples/destructured-props-3/	5e8b8e4eac66dd40c22f26923242770c5c88dcc6	sample-directory	blocked	BS1	BF2 must execute/classify the sample and attach profile/product evidence.	-
SVELTE-DA6AFCE1794C8EEE6721	runtime-legacy	packages/svelte/tests/runtime-legacy/samples/destructured-props-4/	daaf4b652b5c3bceb89eb486bbac4f39b670c65d	sample-directory	blocked	BS1	BF2 must execute/classify the sample and attach profile/product evidence.	-
SVELTE-B2CB29ACFDDC48FF66C6	runtime-legacy	packages/svelte/tests/runtime-legacy/samples/destructured-props-5/	ebdb9547fa5d365c116929cec6e3d1705af638d5	sample-directory	blocked	BS1	BF2 must execute/classify the sample and attach profile/product evidence.	-
SVELTE-2680C5EF115221BAF302	runtime-legacy	packages/svelte/tests/runtime-legacy/samples/destructuring-assignment-array/	aab2fad91eed1db6603d8c44c5e7a2df4dc2d8e9	sample-directory	blocked	BS1	BF2 must execute/classify the sample and attach profile/product evidence.	-
SVELTE-F3B8A9B41933B7F7E344	runtime-legacy	packages/svelte/tests/runtime-legacy/samples/destructuring-between-exports/	ad28ba04e6b21db1c9a8917d83367bdad660d401	sample-directory	blocked	BS1	BF2 must execute/classify the sample and attach profile/product evidence.	-
SVELTE-9A845F4A9AAB93024929	runtime-legacy	packages/svelte/tests/runtime-legacy/samples/destructuring-one-value-reactive/	3022c175d967e7f8b9ff9ae5663921753dc70c75	sample-directory	blocked	BS1	BF2 must execute/classify the sample and attach profile/product evidence.	-
SVELTE-5BE9C40A5AACF4F833C8	runtime-legacy	packages/svelte/tests/runtime-legacy/samples/destructuring/	cd30bb365144c4cbc600d86bc6ad75260ab256fe	sample-directory	blocked	BS1	BF2 must execute/classify the sample and attach profile/product evidence.	-
SVELTE-5B7D856649EF38070880	runtime-legacy	packages/svelte/tests/runtime-legacy/samples/dev-warning-each-block-require-arraylike/	c552be0b0b0189ab02712ff02d51b2b5b5ce988a	sample-directory	blocked	BS1	BF2 must execute/classify the sample and attach profile/product evidence.	-
SVELTE-5C5AA0D5CC48DCC2DD59	runtime-legacy	packages/svelte/tests/runtime-legacy/samples/dev-warning-readonly-computed/	988da65232c310b03221c142c0a46eadf1fe5fca	sample-directory	blocked	BS1	BF2 must execute/classify the sample and attach profile/product evidence.	-
SVELTE-39C2775BF258498D142F	runtime-legacy	packages/svelte/tests/runtime-legacy/samples/document-binding-active/	fa3723baa58b22eeab970d45d79c7b111a9f0d04	sample-directory	blocked	BS1	BF2 must execute/classify the sample and attach profile/product evidence.	-
SVELTE-47EA4F007EB4A773E605	runtime-legacy	packages/svelte/tests/runtime-legacy/samples/document-binding-fullscreen/	f5b9aa36f66010820a1427bf01bc842829963646	sample-directory	blocked	BS1	BF2 must execute/classify the sample and attach profile/product evidence.	-
SVELTE-AC96EB1D4B4E5BF3607F	runtime-legacy	packages/svelte/tests/runtime-legacy/samples/document-event/	a465514f9e4755b327e86e96857675448d857a32	sample-directory	blocked	BS1	BF2 must execute/classify the sample and attach profile/product evidence.	-
SVELTE-6274360195946A0D2007	runtime-legacy	packages/svelte/tests/runtime-legacy/samples/dynamic-component-bindings-recreated-b/	ea6eb46b52b332072df5f968c72f605d13c063a0	sample-directory	blocked	BS1	BF2 must execute/classify the sample and attach profile/product evidence.	-
SVELTE-DA2083A3363A32AE622A	runtime-legacy	packages/svelte/tests/runtime-legacy/samples/dynamic-component-bindings-recreated/	88c7a4e662ebb5967585e70ed6de9ab3e6c34805	sample-directory	blocked	BS1	BF2 must execute/classify the sample and attach profile/product evidence.	-
SVELTE-39C331F6AB739065298C	runtime-legacy	packages/svelte/tests/runtime-legacy/samples/dynamic-component-bindings/	ff5daf3ac52b1f1e70dcfcf305d80e421d0ab4ba	sample-directory	blocked	BS1	BF2 must execute/classify the sample and attach profile/product evidence.	-
SVELTE-07A5A74B35E5D7A086B1	runtime-legacy	packages/svelte/tests/runtime-legacy/samples/dynamic-component-destroy-null/	ff61beb1903e99fc4c83aed06c6111b5b2c18025	sample-directory	blocked	BS1	BF2 must execute/classify the sample and attach profile/product evidence.	-
SVELTE-0C9A5459F442C447C1A7	runtime-legacy	packages/svelte/tests/runtime-legacy/samples/dynamic-component-dirty/	20e4ee5ea8ac091962b6d093884deedf1729b0cf	sample-directory	blocked	BS1	BF2 must execute/classify the sample and attach profile/product evidence.	-
SVELTE-0A7244294CBFD3B8D6C6	runtime-legacy	packages/svelte/tests/runtime-legacy/samples/dynamic-component-evals-props-once/	62d2652a98f29c2e948db30237e8c0ced5c91b1e	sample-directory	blocked	BS1	BF2 must execute/classify the sample and attach profile/product evidence.	-
SVELTE-55ECF41A0EFE5A520A7E	runtime-legacy	packages/svelte/tests/runtime-legacy/samples/dynamic-component-events/	8e3944ad1bd0810538b7dad6fd529f0a35d82cab	sample-directory	blocked	BS1	BF2 must execute/classify the sample and attach profile/product evidence.	-
SVELTE-617E13EA210DE4F68285	runtime-legacy	packages/svelte/tests/runtime-legacy/samples/dynamic-component-in-if-initial-falsy/	c7eff9fd4d0ba7c185d5a034b46e3e972a7dd62f	sample-directory	blocked	BS1	BF2 must execute/classify the sample and attach profile/product evidence.	-
SVELTE-34F0A868998FA08E76E5	runtime-legacy	packages/svelte/tests/runtime-legacy/samples/dynamic-component-in-if/	9f69986f6915ee4c64c5e2dd361f8a1f6ecf567f	sample-directory	blocked	BS1	BF2 must execute/classify the sample and attach profile/product evidence.	-
SVELTE-CD58D127E63BD726DE11	runtime-legacy	packages/svelte/tests/runtime-legacy/samples/dynamic-component-inside-element/	daefcbcfe4c72189607f33e1f1022c34a593631a	sample-directory	blocked	BS1	BF2 must execute/classify the sample and attach profile/product evidence.	-
SVELTE-16528DD50B60D2732D71	runtime-legacy	packages/svelte/tests/runtime-legacy/samples/dynamic-component-nulled-out-intro/	dc2de3930d02833e34cea09915a8289f76876dd4	sample-directory	blocked	BS1	BF2 must execute/classify the sample and attach profile/product evidence.	-
SVELTE-03B152D4FF876BF9C269	runtime-legacy	packages/svelte/tests/runtime-legacy/samples/dynamic-component-nulled-out/	584eca56e3b50846c67e1c19e6676e8d52dbf567	sample-directory	blocked	BS1	BF2 must execute/classify the sample and attach profile/product evidence.	-
SVELTE-01A21A9BD0D4EC8D56B4	runtime-legacy	packages/svelte/tests/runtime-legacy/samples/dynamic-component-ref/	c778ae48fff9b4857713abd469e3d45f85a24f26	sample-directory	blocked	BS1	BF2 must execute/classify the sample and attach profile/product evidence.	-
SVELTE-1A2E3112DC659CB0EB2D	runtime-legacy	packages/svelte/tests/runtime-legacy/samples/dynamic-component-slot/	8ce3e1646f67378280fc4364f637dcf33e65b307	sample-directory	blocked	BS1	BF2 must execute/classify the sample and attach profile/product evidence.	-
SVELTE-CA7F94A4FF2E0FCFC286	runtime-legacy	packages/svelte/tests/runtime-legacy/samples/dynamic-component-spread-props/	bb47e61348f8a0f143023b6860e34322533165d2	sample-directory	blocked	BS1	BF2 must execute/classify the sample and attach profile/product evidence.	-
SVELTE-B37A14699BBCE7778FF4	runtime-legacy	packages/svelte/tests/runtime-legacy/samples/dynamic-component-this/	35d35e916c1dca48d2a0ded1e7da259afcecc334	sample-directory	blocked	BS1	BF2 must execute/classify the sample and attach profile/product evidence.	-
SVELTE-E6769362C1E07ABD8637	runtime-legacy	packages/svelte/tests/runtime-legacy/samples/dynamic-component-update-existing-instance/	e42f8e6b212784f9ae8c46c01ba30e14c08e0e7d	sample-directory	blocked	BS1	BF2 must execute/classify the sample and attach profile/product evidence.	-
SVELTE-ED258DA1141B08984A0B	runtime-legacy	packages/svelte/tests/runtime-legacy/samples/dynamic-component/	fcf60acfcff8a2f5024915735d24a5536aa22aca	sample-directory	blocked	BS1	BF2 must execute/classify the sample and attach profile/product evidence.	-
SVELTE-B3E2AA85E3C0DCDF0927	runtime-legacy	packages/svelte/tests/runtime-legacy/samples/dynamic-element-action-update/	09e8d9e18f6d41b52d3ff876fe6b8c8af5afcaf1	sample-directory	blocked	BS1	BF2 must execute/classify the sample and attach profile/product evidence.	-
SVELTE-D9762872C7CD1E8FC7B6	runtime-legacy	packages/svelte/tests/runtime-legacy/samples/dynamic-element-animation-2/	22010842b729328e1f9584df2bd6ac3fbabca7a7	sample-directory	blocked	BS1	BF2 must execute/classify the sample and attach profile/product evidence.	-
SVELTE-6B20091AD71B5D7C6615	runtime-legacy	packages/svelte/tests/runtime-legacy/samples/dynamic-element-animation/	fc938b99e5babbfb540a4cae89e34c4f14559474	sample-directory	blocked	BS1	BF2 must execute/classify the sample and attach profile/product evidence.	-
SVELTE-CE9AB6BA59C056CD7305	runtime-legacy	packages/svelte/tests/runtime-legacy/samples/dynamic-element-attribute-boolean/	baefb9bc53982039057b81ebd8b0b49fb3a9915c	sample-directory	blocked	BS1	BF2 must execute/classify the sample and attach profile/product evidence.	-
SVELTE-FB30FBC49BE17A9E3BA6	runtime-legacy	packages/svelte/tests/runtime-legacy/samples/dynamic-element-attribute-spread/	b8c78d4b8394b8cdc41a486ceeaf0c854989b39b	sample-directory	blocked	BS1	BF2 must execute/classify the sample and attach profile/product evidence.	-
SVELTE-23414DB7E0FE3859EA8A	runtime-legacy	packages/svelte/tests/runtime-legacy/samples/dynamic-element-attribute/	0f98a950877c63ef53b3ad68738598e85cb52440	sample-directory	blocked	BS1	BF2 must execute/classify the sample and attach profile/product evidence.	-
SVELTE-53973033FD2745937A88	runtime-legacy	packages/svelte/tests/runtime-legacy/samples/dynamic-element-binding-this/	67604ea63c0955856fa80a6dfe1773c0f36a3cda	sample-directory	blocked	BS1	BF2 must execute/classify the sample and attach profile/product evidence.	-
SVELTE-C3CA987E9BCE77C39CA3	runtime-legacy	packages/svelte/tests/runtime-legacy/samples/dynamic-element-change-tag/	0345a08d2925c6080462cce31c9b8d5747f5b413	sample-directory	blocked	BS1	BF2 must execute/classify the sample and attach profile/product evidence.	-
SVELTE-D7CD0F6BDE953CDD2574	runtime-legacy	packages/svelte/tests/runtime-legacy/samples/dynamic-element-class-directive/	28260acb2510c4e98e573c6cf7a18eb4cfd3e6ac	sample-directory	blocked	BS1	BF2 must execute/classify the sample and attach profile/product evidence.	-
SVELTE-DE424ECE34C56F41462B	runtime-legacy	packages/svelte/tests/runtime-legacy/samples/dynamic-element-empty-tag/	c5890103d50d8ea61db1f06ed891930e115665a6	sample-directory	blocked	BS1	BF2 must execute/classify the sample and attach profile/product evidence.	-
SVELTE-18B4461C3FF866184609	runtime-legacy	packages/svelte/tests/runtime-legacy/samples/dynamic-element-event-handler1/	3582a5118c89e4506adb8bffdc7e1bb5fb1888fe	sample-directory	blocked	BS1	BF2 must execute/classify the sample and attach profile/product evidence.	-
SVELTE-8C7A255814A23FB4C341	runtime-legacy	packages/svelte/tests/runtime-legacy/samples/dynamic-element-event-handler2/	3a43f70bf992c9b175910527d2c595fcdd0463f3	sample-directory	blocked	BS1	BF2 must execute/classify the sample and attach profile/product evidence.	-
SVELTE-CABAD07F6A52F98546EC	runtime-legacy	packages/svelte/tests/runtime-legacy/samples/dynamic-element-event-handler3/	491772424d4be38ff316b2ff5b21ab1994633882	sample-directory	blocked	BS1	BF2 must execute/classify the sample and attach profile/product evidence.	-
SVELTE-BB0402EA944C6DCF8D3A	runtime-legacy	packages/svelte/tests/runtime-legacy/samples/dynamic-element-expression/	c73872f70b28c053db55829029e40a3a3c08fa3b	sample-directory	blocked	BS1	BF2 must execute/classify the sample and attach profile/product evidence.	-
SVELTE-840A74CB8F35F25B3186	runtime-legacy	packages/svelte/tests/runtime-legacy/samples/dynamic-element-invalid-this-content/	e352b29ac11a22e3e77605ed5d3b370c13e9f275	sample-directory	blocked	BS1	BF2 must execute/classify the sample and attach profile/product evidence.	-
SVELTE-9D098DF34B6D4F038AD3	runtime-legacy	packages/svelte/tests/runtime-legacy/samples/dynamic-element-invalid-this/	a9116822f7840fce558537dd91d6696033d7e566	sample-directory	blocked	BS1	BF2 must execute/classify the sample and attach profile/product evidence.	-
SVELTE-B0D27E5E50444E9943DF	runtime-legacy	packages/svelte/tests/runtime-legacy/samples/dynamic-element-null-tag/	afa8397e795ff4c7b780025b220c6f3b7d7feadd	sample-directory	blocked	BS1	BF2 must execute/classify the sample and attach profile/product evidence.	-
SVELTE-497AA3E3A9D1F4BC399D	runtime-legacy	packages/svelte/tests/runtime-legacy/samples/dynamic-element-pass-props/	43c88f3492206f2c60cb1b22867194d3d4650314	sample-directory	blocked	BS1	BF2 must execute/classify the sample and attach profile/product evidence.	-
SVELTE-20117876CCBD45D034AF	runtime-legacy	packages/svelte/tests/runtime-legacy/samples/dynamic-element-slot/	c2a01638294a253de71f95158378effb74a97373	sample-directory	blocked	BS1	BF2 must execute/classify the sample and attach profile/product evidence.	-
SVELTE-FABCB408B3D0DD5BE493	runtime-legacy	packages/svelte/tests/runtime-legacy/samples/dynamic-element-spread-attributes/	6c2504762acb6e81fd9996c92a6eae3b1680f215	sample-directory	blocked	BS1	BF2 must execute/classify the sample and attach profile/product evidence.	-
SVELTE-78FA3F2F5E8A7CA93799	runtime-legacy	packages/svelte/tests/runtime-legacy/samples/dynamic-element-store/	f2cdce4860782e6979386bdeed3a211b55e70de2	sample-directory	blocked	BS1	BF2 must execute/classify the sample and attach profile/product evidence.	-
SVELTE-2B2E790EBB6552EF5AA3	runtime-legacy	packages/svelte/tests/runtime-legacy/samples/dynamic-element-string/	fc7f69c099e4dd8ac44211af43d33c4f4c954dc7	sample-directory	blocked	BS1	BF2 must execute/classify the sample and attach profile/product evidence.	-
SVELTE-BB906F2A4861935EE60E	runtime-legacy	packages/svelte/tests/runtime-legacy/samples/dynamic-element-svg-implicit-namespace/	8a9a06e94055b15d0c8bb2c37152004015e400b6	sample-directory	blocked	BS1	BF2 must execute/classify the sample and attach profile/product evidence.	-
SVELTE-F24D5EAE5D65B75D183B	runtime-legacy	packages/svelte/tests/runtime-legacy/samples/dynamic-element-svg-inherit-namespace-2/	313ce7108d3a357533c1b9fe029b75187be2303b	sample-directory	blocked	BS1	BF2 must execute/classify the sample and attach profile/product evidence.	-
SVELTE-7C9EE164DE641A72F24E	runtime-legacy	packages/svelte/tests/runtime-legacy/samples/dynamic-element-svg-inherit-namespace/	80946ff116d9155c7fcbb8a42dbabf1875054110	sample-directory	blocked	BS1	BF2 must execute/classify the sample and attach profile/product evidence.	-
SVELTE-F972772D2DB1AC7305AF	runtime-legacy	packages/svelte/tests/runtime-legacy/samples/dynamic-element-svg-options-namespace/	99c027fdb9e1ea715f4f01884bc282a9bbd7e97c	sample-directory	blocked	BS1	BF2 must execute/classify the sample and attach profile/product evidence.	-
SVELTE-60523EDD8CA578BDB8C6	runtime-legacy	packages/svelte/tests/runtime-legacy/samples/dynamic-element-svg/	064ad7e7fe4be08ef5b7090563cb71eabe92c933	sample-directory	blocked	BS1	BF2 must execute/classify the sample and attach profile/product evidence.	-
SVELTE-05FC8BE05770D57C199C	runtime-legacy	packages/svelte/tests/runtime-legacy/samples/dynamic-element-template-literals/	c62e5a8892dc63a135985b2972d401d14f3cb911	sample-directory	blocked	BS1	BF2 must execute/classify the sample and attach profile/product evidence.	-
SVELTE-5267E7EEA396B1BC4825	runtime-legacy	packages/svelte/tests/runtime-legacy/samples/dynamic-element-textarea/	433bd2a6d03867b1aec8a98145aa1b0775a9226f	sample-directory	blocked	BS1	BF2 must execute/classify the sample and attach profile/product evidence.	-
SVELTE-F1C0A893F72EB3828892	runtime-legacy	packages/svelte/tests/runtime-legacy/samples/dynamic-element-transition/	2d1bd1dfd146334c77a066e3ee3eb98a40dcbf50	sample-directory	blocked	BS1	BF2 must execute/classify the sample and attach profile/product evidence.	-
SVELTE-BE2775831990FEE5B408	runtime-legacy	packages/svelte/tests/runtime-legacy/samples/dynamic-element-undefined-tag/	ed09f3f716212adeae37204e1ec87f93b5cfda56	sample-directory	blocked	BS1	BF2 must execute/classify the sample and attach profile/product evidence.	-
SVELTE-2382FDF18181EB6FA109	runtime-legacy	packages/svelte/tests/runtime-legacy/samples/dynamic-element-variable/	013d382f7a84903f104ff3ad5fe124d79bc4fa3d	sample-directory	blocked	BS1	BF2 must execute/classify the sample and attach profile/product evidence.	-
SVELTE-1A25F45FFEB39579898B	runtime-legacy	packages/svelte/tests/runtime-legacy/samples/dynamic-element-void-tag/	2c4f34292a4a8dbb58ca41c3029b69057d883d3e	sample-directory	blocked	BS1	BF2 must execute/classify the sample and attach profile/product evidence.	-
SVELTE-42F8FDA02C3EB6BDDCAF	runtime-legacy	packages/svelte/tests/runtime-legacy/samples/dynamic-element-void-with-content-1/	c65abd5b7578cc1257b3258600fe76e0e23c0d8b	sample-directory	blocked	BS1	BF2 must execute/classify the sample and attach profile/product evidence.	-
SVELTE-8BF1C4625161C0808F1E	runtime-legacy	packages/svelte/tests/runtime-legacy/samples/dynamic-element-void-with-content-2/	b0234744ef2e71e59a4484e9357839cb88425664	sample-directory	blocked	BS1	BF2 must execute/classify the sample and attach profile/product evidence.	-
SVELTE-6860BE3301F1145BB079	runtime-legacy	packages/svelte/tests/runtime-legacy/samples/dynamic-element-void-with-content-3/	f68ee87d04846535e29a270a40db85a92015972e	sample-directory	blocked	BS1	BF2 must execute/classify the sample and attach profile/product evidence.	-
SVELTE-B0817D0B1D345786DDAA	runtime-legacy	packages/svelte/tests/runtime-legacy/samples/dynamic-element-void-with-content-4/	62d82126d65a9aff05db8c86fbb9d3826b338359	sample-directory	blocked	BS1	BF2 must execute/classify the sample and attach profile/product evidence.	-
SVELTE-036249ED9C17BBC7313B	runtime-legacy	packages/svelte/tests/runtime-legacy/samples/dynamic-element-void-with-content-5/	fc812861a7843bd04f4f506d6b6461c23c00f127	sample-directory	blocked	BS1	BF2 must execute/classify the sample and attach profile/product evidence.	-
SVELTE-6E79CCA603B6902378CD	runtime-legacy	packages/svelte/tests/runtime-legacy/samples/each-block-after-let/	83b805b10e74768d30165c9320720fff7f4a4b9c	sample-directory	blocked	BS1	BF2 must execute/classify the sample and attach profile/product evidence.	-
SVELTE-0027A13D44FBE523A8E2	runtime-legacy	packages/svelte/tests/runtime-legacy/samples/each-block-array-literal/	7f8a74b0539dfdbaf68ef299fba45e95e0de1960	sample-directory	blocked	BS1	BF2 must execute/classify the sample and attach profile/product evidence.	-
SVELTE-BB3EBE1148ADFE22B09C	runtime-legacy	packages/svelte/tests/runtime-legacy/samples/each-block-component-no-props/	e59d4742373ae45b2c5e599bd0996ed5babd51bb	sample-directory	blocked	BS1	BF2 must execute/classify the sample and attach profile/product evidence.	-
SVELTE-B2896D1F789699C5F3A9	runtime-legacy	packages/svelte/tests/runtime-legacy/samples/each-block-containing-component-in-if/	52125c35123f9d6830df0472a2912cdec26993fe	sample-directory	blocked	BS1	BF2 must execute/classify the sample and attach profile/product evidence.	-
SVELTE-ACA8AA9ADB1358F61FCE	runtime-legacy	packages/svelte/tests/runtime-legacy/samples/each-block-containing-if/	05c2b20f98a62efe1e997f967738515e3859ac90	sample-directory	blocked	BS1	BF2 must execute/classify the sample and attach profile/product evidence.	-
SVELTE-39C9E1202E0EEC35B73A	runtime-legacy	packages/svelte/tests/runtime-legacy/samples/each-block-deconflict-name-context/	017fe6917fd4822db01963e53d007092d6865d88	sample-directory	blocked	BS1	BF2 must execute/classify the sample and attach profile/product evidence.	-
SVELTE-6F4AC1852B523077276A	runtime-legacy	packages/svelte/tests/runtime-legacy/samples/each-block-destructured-array-as-object/	5ae02b29475cfe8e206ded72b523b5cf82d54b13	sample-directory	blocked	BS1	BF2 must execute/classify the sample and attach profile/product evidence.	-
SVELTE-C40938BC117633F5C64D	runtime-legacy	packages/svelte/tests/runtime-legacy/samples/each-block-destructured-array-computed-props/	e99057909aefde06089c30280bcc8df8be099e0f	sample-directory	blocked	BS1	BF2 must execute/classify the sample and attach profile/product evidence.	-
SVELTE-0DBC88319FC97B2308CE	runtime-legacy	packages/svelte/tests/runtime-legacy/samples/each-block-destructured-array-nested-rest/	815c9d498fb675139993dafe3faad4087f8f95e3	sample-directory	blocked	BS1	BF2 must execute/classify the sample and attach profile/product evidence.	-
SVELTE-5B963EF8B7C0CD04D1AF	runtime-legacy	packages/svelte/tests/runtime-legacy/samples/each-block-destructured-array-sparse/	05667c255bdf5cc5a310e526d82e6418899ffca4	sample-directory	blocked	BS1	BF2 must execute/classify the sample and attach profile/product evidence.	-
SVELTE-29459CF332F76DBE5B4E	runtime-legacy	packages/svelte/tests/runtime-legacy/samples/each-block-destructured-array/	d5ee81cf6ec7b52dc19b910925178bc10fa16a99	sample-directory	blocked	BS1	BF2 must execute/classify the sample and attach profile/product evidence.	-
SVELTE-CDB9E58D3A2A416D9D1A	runtime-legacy	packages/svelte/tests/runtime-legacy/samples/each-block-destructured-default-before-initialised/	f7e05bf2c43fa5e87ac34f4b2ca2bbb1a90a9db7	sample-directory	blocked	BS1	BF2 must execute/classify the sample and attach profile/product evidence.	-
SVELTE-47A1065F30A18A8C1272	runtime-legacy	packages/svelte/tests/runtime-legacy/samples/each-block-destructured-default-binding/	f0eacb82d3d0fabad23979b3944727e0d33d37b4	sample-directory	blocked	BS1	BF2 must execute/classify the sample and attach profile/product evidence.	-
SVELTE-8B2F7EA772E01E1EDFEF	runtime-legacy	packages/svelte/tests/runtime-legacy/samples/each-block-destructured-default/	7256d2a570b5640a898d90e7f3e6f2f7ccb9597e	sample-directory	blocked	BS1	BF2 must execute/classify the sample and attach profile/product evidence.	-
SVELTE-C944A1119D6A9CC38B7E	runtime-legacy	packages/svelte/tests/runtime-legacy/samples/each-block-destructured-object-binding/	3e6ed171c30538005f0190da91c412be6184fa42	sample-directory	blocked	BS1	BF2 must execute/classify the sample and attach profile/product evidence.	-
SVELTE-4A9134BAA741FC790451	runtime-legacy	packages/svelte/tests/runtime-legacy/samples/each-block-destructured-object-computed-props/	a1f98d5c09af0d3ba11ab2c4318d89368eef336b	sample-directory	blocked	BS1	BF2 must execute/classify the sample and attach profile/product evidence.	-
SVELTE-A51C22F9CE3B05A5D685	runtime-legacy	packages/svelte/tests/runtime-legacy/samples/each-block-destructured-object-literal-props/	bcb8f9d975ce5aa8c73a56299c610e45fde3cae6	sample-directory	blocked	BS1	BF2 must execute/classify the sample and attach profile/product evidence.	-
SVELTE-F886C7D68E5094467049	runtime-legacy	packages/svelte/tests/runtime-legacy/samples/each-block-destructured-object-literal-rest/	4b26fa238b3d8b022bf1f6b1c98b0e39d653f8aa	sample-directory	blocked	BS1	BF2 must execute/classify the sample and attach profile/product evidence.	-
SVELTE-3DF9AF9F933F80A28950	runtime-legacy	packages/svelte/tests/runtime-legacy/samples/each-block-destructured-object-reserved-key/	3b30e456bef76a93e424bee87f9f39d726534c70	sample-directory	blocked	BS1	BF2 must execute/classify the sample and attach profile/product evidence.	-
SVELTE-1A4EE14CAE417B20AA56	runtime-legacy	packages/svelte/tests/runtime-legacy/samples/each-block-destructured-object-rest/	d5ea5485d4c46e49d63ba3d6e2417a5de6b64805	sample-directory	blocked	BS1	BF2 must execute/classify the sample and attach profile/product evidence.	-
SVELTE-CCE44018E53CBE5FAFC3	runtime-legacy	packages/svelte/tests/runtime-legacy/samples/each-block-destructured-object/	6d47d237cde50c3ea4f92b35e9df456c38c00a3f	sample-directory	blocked	BS1	BF2 must execute/classify the sample and attach profile/product evidence.	-
SVELTE-74FBE5D7D0A1B7AD1AC2	runtime-legacy	packages/svelte/tests/runtime-legacy/samples/each-block-dynamic-else-static/	06cbf4c6be9154736ee4170b9b0e8114b7574d72	sample-directory	blocked	BS1	BF2 must execute/classify the sample and attach profile/product evidence.	-
SVELTE-7EF327967BDBDED96FDC	runtime-legacy	packages/svelte/tests/runtime-legacy/samples/each-block-else-in-if/	c05e6068d429f42cc9a8e839c858a1b8eec4c738	sample-directory	blocked	BS1	BF2 must execute/classify the sample and attach profile/product evidence.	-
SVELTE-378827A317B9D254FBA3	runtime-legacy	packages/svelte/tests/runtime-legacy/samples/each-block-else-mount-or-intro/	aa5fe034f1f935caa3a502d29415ff0f136c0bea	sample-directory	blocked	BS1	BF2 must execute/classify the sample and attach profile/product evidence.	-
SVELTE-0E0E4A059E0DC101E47B	runtime-legacy	packages/svelte/tests/runtime-legacy/samples/each-block-else-starts-empty/	9e0ac6dc5b353c06577f73f455d03e6a87f4a178	sample-directory	blocked	BS1	BF2 must execute/classify the sample and attach profile/product evidence.	-
SVELTE-92F8B206E4DC06FF2F98	runtime-legacy	packages/svelte/tests/runtime-legacy/samples/each-block-else/	2cfb9cc8f33b664543474eeffb74876eca8341d1	sample-directory	blocked	BS1	BF2 must execute/classify the sample and attach profile/product evidence.	-
SVELTE-C44946FCD66DD6734ABE	runtime-legacy	packages/svelte/tests/runtime-legacy/samples/each-block-empty-outro/	abc00b170f94777488eea8a00e52e3a6122fe04c	sample-directory	blocked	BS1	BF2 must execute/classify the sample and attach profile/product evidence.	-
SVELTE-C5F2AD419ADC663B0AF2	runtime-legacy	packages/svelte/tests/runtime-legacy/samples/each-block-func-function/	fc5e9e639915939b8ecd52084a42a4149db19a7a	sample-directory	blocked	BS1	BF2 must execute/classify the sample and attach profile/product evidence.	-
SVELTE-E01461766FA55FD042C1	runtime-legacy	packages/svelte/tests/runtime-legacy/samples/each-block-function/	5c2d94464577535825d7478d3d55e0fe54e5e0e6	sample-directory	blocked	BS1	BF2 must execute/classify the sample and attach profile/product evidence.	-
SVELTE-3F7030293A6E40DAF31A	runtime-legacy	packages/svelte/tests/runtime-legacy/samples/each-block-in-if-block/	07bffbb32ed20af322ee2a68f39051b84d3889cb	sample-directory	blocked	BS1	BF2 must execute/classify the sample and attach profile/product evidence.	-
SVELTE-AAB3A469B4A8525F4E29	runtime-legacy	packages/svelte/tests/runtime-legacy/samples/each-block-index-only/	2158bcf5a117aa1a731a47b09e9b2faf01d7c097	sample-directory	blocked	BS1	BF2 must execute/classify the sample and attach profile/product evidence.	-
SVELTE-7FF04FE2FBC1B92F9455	runtime-legacy	packages/svelte/tests/runtime-legacy/samples/each-block-indexed/	39641a6f6ca94aa220e88565fd1587a06e91cc5c	sample-directory	blocked	BS1	BF2 must execute/classify the sample and attach profile/product evidence.	-
SVELTE-7A76E3468EC3778735CE	runtime-legacy	packages/svelte/tests/runtime-legacy/samples/each-block-keyed-bind-group/	282ca685ed31381422cf8faa64699923dfaae8a5	sample-directory	blocked	BS1	BF2 must execute/classify the sample and attach profile/product evidence.	-
SVELTE-477A9394E3D30E6EA3F5	runtime-legacy	packages/svelte/tests/runtime-legacy/samples/each-block-keyed-changed/	ae030d4360e767dc1828d30a1a780d0a41650fbd	sample-directory	blocked	BS1	BF2 must execute/classify the sample and attach profile/product evidence.	-
SVELTE-D9A02C3FFA99E227A279	runtime-legacy	packages/svelte/tests/runtime-legacy/samples/each-block-keyed-component-action/	2453f18cf068aa583b5d7777d584eb85d7735b6b	sample-directory	blocked	BS1	BF2 must execute/classify the sample and attach profile/product evidence.	-
SVELTE-EF410C3F81A2484AE276	runtime-legacy	packages/svelte/tests/runtime-legacy/samples/each-block-keyed-dynamic-2/	fb348f54ae6bd297288684791c34d2bf690ed8c3	sample-directory	blocked	BS1	BF2 must execute/classify the sample and attach profile/product evidence.	-
SVELTE-4F922174C191DABAB93D	runtime-legacy	packages/svelte/tests/runtime-legacy/samples/each-block-keyed-dynamic-key/	e41c86252080dba9eee3906c2aead39342460a0b	sample-directory	blocked	BS1	BF2 must execute/classify the sample and attach profile/product evidence.	-
SVELTE-9C9BC382030252A0D13A	runtime-legacy	packages/svelte/tests/runtime-legacy/samples/each-block-keyed-dynamic/	ee421013642d05c26b4dcb6b8ecbc8d7d52360c5	sample-directory	blocked	BS1	BF2 must execute/classify the sample and attach profile/product evidence.	-
SVELTE-387FF7358410D75BB5BB	runtime-legacy	packages/svelte/tests/runtime-legacy/samples/each-block-keyed-else/	fded2ffedb753f61aa153998a707c24ce0e8b2d1	sample-directory	blocked	BS1	BF2 must execute/classify the sample and attach profile/product evidence.	-
SVELTE-856B24922EBA78AD0500	runtime-legacy	packages/svelte/tests/runtime-legacy/samples/each-block-keyed-empty/	8d21a61750a1b2dd1a6be4981fd67b7bd67eb06b	sample-directory	blocked	BS1	BF2 must execute/classify the sample and attach profile/product evidence.	-
SVELTE-1BA66F475E11C6A42641	runtime-legacy	packages/svelte/tests/runtime-legacy/samples/each-block-keyed-html-b/	efd365f53b82de8fc2e41f632fd4a666da4aebc1	sample-directory	blocked	BS1	BF2 must execute/classify the sample and attach profile/product evidence.	-
SVELTE-83E9C624C72467ACD72F	runtime-legacy	packages/svelte/tests/runtime-legacy/samples/each-block-keyed-html/	8e3ca4d440553caa7a108e6e89ad23eb46c3e47d	sample-directory	blocked	BS1	BF2 must execute/classify the sample and attach profile/product evidence.	-
SVELTE-607A19F54CA0C4B5F6EC	runtime-legacy	packages/svelte/tests/runtime-legacy/samples/each-block-keyed-iife/	554cd860f6cbfa10819ed207e4bd5e608cd3c2b1	sample-directory	blocked	BS1	BF2 must execute/classify the sample and attach profile/product evidence.	-
SVELTE-C3102A1937582EA721C4	runtime-legacy	packages/svelte/tests/runtime-legacy/samples/each-block-keyed-index-in-event-handler/	b69edda954da4e0a134d9f1720e23ec71e82b0e0	sample-directory	blocked	BS1	BF2 must execute/classify the sample and attach profile/product evidence.	-
SVELTE-90950B60AC8D34073152	runtime-legacy	packages/svelte/tests/runtime-legacy/samples/each-block-keyed-index/	9ce47f38d1e64e1dab812f599eab65d061001796	sample-directory	blocked	BS1	BF2 must execute/classify the sample and attach profile/product evidence.	-
SVELTE-604A79F243CB084D5EB5	runtime-legacy	packages/svelte/tests/runtime-legacy/samples/each-block-keyed-nested/	1fbad811b646850d0df229138e69fbe60723624b	sample-directory	blocked	BS1	BF2 must execute/classify the sample and attach profile/product evidence.	-
SVELTE-C8E8CB1CBABD950F7854	runtime-legacy	packages/svelte/tests/runtime-legacy/samples/each-block-keyed-non-prop/	ce593286b97f4d12ac451e36528e7ca8e1f691cb	sample-directory	blocked	BS1	BF2 must execute/classify the sample and attach profile/product evidence.	-
SVELTE-3CCD2DE241C64A058886	runtime-legacy	packages/svelte/tests/runtime-legacy/samples/each-block-keyed-object-identity/	eb7703fe04e1a861c008d481140c59a56a337882	sample-directory	blocked	BS1	BF2 must execute/classify the sample and attach profile/product evidence.	-
SVELTE-DEB860733C0B88CC049F	runtime-legacy	packages/svelte/tests/runtime-legacy/samples/each-block-keyed-random-permute/	e06c178bf8fa7c078139ed2bd73a32993231f585	sample-directory	blocked	BS1	BF2 must execute/classify the sample and attach profile/product evidence.	-
SVELTE-5E6B686AFABD165B21C5	runtime-legacy	packages/svelte/tests/runtime-legacy/samples/each-block-keyed-recursive/	5a712054eaf5608f9644f1961811c8dc69bf82ac	sample-directory	blocked	BS1	BF2 must execute/classify the sample and attach profile/product evidence.	-
SVELTE-208BAE535F7D632A07D4	runtime-legacy	packages/svelte/tests/runtime-legacy/samples/each-block-keyed-shift/	968f6059bab9093ffbfb8530999837ca676415be	sample-directory	blocked	BS1	BF2 must execute/classify the sample and attach profile/product evidence.	-
SVELTE-5519DCCF37B70AD02F9C	runtime-legacy	packages/svelte/tests/runtime-legacy/samples/each-block-keyed-siblings/	f58220fdd7a40889978b820bc00331d598c1c351	sample-directory	blocked	BS1	BF2 must execute/classify the sample and attach profile/product evidence.	-
SVELTE-5F9ED8ED50C8F7C1B12A	runtime-legacy	packages/svelte/tests/runtime-legacy/samples/each-block-keyed-static/	c37038ee52dd1ae3d8d3fc01d10403b09c5cc9bc	sample-directory	blocked	BS1	BF2 must execute/classify the sample and attach profile/product evidence.	-
SVELTE-DC006154B11818864EBA	runtime-legacy	packages/svelte/tests/runtime-legacy/samples/each-block-keyed-unshift/	5020a7571d48210fb95f548d1336c6515ad5f54e	sample-directory	blocked	BS1	BF2 must execute/classify the sample and attach profile/product evidence.	-
SVELTE-C211A0C598A066642595	runtime-legacy	packages/svelte/tests/runtime-legacy/samples/each-block-keyed/	53af12ddcba0939f607f2c3348a94471cf099832	sample-directory	blocked	BS1	BF2 must execute/classify the sample and attach profile/product evidence.	-
SVELTE-2F508C17262D2EB8F19F	runtime-legacy	packages/svelte/tests/runtime-legacy/samples/each-block-random-permute/	86cc07a0e391727b31537e0fe5e9eabcfacc0674	sample-directory	blocked	BS1	BF2 must execute/classify the sample and attach profile/product evidence.	-
SVELTE-E04860234A9044F590AF	runtime-legacy	packages/svelte/tests/runtime-legacy/samples/each-block-recursive-with-function-condition/	0835cc0c937374735f18cad2ce4003381dfa21bf	sample-directory	blocked	BS1	BF2 must execute/classify the sample and attach profile/product evidence.	-
SVELTE-2AC45614B4131B58FF1E	runtime-legacy	packages/svelte/tests/runtime-legacy/samples/each-block-ref-import/	6b1190210b391d72317c8c6321e3af5cc7985e9e	sample-directory	blocked	BS1	BF2 must execute/classify the sample and attach profile/product evidence.	-
SVELTE-1D0F36F440B45C998778	runtime-legacy	packages/svelte/tests/runtime-legacy/samples/each-block-scope-shadow-bind-2/	9f2d4061ef6a11928f72b1b673de8fe56cad29c5	sample-directory	blocked	BS1	BF2 must execute/classify the sample and attach profile/product evidence.	-
SVELTE-19DC54D3FA1578221FB2	runtime-legacy	packages/svelte/tests/runtime-legacy/samples/each-block-scope-shadow-bind-3/	f25b0b89e0bfe29538e824a2eeea93351d629274	sample-directory	blocked	BS1	BF2 must execute/classify the sample and attach profile/product evidence.	-
SVELTE-6A617A76496F199DE124	runtime-legacy	packages/svelte/tests/runtime-legacy/samples/each-block-scope-shadow-bind-4/	e0553fc279d71e91fdd4ec5eff39e5db10d08c5e	sample-directory	blocked	BS1	BF2 must execute/classify the sample and attach profile/product evidence.	-
SVELTE-1774510EAC9526BAF89C	runtime-legacy	packages/svelte/tests/runtime-legacy/samples/each-block-scope-shadow-bind/	38d71aaeb12e910c7f677dc7fc68a03a069e84e6	sample-directory	blocked	BS1	BF2 must execute/classify the sample and attach profile/product evidence.	-
SVELTE-D404C5EAFD179478F4A6	runtime-legacy	packages/svelte/tests/runtime-legacy/samples/each-block-scope-shadow-self/	73faa20162dfecf8f5a1f158c9bd96dcfbe9fe39	sample-directory	blocked	BS1	BF2 must execute/classify the sample and attach profile/product evidence.	-
SVELTE-1C994130A5447F8C696C	runtime-legacy	packages/svelte/tests/runtime-legacy/samples/each-block-scope-shadow/	25ef88f2b686b939c892d8c2fc52527dfc7db1ea	sample-directory	blocked	BS1	BF2 must execute/classify the sample and attach profile/product evidence.	-
SVELTE-51FB67C95A00929D8843	runtime-legacy	packages/svelte/tests/runtime-legacy/samples/each-block-static/	c190f8b9a2f5d9b9aad6cbe72c361dc7bae2cdf7	sample-directory	blocked	BS1	BF2 must execute/classify the sample and attach profile/product evidence.	-
SVELTE-254C48B2D266375C960E	runtime-legacy	packages/svelte/tests/runtime-legacy/samples/each-block-string/	c1547cd16058bac63d497d2e198b77af7ffd4b3d	sample-directory	blocked	BS1	BF2 must execute/classify the sample and attach profile/product evidence.	-
SVELTE-862A945D3B939C82B2E6	runtime-legacy	packages/svelte/tests/runtime-legacy/samples/each-block-text-node/	d9f584295d2b8bb2775c273c54f7bd8f23c5d4a3	sample-directory	blocked	BS1	BF2 must execute/classify the sample and attach profile/product evidence.	-
SVELTE-E3A886C6AD550888BBC4	runtime-legacy	packages/svelte/tests/runtime-legacy/samples/each-block-unkeyed-else-2/	2cfb9cc8f33b664543474eeffb74876eca8341d1	sample-directory	blocked	BS1	BF2 must execute/classify the sample and attach profile/product evidence.	-
SVELTE-E915C5D8A6594EA44728	runtime-legacy	packages/svelte/tests/runtime-legacy/samples/each-block-with-iterable/	2e549b5ce3bc7cde19904dce5c61dc70946229de	sample-directory	blocked	BS1	BF2 must execute/classify the sample and attach profile/product evidence.	-
SVELTE-EBC27EE3571607C33577	runtime-legacy	packages/svelte/tests/runtime-legacy/samples/each-block/	df1b8920667a4611c0ffcb2fb9f13a3686562acc	sample-directory	blocked	BS1	BF2 must execute/classify the sample and attach profile/product evidence.	-
SVELTE-84B8C93586093710F44B	runtime-legacy	packages/svelte/tests/runtime-legacy/samples/each-blocks-assignment-2/	e9dc344eeb431619ca63da0d147b771951048008	sample-directory	blocked	BS1	BF2 must execute/classify the sample and attach profile/product evidence.	-
SVELTE-2377F4DA7C70AD485EE3	runtime-legacy	packages/svelte/tests/runtime-legacy/samples/each-blocks-assignment/	67bbd61b4243ac3af312cc92a82e3335da7dee04	sample-directory	blocked	BS1	BF2 must execute/classify the sample and attach profile/product evidence.	-
SVELTE-5488DD5A4C1DA1E19B51	runtime-legacy	packages/svelte/tests/runtime-legacy/samples/each-blocks-expression/	25a4ebdd806d0249005dca7bba7a671de0d696af	sample-directory	blocked	BS1	BF2 must execute/classify the sample and attach profile/product evidence.	-
SVELTE-982688F3656F0387EC66	runtime-legacy	packages/svelte/tests/runtime-legacy/samples/each-blocks-nested-b/	b86d8885515287195650e5fc91eb2c7f0840be65	sample-directory	blocked	BS1	BF2 must execute/classify the sample and attach profile/product evidence.	-
SVELTE-F3D84FCDE9E9CD1B961E	runtime-legacy	packages/svelte/tests/runtime-legacy/samples/each-blocks-nested/	3baffa3289eb7b57eb8f8090618896730ecb744f	sample-directory	blocked	BS1	BF2 must execute/classify the sample and attach profile/product evidence.	-
SVELTE-0FE238E3A973E10A2EE0	runtime-legacy	packages/svelte/tests/runtime-legacy/samples/each-blocks-update/	fff82ccc308fbd43df4886abd542f7085d4bf5d9	sample-directory	blocked	BS1	BF2 must execute/classify the sample and attach profile/product evidence.	-
SVELTE-BAB832B6BA8BB2E34082	runtime-legacy	packages/svelte/tests/runtime-legacy/samples/element-invalid-name/	c0a8bfcb8e29e2ccb788beeff9cbeb23689a0366	sample-directory	blocked	BS1	BF2 must execute/classify the sample and attach profile/product evidence.	-
SVELTE-305DA62E34AB71720C3F	runtime-legacy	packages/svelte/tests/runtime-legacy/samples/empty-component-destroy/	6f0a76c03a5d23f90bc7e67039f299cfd08e2148	sample-directory	blocked	BS1	BF2 must execute/classify the sample and attach profile/product evidence.	-
SVELTE-07E8EB6F61B2402BBB6A	runtime-legacy	packages/svelte/tests/runtime-legacy/samples/empty-dom/	b70fd62c1d6820cfc584ea78c474d51bb7090b96	sample-directory	blocked	BS1	BF2 must execute/classify the sample and attach profile/product evidence.	-
SVELTE-FE94542B163120895308	runtime-legacy	packages/svelte/tests/runtime-legacy/samples/empty-style-block/	438d7a9921483efa1c3d2af04f3f6b68520dcce0	sample-directory	blocked	BS1	BF2 must execute/classify the sample and attach profile/product evidence.	-
SVELTE-D917DFD7EB1774A12DFD	runtime-legacy	packages/svelte/tests/runtime-legacy/samples/escape-template-literals/	b9dab85dea20cc71c7d792939337662aea71d1d5	sample-directory	blocked	BS1	BF2 must execute/classify the sample and attach profile/product evidence.	-
SVELTE-4B00DC60C442E9DA31D2	runtime-legacy	packages/svelte/tests/runtime-legacy/samples/escaped-attr-2/	de045a35ac6ba0978b177f7d7b976e18c5be1df6	sample-directory	blocked	BS1	BF2 must execute/classify the sample and attach profile/product evidence.	-
SVELTE-6BB1C5395CB444D99325	runtime-legacy	packages/svelte/tests/runtime-legacy/samples/escaped-attr-3/	95a78a3937ceee73ce772eb64f7356c95e79dfdc	sample-directory	blocked	BS1	BF2 must execute/classify the sample and attach profile/product evidence.	-
SVELTE-A8FEC79D0E70C9083772	runtime-legacy	packages/svelte/tests/runtime-legacy/samples/escaped-attr/	400318032214725a987da6dccfff8ba1a5e41289	sample-directory	blocked	BS1	BF2 must execute/classify the sample and attach profile/product evidence.	-
SVELTE-D2EFC2454DFED274EB9F	runtime-legacy	packages/svelte/tests/runtime-legacy/samples/escaped-expression/	3ec476a2457511490eb6b83f9ef3a53e8485c818	sample-directory	blocked	BS1	BF2 must execute/classify the sample and attach profile/product evidence.	-
SVELTE-8B48554BC127CC3889D9	runtime-legacy	packages/svelte/tests/runtime-legacy/samples/escaped-text/	c2181f79ea9e4bfea8b6e8143338bf9f2a61673f	sample-directory	blocked	BS1	BF2 must execute/classify the sample and attach profile/product evidence.	-
SVELTE-1BA47A678E37581CA430	runtime-legacy	packages/svelte/tests/runtime-legacy/samples/event-handler-async/	f8804f75e35b6e15fc68979bd37779dcc6ab6dd8	sample-directory	blocked	BS1	BF2 must execute/classify the sample and attach profile/product evidence.	-
SVELTE-6847F193B154CAE4A443	runtime-legacy	packages/svelte/tests/runtime-legacy/samples/event-handler-console-log/	44e14a44263dcd19b8861e98b487a1f68fecdc2f	sample-directory	blocked	BS1	BF2 must execute/classify the sample and attach profile/product evidence.	-
SVELTE-4A56B7544DF391D0CAFB	runtime-legacy	packages/svelte/tests/runtime-legacy/samples/event-handler-deconflicted/	94975620699f3eda5b974523427cece7a65b8efc	sample-directory	blocked	BS1	BF2 must execute/classify the sample and attach profile/product evidence.	-
SVELTE-898D6808999BB95E6D92	runtime-legacy	packages/svelte/tests/runtime-legacy/samples/event-handler-destructured/	3f4d5657aace29853726f481255a53435bb4b592	sample-directory	blocked	BS1	BF2 must execute/classify the sample and attach profile/product evidence.	-
SVELTE-9E2CB29303781EB375C5	runtime-legacy	packages/svelte/tests/runtime-legacy/samples/event-handler-dynamic-2/	78d3f187334ac26749205b6c1985ffa04e718ef4	sample-directory	blocked	BS1	BF2 must execute/classify the sample and attach profile/product evidence.	-
SVELTE-6D03FAF55F8727C05E75	runtime-legacy	packages/svelte/tests/runtime-legacy/samples/event-handler-dynamic-bound-var/	d7b9e7009d0c3c8e8d163e008bdb4023a0bface1	sample-directory	blocked	BS1	BF2 must execute/classify the sample and attach profile/product evidence.	-
SVELTE-CDCD61957DBBE3E92F96	runtime-legacy	packages/svelte/tests/runtime-legacy/samples/event-handler-dynamic-expression/	71d182321d2409379b78cd1e39b76e4382cb7062	sample-directory	blocked	BS1	BF2 must execute/classify the sample and attach profile/product evidence.	-
SVELTE-868104E7554A0D0A9BA2	runtime-legacy	packages/svelte/tests/runtime-legacy/samples/event-handler-dynamic-hash/	e34a4078a411d575874cc2b052ade2107edd6d52	sample-directory	blocked	BS1	BF2 must execute/classify the sample and attach profile/product evidence.	-
SVELTE-78F478F758F7C7C8B642	runtime-legacy	packages/svelte/tests/runtime-legacy/samples/event-handler-dynamic-invalid/	6b671b9200e07fb66f5bf4e8eb51af685531092b	sample-directory	blocked	BS1	BF2 must execute/classify the sample and attach profile/product evidence.	-
SVELTE-4A65F65DA2941FA6D61A	runtime-legacy	packages/svelte/tests/runtime-legacy/samples/event-handler-dynamic-modifier-once/	aa4e39db798c1f39efda9e6533a59cb1b17d4e9e	sample-directory	blocked	BS1	BF2 must execute/classify the sample and attach profile/product evidence.	-
SVELTE-8DD8F8C89CFA8F62679D	runtime-legacy	packages/svelte/tests/runtime-legacy/samples/event-handler-dynamic-modifier-prevent-default/	67ff8dc1d3c469c357b73202b61d8ca62a96c6ac	sample-directory	blocked	BS1	BF2 must execute/classify the sample and attach profile/product evidence.	-
SVELTE-1AF06DDD859EEA12E41F	runtime-legacy	packages/svelte/tests/runtime-legacy/samples/event-handler-dynamic-modifier-self/	ae8be4a7d6fa570add1d71ad5508563b69abc4a4	sample-directory	blocked	BS1	BF2 must execute/classify the sample and attach profile/product evidence.	-
SVELTE-B2307CDE196219B5548A	runtime-legacy	packages/svelte/tests/runtime-legacy/samples/event-handler-dynamic-modifier-stop-propagation/	0a693efd533719917919f63baef7e5a55b6dd875	sample-directory	blocked	BS1	BF2 must execute/classify the sample and attach profile/product evidence.	-
SVELTE-15C1D1D5B5E8D4DAF55F	runtime-legacy	packages/svelte/tests/runtime-legacy/samples/event-handler-dynamic-multiple/	91c91bc09c7bae6d1d6c2ce198074fba795cf983	sample-directory	blocked	BS1	BF2 must execute/classify the sample and attach profile/product evidence.	-
SVELTE-E55B2B986619621BE64C	runtime-legacy	packages/svelte/tests/runtime-legacy/samples/event-handler-dynamic/	df8f86b29ea8cbdf2443a757813e12bff675680e	sample-directory	blocked	BS1	BF2 must execute/classify the sample and attach profile/product evidence.	-
SVELTE-B2FE9E5CB8A6D6742343	runtime-legacy	packages/svelte/tests/runtime-legacy/samples/event-handler-each-context-invalidation/	3c39bd36f680986a99a5f760e6d6c53737af96d4	sample-directory	blocked	BS1	BF2 must execute/classify the sample and attach profile/product evidence.	-
SVELTE-8D02111D4B282247FF32	runtime-legacy	packages/svelte/tests/runtime-legacy/samples/event-handler-each-context/	0b5a7f7aceba9eff187d69967d1a4529387f9b16	sample-directory	blocked	BS1	BF2 must execute/classify the sample and attach profile/product evidence.	-
SVELTE-32709DD5A8276FE3F224	runtime-legacy	packages/svelte/tests/runtime-legacy/samples/event-handler-each-deconflicted/	20f28730559020c727dcab9a85342dfaed97e233	sample-directory	blocked	BS1	BF2 must execute/classify the sample and attach profile/product evidence.	-
SVELTE-8BD5CA4690C735E5F9E9	runtime-legacy	packages/svelte/tests/runtime-legacy/samples/event-handler-each-modifier/	3faa72ad14d0634e3228cb014764f79d73d6af2d	sample-directory	blocked	BS1	BF2 must execute/classify the sample and attach profile/product evidence.	-
SVELTE-A15B1AF1B24AB5D57E72	runtime-legacy	packages/svelte/tests/runtime-legacy/samples/event-handler-each-this/	34d93c8f982d5f6a24af37fb935d3ab569d5f74d	sample-directory	blocked	BS1	BF2 must execute/classify the sample and attach profile/product evidence.	-
SVELTE-5AEBF5B4F6EBE5DCD5AF	runtime-legacy	packages/svelte/tests/runtime-legacy/samples/event-handler-each/	a09a9297499ffc98c0dedbb173e7b93b81d01914	sample-directory	blocked	BS1	BF2 must execute/classify the sample and attach profile/product evidence.	-
SVELTE-F16E53A587C394526EE8	runtime-legacy	packages/svelte/tests/runtime-legacy/samples/event-handler-event-methods/	e65e72d082b23ef412219217d77e90cd961c0017	sample-directory	blocked	BS1	BF2 must execute/classify the sample and attach profile/product evidence.	-
SVELTE-75CFCF6876FDFF2A2022	runtime-legacy	packages/svelte/tests/runtime-legacy/samples/event-handler-hoisted/	986b26349043f9371ede40672bdab5151fd6b709	sample-directory	blocked	BS1	BF2 must execute/classify the sample and attach profile/product evidence.	-
SVELTE-0A4F5D013ACB1323BF8D	runtime-legacy	packages/svelte/tests/runtime-legacy/samples/event-handler-modifier-body-once/	6619026420b1e5b0ce0d1299f5d79aa7518c18e3	sample-directory	blocked	BS1	BF2 must execute/classify the sample and attach profile/product evidence.	-
SVELTE-735FF05B5E4344EE5376	runtime-legacy	packages/svelte/tests/runtime-legacy/samples/event-handler-modifier-bubble/	10edf722ae4af0601024b11225d3dfc955d23dd1	sample-directory	blocked	BS1	BF2 must execute/classify the sample and attach profile/product evidence.	-
SVELTE-036DB7247E66C9E69CBE	runtime-legacy	packages/svelte/tests/runtime-legacy/samples/event-handler-modifier-once-duplicated/	0418731e3e03cd9bde6b93669f02bb1c450edfa4	sample-directory	blocked	BS1	BF2 must execute/classify the sample and attach profile/product evidence.	-
SVELTE-3EDA3953A5B06314EC53	runtime-legacy	packages/svelte/tests/runtime-legacy/samples/event-handler-modifier-once/	fc934521ed85f7932c859f0b3b8def9478f0dd6b	sample-directory	blocked	BS1	BF2 must execute/classify the sample and attach profile/product evidence.	-
SVELTE-429B18F3F8AE208415AD	runtime-legacy	packages/svelte/tests/runtime-legacy/samples/event-handler-modifier-prevent-default/	7e77dbd73883426ef35996dece17a3b894ec4b2b	sample-directory	blocked	BS1	BF2 must execute/classify the sample and attach profile/product evidence.	-
SVELTE-B690EB7FFA57AA98F926	runtime-legacy	packages/svelte/tests/runtime-legacy/samples/event-handler-modifier-self/	175d8fdad16570cfa42d95a967d97485de7c22cf	sample-directory	blocked	BS1	BF2 must execute/classify the sample and attach profile/product evidence.	-
SVELTE-AB097E24BFB57F16B9C1	runtime-legacy	packages/svelte/tests/runtime-legacy/samples/event-handler-modifier-stop-immediate-propagation/	6f698277b1d2f11bc6e257d497633d8a91719807	sample-directory	blocked	BS1	BF2 must execute/classify the sample and attach profile/product evidence.	-
SVELTE-418E6133D0306BE70C24	runtime-legacy	packages/svelte/tests/runtime-legacy/samples/event-handler-modifier-stop-propagation/	1c9d83bcf7b9eba6a23a819b3bbc0fcd99dfe0c1	sample-directory	blocked	BS1	BF2 must execute/classify the sample and attach profile/product evidence.	-
SVELTE-762D0939819A1D94133B	runtime-legacy	packages/svelte/tests/runtime-legacy/samples/event-handler-modifier-trusted/	f8b6f13ced54893fd1b533d61a4e7883d272cbda	sample-directory	blocked	BS1	BF2 must execute/classify the sample and attach profile/product evidence.	-
SVELTE-51EB1C720E6123532AE5	runtime-legacy	packages/svelte/tests/runtime-legacy/samples/event-handler-multiple/	c432603643611143432846e43e6e8db5b7d52161	sample-directory	blocked	BS1	BF2 must execute/classify the sample and attach profile/product evidence.	-
SVELTE-FBE2DD6B48F5F64BBC34	runtime-legacy	packages/svelte/tests/runtime-legacy/samples/event-handler-mutation-scope/	ea8f43f44593edabf8c7d69756caf1d1469f3e07	sample-directory	blocked	BS1	BF2 must execute/classify the sample and attach profile/product evidence.	-
SVELTE-AF69F67A518B51896527	runtime-legacy	packages/svelte/tests/runtime-legacy/samples/event-handler-removal/	b8b1c8275ec74464618727ff9c3c9562f2e85158	sample-directory	blocked	BS1	BF2 must execute/classify the sample and attach profile/product evidence.	-
SVELTE-4ED9FF52B1E0D44EDCF0	runtime-legacy	packages/svelte/tests/runtime-legacy/samples/event-handler-sanitize/	851d7b3284c2e58b609068c9f9cdd01542da5674	sample-directory	blocked	BS1	BF2 must execute/classify the sample and attach profile/product evidence.	-
SVELTE-D124D6BCF1E3F930B61F	runtime-legacy	packages/svelte/tests/runtime-legacy/samples/event-handler-shorthand-component/	aa8bf3067ecbad8701ff5f70a7aade70fb08e647	sample-directory	blocked	BS1	BF2 must execute/classify the sample and attach profile/product evidence.	-
SVELTE-F9F0AEC4AB7C41F2ADF6	runtime-legacy	packages/svelte/tests/runtime-legacy/samples/event-handler-shorthand-dynamic-component/	99e69c9e0fd72d90946a50101af2a6828bb02e5d	sample-directory	blocked	BS1	BF2 must execute/classify the sample and attach profile/product evidence.	-
SVELTE-607C32D3BC478BC00AD2	runtime-legacy	packages/svelte/tests/runtime-legacy/samples/event-handler-shorthand-sanitized/	60f28addf026983169e9d7dcf00238af906a6356	sample-directory	blocked	BS1	BF2 must execute/classify the sample and attach profile/product evidence.	-
SVELTE-1F1DDA76BD5130FCC8D1	runtime-legacy	packages/svelte/tests/runtime-legacy/samples/event-handler-this-methods/	e68abfe3540d3915c70939273890fbe5c5a53a60	sample-directory	blocked	BS1	BF2 must execute/classify the sample and attach profile/product evidence.	-
SVELTE-E7A9FD744187785EC1E1	runtime-legacy	packages/svelte/tests/runtime-legacy/samples/event-handler-undefined/	78c88f95840dba4e38ec04059e3dceb16647c4d5	sample-directory	blocked	BS1	BF2 must execute/classify the sample and attach profile/product evidence.	-
SVELTE-610AA9CF61AFCF344627	runtime-legacy	packages/svelte/tests/runtime-legacy/samples/event-handler/	b104556201f74e0b1db5219df95113b477de9b7e	sample-directory	blocked	BS1	BF2 must execute/classify the sample and attach profile/product evidence.	-
SVELTE-9073BE397FBFF69BE968	runtime-legacy	packages/svelte/tests/runtime-legacy/samples/export-function-hoisting/	31918235f312ad6839eb75c5edd87e9ead894cb1	sample-directory	blocked	BS1	BF2 must execute/classify the sample and attach profile/product evidence.	-
SVELTE-3B3DF88960E54BEB6965	runtime-legacy	packages/svelte/tests/runtime-legacy/samples/flush-sync-each-block/	7a9b63c32f370e7c2b9ff5c1f32b83fa94b584c4	sample-directory	blocked	BS1	BF2 must execute/classify the sample and attach profile/product evidence.	-
SVELTE-C6BBFF12FF3E67B7279B	runtime-legacy	packages/svelte/tests/runtime-legacy/samples/fragment-trailing-whitespace/	6363f452ec6fe01cd80bde0cd4300125d7e70fef	sample-directory	blocked	BS1	BF2 must execute/classify the sample and attach profile/product evidence.	-
SVELTE-0F5520B1E3A0E37AF3DA	runtime-legacy	packages/svelte/tests/runtime-legacy/samples/function-expression-inline/	46df1bbd67f12bd0b31b0ae14b4d501e2c84b0d5	sample-directory	blocked	BS1	BF2 must execute/classify the sample and attach profile/product evidence.	-
SVELTE-49DEE84052EC6A040E7C	runtime-legacy	packages/svelte/tests/runtime-legacy/samples/function-hoisting/	9e47a20af6ed13783fdd6a3d1b25a3c5220e8983	sample-directory	blocked	BS1	BF2 must execute/classify the sample and attach profile/product evidence.	-
SVELTE-0A1472289D6B74DEBA79	runtime-legacy	packages/svelte/tests/runtime-legacy/samples/function-in-expression/	8bc5e3fbf4967dfb0f718d7bdd5af136bcaaf172	sample-directory	blocked	BS1	BF2 must execute/classify the sample and attach profile/product evidence.	-
SVELTE-3A7EEC74A87F8AF58E1A	runtime-legacy	packages/svelte/tests/runtime-legacy/samples/globals-accessible-directly-process/	38fa9ca8beef1c5293937ac1972e4c6e62288e1b	sample-directory	blocked	BS1	BF2 must execute/classify the sample and attach profile/product evidence.	-
SVELTE-520A02E7B4F86428B6B3	runtime-legacy	packages/svelte/tests/runtime-legacy/samples/globals-accessible-directly/	8a43f40e376867021a3d9481bd9dd46234c6058f	sample-directory	blocked	BS1	BF2 must execute/classify the sample and attach profile/product evidence.	-
SVELTE-5DF8DD25B4835C8AC94A	runtime-legacy	packages/svelte/tests/runtime-legacy/samples/globals-not-dereferenced/	8dad6806991757b052e4e1126eccad50a5b0d136	sample-directory	blocked	BS1	BF2 must execute/classify the sample and attach profile/product evidence.	-
SVELTE-5E15B943FF6DABD8D1C0	runtime-legacy	packages/svelte/tests/runtime-legacy/samples/globals-not-overwritten-by-bindings/	9ce3297c065d217628a6a9acd50330503ee4d362	sample-directory	blocked	BS1	BF2 must execute/classify the sample and attach profile/product evidence.	-
SVELTE-4C12137F3492B99B73D7	runtime-legacy	packages/svelte/tests/runtime-legacy/samples/globals-shadowed-by-data/	3eb2627bb59e384f6dbf143b8a6025388d38f6ab	sample-directory	blocked	BS1	BF2 must execute/classify the sample and attach profile/product evidence.	-
SVELTE-C61654B56C00CD193CBB	runtime-legacy	packages/svelte/tests/runtime-legacy/samples/globals-shadowed-by-each-binding/	a92e90fd6705882b27dc955a4057bea0db838bfe	sample-directory	blocked	BS1	BF2 must execute/classify the sample and attach profile/product evidence.	-
SVELTE-12D7360966CDC5E4CD18	runtime-legacy	packages/svelte/tests/runtime-legacy/samples/globals-shadowed-by-helpers/	005450b64bb7d7537c97884d9bab0cf2f48ca4fa	sample-directory	blocked	BS1	BF2 must execute/classify the sample and attach profile/product evidence.	-
SVELTE-524C2D4235A4D9E55699	runtime-legacy	packages/svelte/tests/runtime-legacy/samples/hash-in-attribute/	c583f70dc8c262a55260d96bd7f109c7baeefaab	sample-directory	blocked	BS1	BF2 must execute/classify the sample and attach profile/product evidence.	-
SVELTE-0E3B57EA69D579F81651	runtime-legacy	packages/svelte/tests/runtime-legacy/samples/head-detached-in-dynamic-component/	ac5db2b7323061f5da682e1eee977b0f89ec10ad	sample-directory	blocked	BS1	BF2 must execute/classify the sample and attach profile/product evidence.	-
SVELTE-82B52D90DFE717F7495E	runtime-legacy	packages/svelte/tests/runtime-legacy/samples/head-if-block/	98e062a9d806119efaa2b01a6ddc334a054d962f	sample-directory	blocked	BS1	BF2 must execute/classify the sample and attach profile/product evidence.	-
SVELTE-41A666CE30816582B2FA	runtime-legacy	packages/svelte/tests/runtime-legacy/samples/head-if-else-block/	ca0cb48a66463e3853284bec546cfca09df4bd85	sample-directory	blocked	BS1	BF2 must execute/classify the sample and attach profile/product evidence.	-
SVELTE-99E21986445EC4B27EC3	runtime-legacy	packages/svelte/tests/runtime-legacy/samples/head-if-else-raw-dynamic/	30b3fc9e3815f6c276ad17e4e73287919f9512ce	sample-directory	blocked	BS1	BF2 must execute/classify the sample and attach profile/product evidence.	-
SVELTE-FF4511D025A195CEF215	runtime-legacy	packages/svelte/tests/runtime-legacy/samples/head-raw-dynamic/	29a7c06200da7cddfc2aeaec8c55c488f4fc7f6a	sample-directory	blocked	BS1	BF2 must execute/classify the sample and attach profile/product evidence.	-
SVELTE-A07B8AA326B0C35BCA21	runtime-legacy	packages/svelte/tests/runtime-legacy/samples/head-title-dynamic-simple/	186fab98c32c014f30137fdfea4d54c0c5593fa3	sample-directory	blocked	BS1	BF2 must execute/classify the sample and attach profile/product evidence.	-
SVELTE-7A356A3113271A8C1C8D	runtime-legacy	packages/svelte/tests/runtime-legacy/samples/head-title-dynamic/	26910e8d984c34935a081c57644d993ec3f28b2b	sample-directory	blocked	BS1	BF2 must execute/classify the sample and attach profile/product evidence.	-
SVELTE-44A687E9A678DFD78DEC	runtime-legacy	packages/svelte/tests/runtime-legacy/samples/head-title-empty/	0272aa15786edb904846484010ee8617d03aedd8	sample-directory	blocked	BS1	BF2 must execute/classify the sample and attach profile/product evidence.	-
SVELTE-A4EC022CF542D891A8F4	runtime-legacy	packages/svelte/tests/runtime-legacy/samples/head-title-static-dynamic-element/	47913caf50ef1d8e640fa24f5e6e0b0e1de491d4	sample-directory	blocked	BS1	BF2 must execute/classify the sample and attach profile/product evidence.	-
SVELTE-F4FB77332AADCC050180	runtime-legacy	packages/svelte/tests/runtime-legacy/samples/head-title-static/	166aa8a823dc9d18511267693365f3ac8808b901	sample-directory	blocked	BS1	BF2 must execute/classify the sample and attach profile/product evidence.	-
SVELTE-61706808BDEB95E7F102	runtime-legacy	packages/svelte/tests/runtime-legacy/samples/hello-world/	2b0b143d36d1d0430eb0f64c0d7223aec5a45fc8	sample-directory	blocked	BS1	BF2 must execute/classify the sample and attach profile/product evidence.	-
SVELTE-585DDCF53C02FD4E7C40	runtime-legacy	packages/svelte/tests/runtime-legacy/samples/helpers-not-call-expression/	13203e3062fe3c89ce0586946719bac1b720c074	sample-directory	blocked	BS1	BF2 must execute/classify the sample and attach profile/product evidence.	-
SVELTE-E2F42EA2E7F1F0943B92	runtime-legacy	packages/svelte/tests/runtime-legacy/samples/helpers/	e7153aa1fca1d4ef9f18f7652ddf8e891741eed9	sample-directory	blocked	BS1	BF2 must execute/classify the sample and attach profile/product evidence.	-
SVELTE-E6A5F8DEBAB8094AEB22	runtime-legacy	packages/svelte/tests/runtime-legacy/samples/html-entities-alongside-expressions/	853d8b70771330ac30f280f78c71c937d280ea29	sample-directory	blocked	BS1	BF2 must execute/classify the sample and attach profile/product evidence.	-
SVELTE-DDC357EDAB549637C38D	runtime-legacy	packages/svelte/tests/runtime-legacy/samples/html-entities-inside-attributes/	6411f41849155230bba6306385d4c41208d42e21	sample-directory	blocked	BS1	BF2 must execute/classify the sample and attach profile/product evidence.	-
SVELTE-6A9451AD011AE3C4D6AC	runtime-legacy	packages/svelte/tests/runtime-legacy/samples/html-entities-inside-component-slot/	da1914b168a4e6d75b2e9019b5c48647eef8bcfe	sample-directory	blocked	BS1	BF2 must execute/classify the sample and attach profile/product evidence.	-
SVELTE-E573B238D277D5842630	runtime-legacy	packages/svelte/tests/runtime-legacy/samples/html-entities-inside-elements/	98ce7139f6c1553b5670af5dedfcd4eb77acaf3f	sample-directory	blocked	BS1	BF2 must execute/classify the sample and attach profile/product evidence.	-
SVELTE-83731F480C01346AC94F	runtime-legacy	packages/svelte/tests/runtime-legacy/samples/html-entities/	be2383b20c0756a14b7139fa3f36a2ef8c74cf1c	sample-directory	blocked	BS1	BF2 must execute/classify the sample and attach profile/product evidence.	-
SVELTE-BC81D4C26921963C3BEA	runtime-legacy	packages/svelte/tests/runtime-legacy/samples/html-non-entities-inside-elements/	9588bdc07a72c56bfe610eeec9039e430a21cbb0	sample-directory	blocked	BS1	BF2 must execute/classify the sample and attach profile/product evidence.	-
SVELTE-AFA9F78735CF774AF6D3	runtime-legacy	packages/svelte/tests/runtime-legacy/samples/if-block-component-store-function-conditionals/	dd9574701fe45b0c36ccc4b8da9db5868b3bf73b	sample-directory	blocked	BS1	BF2 must execute/classify the sample and attach profile/product evidence.	-
SVELTE-6B278AB5E633394A3A6B	runtime-legacy	packages/svelte/tests/runtime-legacy/samples/if-block-component-without-outro/	22f3ad0b71369b03698c1b4308f70d383a3a3b22	sample-directory	blocked	BS1	BF2 must execute/classify the sample and attach profile/product evidence.	-
SVELTE-36C9ECDBD1599F3B1395	runtime-legacy	packages/svelte/tests/runtime-legacy/samples/if-block-compound-outro-no-dependencies/	01fb5f4d0085e5c44ace15f3cc3dd7869899a7d0	sample-directory	blocked	BS1	BF2 must execute/classify the sample and attach profile/product evidence.	-
SVELTE-527A1B57B513B1A81B3B	runtime-legacy	packages/svelte/tests/runtime-legacy/samples/if-block-conservative-update/	13fac9894ecc5f667aa4c3f0693feeca12e5542f	sample-directory	blocked	BS1	BF2 must execute/classify the sample and attach profile/product evidence.	-
SVELTE-3BC787BC202ADB7E82CB	runtime-legacy	packages/svelte/tests/runtime-legacy/samples/if-block-else-conservative-update/	6ed8612316998923a25a5d875ea6b296d50e7f05	sample-directory	blocked	BS1	BF2 must execute/classify the sample and attach profile/product evidence.	-
SVELTE-7E2D9C3B835B98FCDB38	runtime-legacy	packages/svelte/tests/runtime-legacy/samples/if-block-else-in-each/	252dd03fa91cfd075bd01ad3289c146aae49612c	sample-directory	blocked	BS1	BF2 must execute/classify the sample and attach profile/product evidence.	-
SVELTE-741FDCE5413DC196B959	runtime-legacy	packages/svelte/tests/runtime-legacy/samples/if-block-else-partial-outro/	7724c06d378f1eaeeba3c67491ce4323f2a03667	sample-directory	blocked	BS1	BF2 must execute/classify the sample and attach profile/product evidence.	-
SVELTE-B4C794F1D8C8B1234BFD	runtime-legacy	packages/svelte/tests/runtime-legacy/samples/if-block-else-update/	a86e8bc289ad18f7937e5428ef402eb1e596b95e	sample-directory	blocked	BS1	BF2 must execute/classify the sample and attach profile/product evidence.	-
SVELTE-F23D4D6B31EA78DDFC7B	runtime-legacy	packages/svelte/tests/runtime-legacy/samples/if-block-else/	c446abcd767fd648086f80b9cee0239a5844b362	sample-directory	blocked	BS1	BF2 must execute/classify the sample and attach profile/product evidence.	-
SVELTE-8598752ECC188391A823	runtime-legacy	packages/svelte/tests/runtime-legacy/samples/if-block-elseif-no-else/	759f0b55e577e74acd7bba43df0917aa9353eb7b	sample-directory	blocked	BS1	BF2 must execute/classify the sample and attach profile/product evidence.	-
SVELTE-45AE57E1D422325990D3	runtime-legacy	packages/svelte/tests/runtime-legacy/samples/if-block-elseif-text/	e6dcb143cc76755ed31949ce2d9c8c32e9b89610	sample-directory	blocked	BS1	BF2 must execute/classify the sample and attach profile/product evidence.	-
SVELTE-0900D587E1E62CC78ED7	runtime-legacy	packages/svelte/tests/runtime-legacy/samples/if-block-elseif/	7f29b7521332d1e9e15417c68ac19d7fbcfca649	sample-directory	blocked	BS1	BF2 must execute/classify the sample and attach profile/product evidence.	-
SVELTE-AC67DBEB1CF8EDA738B0	runtime-legacy	packages/svelte/tests/runtime-legacy/samples/if-block-expression/	80a1525e0c6980558f48b65856dda40749138e05	sample-directory	blocked	BS1	BF2 must execute/classify the sample and attach profile/product evidence.	-
SVELTE-0EB6A238F9BF685E1022	runtime-legacy	packages/svelte/tests/runtime-legacy/samples/if-block-first/	9c21b6d95f2cfd2429b11f603b8eeec9140d6623	sample-directory	blocked	BS1	BF2 must execute/classify the sample and attach profile/product evidence.	-
SVELTE-9000BFA30CBE98260EB8	runtime-legacy	packages/svelte/tests/runtime-legacy/samples/if-block-no-outro-else-with-outro/	2a6da6a583ecb1ebf1278bde28e483fce88b15dc	sample-directory	blocked	BS1	BF2 must execute/classify the sample and attach profile/product evidence.	-
SVELTE-81E2B88A12870C7D31A2	runtime-legacy	packages/svelte/tests/runtime-legacy/samples/if-block-or/	43530d3da72190d8ca2f6062c5c2e492cda9bd5e	sample-directory	blocked	BS1	BF2 must execute/classify the sample and attach profile/product evidence.	-
SVELTE-84A9C419084B3B1F26A6	runtime-legacy	packages/svelte/tests/runtime-legacy/samples/if-block-outro-computed-function/	718461e28bbbfa0eb07a854be32e26522e9fb653	sample-directory	blocked	BS1	BF2 must execute/classify the sample and attach profile/product evidence.	-
SVELTE-E1A77CDF87B8A8845486	runtime-legacy	packages/svelte/tests/runtime-legacy/samples/if-block-outro-nested-else/	c64b0f88100a83e6dfa7dd390de9ee8a5a6892ed	sample-directory	blocked	BS1	BF2 must execute/classify the sample and attach profile/product evidence.	-
SVELTE-AD206A7588C5D40DAB38	runtime-legacy	packages/svelte/tests/runtime-legacy/samples/if-block-outro-unique-select-block-type/	cd32a49ffd49e1f7e8bedb88d4310176bcce7fab	sample-directory	blocked	BS1	BF2 must execute/classify the sample and attach profile/product evidence.	-
SVELTE-140795A7AC686CE6268A	runtime-legacy	packages/svelte/tests/runtime-legacy/samples/if-block-static-with-dynamic-contents/	e4c206b7f3c72c89028351a5c03d51c9b2622828	sample-directory	blocked	BS1	BF2 must execute/classify the sample and attach profile/product evidence.	-
SVELTE-256A3A24CDC464C13664	runtime-legacy	packages/svelte/tests/runtime-legacy/samples/if-block-static-with-else-and-outros/	d10c358e9b7df24ae802ca859a10a4ffaf650e58	sample-directory	blocked	BS1	BF2 must execute/classify the sample and attach profile/product evidence.	-
SVELTE-71477EA7B0FBF095A8C9	runtime-legacy	packages/svelte/tests/runtime-legacy/samples/if-block-static-with-else/	e31eaebd5239d0575db1b2cfd6bbd9fd8314f4c3	sample-directory	blocked	BS1	BF2 must execute/classify the sample and attach profile/product evidence.	-
SVELTE-F764288C623689A3C720	runtime-legacy	packages/svelte/tests/runtime-legacy/samples/if-block-static-with-elseif-else-and-outros/	481a64190bcad77363501501a570498128b2dca2	sample-directory	blocked	BS1	BF2 must execute/classify the sample and attach profile/product evidence.	-
SVELTE-8F68257542390F3880C8	runtime-legacy	packages/svelte/tests/runtime-legacy/samples/if-block-widget/	8ad231a18f81d2b0a3005f238c470a6ff886fdb8	sample-directory	blocked	BS1	BF2 must execute/classify the sample and attach profile/product evidence.	-
SVELTE-A01CD261DC2CA588EE29	runtime-legacy	packages/svelte/tests/runtime-legacy/samples/if-block/	ef572dea25166eec3af0ace8f0739975f34715af	sample-directory	blocked	BS1	BF2 must execute/classify the sample and attach profile/product evidence.	-
SVELTE-8581D53BA83749FF8CA3	runtime-legacy	packages/svelte/tests/runtime-legacy/samples/if-in-keyed-each/	5ffc3b28a6d939f16cd908d8fe68af5c6c2a062d	sample-directory	blocked	BS1	BF2 must execute/classify the sample and attach profile/product evidence.	-
SVELTE-EC129432E0C67B80D4C0	runtime-legacy	packages/svelte/tests/runtime-legacy/samples/ignore-unchanged-attribute-compound/	05c620557364f275b3614f6289268d9d7cdaf0f4	sample-directory	blocked	BS1	BF2 must execute/classify the sample and attach profile/product evidence.	-
SVELTE-D518801471BA4601093D	runtime-legacy	packages/svelte/tests/runtime-legacy/samples/ignore-unchanged-attribute/	b1df3acd6cc3d25e58bd44bb99110f0039f5136d	sample-directory	blocked	BS1	BF2 must execute/classify the sample and attach profile/product evidence.	-
SVELTE-F5925B92D96AC696ED3A	runtime-legacy	packages/svelte/tests/runtime-legacy/samples/ignore-unchanged-raw/	1f031fb5043687f52b89a67f43a589d2828aa61a	sample-directory	blocked	BS1	BF2 must execute/classify the sample and attach profile/product evidence.	-
SVELTE-78B3296333D41FF11F8A	runtime-legacy	packages/svelte/tests/runtime-legacy/samples/ignore-unchanged-tag/	dc9612e4b4e841bf1614bb121800f33ae641c906	sample-directory	blocked	BS1	BF2 must execute/classify the sample and attach profile/product evidence.	-
SVELTE-F1B6DF00220F9327B620	runtime-legacy	packages/svelte/tests/runtime-legacy/samples/immutable-before-after-update/	09ea3f4e3574c9e1a398d67a1893e245bc70c34e	sample-directory	blocked	BS1	BF2 must execute/classify the sample and attach profile/product evidence.	-
SVELTE-8091269BCCFE08F7A301	runtime-legacy	packages/svelte/tests/runtime-legacy/samples/immutable-each-equals/	081f33d4a03b0f3aaf4d06f185424c18d4f82ae8	sample-directory	blocked	BS1	BF2 must execute/classify the sample and attach profile/product evidence.	-
SVELTE-EBC50D15FD90E3BE6400	runtime-legacy	packages/svelte/tests/runtime-legacy/samples/immutable-mutate-object/	0719ffec1a9752bfa5f0118412a3e3e3e05dc6cc	sample-directory	blocked	BS1	BF2 must execute/classify the sample and attach profile/product evidence.	-
SVELTE-E6C03050129B98EEB063	runtime-legacy	packages/svelte/tests/runtime-legacy/samples/immutable-nested/	01ac15e8242e5ee7ca60ce2568a3d88bbf175ec4	sample-directory	blocked	BS1	BF2 must execute/classify the sample and attach profile/product evidence.	-
SVELTE-07D8A986CE6818E6D6C6	runtime-legacy	packages/svelte/tests/runtime-legacy/samples/immutable-option/	667554ac486db87130ee37530367f249dd031979	sample-directory	blocked	BS1	BF2 must execute/classify the sample and attach profile/product evidence.	-
SVELTE-2048D67598A5CED9875A	runtime-legacy	packages/svelte/tests/runtime-legacy/samples/immutable-svelte-meta-false/	85be1f9404a1d32aa5fc953d4f4cc5f5e4b6c164	sample-directory	blocked	BS1	BF2 must execute/classify the sample and attach profile/product evidence.	-
SVELTE-3948752E6416C80AEFB7	runtime-legacy	packages/svelte/tests/runtime-legacy/samples/immutable-svelte-meta/	fafdf34149c6d7c864e824135b098ccda40c1104	sample-directory	blocked	BS1	BF2 must execute/classify the sample and attach profile/product evidence.	-
SVELTE-7919D3ADF07B23F3184F	runtime-legacy	packages/svelte/tests/runtime-legacy/samples/imported-renamed-components/	5e94846f13804f3e6a092637aa7c5195f2023147	sample-directory	blocked	BS1	BF2 must execute/classify the sample and attach profile/product evidence.	-
SVELTE-625970A2543A7B8CD2FA	runtime-legacy	packages/svelte/tests/runtime-legacy/samples/initial-state-assign/	392d88a357331c8f3b1e655f8643b7f8f695623c	sample-directory	blocked	BS1	BF2 must execute/classify the sample and attach profile/product evidence.	-
SVELTE-EC00A27734C21B2F6F3D	runtime-legacy	packages/svelte/tests/runtime-legacy/samples/inline-expressions-3/	1a43e238d52e0151a28884a6d57228df580d1397	sample-directory	blocked	BS1	BF2 must execute/classify the sample and attach profile/product evidence.	-
SVELTE-46461FB7B979297F94D3	runtime-legacy	packages/svelte/tests/runtime-legacy/samples/inline-expressions-subtree/	d68d25e7ac8d881cefe6746b7f0ecd9a6e9ee66b	sample-directory	blocked	BS1	BF2 must execute/classify the sample and attach profile/product evidence.	-
SVELTE-0C2C29EEC2E8CDFA72E7	runtime-legacy	packages/svelte/tests/runtime-legacy/samples/inline-expressions/	077463c66bfff534b1654387d60d7a8d5e14cc22	sample-directory	blocked	BS1	BF2 must execute/classify the sample and attach profile/product evidence.	-
SVELTE-5B732D70EFCD2FD60009	runtime-legacy	packages/svelte/tests/runtime-legacy/samples/inline-style-become-undefined/	d21c37d56a092230974633bb133a03b9bdff34d0	sample-directory	blocked	BS1	BF2 must execute/classify the sample and attach profile/product evidence.	-
SVELTE-CA81D00FEEB197BBD08B	runtime-legacy	packages/svelte/tests/runtime-legacy/samples/inline-style-directive-and-style-attr-merged/	e08ac441093ac5548b76fdcbdc1be056e398cb5d	sample-directory	blocked	BS1	BF2 must execute/classify the sample and attach profile/product evidence.	-
SVELTE-90822B53B460F079B78C	runtime-legacy	packages/svelte/tests/runtime-legacy/samples/inline-style-directive-and-style-attr/	0ac4bfd670468eafb9d688685fa70a5d096ba52f	sample-directory	blocked	BS1	BF2 must execute/classify the sample and attach profile/product evidence.	-
SVELTE-55DB1EFE56C4A4B84546	runtime-legacy	packages/svelte/tests/runtime-legacy/samples/inline-style-directive-css-vars/	a11209014b0e26e0239e2ceadd592645738e4412	sample-directory	blocked	BS1	BF2 must execute/classify the sample and attach profile/product evidence.	-
SVELTE-A596557FF5C62E92D63F	runtime-legacy	packages/svelte/tests/runtime-legacy/samples/inline-style-directive-dynamic/	28802cd4e9864b81ebc2c392895bbba3f5573224	sample-directory	blocked	BS1	BF2 must execute/classify the sample and attach profile/product evidence.	-
SVELTE-14EE8C187F552D55B888	runtime-legacy	packages/svelte/tests/runtime-legacy/samples/inline-style-directive-escape/	7b8a5a58ebd285b40e40c19d9e02b4756f5c322d	sample-directory	blocked	BS1	BF2 must execute/classify the sample and attach profile/product evidence.	-
SVELTE-2215B6FC8E61DCDCA706	runtime-legacy	packages/svelte/tests/runtime-legacy/samples/inline-style-directive-falsy-value/	baa77029653a1f402db73b29e9208036d21cf05e	sample-directory	blocked	BS1	BF2 must execute/classify the sample and attach profile/product evidence.	-
SVELTE-1C40816BE8A65E5298CE	runtime-legacy	packages/svelte/tests/runtime-legacy/samples/inline-style-directive-multiple/	f432168dbc079bda53ab43f49b98130626efcbbd	sample-directory	blocked	BS1	BF2 must execute/classify the sample and attach profile/product evidence.	-
SVELTE-EE3FD2A3E7C4E7FCC2A7	runtime-legacy	packages/svelte/tests/runtime-legacy/samples/inline-style-directive-null-style/	2004b942e23a0371beb1f8509a5436b26b5e95c1	sample-directory	blocked	BS1	BF2 must execute/classify the sample and attach profile/product evidence.	-
SVELTE-BD691A713B7698373CB9	runtime-legacy	packages/svelte/tests/runtime-legacy/samples/inline-style-directive-shorthand-declaration-only/	e4c454c8dc73a054801420375ba4c885ac17738c	sample-directory	blocked	BS1	BF2 must execute/classify the sample and attach profile/product evidence.	-
SVELTE-833C50307B276AA6E986	runtime-legacy	packages/svelte/tests/runtime-legacy/samples/inline-style-directive-shorthand/	204bf55e442b7b187316cf178c372a4b91b67616	sample-directory	blocked	BS1	BF2 must execute/classify the sample and attach profile/product evidence.	-
SVELTE-A40D3D9C6F0D5D049007	runtime-legacy	packages/svelte/tests/runtime-legacy/samples/inline-style-directive-spread-and-attr-empty/	d7e4cd4f148399b02a62157af5c8b9b4b67fdc0b	sample-directory	blocked	BS1	BF2 must execute/classify the sample and attach profile/product evidence.	-
SVELTE-20B6DE7ECCD2F2796B8B	runtime-legacy	packages/svelte/tests/runtime-legacy/samples/inline-style-directive-spread-and-attr/	96b145a5a4867303df7b9a3666a7a6ac4b3b07cb	sample-directory	blocked	BS1	BF2 must execute/classify the sample and attach profile/product evidence.	-
SVELTE-37EC0940A9D651B4CCCF	runtime-legacy	packages/svelte/tests/runtime-legacy/samples/inline-style-directive-spread-dynamic/	e251515a6ce4708a34f5e08d35e33a7cb19fd653	sample-directory	blocked	BS1	BF2 must execute/classify the sample and attach profile/product evidence.	-
SVELTE-3352B2838D619CAB6684	runtime-legacy	packages/svelte/tests/runtime-legacy/samples/inline-style-directive-spread/	e12a592fac27b1f3829839bfc0108c608f1b8d05	sample-directory	blocked	BS1	BF2 must execute/classify the sample and attach profile/product evidence.	-
SVELTE-AED933B45BB73C0CBBB7	runtime-legacy	packages/svelte/tests/runtime-legacy/samples/inline-style-directive-string-variable-kebab-case/	8f26fdb24a14ef7a3c6b5834c076510c7c7f93b7	sample-directory	blocked	BS1	BF2 must execute/classify the sample and attach profile/product evidence.	-
SVELTE-E442803773B6E70FC760	runtime-legacy	packages/svelte/tests/runtime-legacy/samples/inline-style-directive-string-variable/	e76a6395cf58b397ccca6b70f8bb2f119b86a738	sample-directory	blocked	BS1	BF2 must execute/classify the sample and attach profile/product evidence.	-
SVELTE-1AA5730608A6716376B5	runtime-legacy	packages/svelte/tests/runtime-legacy/samples/inline-style-directive-string/	81324c840787cb85e77a1a994a29c42e3819f032	sample-directory	blocked	BS1	BF2 must execute/classify the sample and attach profile/product evidence.	-
SVELTE-185F9D31EC7443250DFD	runtime-legacy	packages/svelte/tests/runtime-legacy/samples/inline-style-directive-update-object-property/	99828317dbc248ac4dd3c2c99f1d5bfa980c8280	sample-directory	blocked	BS1	BF2 must execute/classify the sample and attach profile/product evidence.	-
SVELTE-A4516418EA3837BAD44A	runtime-legacy	packages/svelte/tests/runtime-legacy/samples/inline-style-directive/	8d0d2e7c0073934ae5a5aac5dca301460610ac57	sample-directory	blocked	BS1	BF2 must execute/classify the sample and attach profile/product evidence.	-
SVELTE-5227B408478F2B478EC4	runtime-legacy	packages/svelte/tests/runtime-legacy/samples/inline-style-important/	564c1a12627f75493a2771f36dae1cbcf2d7a1cc	sample-directory	blocked	BS1	BF2 must execute/classify the sample and attach profile/product evidence.	-
SVELTE-A825D9CC54381363A9A0	runtime-legacy	packages/svelte/tests/runtime-legacy/samples/inline-style-optimisation-bailout/	f2d1a0cf605320e6c91847c48efc80a16809646b	sample-directory	blocked	BS1	BF2 must execute/classify the sample and attach profile/product evidence.	-
SVELTE-DE5D6A30AC59170EC6B7	runtime-legacy	packages/svelte/tests/runtime-legacy/samples/inline-style/	a6e970a287c63755144cf1e8bb7da2af8a6e5b1a	sample-directory	blocked	BS1	BF2 must execute/classify the sample and attach profile/product evidence.	-
SVELTE-04E7272832F49C5FE7A4	runtime-legacy	packages/svelte/tests/runtime-legacy/samples/innerhtml-interpolated-literal/	be3f036e20ddc0a52f5b99258a82ec85054ef93a	sample-directory	blocked	BS1	BF2 must execute/classify the sample and attach profile/product evidence.	-
SVELTE-14F789525E18E7441F51	runtime-legacy	packages/svelte/tests/runtime-legacy/samples/innerhtml-with-comments/	832892312f5bf48ff078d3aad750e47a7143abaa	sample-directory	blocked	BS1	BF2 must execute/classify the sample and attach profile/product evidence.	-
SVELTE-B193B92C3323643C30B1	runtime-legacy	packages/svelte/tests/runtime-legacy/samples/input-list/	8554dd813fee40716c055392371e02fdd91c3f27	sample-directory	blocked	BS1	BF2 must execute/classify the sample and attach profile/product evidence.	-
SVELTE-8148E084F3EF695CE73A	runtime-legacy	packages/svelte/tests/runtime-legacy/samples/instrumentation-auto-subscription-self-assignment/	9742045727c366b83745af48ae633bb25edfab44	sample-directory	blocked	BS1	BF2 must execute/classify the sample and attach profile/product evidence.	-
SVELTE-4A4798C5134546879FC5	runtime-legacy	packages/svelte/tests/runtime-legacy/samples/instrumentation-script-destructuring/	277d4cfbc3314cbce81699e0af7993ffa5db4fda	sample-directory	blocked	BS1	BF2 must execute/classify the sample and attach profile/product evidence.	-
SVELTE-2F7EF2735915D6FAEB15	runtime-legacy	packages/svelte/tests/runtime-legacy/samples/instrumentation-script-loop-scope/	2b22859893f940bf23cdbedd3000461764d40a1e	sample-directory	blocked	BS1	BF2 must execute/classify the sample and attach profile/product evidence.	-
SVELTE-F6109071A280A8CD5907	runtime-legacy	packages/svelte/tests/runtime-legacy/samples/instrumentation-script-multiple-assignments/	4489a0cba9038bda73ff168abc524d547c4233d9	sample-directory	blocked	BS1	BF2 must execute/classify the sample and attach profile/product evidence.	-
SVELTE-013AAA24627E38A69F72	runtime-legacy	packages/svelte/tests/runtime-legacy/samples/instrumentation-script-update/	4efb29d5ae135084f7419e8c7d14be8da3c36f50	sample-directory	blocked	BS1	BF2 must execute/classify the sample and attach profile/product evidence.	-
SVELTE-B0C0750F904922D9F1B2	runtime-legacy	packages/svelte/tests/runtime-legacy/samples/instrumentation-template-destructuring/	86ea22c7a65fb7fc5b5eb54eab502a2b8f15e971	sample-directory	blocked	BS1	BF2 must execute/classify the sample and attach profile/product evidence.	-
SVELTE-2E74846321F809E7D5D6	runtime-legacy	packages/svelte/tests/runtime-legacy/samples/instrumentation-template-loop-scope/	0671509ee780b6de8767dbcdd2c9a3631a9629f9	sample-directory	blocked	BS1	BF2 must execute/classify the sample and attach profile/product evidence.	-
SVELTE-F0B14BCF2516F299F417	runtime-legacy	packages/svelte/tests/runtime-legacy/samples/instrumentation-template-multiple-assignments/	8512a0b19c3837235df2d9956efd8580b79911ed	sample-directory	blocked	BS1	BF2 must execute/classify the sample and attach profile/product evidence.	-
SVELTE-8C1D59873410D218BE2D	runtime-legacy	packages/svelte/tests/runtime-legacy/samples/instrumentation-template-update/	8199e35e2fd0885fff2a7d674d5f15650ab92a9f	sample-directory	blocked	BS1	BF2 must execute/classify the sample and attach profile/product evidence.	-
SVELTE-80BACD67DEF9AF81DA8C	runtime-legacy	packages/svelte/tests/runtime-legacy/samples/instrumentation-update-expression/	099b9250e249e9cecd7c06ffb2b70ca9f3db58e6	sample-directory	blocked	BS1	BF2 must execute/classify the sample and attach profile/product evidence.	-
SVELTE-B454AE38E5AD37EFBEAF	runtime-legacy	packages/svelte/tests/runtime-legacy/samples/internal-state/	4d3a59b82c7e07671970f79426d2f4cec2a3c8b6	sample-directory	blocked	BS1	BF2 must execute/classify the sample and attach profile/product evidence.	-
SVELTE-A5D1E3775FB72F35180C	runtime-legacy	packages/svelte/tests/runtime-legacy/samples/invalidation-in-if-condition/	85192d6c39a3ec021f32223207d3596da394c241	sample-directory	blocked	BS1	BF2 must execute/classify the sample and attach profile/product evidence.	-
SVELTE-8FB967EFD653654C67B3	runtime-legacy	packages/svelte/tests/runtime-legacy/samples/isolated-text/	f0b9f6bbbeed85b07e5701bdfc47355bddfa48af	sample-directory	blocked	BS1	BF2 must execute/classify the sample and attach profile/product evidence.	-
SVELTE-5D99DE0D06B249842ED0	runtime-legacy	packages/svelte/tests/runtime-legacy/samples/key-block-2/	7119bd9b9348f03df1a1f17bdace0af14439eda3	sample-directory	blocked	BS1	BF2 must execute/classify the sample and attach profile/product evidence.	-
SVELTE-698610EAE9C57446751A	runtime-legacy	packages/svelte/tests/runtime-legacy/samples/key-block-3/	4a8adb78d8e14aa2091549aefdb386ef5487d742	sample-directory	blocked	BS1	BF2 must execute/classify the sample and attach profile/product evidence.	-
SVELTE-883E1034C381B2812672	runtime-legacy	packages/svelte/tests/runtime-legacy/samples/key-block-array-immutable/	0ea7b19b08746515aa1e4172d7ecce928e95259d	sample-directory	blocked	BS1	BF2 must execute/classify the sample and attach profile/product evidence.	-
SVELTE-D731EE9832D9B4AA4C49	runtime-legacy	packages/svelte/tests/runtime-legacy/samples/key-block-array/	aeae0632795bda850070dd46477e4f95cf586fd2	sample-directory	blocked	BS1	BF2 must execute/classify the sample and attach profile/product evidence.	-
SVELTE-C914931A56B9DF5C2359	runtime-legacy	packages/svelte/tests/runtime-legacy/samples/key-block-component-slot/	291930d7f895d44ab49f587d9430558f849c88ab	sample-directory	blocked	BS1	BF2 must execute/classify the sample and attach profile/product evidence.	-
SVELTE-A946C4DD6154F7D1176A	runtime-legacy	packages/svelte/tests/runtime-legacy/samples/key-block-expression-2/	9dcba3ba24053893a7f765396f38d2698ee72cea	sample-directory	blocked	BS1	BF2 must execute/classify the sample and attach profile/product evidence.	-
SVELTE-39B4FF4E272B2E870BF1	runtime-legacy	packages/svelte/tests/runtime-legacy/samples/key-block-expression/	c28650cfb7ce301d1ed7cddc2e198dd21183141a	sample-directory	blocked	BS1	BF2 must execute/classify the sample and attach profile/product evidence.	-
SVELTE-6711262402190E91F20B	runtime-legacy	packages/svelte/tests/runtime-legacy/samples/key-block-post-hydrate/	0ca240757b4852eb6281b902d78366190cc00a07	sample-directory	blocked	BS1	BF2 must execute/classify the sample and attach profile/product evidence.	-
SVELTE-13EBB302677DB336E282	runtime-legacy	packages/svelte/tests/runtime-legacy/samples/key-block-static-if/	a5e6f4a91392fa61383813a7457e1fcb30faec3e	sample-directory	blocked	BS1	BF2 must execute/classify the sample and attach profile/product evidence.	-
SVELTE-D8AABA57AEFD9C00EE99	runtime-legacy	packages/svelte/tests/runtime-legacy/samples/key-block-static/	e135d8a5a1c7c4eb3951815e08039801be7d599a	sample-directory	blocked	BS1	BF2 must execute/classify the sample and attach profile/product evidence.	-
SVELTE-825FD4EDC33979E1BDB5	runtime-legacy	packages/svelte/tests/runtime-legacy/samples/key-block-transition-global/	9319ad832c90e7feb5117e26320e1e4b4216bfe6	sample-directory	blocked	BS1	BF2 must execute/classify the sample and attach profile/product evidence.	-
SVELTE-01665D96986D4F565A1D	runtime-legacy	packages/svelte/tests/runtime-legacy/samples/key-block-transition-local/	97c19056d90d0331d641cd408fb338373dcb28e8	sample-directory	blocked	BS1	BF2 must execute/classify the sample and attach profile/product evidence.	-
SVELTE-F59237F66695C8699985	runtime-legacy	packages/svelte/tests/runtime-legacy/samples/key-block-transition/	f3172acf2d368deb502aa714dc5aa4ade4cb2ae8	sample-directory	blocked	BS1	BF2 must execute/classify the sample and attach profile/product evidence.	-
SVELTE-583E4E3515775CE3EEC6	runtime-legacy	packages/svelte/tests/runtime-legacy/samples/key-block/	73182d0b32d69af6c4c9aeac60da623c49b23adf	sample-directory	blocked	BS1	BF2 must execute/classify the sample and attach profile/product evidence.	-
SVELTE-A6246D61D08C274946FC	runtime-legacy	packages/svelte/tests/runtime-legacy/samples/keyed-each-bind-read-index/	ac891f280a207f06c1938edbd0deee27889a3943	sample-directory	blocked	BS1	BF2 must execute/classify the sample and attach profile/product evidence.	-
SVELTE-43C7D2E1743978047264	runtime-legacy	packages/svelte/tests/runtime-legacy/samples/keyed-each-dev-unique-update/	f7b73aca5d71ed56ae08d28c92a092782da75583	sample-directory	blocked	BS1	BF2 must execute/classify the sample and attach profile/product evidence.	-
SVELTE-269F0B63E4F275ED55EA	runtime-legacy	packages/svelte/tests/runtime-legacy/samples/keyed-each-dev-unique/	097401c3f5b65109622d3f5872d1e593865573fd	sample-directory	blocked	BS1	BF2 must execute/classify the sample and attach profile/product evidence.	-
SVELTE-03F14E2ABDC5D1B33704	runtime-legacy	packages/svelte/tests/runtime-legacy/samples/keyed-each-index-same-2/	5b6a5ce8d007a8d7cf47bfde23e856df5fb0a799	sample-directory	blocked	BS1	BF2 must execute/classify the sample and attach profile/product evidence.	-
SVELTE-4B152C1656255BFC4E84	runtime-legacy	packages/svelte/tests/runtime-legacy/samples/keyed-each-index-same/	6f8868e261f1d370a91c30c5ed6335e7326efc4b	sample-directory	blocked	BS1	BF2 must execute/classify the sample and attach profile/product evidence.	-
SVELTE-9F92CE5D74727063D9CF	runtime-legacy	packages/svelte/tests/runtime-legacy/samples/let-directive-and-const-tag-slotted/	9cce07f91c891731d41ce21d39cb0b043ca99fba	sample-directory	blocked	BS1	BF2 must execute/classify the sample and attach profile/product evidence.	-
SVELTE-27FEE35B073245AAF5D7	runtime-legacy	packages/svelte/tests/runtime-legacy/samples/let-directive-and-const-tag/	a1eb70f5bd24cdbf1659ef2b631652898eb043ae	sample-directory	blocked	BS1	BF2 must execute/classify the sample and attach profile/product evidence.	-
SVELTE-01FB5388D526F8A60B2C	runtime-legacy	packages/svelte/tests/runtime-legacy/samples/lifecycle-next-tick/	8afb4d4ccb9c81049b4b57b908b45815a80fe11f	sample-directory	blocked	BS1	BF2 must execute/classify the sample and attach profile/product evidence.	-
SVELTE-3E6DE89C849D6BC84609	runtime-legacy	packages/svelte/tests/runtime-legacy/samples/lifecycle-onmount-infinite-loop/	a91ebfbeb1014399fb3c605307f903472ff2421b	sample-directory	blocked	BS1	BF2 must execute/classify the sample and attach profile/product evidence.	-
SVELTE-856AC368AAA637784E0A	runtime-legacy	packages/svelte/tests/runtime-legacy/samples/lifecycle-render-afterUpdate/	32ecee6a1442bdad42dcf50191cf234804f1c8f6	sample-directory	blocked	BS1	BF2 must execute/classify the sample and attach profile/product evidence.	-
SVELTE-DB47AA1913B1FC50936C	runtime-legacy	packages/svelte/tests/runtime-legacy/samples/lifecycle-render-afterUpdate2/	afa6b1539a9d5b4b1959dc4df8dbba47128ca00b	sample-directory	blocked	BS1	BF2 must execute/classify the sample and attach profile/product evidence.	-
SVELTE-612134DB9C9DF74071C4	runtime-legacy	packages/svelte/tests/runtime-legacy/samples/lifecycle-render-beforeUpdate/	2c45827726b0e8bb0b5f587f56d2bfaa360cd1f2	sample-directory	blocked	BS1	BF2 must execute/classify the sample and attach profile/product evidence.	-
SVELTE-9C7597383638F7BEAD0B	runtime-legacy	packages/svelte/tests/runtime-legacy/samples/lifecycle-render-order-for-children/	c6e8da5b24bbeceb0c38d60264c6e7e16ccb463c	sample-directory	blocked	BS1	BF2 must execute/classify the sample and attach profile/product evidence.	-
SVELTE-E7984066F0A6FD7652F4	runtime-legacy	packages/svelte/tests/runtime-legacy/samples/lifecycle-render-order/	b63e05ce0fb7d601c21edda6b35ec2665a4c54b1	sample-directory	blocked	BS1	BF2 must execute/classify the sample and attach profile/product evidence.	-
SVELTE-160FC9B76BE9ED0FA18C	runtime-legacy	packages/svelte/tests/runtime-legacy/samples/mixed-let-export/	d80047ca2b11eb993c595cf252d36b5303cc868a	sample-directory	blocked	BS1	BF2 must execute/classify the sample and attach profile/product evidence.	-
SVELTE-60B4853A1FDDA0EC17B5	runtime-legacy	packages/svelte/tests/runtime-legacy/samples/module-context-bind/	58c7355cade855b2534ebac8ab60125d79001b91	sample-directory	blocked	BS1	BF2 must execute/classify the sample and attach profile/product evidence.	-
SVELTE-E1ECC710B89F4D28A9D4	runtime-legacy	packages/svelte/tests/runtime-legacy/samples/module-context-export-referenced-in-template/	d9812c627b3705099874ec49d62dbd9ceecdca13	sample-directory	blocked	BS1	BF2 must execute/classify the sample and attach profile/product evidence.	-
SVELTE-57E224BD7CB6266DA3DA	runtime-legacy	packages/svelte/tests/runtime-legacy/samples/module-context-export/	b1a66e97362307b21db5ff4f79f4efdd9291ae5c	sample-directory	blocked	BS1	BF2 must execute/classify the sample and attach profile/product evidence.	-
SVELTE-C51520118554536BE521	runtime-legacy	packages/svelte/tests/runtime-legacy/samples/module-context-with-instance-script/	64d7c1dca6a7446e4bfe801b6b4bf6f86983cc7d	sample-directory	blocked	BS1	BF2 must execute/classify the sample and attach profile/product evidence.	-
SVELTE-3CED25EAF5B03A2BD4CE	runtime-legacy	packages/svelte/tests/runtime-legacy/samples/module-context/	31576a1f4248fee61ea0a79d18e5fd086a606eb2	sample-directory	blocked	BS1	BF2 must execute/classify the sample and attach profile/product evidence.	-
SVELTE-BD23799007D043B87163	runtime-legacy	packages/svelte/tests/runtime-legacy/samples/mutation-correct-return-value/	ac40c7dd90833055710dee89bedfec31283b7c33	sample-directory	blocked	BS1	BF2 must execute/classify the sample and attach profile/product evidence.	-
SVELTE-BD16271F22A62F19228A	runtime-legacy	packages/svelte/tests/runtime-legacy/samples/mutation-tracking-across-sibling-scopes/	561e955f2737ec891348aaa90be5cdaef44da404	sample-directory	blocked	BS1	BF2 must execute/classify the sample and attach profile/product evidence.	-
SVELTE-23AC8D87FAE0FBA0F8CA	runtime-legacy	packages/svelte/tests/runtime-legacy/samples/names-deconflicted-nested/	3d389d28af16fa7053dc041045625848a053741f	sample-directory	blocked	BS1	BF2 must execute/classify the sample and attach profile/product evidence.	-
SVELTE-00CDC9017942230D6570	runtime-legacy	packages/svelte/tests/runtime-legacy/samples/names-deconflicted/	e7337287ef8789b557278449c9b170f59a740e0f	sample-directory	blocked	BS1	BF2 must execute/classify the sample and attach profile/product evidence.	-
SVELTE-1F890DEB2718DCCB7815	runtime-legacy	packages/svelte/tests/runtime-legacy/samples/namespace-html/	c53c7f5b729eca01ba76664a84b7cf8c7f78d9a7	sample-directory	blocked	BS1	BF2 must execute/classify the sample and attach profile/product evidence.	-
SVELTE-99FDCE1C6957ACBC64AB	runtime-legacy	packages/svelte/tests/runtime-legacy/samples/nbsp-div/	31ef04cda32d6f25607ac11102b73e87d2307d82	sample-directory	blocked	BS1	BF2 must execute/classify the sample and attach profile/product evidence.	-
SVELTE-849BD86957EA9EEFC362	runtime-legacy	packages/svelte/tests/runtime-legacy/samples/nbsp/	bb3335299345d297b924f20dfa466c0f3d2f2f42	sample-directory	blocked	BS1	BF2 must execute/classify the sample and attach profile/product evidence.	-
SVELTE-8F1F5C59A4C36F9BB83A	runtime-legacy	packages/svelte/tests/runtime-legacy/samples/nested-destructure-assignment-2/	f7aa1e572ebe7ee6b0051c47bacf309dbef11ee9	sample-directory	blocked	BS1	BF2 must execute/classify the sample and attach profile/product evidence.	-
SVELTE-CE012BDA7FA8AF5DDF96	runtime-legacy	packages/svelte/tests/runtime-legacy/samples/nested-destructure-assignment/	7f416709a7c731b5aa4e7e91e1435bcc2363bc38	sample-directory	blocked	BS1	BF2 must execute/classify the sample and attach profile/product evidence.	-
SVELTE-DD4D2418DD9192D682B2	runtime-legacy	packages/svelte/tests/runtime-legacy/samples/nested-transition-detach-each/	2dd750f1ac4a5f67abafc02f8fec950940043c48	sample-directory	blocked	BS1	BF2 must execute/classify the sample and attach profile/product evidence.	-
SVELTE-CF119038E3E7833DA667	runtime-legacy	packages/svelte/tests/runtime-legacy/samples/nested-transition-detach-if-false/	77668b903b61fe5c597a337b32d99e02d28dc337	sample-directory	blocked	BS1	BF2 must execute/classify the sample and attach profile/product evidence.	-
SVELTE-B0B64CE42029194F742F	runtime-legacy	packages/svelte/tests/runtime-legacy/samples/nested-transition-if-block-not-remounted/	fe1a118acca39f274028477d83f2191c336fcca9	sample-directory	blocked	BS1	BF2 must execute/classify the sample and attach profile/product evidence.	-
SVELTE-3435CBD20A2467E50C65	runtime-legacy	packages/svelte/tests/runtime-legacy/samples/observable-auto-subscribe/	133971dea26103519aea74823b8d638192c594a2	sample-directory	blocked	BS1	BF2 must execute/classify the sample and attach profile/product evidence.	-
SVELTE-4A2188E37F30A95F072B	runtime-legacy	packages/svelte/tests/runtime-legacy/samples/ondestroy-before-cleanup/	e8c50ed276a5f8ca69c8b729dffa5e94aee0f392	sample-directory	blocked	BS1	BF2 must execute/classify the sample and attach profile/product evidence.	-
SVELTE-0F3850F0951950339CF6	runtime-legacy	packages/svelte/tests/runtime-legacy/samples/ondestroy-deep/	1757a6662a4fba4245a06bcacba1bb1726c4f955	sample-directory	blocked	BS1	BF2 must execute/classify the sample and attach profile/product evidence.	-
SVELTE-AF60A4FDEEF94E6A2B49	runtime-legacy	packages/svelte/tests/runtime-legacy/samples/ondestroy-prop-access-2/	d3e292c0f551e3ed1fbc52d025747a1e9f8f7ae1	sample-directory	blocked	BS1	BF2 must execute/classify the sample and attach profile/product evidence.	-
SVELTE-EE5175CF8D18D1FBFA69	runtime-legacy	packages/svelte/tests/runtime-legacy/samples/ondestroy-prop-access-3/	bd9caa10d608c2ca23303b5168bae9ff1e256a51	sample-directory	blocked	BS1	BF2 must execute/classify the sample and attach profile/product evidence.	-
SVELTE-A5A434BCB13B5CF310DB	runtime-legacy	packages/svelte/tests/runtime-legacy/samples/ondestroy-prop-access/	ab9d93896683c9e765b82d239bcd2030bc7b3fa0	sample-directory	blocked	BS1	BF2 must execute/classify the sample and attach profile/product evidence.	-
SVELTE-6B4FF34B7B538F9CC737	runtime-legacy	packages/svelte/tests/runtime-legacy/samples/onmount-async/	53640ded2704c30fa7445d9feaf0410ab4634001	sample-directory	blocked	BS1	BF2 must execute/classify the sample and attach profile/product evidence.	-
SVELTE-C60E2A7B0A6F26B17F8F	runtime-legacy	packages/svelte/tests/runtime-legacy/samples/onmount-external/	f33c6df57d76e18a331872dae14067e871db29ab	sample-directory	blocked	BS1	BF2 must execute/classify the sample and attach profile/product evidence.	-
SVELTE-F0D6FCDB34A1F98ED4C8	runtime-legacy	packages/svelte/tests/runtime-legacy/samples/onmount-fires-when-ready-nested/	67db0104f37cdac18973203156c6f0a38d6d6dd1	sample-directory	blocked	BS1	BF2 must execute/classify the sample and attach profile/product evidence.	-
SVELTE-2B1023197948737C86C3	runtime-legacy	packages/svelte/tests/runtime-legacy/samples/onmount-fires-when-ready/	5ef6dfa88a5788b80fa28055481d6a192637d6b0	sample-directory	blocked	BS1	BF2 must execute/classify the sample and attach profile/product evidence.	-
SVELTE-4F1E10F412BC60A4FC04	runtime-legacy	packages/svelte/tests/runtime-legacy/samples/onmount-sibling-order/	082e44c331ac2b02f9bb3bc5efe380557ad8cbd8	sample-directory	blocked	BS1	BF2 must execute/classify the sample and attach profile/product evidence.	-
SVELTE-2E39F5C8D3115334D1FE	runtime-legacy	packages/svelte/tests/runtime-legacy/samples/option-without-select/	a756408be72e215deefd3864f8dc433f7b8f5af3	sample-directory	blocked	BS1	BF2 must execute/classify the sample and attach profile/product evidence.	-
SVELTE-E804E59408D118809765	runtime-legacy	packages/svelte/tests/runtime-legacy/samples/paren-wrapped-expressions/	37d80a556f8f422cb09190be297a60700b07f80a	sample-directory	blocked	BS1	BF2 must execute/classify the sample and attach profile/product evidence.	-
SVELTE-74FC59D3FC147E861618	runtime-legacy	packages/svelte/tests/runtime-legacy/samples/pre-tag/	d78ab262b06730bc399cdbfd32be424d6a1e8994	sample-directory	blocked	BS1	BF2 must execute/classify the sample and attach profile/product evidence.	-
SVELTE-4723BEA30946B5C4A005	runtime-legacy	packages/svelte/tests/runtime-legacy/samples/preload/	fc8184df6aaddd968d26f085971a94beef396b6b	sample-directory	blocked	BS1	BF2 must execute/classify the sample and attach profile/product evidence.	-
SVELTE-E82ECE0F95BEA5BDD753	runtime-legacy	packages/svelte/tests/runtime-legacy/samples/preserve-comments/	f14eba601682b5dda3a3bbf519bf9ef661f5863b	sample-directory	blocked	BS1	BF2 must execute/classify the sample and attach profile/product evidence.	-
SVELTE-20A4EA108A07869EB529	runtime-legacy	packages/svelte/tests/runtime-legacy/samples/preserve-whitespaces/	bf95f4fbe6fe1cc42b37c0d780e1cfd4f6d399a5	sample-directory	blocked	BS1	BF2 must execute/classify the sample and attach profile/product evidence.	-
SVELTE-DD48D72663FA00324E19	runtime-legacy	packages/svelte/tests/runtime-legacy/samples/prop-accessors/	e11eac404097c17c836f3d6c0212445343a4c3bb	sample-directory	blocked	BS1	BF2 must execute/classify the sample and attach profile/product evidence.	-
SVELTE-1A35075784339A8D10B6	runtime-legacy	packages/svelte/tests/runtime-legacy/samples/prop-const/	6357f5683724027f3177cf92ce50c5b89c6fb011	sample-directory	blocked	BS1	BF2 must execute/classify the sample and attach profile/product evidence.	-
SVELTE-EBBC9E159AD9C938CB22	runtime-legacy	packages/svelte/tests/runtime-legacy/samples/prop-exports/	3240b0325720518260dcdde852be5e604b4b3d4a	sample-directory	blocked	BS1	BF2 must execute/classify the sample and attach profile/product evidence.	-
SVELTE-6DD1CDE5667CFD0FB360	runtime-legacy	packages/svelte/tests/runtime-legacy/samples/prop-no-change/	bee82f14093b756d942aa7ed174656e6104ecacd	sample-directory	blocked	BS1	BF2 must execute/classify the sample and attach profile/product evidence.	-
SVELTE-DA4A7C5D215BD8EE5B14	runtime-legacy	packages/svelte/tests/runtime-legacy/samples/prop-not-action/	0eab3a5157953c3c3ae173e8a4b74b0368b62cc7	sample-directory	blocked	BS1	BF2 must execute/classify the sample and attach profile/product evidence.	-
SVELTE-968DC3F6F06C572603D5	runtime-legacy	packages/svelte/tests/runtime-legacy/samples/prop-p-is-null/	7de99a7969d5885226c35a2686fe1e014172fbc6	sample-directory	blocked	BS1	BF2 must execute/classify the sample and attach profile/product evidence.	-
SVELTE-D81CF86E23BD80489C9D	runtime-legacy	packages/svelte/tests/runtime-legacy/samples/prop-quoted/	b4f2a05608c13fc443ecb409ddf440c4c11264f7	sample-directory	blocked	BS1	BF2 must execute/classify the sample and attach profile/product evidence.	-
SVELTE-86D5FD7978B72BE81BE2	runtime-legacy	packages/svelte/tests/runtime-legacy/samples/prop-subscribable/	7df2a68121c65424e542b9f74a7476d7bcf69312	sample-directory	blocked	BS1	BF2 must execute/classify the sample and attach profile/product evidence.	-
SVELTE-E9B2842E077AD26DEEB7	runtime-legacy	packages/svelte/tests/runtime-legacy/samples/prop-without-semicolon-b/	0413345f6926130c1e09d29260b377005618a654	sample-directory	blocked	BS1	BF2 must execute/classify the sample and attach profile/product evidence.	-
SVELTE-A6D35F3C12BDCD030E16	runtime-legacy	packages/svelte/tests/runtime-legacy/samples/prop-without-semicolon/	fe45238ff813038a7ac6067c00890794fdeff515	sample-directory	blocked	BS1	BF2 must execute/classify the sample and attach profile/product evidence.	-
SVELTE-E793AA3A11E9FB989FBE	runtime-legacy	packages/svelte/tests/runtime-legacy/samples/props-reactive-b/	3d4b07078e5f2b2f37706bebc7b1960cf3e84f8d	sample-directory	blocked	BS1	BF2 must execute/classify the sample and attach profile/product evidence.	-
SVELTE-516CF339E6FF172E62D8	runtime-legacy	packages/svelte/tests/runtime-legacy/samples/props-reactive-destroy/	873a6b28aab1e38724595c8d09e3a1bdd338b1e5	sample-directory	blocked	BS1	BF2 must execute/classify the sample and attach profile/product evidence.	-
SVELTE-9BBF680CF69699F6AAD8	runtime-legacy	packages/svelte/tests/runtime-legacy/samples/props-reactive-only-with-change/	2ba116aa0c810466cebdc85c1045d02ab75a4609	sample-directory	blocked	BS1	BF2 must execute/classify the sample and attach profile/product evidence.	-
SVELTE-7A90BE501ECCCCE9B26B	runtime-legacy	packages/svelte/tests/runtime-legacy/samples/props-reactive-slot/	449bd2dd957543a26fe55de33bf54367372efe5f	sample-directory	blocked	BS1	BF2 must execute/classify the sample and attach profile/product evidence.	-
SVELTE-5A3EFF224C8B11DE1BED	runtime-legacy	packages/svelte/tests/runtime-legacy/samples/props-reactive/	bc0d7c958e8ad726b5d336759e432c815b21d7ea	sample-directory	blocked	BS1	BF2 must execute/classify the sample and attach profile/product evidence.	-
SVELTE-F857EDCCD8F1BCCBE98B	runtime-legacy	packages/svelte/tests/runtime-legacy/samples/props-reassign/	1f77293b2ff4a0a8a731eb5cd0ca4ea49bdb56ec	sample-directory	blocked	BS1	BF2 must execute/classify the sample and attach profile/product evidence.	-
SVELTE-848987DA20C092BFBBDD	runtime-legacy	packages/svelte/tests/runtime-legacy/samples/props/	1cb8ba70f6d85ea58e650303c0140d8224701e50	sample-directory	blocked	BS1	BF2 must execute/classify the sample and attach profile/product evidence.	-
SVELTE-7B8A292507BD060F8463	runtime-legacy	packages/svelte/tests/runtime-legacy/samples/raw-anchor-first-child/	d77bd3fb2828589d9fa78c20240df25ed817874a	sample-directory	blocked	BS1	BF2 must execute/classify the sample and attach profile/product evidence.	-
SVELTE-254837DAFC898909F07C	runtime-legacy	packages/svelte/tests/runtime-legacy/samples/raw-anchor-first-last-child/	e0111e0b9b8aa1135e8f00cce294c716f5b632db	sample-directory	blocked	BS1	BF2 must execute/classify the sample and attach profile/product evidence.	-
SVELTE-9B50DCD9EDF77358DAB4	runtime-legacy	packages/svelte/tests/runtime-legacy/samples/raw-anchor-last-child/	8d1c8e6f93855aab8cc84c0dc793906fa2d36ac7	sample-directory	blocked	BS1	BF2 must execute/classify the sample and attach profile/product evidence.	-
SVELTE-DB2E57113664F5E63312	runtime-legacy	packages/svelte/tests/runtime-legacy/samples/raw-anchor-next-previous-sibling/	cf53f9179404d3c170d1ae03db283125f0d6f662	sample-directory	blocked	BS1	BF2 must execute/classify the sample and attach profile/product evidence.	-
SVELTE-E0B0DE0CED0AEDA9E110	runtime-legacy	packages/svelte/tests/runtime-legacy/samples/raw-anchor-next-sibling/	95726e7373d5aaa0ba63041c69c405b235b93200	sample-directory	blocked	BS1	BF2 must execute/classify the sample and attach profile/product evidence.	-
SVELTE-2E22A7415F2BD841E206	runtime-legacy	packages/svelte/tests/runtime-legacy/samples/raw-anchor-previous-sibling/	95726e7373d5aaa0ba63041c69c405b235b93200	sample-directory	blocked	BS1	BF2 must execute/classify the sample and attach profile/product evidence.	-
SVELTE-F5783597DBF5783A9A96	runtime-legacy	packages/svelte/tests/runtime-legacy/samples/raw-mustache-as-root/	43649d017097ef10cf4f7c80448e107b4827fa96	sample-directory	blocked	BS1	BF2 must execute/classify the sample and attach profile/product evidence.	-
SVELTE-A308986405E6905FC8C5	runtime-legacy	packages/svelte/tests/runtime-legacy/samples/raw-mustache-before-element/	b130c44d42383372509d258e220f53878c8ce463	sample-directory	blocked	BS1	BF2 must execute/classify the sample and attach profile/product evidence.	-
SVELTE-7BF034D771897BCAB682	runtime-legacy	packages/svelte/tests/runtime-legacy/samples/raw-mustache-inside-head/	9571ea6d2ee44ec56a5979526e3f16f09d70ef76	sample-directory	blocked	BS1	BF2 must execute/classify the sample and attach profile/product evidence.	-
SVELTE-335907B3AAF9A2B767BF	runtime-legacy	packages/svelte/tests/runtime-legacy/samples/raw-mustache-inside-slot/	c64bbf149e8361459cd18bf18ed40d4030b843c2	sample-directory	blocked	BS1	BF2 must execute/classify the sample and attach profile/product evidence.	-
SVELTE-0DBC80D1A54E631B8D0E	runtime-legacy	packages/svelte/tests/runtime-legacy/samples/raw-mustaches-preserved/	a7bbf9d3ce8560b5cdbeb89711bb62ba0f9a5c46	sample-directory	blocked	BS1	BF2 must execute/classify the sample and attach profile/product evidence.	-
SVELTE-3DA7CEEA26828D9DD4F4	runtime-legacy	packages/svelte/tests/runtime-legacy/samples/raw-mustaches-td-tr/	464995efa2640238917472da0bc84a7a1b53b905	sample-directory	blocked	BS1	BF2 must execute/classify the sample and attach profile/product evidence.	-
SVELTE-A9AC9A7C176A3CA588DA	runtime-legacy	packages/svelte/tests/runtime-legacy/samples/raw-mustaches/	c8b595e90cd3944cfc80da24a7fd0638075f572f	sample-directory	blocked	BS1	BF2 must execute/classify the sample and attach profile/product evidence.	-
SVELTE-C46EE2F9F85E53237AA6	runtime-legacy	packages/svelte/tests/runtime-legacy/samples/raw-svg/	87407ee0680d0986239fd5c320e25e28d98a578b	sample-directory	blocked	BS1	BF2 must execute/classify the sample and attach profile/product evidence.	-
SVELTE-B96EB107E66FB6510550	runtime-legacy	packages/svelte/tests/runtime-legacy/samples/reactive-assignment-in-assignment-rhs/	85cf8519183275d0b4c931334efb75743fdb547f	sample-directory	blocked	BS1	BF2 must execute/classify the sample and attach profile/product evidence.	-
SVELTE-A1FB9F93A1A09B1D9C0B	runtime-legacy	packages/svelte/tests/runtime-legacy/samples/reactive-assignment-in-complex-declaration-with-store-2/	4f61b87c578e64788b0633deb8e3487bc0fac844	sample-directory	blocked	BS1	BF2 must execute/classify the sample and attach profile/product evidence.	-
SVELTE-33971D8A4F4B2C6BFA5B	runtime-legacy	packages/svelte/tests/runtime-legacy/samples/reactive-assignment-in-complex-declaration-with-store-3/	167658781c4cb73606ce578f3f4ebbfe2f8c60d5	sample-directory	blocked	BS1	BF2 must execute/classify the sample and attach profile/product evidence.	-
SVELTE-6A2F5131264FA9EB97FB	runtime-legacy	packages/svelte/tests/runtime-legacy/samples/reactive-assignment-in-complex-declaration-with-store/	5677d6501018b80532baa775ecd81e9756caebf6	sample-directory	blocked	BS1	BF2 must execute/classify the sample and attach profile/product evidence.	-
SVELTE-890302BD11F0B69B7CA8	runtime-legacy	packages/svelte/tests/runtime-legacy/samples/reactive-assignment-in-complex-declaration/	88599d98ebb9de3d2b039b6559c8521d75b6ad8b	sample-directory	blocked	BS1	BF2 must execute/classify the sample and attach profile/product evidence.	-
SVELTE-5DF5ACC06970C4504A92	runtime-legacy	packages/svelte/tests/runtime-legacy/samples/reactive-assignment-in-declaration/	f87c3256b4d86711a4e20e3d45d5336e62ba241e	sample-directory	blocked	BS1	BF2 must execute/classify the sample and attach profile/product evidence.	-
SVELTE-FE2B31F155A251EB1D9D	runtime-legacy	packages/svelte/tests/runtime-legacy/samples/reactive-assignment-in-for-loop-head/	b420f40739d2a5393525716478100512745cf1ae	sample-directory	blocked	BS1	BF2 must execute/classify the sample and attach profile/product evidence.	-
SVELTE-28FAD906ACA880637B41	runtime-legacy	packages/svelte/tests/runtime-legacy/samples/reactive-assignment-prevent-loop/	02b1be9f230e97a1ab5a382bbb1eed12ab710ce1	sample-directory	blocked	BS1	BF2 must execute/classify the sample and attach profile/product evidence.	-
SVELTE-423BA6D26219C8F1FCDD	runtime-legacy	packages/svelte/tests/runtime-legacy/samples/reactive-block-break/	e30a05d89e971deb4ec22a9354017e4f2d6ee570	sample-directory	blocked	BS1	BF2 must execute/classify the sample and attach profile/product evidence.	-
SVELTE-6BEEE238818817F38ACC	runtime-legacy	packages/svelte/tests/runtime-legacy/samples/reactive-compound-operator/	23a9d248557899657df6989cc0a5d9f89f51b8a0	sample-directory	blocked	BS1	BF2 must execute/classify the sample and attach profile/product evidence.	-
SVELTE-EA951D50A34139C84789	runtime-legacy	packages/svelte/tests/runtime-legacy/samples/reactive-function-called-reassigned/	bfea3c513bc36308325e4d3184ac3896671c7b91	sample-directory	blocked	BS1	BF2 must execute/classify the sample and attach profile/product evidence.	-
SVELTE-DE5E1788D9CF52713844	runtime-legacy	packages/svelte/tests/runtime-legacy/samples/reactive-function-inline/	b3815b69d6ce03ef4a45c6d38368beda7aa495c8	sample-directory	blocked	BS1	BF2 must execute/classify the sample and attach profile/product evidence.	-
SVELTE-26304733B6EA91D882A9	runtime-legacy	packages/svelte/tests/runtime-legacy/samples/reactive-function/	c00bf21f7e117c13bc86b855feb0b8aad682ceba	sample-directory	blocked	BS1	BF2 must execute/classify the sample and attach profile/product evidence.	-
SVELTE-D89A429F10CF198CD422	runtime-legacy	packages/svelte/tests/runtime-legacy/samples/reactive-import-statement-2/	7469b02e14cab98689632d72e422121b541ed2d1	sample-directory	blocked	BS1	BF2 must execute/classify the sample and attach profile/product evidence.	-
SVELTE-916447853FB80E9D2C05	runtime-legacy	packages/svelte/tests/runtime-legacy/samples/reactive-import-statement-module/	006dd32631c747ebf736f6dc2a5e515571e0bd47	sample-directory	blocked	BS1	BF2 must execute/classify the sample and attach profile/product evidence.	-
SVELTE-C1C709F36AD3D55CAF6B	runtime-legacy	packages/svelte/tests/runtime-legacy/samples/reactive-import-statement/	7a610cb553292bcfca23a1a0084bbe3ec6b92a9d	sample-directory	blocked	BS1	BF2 must execute/classify the sample and attach profile/product evidence.	-
SVELTE-9F735063D04F8E61914E	runtime-legacy	packages/svelte/tests/runtime-legacy/samples/reactive-statement-indirect/	2c9b5b2e3fa92e1860b1e1c21907f5838b807429	sample-directory	blocked	BS1	BF2 must execute/classify the sample and attach profile/product evidence.	-
SVELTE-AA69DE670F004D890434	runtime-legacy	packages/svelte/tests/runtime-legacy/samples/reactive-statement-module-vars/	cac2cd330609b0a90c3ae0d6ac55bf05f80d318d	sample-directory	blocked	BS1	BF2 must execute/classify the sample and attach profile/product evidence.	-
SVELTE-4439A2095E1501EDB83A	runtime-legacy	packages/svelte/tests/runtime-legacy/samples/reactive-statement-store/	593c8e98b09761fa55fdcad86ac05fcfe069eb51	sample-directory	blocked	BS1	BF2 must execute/classify the sample and attach profile/product evidence.	-
SVELTE-CB6D49011C912D4FCF2A	runtime-legacy	packages/svelte/tests/runtime-legacy/samples/reactive-update-expression/	04ff06227e4f822c6e8ac86894572bd1d635760f	sample-directory	blocked	BS1	BF2 must execute/classify the sample and attach profile/product evidence.	-
SVELTE-6AC68346845876926580	runtime-legacy	packages/svelte/tests/runtime-legacy/samples/reactive-value-assign-properties/	acd592cb700719aa2452f53a5edef9335f0471f5	sample-directory	blocked	BS1	BF2 must execute/classify the sample and attach profile/product evidence.	-
SVELTE-50926A1B001D46B5DEAF	runtime-legacy	packages/svelte/tests/runtime-legacy/samples/reactive-value-assign-property/	211ad73c028a9d198303bd6f9cab27625842c457	sample-directory	blocked	BS1	BF2 must execute/classify the sample and attach profile/product evidence.	-
SVELTE-5CC76F06846882D49906	runtime-legacy	packages/svelte/tests/runtime-legacy/samples/reactive-value-coerce-precedence/	0185c6a1aecead32d5fb07207b30bea7037fbf73	sample-directory	blocked	BS1	BF2 must execute/classify the sample and attach profile/product evidence.	-
SVELTE-55015CB6F4B8D3166427	runtime-legacy	packages/svelte/tests/runtime-legacy/samples/reactive-value-coerce/	20ed39fda4675d247265b5d8e133508bed30b38e	sample-directory	blocked	BS1	BF2 must execute/classify the sample and attach profile/product evidence.	-
SVELTE-78E39E23DB18C8D1739A	runtime-legacy	packages/svelte/tests/runtime-legacy/samples/reactive-value-dependency-not-referenced/	541b988eb8fc475d3ab64bb57cbf2d17002416f4	sample-directory	blocked	BS1	BF2 must execute/classify the sample and attach profile/product evidence.	-
SVELTE-0F85854E9CC21A09859F	runtime-legacy	packages/svelte/tests/runtime-legacy/samples/reactive-value-function-hoist-b/	5c1643bd4dc2496afd435a2f0d9a5cb9bf60ffed	sample-directory	blocked	BS1	BF2 must execute/classify the sample and attach profile/product evidence.	-
SVELTE-DC7CC28AE90AA18AABA3	runtime-legacy	packages/svelte/tests/runtime-legacy/samples/reactive-value-function-hoist/	bc8d498793d30177e30b5c2678e0421d5e03833b	sample-directory	blocked	BS1	BF2 must execute/classify the sample and attach profile/product evidence.	-
SVELTE-07863AB0C622DEEB34A4	runtime-legacy	packages/svelte/tests/runtime-legacy/samples/reactive-value-function/	469b41e9caa5da16bd437448bfdc3d9d16affb0d	sample-directory	blocked	BS1	BF2 must execute/classify the sample and attach profile/product evidence.	-
SVELTE-E1C426081EF48F5D04E0	runtime-legacy	packages/svelte/tests/runtime-legacy/samples/reactive-value-mutate-const/	e25830bc71cb3b471ee1966a9a0fc214f9b70066	sample-directory	blocked	BS1	BF2 must execute/classify the sample and attach profile/product evidence.	-
SVELTE-7D996D1A8EBA1A3F543B	runtime-legacy	packages/svelte/tests/runtime-legacy/samples/reactive-value-mutate/	aa881da38f8a6fea05f4b04f180fd80479aef48e	sample-directory	blocked	BS1	BF2 must execute/classify the sample and attach profile/product evidence.	-
SVELTE-E134D35F3FA56F602DFA	runtime-legacy	packages/svelte/tests/runtime-legacy/samples/reactive-values-deconflicted/	2e700d8660531640273a98e82659047c4df64262	sample-directory	blocked	BS1	BF2 must execute/classify the sample and attach profile/product evidence.	-
SVELTE-076996A13D6D4DC4F868	runtime-legacy	packages/svelte/tests/runtime-legacy/samples/reactive-values-exported/	4a3fc75f0e615e8274093decb7aa5b2701ef63d6	sample-directory	blocked	BS1	BF2 must execute/classify the sample and attach profile/product evidence.	-
SVELTE-654DA38C1A58B24F6462	runtime-legacy	packages/svelte/tests/runtime-legacy/samples/reactive-values-fixed/	99d7f5a04f94a1b1a5588257c746ce8756a515de	sample-directory	blocked	BS1	BF2 must execute/classify the sample and attach profile/product evidence.	-
SVELTE-DF487B210AEE3B4B31B4	runtime-legacy	packages/svelte/tests/runtime-legacy/samples/reactive-values-function-dependency/	030f6a015ef463c7e961a4d7ab118fd10e48818e	sample-directory	blocked	BS1	BF2 must execute/classify the sample and attach profile/product evidence.	-
SVELTE-41303ED352D42E8BFF0B	runtime-legacy	packages/svelte/tests/runtime-legacy/samples/reactive-values-implicit-destructured/	8068e9b2a55089d8e59c2b27c8be4d792a156e3a	sample-directory	blocked	BS1	BF2 must execute/classify the sample and attach profile/product evidence.	-
SVELTE-8C1CBB452B11E8A16093	runtime-legacy	packages/svelte/tests/runtime-legacy/samples/reactive-values-implicit-self-dependency/	209f8ec3b4c2135054b62c2fa2a594bae1ba5d5b	sample-directory	blocked	BS1	BF2 must execute/classify the sample and attach profile/product evidence.	-
SVELTE-185D4CBFAAF0752F0185	runtime-legacy	packages/svelte/tests/runtime-legacy/samples/reactive-values-implicit/	8637a67a7d14d5f8335a19b240151a50048fe629	sample-directory	blocked	BS1	BF2 must execute/classify the sample and attach profile/product evidence.	-
SVELTE-5B315CD1161C2E585EA2	runtime-legacy	packages/svelte/tests/runtime-legacy/samples/reactive-values-no-dependencies/	e06b9d64d3f869ea1267268863a6b169716da1b3	sample-directory	blocked	BS1	BF2 must execute/classify the sample and attach profile/product evidence.	-
SVELTE-A375D1D074D064B81D46	runtime-legacy	packages/svelte/tests/runtime-legacy/samples/reactive-values-no-implicit-member-expression/	b91674b31cfe60361c629b8f4ae32f54d5d393ee	sample-directory	blocked	BS1	BF2 must execute/classify the sample and attach profile/product evidence.	-
SVELTE-A5E583CB483816C1F124	runtime-legacy	packages/svelte/tests/runtime-legacy/samples/reactive-values-non-cyclical-declaration-order-independent/	fbfe1211bbb62db17a7004d1327136b9d6680e88	sample-directory	blocked	BS1	BF2 must execute/classify the sample and attach profile/product evidence.	-
SVELTE-F2A7CB6EDD9C8AC5290C	runtime-legacy	packages/svelte/tests/runtime-legacy/samples/reactive-values-non-cyclical/	9e1956b03a4fc8b27c84ae96d56f2fea052759a3	sample-directory	blocked	BS1	BF2 must execute/classify the sample and attach profile/product evidence.	-
SVELTE-982A8ACBE9611847C893	runtime-legacy	packages/svelte/tests/runtime-legacy/samples/reactive-values-overwrite/	f329e814bb9accea2191da80e965baadfb0b3fab	sample-directory	blocked	BS1	BF2 must execute/classify the sample and attach profile/product evidence.	-
SVELTE-F9659042DED64CB5ADA8	runtime-legacy	packages/svelte/tests/runtime-legacy/samples/reactive-values-second-order/	f34d101fb304188d66cc4326c707c15870f811bb	sample-directory	blocked	BS1	BF2 must execute/classify the sample and attach profile/product evidence.	-
SVELTE-7C345AB44328F06BCACA	runtime-legacy	packages/svelte/tests/runtime-legacy/samples/reactive-values-self-dependency-b/	3983d4ae3bc8d3c91ee6b1a98abbdcb08887356c	sample-directory	blocked	BS1	BF2 must execute/classify the sample and attach profile/product evidence.	-
SVELTE-C7937F605D820ACA8967	runtime-legacy	packages/svelte/tests/runtime-legacy/samples/reactive-values-self-dependency/	f9f1ca196191e8161c4b74344bd5213b95b2ba6b	sample-directory	blocked	BS1	BF2 must execute/classify the sample and attach profile/product evidence.	-
SVELTE-B74064EA37B0CD48C880	runtime-legacy	packages/svelte/tests/runtime-legacy/samples/reactive-values-store-destructured-undefined/	ea91110f8e3f4a85c418c396ad74259ecc51b24a	sample-directory	blocked	BS1	BF2 must execute/classify the sample and attach profile/product evidence.	-
SVELTE-B3BC4822CF339D60D106	runtime-legacy	packages/svelte/tests/runtime-legacy/samples/reactive-values-subscript-assignment/	6c3095c739e64c4c7401be2e0e589b53cfd9c42a	sample-directory	blocked	BS1	BF2 must execute/classify the sample and attach profile/product evidence.	-
SVELTE-EBC411148396E181B1C9	runtime-legacy	packages/svelte/tests/runtime-legacy/samples/reactive-values-text-node/	a6364d29a111aa73dfc11a500bf4f20b54f54ea6	sample-directory	blocked	BS1	BF2 must execute/classify the sample and attach profile/product evidence.	-
SVELTE-1C91A9AF583F70D258E0	runtime-legacy	packages/svelte/tests/runtime-legacy/samples/reactive-values-uninitialised/	d8d78eeb63b59de660bacfede722be101bf0fe69	sample-directory	blocked	BS1	BF2 must execute/classify the sample and attach profile/product evidence.	-
SVELTE-3A92A6EB48BA549CD6BE	runtime-legacy	packages/svelte/tests/runtime-legacy/samples/reactive-values/	11d514cceabb36b99556e1f06778b2e567d8dd47	sample-directory	blocked	BS1	BF2 must execute/classify the sample and attach profile/product evidence.	-
SVELTE-8E00D41D8997C9137A52	runtime-legacy	packages/svelte/tests/runtime-legacy/samples/renamed-instance-exports/	742435604cef83e4eacfb9a0dbff80a03da90402	sample-directory	blocked	BS1	BF2 must execute/classify the sample and attach profile/product evidence.	-
SVELTE-FF1B9871FDFED53E8949	runtime-legacy	packages/svelte/tests/runtime-legacy/samples/rest-props-delete/	0c0b0f67ec3a15742c6d821ad6cf37f41f332c91	sample-directory	blocked	BS1	BF2 must execute/classify the sample and attach profile/product evidence.	-
SVELTE-3779A02306E8326F119C	runtime-legacy	packages/svelte/tests/runtime-legacy/samples/rest-props-no-alias/	b68f1b0f434697293a781e78d94082567319c7f7	sample-directory	blocked	BS1	BF2 must execute/classify the sample and attach profile/product evidence.	-
SVELTE-58ABC6B3E0B5ADAA07F2	runtime-legacy	packages/svelte/tests/runtime-legacy/samples/rest-props-reassign/	6f51393f4319d907508fe5fc0d80380f509233fe	sample-directory	blocked	BS1	BF2 must execute/classify the sample and attach profile/product evidence.	-
SVELTE-D51456AE0137E6F3835B	runtime-legacy	packages/svelte/tests/runtime-legacy/samples/rest-props-without-props/	3a1de1a1b4eb8294de2c07b5d70418d689cad1e6	sample-directory	blocked	BS1	BF2 must execute/classify the sample and attach profile/product evidence.	-
SVELTE-016892A529E0D66F5FC6	runtime-legacy	packages/svelte/tests/runtime-legacy/samples/rest-props/	4a0faffe6d633f55c0ba18ed387745fed1112d7e	sample-directory	blocked	BS1	BF2 must execute/classify the sample and attach profile/product evidence.	-
SVELTE-7ADB6E1261BFCE6DB0D7	runtime-legacy	packages/svelte/tests/runtime-legacy/samples/script-style-non-top-level/	cdf79ff9f6d631ad752814af4ed2ceb8562cbd62	sample-directory	blocked	BS1	BF2 must execute/classify the sample and attach profile/product evidence.	-
SVELTE-9855F63DA4AFF68FAE48	runtime-legacy	packages/svelte/tests/runtime-legacy/samples/select-bind-array/	13b0f5b3a35947702ae2c68ca5a698c131214c95	sample-directory	blocked	BS1	BF2 must execute/classify the sample and attach profile/product evidence.	-
SVELTE-AA301E9774D2582AEC1A	runtime-legacy	packages/svelte/tests/runtime-legacy/samples/select-bind-in-array/	7070cffbaa655333a6b2dfe6190be88ecf2c127e	sample-directory	blocked	BS1	BF2 must execute/classify the sample and attach profile/product evidence.	-
SVELTE-7482A63A1641A0908AC2	runtime-legacy	packages/svelte/tests/runtime-legacy/samples/select-change-handler/	4146d7bdbaf6d9e45be6f8298776ca8700c3d785	sample-directory	blocked	BS1	BF2 must execute/classify the sample and attach profile/product evidence.	-
SVELTE-B4FB3ECEED57190A3CEA	runtime-legacy	packages/svelte/tests/runtime-legacy/samples/select-in-each/	c06039db9c47bd4a5ba9bd76ecab15fb0ccedf9a	sample-directory	blocked	BS1	BF2 must execute/classify the sample and attach profile/product evidence.	-
SVELTE-22E7C3A81F94A9493397	runtime-legacy	packages/svelte/tests/runtime-legacy/samples/select-lazy-options/	943f7295e2f7a202128129448a23b35401de9615	sample-directory	blocked	BS1	BF2 must execute/classify the sample and attach profile/product evidence.	-
SVELTE-D468BF5EE1E0003DEFE6	runtime-legacy	packages/svelte/tests/runtime-legacy/samples/select-multiple-spread-and-bind/	e4c1d3cd9144e55992a6806a1b6987d35491875d	sample-directory	blocked	BS1	BF2 must execute/classify the sample and attach profile/product evidence.	-
SVELTE-5E69D990357B3294B101	runtime-legacy	packages/svelte/tests/runtime-legacy/samples/select-multiple-spread/	b2d94ed6400eeb44c01a7f5fd31ed8221d9f1ede	sample-directory	blocked	BS1	BF2 must execute/classify the sample and attach profile/product evidence.	-
SVELTE-B1EB36B5B09D9317DD40	runtime-legacy	packages/svelte/tests/runtime-legacy/samples/select-no-whitespace/	4196cf89089694cf5ed13b2a53ca3c5ef614b624	sample-directory	blocked	BS1	BF2 must execute/classify the sample and attach profile/product evidence.	-
SVELTE-51401B4067424E7E1E0A	runtime-legacy	packages/svelte/tests/runtime-legacy/samples/select-one-way-bind-object-multiple/	031913e4b65fb9f367137cbdebb3a404ed713f8a	sample-directory	blocked	BS1	BF2 must execute/classify the sample and attach profile/product evidence.	-
SVELTE-87DC728A555679D7C274	runtime-legacy	packages/svelte/tests/runtime-legacy/samples/select-one-way-bind-object/	b1b2e1690a32289a5a01414b23e55f047d0ac5e2	sample-directory	blocked	BS1	BF2 must execute/classify the sample and attach profile/product evidence.	-
SVELTE-5743D92B3FF7C41E53DE	runtime-legacy	packages/svelte/tests/runtime-legacy/samples/select-one-way-bind/	8a92aa5710fa37c44f0f5d589e6ad8320cb8f476	sample-directory	blocked	BS1	BF2 must execute/classify the sample and attach profile/product evidence.	-
SVELTE-C4BA8DAD729F7C48508E	runtime-legacy	packages/svelte/tests/runtime-legacy/samples/select-options-spread-attributes/	dbb84b85268cb449796afdd9b08fe53c129aa3c9	sample-directory	blocked	BS1	BF2 must execute/classify the sample and attach profile/product evidence.	-
SVELTE-13A35F7F15C79664F946	runtime-legacy	packages/svelte/tests/runtime-legacy/samples/select-props/	0b23fae9eed3c6d3470d20185e4298cccb985c1b	sample-directory	blocked	BS1	BF2 must execute/classify the sample and attach profile/product evidence.	-
SVELTE-4102252D71D238E6BA2D	runtime-legacy	packages/svelte/tests/runtime-legacy/samples/select-spread-preserve-selection/	63c886fefcd978988b4c9d0156ea3cdf29f57a10	sample-directory	blocked	BS1	BF2 must execute/classify the sample and attach profile/product evidence.	-
SVELTE-986433E15BB9251949C5	runtime-legacy	packages/svelte/tests/runtime-legacy/samples/select/	f56cddeda1ac845afb6908e1f44a818da3e65c75	sample-directory	blocked	BS1	BF2 must execute/classify the sample and attach profile/product evidence.	-
SVELTE-AE743D111DCCD201631B	runtime-legacy	packages/svelte/tests/runtime-legacy/samples/self-reference-component/	3d670b3459ee4d90bf60b2d0861136e854eeb7f5	sample-directory	blocked	BS1	BF2 must execute/classify the sample and attach profile/product evidence.	-
SVELTE-A4E609F2511270533E43	runtime-legacy	packages/svelte/tests/runtime-legacy/samples/self-reference-tree/	810b4d59526142b93ba46e0de87c254c3eb7941e	sample-directory	blocked	BS1	BF2 must execute/classify the sample and attach profile/product evidence.	-
SVELTE-8B7DAE76374CD8DCB457	runtime-legacy	packages/svelte/tests/runtime-legacy/samples/self-reference/	e21f2e3cb87086d778fa7c0b36f8b61b42471c3e	sample-directory	blocked	BS1	BF2 must execute/classify the sample and attach profile/product evidence.	-
SVELTE-DEFAC3830EF70175815B	runtime-legacy	packages/svelte/tests/runtime-legacy/samples/semicolon-hoisting/	cb934553cf030e5032af0549569055241291b055	sample-directory	blocked	BS1	BF2 must execute/classify the sample and attach profile/product evidence.	-
SVELTE-8F71CCEFA00F8BD3714A	runtime-legacy	packages/svelte/tests/runtime-legacy/samples/set-in-oncreate/	551b5741d03bdc57cd2cad2f8dde1965b172b2c4	sample-directory	blocked	BS1	BF2 must execute/classify the sample and attach profile/product evidence.	-
SVELTE-C0ACCE8577F86179C407	runtime-legacy	packages/svelte/tests/runtime-legacy/samples/set-in-onstate-dedupes-renders/	2ab17168be9abb90d82ac8c1ba99141e2c0bf504	sample-directory	blocked	BS1	BF2 must execute/classify the sample and attach profile/product evidence.	-
SVELTE-54B6CDECB72DA387AB16	runtime-legacy	packages/svelte/tests/runtime-legacy/samples/set-in-onstate/	a424c77ce5cec9dc1455f98fd292f36f26979e3f	sample-directory	blocked	BS1	BF2 must execute/classify the sample and attach profile/product evidence.	-
SVELTE-B1AB82FA602F9A4C824E	runtime-legacy	packages/svelte/tests/runtime-legacy/samples/set-null-text-node/	9ee4c74891f9c41ed1094dfea93186de312276e2	sample-directory	blocked	BS1	BF2 must execute/classify the sample and attach profile/product evidence.	-
SVELTE-461958E5CDC1C10A41E2	runtime-legacy	packages/svelte/tests/runtime-legacy/samples/set-prevents-loop/	3b2eb3a21ddf189f6c38595b89d480af65029fc8	sample-directory	blocked	BS1	BF2 must execute/classify the sample and attach profile/product evidence.	-
SVELTE-57737241211172C1D0C8	runtime-legacy	packages/svelte/tests/runtime-legacy/samples/set-undefined-attr/	9fbd2754ed1bffb40c68836c3c9b0cdf4f5d643f	sample-directory	blocked	BS1	BF2 must execute/classify the sample and attach profile/product evidence.	-
SVELTE-08540225F8B236640AC5	runtime-legacy	packages/svelte/tests/runtime-legacy/samples/shorthand-method-in-template/	a8160c9aa7d62c87e87d10d37ef3595327a7c5f4	sample-directory	blocked	BS1	BF2 must execute/classify the sample and attach profile/product evidence.	-
SVELTE-8B81CC63D7EECF55A7C4	runtime-legacy	packages/svelte/tests/runtime-legacy/samples/sigil-component-prop/	e5fa6bcdea1557b5145dfad4ce72eb39d123c4bb	sample-directory	blocked	BS1	BF2 must execute/classify the sample and attach profile/product evidence.	-
SVELTE-5D2CA4B227EF984B1D7E	runtime-legacy	packages/svelte/tests/runtime-legacy/samples/sigil-expression-function-body/	0e91f7162b6ca594f37954271bbffb4c34f4955a	sample-directory	blocked	BS1	BF2 must execute/classify the sample and attach profile/product evidence.	-
SVELTE-031EC701779F7313B654	runtime-legacy	packages/svelte/tests/runtime-legacy/samples/sigil-static-at/	f39b6991e11275e5190d2a0cc9b55e859e8e3202	sample-directory	blocked	BS1	BF2 must execute/classify the sample and attach profile/product evidence.	-
SVELTE-9E6C0328F760977F5138	runtime-legacy	packages/svelte/tests/runtime-legacy/samples/sigil-static-hash/	3f0d90917fde3907fe947955233ea251ca9e6bd9	sample-directory	blocked	BS1	BF2 must execute/classify the sample and attach profile/product evidence.	-
SVELTE-E98697182722A69F0766	runtime-legacy	packages/svelte/tests/runtime-legacy/samples/single-static-element/	1278d7119e544d9b62713385cf215eb6d97c5fd0	sample-directory	blocked	BS1	BF2 must execute/classify the sample and attach profile/product evidence.	-
SVELTE-459B0B4FCB7408938D86	runtime-legacy	packages/svelte/tests/runtime-legacy/samples/single-text-node/	a9f81ab7066e90f3fd804bb3475c179bcfcdc75d	sample-directory	blocked	BS1	BF2 must execute/classify the sample and attach profile/product evidence.	-
SVELTE-BD35A408BDFE1C54C9B1	runtime-legacy	packages/svelte/tests/runtime-legacy/samples/slot-children-prop/	6814b93294c59d83d44b07f8a2325f1c7d799295	sample-directory	blocked	BS1	BF2 must execute/classify the sample and attach profile/product evidence.	-
SVELTE-DDCE057E9B94695DC7FB	runtime-legacy	packages/svelte/tests/runtime-legacy/samples/slot-if-block-update-no-anchor/	5fc7806a6c5b43c505969beb44fedcfbd00f6860	sample-directory	blocked	BS1	BF2 must execute/classify the sample and attach profile/product evidence.	-
SVELTE-4DEFF7C5CE8A6B727A73	runtime-legacy	packages/svelte/tests/runtime-legacy/samples/slot-in-custom-element/	d1bd52e46050ef104bf8bc276de0dd7c2688f6a6	sample-directory	blocked	BS1	BF2 must execute/classify the sample and attach profile/product evidence.	-
SVELTE-0EBA713333706F616110	runtime-legacy	packages/svelte/tests/runtime-legacy/samples/slot-in-dynamic-element/	701ca66d3801b5d8e73f660f005f55377f4e9429	sample-directory	blocked	BS1	BF2 must execute/classify the sample and attach profile/product evidence.	-
SVELTE-68D89547E3BD24CBC09F	runtime-legacy	packages/svelte/tests/runtime-legacy/samples/slot-let-forwarding/	ab8a2893e858625be30f8c0103bde14c57547d6a	sample-directory	blocked	BS1	BF2 must execute/classify the sample and attach profile/product evidence.	-
SVELTE-BD72A4FE0AA7A63CC65F	runtime-legacy	packages/svelte/tests/runtime-legacy/samples/slot-svg/	e84df8ac8ade684b22d8b27a4dd8201b4f58ee89	sample-directory	blocked	BS1	BF2 must execute/classify the sample and attach profile/product evidence.	-
SVELTE-11F52F33FA05FF422E23	runtime-legacy	packages/svelte/tests/runtime-legacy/samples/slot/	73d89c180d19111924ba38b97933219076bb988a	sample-directory	blocked	BS1	BF2 must execute/classify the sample and attach profile/product evidence.	-
SVELTE-364FEF252DC8625C10AB	runtime-legacy	packages/svelte/tests/runtime-legacy/samples/spread-component-2/	8b23c6cf5de98a565a18f03fc8f2277eb58469e2	sample-directory	blocked	BS1	BF2 must execute/classify the sample and attach profile/product evidence.	-
SVELTE-9CDAA5523D1D3B33BDB9	runtime-legacy	packages/svelte/tests/runtime-legacy/samples/spread-component-dynamic-non-object-multiple-dependencies/	58b3e0ee18f5e9b3a9ccc6cc825bc927cae968cc	sample-directory	blocked	BS1	BF2 must execute/classify the sample and attach profile/product evidence.	-
SVELTE-F425854BD3574DE34D55	runtime-legacy	packages/svelte/tests/runtime-legacy/samples/spread-component-dynamic-non-object/	017ff9b4b7def164aca9b5d8d91f157e27db38f7	sample-directory	blocked	BS1	BF2 must execute/classify the sample and attach profile/product evidence.	-
SVELTE-16C1DE68B7E288074458	runtime-legacy	packages/svelte/tests/runtime-legacy/samples/spread-component-dynamic-undefined/	5c088ca9c5e87510f5fb5dd11f798a3b5f10c23a	sample-directory	blocked	BS1	BF2 must execute/classify the sample and attach profile/product evidence.	-
SVELTE-A8F465A4202C6E67E5C1	runtime-legacy	packages/svelte/tests/runtime-legacy/samples/spread-component-dynamic/	e526b2fb10ed80deb708f68a1cf4f2538624d059	sample-directory	blocked	BS1	BF2 must execute/classify the sample and attach profile/product evidence.	-
SVELTE-6002A1962E4BC4295EE8	runtime-legacy	packages/svelte/tests/runtime-legacy/samples/spread-component-immutable/	ade4fb3d6b1ea4aaa2d0a3c56d371d61457464a6	sample-directory	blocked	BS1	BF2 must execute/classify the sample and attach profile/product evidence.	-
SVELTE-8A8E0132C5CAB4E2EC03	runtime-legacy	packages/svelte/tests/runtime-legacy/samples/spread-component-literal/	59246524b5ded790d38c9271d023ba0cfd4c9830	sample-directory	blocked	BS1	BF2 must execute/classify the sample and attach profile/product evidence.	-
SVELTE-A7373504149C807A0DA6	runtime-legacy	packages/svelte/tests/runtime-legacy/samples/spread-component-multiple-dependencies/	cfd54769a725f897d751b9033194da6e3a5e766b	sample-directory	blocked	BS1	BF2 must execute/classify the sample and attach profile/product evidence.	-
SVELTE-698D89EA1B3160975E56	runtime-legacy	packages/svelte/tests/runtime-legacy/samples/spread-component-side-effects/	a236191710e5c759b5da32b1b0281dd11a0d67b3	sample-directory	blocked	BS1	BF2 must execute/classify the sample and attach profile/product evidence.	-
SVELTE-23C0CADB279295DA34F7	runtime-legacy	packages/svelte/tests/runtime-legacy/samples/spread-component-with-bind/	e54b0b56a9a3eacd8c85c7b514661a978b495765	sample-directory	blocked	BS1	BF2 must execute/classify the sample and attach profile/product evidence.	-
SVELTE-565B1017CB034BB38FB0	runtime-legacy	packages/svelte/tests/runtime-legacy/samples/spread-component/	bd62b9419bc794f6f0778df1194b59f832fc0f5f	sample-directory	blocked	BS1	BF2 must execute/classify the sample and attach profile/product evidence.	-
SVELTE-59E436EC69D139568769	runtime-legacy	packages/svelte/tests/runtime-legacy/samples/spread-each-component/	542fafda244db87f4111a205e89fadf5490b1e4a	sample-directory	blocked	BS1	BF2 must execute/classify the sample and attach profile/product evidence.	-
SVELTE-9842062943DD3564A2A6	runtime-legacy	packages/svelte/tests/runtime-legacy/samples/spread-each-element/	dd18d4908418870cb2f1b87cbcca602f815d5151	sample-directory	blocked	BS1	BF2 must execute/classify the sample and attach profile/product evidence.	-
SVELTE-36ABC6C8E00608450019	runtime-legacy	packages/svelte/tests/runtime-legacy/samples/spread-element-boolean/	d9c34a4db81b2237f1b54f1ea2d82b3152ca93d6	sample-directory	blocked	BS1	BF2 must execute/classify the sample and attach profile/product evidence.	-
SVELTE-E184DFAD7B791C696BB9	runtime-legacy	packages/svelte/tests/runtime-legacy/samples/spread-element-class/	a0e76b6efc994e6abfc07c110f6dba6e947264ee	sample-directory	blocked	BS1	BF2 must execute/classify the sample and attach profile/product evidence.	-
SVELTE-30B32BA04179283D178B	runtime-legacy	packages/svelte/tests/runtime-legacy/samples/spread-element-input-bind-group-with-value-attr/	2ea91974f5a71c0f227a0765e94a62483d098971	sample-directory	blocked	BS1	BF2 must execute/classify the sample and attach profile/product evidence.	-
SVELTE-8ED4C24B1FC3F83A290D	runtime-legacy	packages/svelte/tests/runtime-legacy/samples/spread-element-input-each-block-keyed/	497e8cba0c9bee28f85883e175ade5a7fca8e565	sample-directory	blocked	BS1	BF2 must execute/classify the sample and attach profile/product evidence.	-
SVELTE-B45F32CA7ED373490EB4	runtime-legacy	packages/svelte/tests/runtime-legacy/samples/spread-element-input-select-multiple/	a2e66abb77a95b6fc27586c988dbff8037bbc71e	sample-directory	blocked	BS1	BF2 must execute/classify the sample and attach profile/product evidence.	-
SVELTE-93D97C1A4BBCB5EF38FF	runtime-legacy	packages/svelte/tests/runtime-legacy/samples/spread-element-input-select/	e4ccbd601724f6306bb854be1aa3724cd304b5dd	sample-directory	blocked	BS1	BF2 must execute/classify the sample and attach profile/product evidence.	-
SVELTE-1714710FBFE46FEAD90C	runtime-legacy	packages/svelte/tests/runtime-legacy/samples/spread-element-input-value-undefined/	66a693203620341108609007dc741c0c897f3010	sample-directory	blocked	BS1	BF2 must execute/classify the sample and attach profile/product evidence.	-
SVELTE-B7E5E1C8A8CFA5CDEA3F	runtime-legacy	packages/svelte/tests/runtime-legacy/samples/spread-element-input-value/	20c05c93118fbd2f51dbe34a87d027dee3c919ac	sample-directory	blocked	BS1	BF2 must execute/classify the sample and attach profile/product evidence.	-
SVELTE-2BFB900874B0F67DC91C	runtime-legacy	packages/svelte/tests/runtime-legacy/samples/spread-element-input/	04395c1fde09d62a0ca24aebd239bae523157604	sample-directory	blocked	BS1	BF2 must execute/classify the sample and attach profile/product evidence.	-
SVELTE-18673423608F7160EDD3	runtime-legacy	packages/svelte/tests/runtime-legacy/samples/spread-element-multiple-dependencies/	728137baef8e5ab7254cc8b0070cdc4ed63377a7	sample-directory	blocked	BS1	BF2 must execute/classify the sample and attach profile/product evidence.	-
SVELTE-48E858BABD63D4BDDC52	runtime-legacy	packages/svelte/tests/runtime-legacy/samples/spread-element-multiple/	b675250b5d8b140ba9f6d271476e23530a809d8d	sample-directory	blocked	BS1	BF2 must execute/classify the sample and attach profile/product evidence.	-
SVELTE-66D6286CE2E8C5C8CD93	runtime-legacy	packages/svelte/tests/runtime-legacy/samples/spread-element-readonly/	a914fb1bfbab64863555c86ae400e76e3cc9f373	sample-directory	blocked	BS1	BF2 must execute/classify the sample and attach profile/product evidence.	-
SVELTE-D0066853678493013060	runtime-legacy	packages/svelte/tests/runtime-legacy/samples/spread-element-removal/	854bf9fe7813d3a1f846e1ceb64afc3bf40c205e	sample-directory	blocked	BS1	BF2 must execute/classify the sample and attach profile/product evidence.	-
SVELTE-D5B5D082B8E17D03E188	runtime-legacy	packages/svelte/tests/runtime-legacy/samples/spread-element-scope/	0b834cbe45697ff88f22057ee140f79a5b754f81	sample-directory	blocked	BS1	BF2 must execute/classify the sample and attach profile/product evidence.	-
SVELTE-4FF084148AAEEBA675BF	runtime-legacy	packages/svelte/tests/runtime-legacy/samples/spread-element-select-value-undefined/	431b00b7042c03a3141a484ef66286d764d1c733	sample-directory	blocked	BS1	BF2 must execute/classify the sample and attach profile/product evidence.	-
SVELTE-A14C9B4D6AD647999085	runtime-legacy	packages/svelte/tests/runtime-legacy/samples/spread-element/	ec3bdf69d9dc8954b83291429b3bc52127a29cad	sample-directory	blocked	BS1	BF2 must execute/classify the sample and attach profile/product evidence.	-
SVELTE-ABFA60665D1C2431A76C	runtime-legacy	packages/svelte/tests/runtime-legacy/samples/spread-from-import/	fedd5dea15b6aa3efcb9d847c061db410429189f	sample-directory	blocked	BS1	BF2 must execute/classify the sample and attach profile/product evidence.	-
SVELTE-8B87A3EA18D362BC2761	runtime-legacy	packages/svelte/tests/runtime-legacy/samples/spread-own-props/	af8318c3246a9578220d616f39b73099483b48d8	sample-directory	blocked	BS1	BF2 must execute/classify the sample and attach profile/product evidence.	-
SVELTE-1D68A64E7DDCF00FAFFC	runtime-legacy	packages/svelte/tests/runtime-legacy/samples/spread-reuse-levels/	932ec7404d10b1d53577f37d2fe98b13aee956f1	sample-directory	blocked	BS1	BF2 must execute/classify the sample and attach profile/product evidence.	-
SVELTE-5D3BC077B8ECF52CFD22	runtime-legacy	packages/svelte/tests/runtime-legacy/samples/spread-width-height-attributes/	728b5f0ec55adee04bfb754eb5ca1ecd2db7fe8d	sample-directory	blocked	BS1	BF2 must execute/classify the sample and attach profile/product evidence.	-
SVELTE-36E5AFAE9F86EDFE7D33	runtime-legacy	packages/svelte/tests/runtime-legacy/samples/spring/	cc777d7399cc58aacb09a4d77e62f366ed36d630	sample-directory	blocked	BS1	BF2 must execute/classify the sample and attach profile/product evidence.	-
SVELTE-A4AEC21FFE64DA3C2352	runtime-legacy	packages/svelte/tests/runtime-legacy/samples/state-deconflicted/	0686fc55691f75bf021d1a0a712dec65cae912a1	sample-directory	blocked	BS1	BF2 must execute/classify the sample and attach profile/product evidence.	-
SVELTE-6012D22987F12A22A385	runtime-legacy	packages/svelte/tests/runtime-legacy/samples/state-imported-function/	01da59186f381ce46c56d83ad33fcbe1a4e751f3	sample-directory	blocked	BS1	BF2 must execute/classify the sample and attach profile/product evidence.	-
SVELTE-C42B7874B55FE5C9473B	runtime-legacy	packages/svelte/tests/runtime-legacy/samples/static-svelte-element/	7d8844eff9c4972a4f0253fc6de295bb91e3c20b	sample-directory	blocked	BS1	BF2 must execute/classify the sample and attach profile/product evidence.	-
SVELTE-CA499C627EF8F89EFA4B	runtime-legacy	packages/svelte/tests/runtime-legacy/samples/static-svelte-element2/	069decd0a49704685b1de0f03c376cacf10072a1	sample-directory	blocked	BS1	BF2 must execute/classify the sample and attach profile/product evidence.	-
SVELTE-C5314489F785096D05D2	runtime-legacy	packages/svelte/tests/runtime-legacy/samples/store-assignment-updates-destructure/	cd77af05f88ad3837543a59576668230c2ae779c	sample-directory	blocked	BS1	BF2 must execute/classify the sample and attach profile/product evidence.	-
SVELTE-02C6AB3B2E0C944324BA	runtime-legacy	packages/svelte/tests/runtime-legacy/samples/store-assignment-updates-property/	b2cbee6b0e9ba1e6c399026131f236a26f82f301	sample-directory	blocked	BS1	BF2 must execute/classify the sample and attach profile/product evidence.	-
SVELTE-240A7A4FEEB0BFE748EB	runtime-legacy	packages/svelte/tests/runtime-legacy/samples/store-assignment-updates-reactive/	4e33136c8a1b2b82c03793287621879b7ef5a431	sample-directory	blocked	BS1	BF2 must execute/classify the sample and attach profile/product evidence.	-
SVELTE-51E0EA4A89AF6EAF7C7E	runtime-legacy	packages/svelte/tests/runtime-legacy/samples/store-assignment-updates/	4ac11ffe63a55ea05ea73c6f6abe906d8eb4b505	sample-directory	blocked	BS1	BF2 must execute/classify the sample and attach profile/product evidence.	-
SVELTE-E29ABE31FA851131BF10	runtime-legacy	packages/svelte/tests/runtime-legacy/samples/store-auto-resubscribe-immediate/	d3a0de9b51441c9753df0183ea3dfd05f2b64955	sample-directory	blocked	BS1	BF2 must execute/classify the sample and attach profile/product evidence.	-
SVELTE-B764C6ADAA37BFE4C7B3	runtime-legacy	packages/svelte/tests/runtime-legacy/samples/store-auto-subscribe-event-callback/	43707b4e5c08fda3431bf39672a2c54a86f03467	sample-directory	blocked	BS1	BF2 must execute/classify the sample and attach profile/product evidence.	-
SVELTE-29D6319ECD82F404CEE1	runtime-legacy	packages/svelte/tests/runtime-legacy/samples/store-auto-subscribe-immediate-multiple-vars/	14344944aeb109bd5da0f945941cd8998b09246e	sample-directory	blocked	BS1	BF2 must execute/classify the sample and attach profile/product evidence.	-
SVELTE-58E58F04AA514EEC0B9D	runtime-legacy	packages/svelte/tests/runtime-legacy/samples/store-auto-subscribe-immediate/	a09d1868ee0b6dccabc78c68362d4e4df5e26035	sample-directory	blocked	BS1	BF2 must execute/classify the sample and attach profile/product evidence.	-
SVELTE-67545C13DED421FFCD8E	runtime-legacy	packages/svelte/tests/runtime-legacy/samples/store-auto-subscribe-implicit/	c55bc78562482da254e8f8d5179ec8e17ea8036b	sample-directory	blocked	BS1	BF2 must execute/classify the sample and attach profile/product evidence.	-
SVELTE-39F5D7348B32C04852B9	runtime-legacy	packages/svelte/tests/runtime-legacy/samples/store-auto-subscribe-in-reactive-declaration-2/	07a107177fc13549ced2e4f9dbd85d33ecc11fe4	sample-directory	blocked	BS1	BF2 must execute/classify the sample and attach profile/product evidence.	-
SVELTE-12A9DD2C74AD0743386E	runtime-legacy	packages/svelte/tests/runtime-legacy/samples/store-auto-subscribe-in-reactive-declaration/	17c8218c340f93035d82e71da683682378b8aafd	sample-directory	blocked	BS1	BF2 must execute/classify the sample and attach profile/product evidence.	-
SVELTE-0BAB1BD3F49463E25BD3	runtime-legacy	packages/svelte/tests/runtime-legacy/samples/store-auto-subscribe-in-script/	f6c064695f0ae3a634dc24c7f66cd16f4d57e77e	sample-directory	blocked	BS1	BF2 must execute/classify the sample and attach profile/product evidence.	-
SVELTE-3FD17502761E2D5AF77F	runtime-legacy	packages/svelte/tests/runtime-legacy/samples/store-auto-subscribe-missing-global-script/	7e1fd857e04132cadb504737c15ef03c39fc16e1	sample-directory	blocked	BS1	BF2 must execute/classify the sample and attach profile/product evidence.	-
SVELTE-5A333A522BD912A41535	runtime-legacy	packages/svelte/tests/runtime-legacy/samples/store-auto-subscribe-missing-global-template/	0a566164c77751d45fb3d7cb603990bebf0fb21f	sample-directory	blocked	BS1	BF2 must execute/classify the sample and attach profile/product evidence.	-
SVELTE-BA1CFE9C9638A280B39B	runtime-legacy	packages/svelte/tests/runtime-legacy/samples/store-auto-subscribe-nullish/	f0f315110fa1e201082b23168372326cbd406781	sample-directory	blocked	BS1	BF2 must execute/classify the sample and attach profile/product evidence.	-
SVELTE-7D8A2F3F0B44147E3E0C	runtime-legacy	packages/svelte/tests/runtime-legacy/samples/store-auto-subscribe-removed-store/	a046b69ca6e7c3720c9f4cbf0d6f339b9a173cdb	sample-directory	blocked	BS1	BF2 must execute/classify the sample and attach profile/product evidence.	-
SVELTE-43B4995B12EB45619D18	runtime-legacy	packages/svelte/tests/runtime-legacy/samples/store-auto-subscribe/	c55bc78562482da254e8f8d5179ec8e17ea8036b	sample-directory	blocked	BS1	BF2 must execute/classify the sample and attach profile/product evidence.	-
SVELTE-F01835C935A8CC0DF81D	runtime-legacy	packages/svelte/tests/runtime-legacy/samples/store-dev-mode-error/	f141e1c6435094a1f3c276ad11a72e6ec5bc5fba	sample-directory	blocked	BS1	BF2 must execute/classify the sample and attach profile/product evidence.	-
SVELTE-523F50428DC26B23407B	runtime-legacy	packages/svelte/tests/runtime-legacy/samples/store-each-binding-deep/	a2da10881c3b225e41cd676bdc53fde80715428f	sample-directory	blocked	BS1	BF2 must execute/classify the sample and attach profile/product evidence.	-
SVELTE-A3F6BB28DC2598B278F8	runtime-legacy	packages/svelte/tests/runtime-legacy/samples/store-each-binding-destructuring/	683c03d37b280bf8a5809f46536694392f28a488	sample-directory	blocked	BS1	BF2 must execute/classify the sample and attach profile/product evidence.	-
SVELTE-BF23C74C779D8D4E7D79	runtime-legacy	packages/svelte/tests/runtime-legacy/samples/store-each-binding-logical/	e4f92c64e69926b7a89e74cd387a60e5d06f6211	sample-directory	blocked	BS1	BF2 must execute/classify the sample and attach profile/product evidence.	-
SVELTE-295177E64E1801F7D1A3	runtime-legacy	packages/svelte/tests/runtime-legacy/samples/store-each-binding/	7bebd98e78ca5b7b1d497ca105d4dc971c0577e8	sample-directory	blocked	BS1	BF2 must execute/classify the sample and attach profile/product evidence.	-
SVELTE-02EEA944C59AE8599A16	runtime-legacy	packages/svelte/tests/runtime-legacy/samples/store-imported-module/	fa4dd36f2805ed010660cf2fa3ac7c2fb64191bc	sample-directory	blocked	BS1	BF2 must execute/classify the sample and attach profile/product evidence.	-
SVELTE-5F493C327FEE158053E0	runtime-legacy	packages/svelte/tests/runtime-legacy/samples/store-imported/	bac1c20d1c6a8bce82f29c9efb7083b5c248807b	sample-directory	blocked	BS1	BF2 must execute/classify the sample and attach profile/product evidence.	-
SVELTE-25CA14418C47999B6C5B	runtime-legacy	packages/svelte/tests/runtime-legacy/samples/store-imports-hoisted/	81802a34947d0a5b95114ccee809106ce905f981	sample-directory	blocked	BS1	BF2 must execute/classify the sample and attach profile/product evidence.	-
SVELTE-B6C4A044160012DEF6C5	runtime-legacy	packages/svelte/tests/runtime-legacy/samples/store-increment-updates-reactive/	dff1db1d5e926f3aeed48eef64e995942d0d42a3	sample-directory	blocked	BS1	BF2 must execute/classify the sample and attach profile/product evidence.	-
SVELTE-A93055FC241E87789EE5	runtime-legacy	packages/svelte/tests/runtime-legacy/samples/store-invalidation-while-update-1/	30d238e0aaffb658442844531634296c429e6af4	sample-directory	blocked	BS1	BF2 must execute/classify the sample and attach profile/product evidence.	-
SVELTE-EAC0419CA4285CC1B583	runtime-legacy	packages/svelte/tests/runtime-legacy/samples/store-invalidation-while-update-2/	bfe4be1bce2f5e7957c55efee464deae7b875fd4	sample-directory	blocked	BS1	BF2 must execute/classify the sample and attach profile/product evidence.	-
SVELTE-C1FC14B4B5A19B938FAE	runtime-legacy	packages/svelte/tests/runtime-legacy/samples/store-reference/	f27cf6bb648de4e70483c7f1c4999dfa9d0194e3	sample-directory	blocked	BS1	BF2 must execute/classify the sample and attach profile/product evidence.	-
SVELTE-6E3427CF5B95544D522B	runtime-legacy	packages/svelte/tests/runtime-legacy/samples/store-reschedule/	1c60b0de9e27c1a1e726e00121fc08b849826520	sample-directory	blocked	BS1	BF2 must execute/classify the sample and attach profile/product evidence.	-
SVELTE-A6DE504CB9068A2D23AE	runtime-legacy	packages/svelte/tests/runtime-legacy/samples/store-resubscribe-b/	cea2e8004d10d22bcb98a3f90c526e4d68acad2e	sample-directory	blocked	BS1	BF2 must execute/classify the sample and attach profile/product evidence.	-
SVELTE-9EB721BDABD0138DB144	runtime-legacy	packages/svelte/tests/runtime-legacy/samples/store-resubscribe-c/	9d44cc3284fe09135d6d2c219bb47e42277b3da0	sample-directory	blocked	BS1	BF2 must execute/classify the sample and attach profile/product evidence.	-
SVELTE-D8A904747996EC819B1B	runtime-legacy	packages/svelte/tests/runtime-legacy/samples/store-resubscribe-export/	09a20122bdd985fe6be27dc87e0cdb7fdf1cab2e	sample-directory	blocked	BS1	BF2 must execute/classify the sample and attach profile/product evidence.	-
SVELTE-47CE040FD53FA760B943	runtime-legacy	packages/svelte/tests/runtime-legacy/samples/store-resubscribe-observable/	08b2e0c49b01e804d655823b3d5848ed0450a001	sample-directory	blocked	BS1	BF2 must execute/classify the sample and attach profile/product evidence.	-
SVELTE-4CA40B088182B0582EE3	runtime-legacy	packages/svelte/tests/runtime-legacy/samples/store-resubscribe/	9937fee87b056bd58ce5fe4f5414bafb8ac79e15	sample-directory	blocked	BS1	BF2 must execute/classify the sample and attach profile/product evidence.	-
SVELTE-F8391D0616D90E3FA571	runtime-legacy	packages/svelte/tests/runtime-legacy/samples/store-shadow-scope-declaration/	2bf92bfda5482b765c0aeb59630d7fa19cc9853a	sample-directory	blocked	BS1	BF2 must execute/classify the sample and attach profile/product evidence.	-
SVELTE-13A491FF3ACC810BBEF7	runtime-legacy	packages/svelte/tests/runtime-legacy/samples/store-unreferenced/	0c40910f8ada538fb098fd3e8c10539c571d806b	sample-directory	blocked	BS1	BF2 must execute/classify the sample and attach profile/product evidence.	-
SVELTE-6363F66B469B9DC238D2	runtime-legacy	packages/svelte/tests/runtime-legacy/samples/store-updated-in-reactive-statement/	f3e1c1f28cf0628de932085275d785e78a04376c	sample-directory	blocked	BS1	BF2 must execute/classify the sample and attach profile/product evidence.	-
SVELTE-58E145BBC1013AC3ED93	runtime-legacy	packages/svelte/tests/runtime-legacy/samples/svg-attributes/	c25f872f4c5e21cde78d0624548db8a974516094	sample-directory	blocked	BS1	BF2 must execute/classify the sample and attach profile/product evidence.	-
SVELTE-92428C76463B2A6F832D	runtime-legacy	packages/svelte/tests/runtime-legacy/samples/svg-child-component-declared-namespace-shorthand/	ea74fe2310681fbcb94a00a2f3650e80af0c4d98	sample-directory	blocked	BS1	BF2 must execute/classify the sample and attach profile/product evidence.	-
SVELTE-C7F57CE5514ADF9CFB54	runtime-legacy	packages/svelte/tests/runtime-legacy/samples/svg-child-component-declared-namespace/	8f3792de01b5ec61e5458135fc616d5841a1d0d6	sample-directory	blocked	BS1	BF2 must execute/classify the sample and attach profile/product evidence.	-
SVELTE-BCBC230FCD01C152876D	runtime-legacy	packages/svelte/tests/runtime-legacy/samples/svg-class/	eb58dd2197b059fb5f5151c8299e2d29b828240f	sample-directory	blocked	BS1	BF2 must execute/classify the sample and attach profile/product evidence.	-
SVELTE-40C93568D5E3E9324DFD	runtime-legacy	packages/svelte/tests/runtime-legacy/samples/svg-each-block-anchor/	9c570c6b222d288af511d3d2adc5cf118709e794	sample-directory	blocked	BS1	BF2 must execute/classify the sample and attach profile/product evidence.	-
SVELTE-E50C2BAC38B55E199847	runtime-legacy	packages/svelte/tests/runtime-legacy/samples/svg-each-block-namespace/	26ff569793bb82fdc61bbc368241f87c74426601	sample-directory	blocked	BS1	BF2 must execute/classify the sample and attach profile/product evidence.	-
SVELTE-34CABD546D86E35069CF	runtime-legacy	packages/svelte/tests/runtime-legacy/samples/svg-foreignobject-namespace/	408852f5af3815e16a9889caefc1c2f45b0a9b82	sample-directory	blocked	BS1	BF2 must execute/classify the sample and attach profile/product evidence.	-
SVELTE-AFE3243B4A40F07D6E4B	runtime-legacy	packages/svelte/tests/runtime-legacy/samples/svg-html-tag/	241b8b088205f3884c555ffa9ab12a047ea76ddf	sample-directory	blocked	BS1	BF2 must execute/classify the sample and attach profile/product evidence.	-
SVELTE-80E6DF5B53D1A03A10E6	runtime-legacy	packages/svelte/tests/runtime-legacy/samples/svg-html-tag2/	3a2a5846122663ef37d7ea7eae814c1693420eb6	sample-directory	blocked	BS1	BF2 must execute/classify the sample and attach profile/product evidence.	-
SVELTE-EB86E3653C7F465FDC0D	runtime-legacy	packages/svelte/tests/runtime-legacy/samples/svg-html-tag3/	93d48b2e18ef52d32c809803e5bfd44b3e0ea104	sample-directory	blocked	BS1	BF2 must execute/classify the sample and attach profile/product evidence.	-
SVELTE-4B03F3B9974EF7236E7B	runtime-legacy	packages/svelte/tests/runtime-legacy/samples/svg-html-tag4/	fdb5112096ba22cb9c95219c99243b556eb33095	sample-directory	blocked	BS1	BF2 must execute/classify the sample and attach profile/product evidence.	-
SVELTE-33829E66B6C3FCA5BB17	runtime-legacy	packages/svelte/tests/runtime-legacy/samples/svg-multiple/	4d5c60384fccb6f966a0938d11fe0e58fbff2c0e	sample-directory	blocked	BS1	BF2 must execute/classify the sample and attach profile/product evidence.	-
SVELTE-3341FC87097B6C5C51A6	runtime-legacy	packages/svelte/tests/runtime-legacy/samples/svg-no-whitespace/	045a2caf73ddf556f7cd13fba0786bb1d6194528	sample-directory	blocked	BS1	BF2 must execute/classify the sample and attach profile/product evidence.	-
SVELTE-14E384C97F4FE6E80817	runtime-legacy	packages/svelte/tests/runtime-legacy/samples/svg-slot-namespace/	7b7b46c2663d12c28b6ba778e5fe4f4f6ffc80cd	sample-directory	blocked	BS1	BF2 must execute/classify the sample and attach profile/product evidence.	-
SVELTE-E5343A15E216FA3AB394	runtime-legacy	packages/svelte/tests/runtime-legacy/samples/svg-spread/	e1e4b9f9b597a74416769f9e5b0364c2f10f63ca	sample-directory	blocked	BS1	BF2 must execute/classify the sample and attach profile/product evidence.	-
SVELTE-CC59C0B03A9E5E513433	runtime-legacy	packages/svelte/tests/runtime-legacy/samples/svg-tspan-preserve-space/	8f0bf997f8c6d890b6ff41614d0d829cdd9dd71b	sample-directory	blocked	BS1	BF2 must execute/classify the sample and attach profile/product evidence.	-
SVELTE-780C4551E73059646A95	runtime-legacy	packages/svelte/tests/runtime-legacy/samples/svg-with-style/	a20d25ea1009d26387d60907a7860f19607f7982	sample-directory	blocked	BS1	BF2 must execute/classify the sample and attach profile/product evidence.	-
SVELTE-CA44401983C30499CD90	runtime-legacy	packages/svelte/tests/runtime-legacy/samples/svg-xlink/	f019634951b237d0008b72aabe68cc060ecd623b	sample-directory	blocked	BS1	BF2 must execute/classify the sample and attach profile/product evidence.	-
SVELTE-E4C8E9E8437BF6D339DD	runtime-legacy	packages/svelte/tests/runtime-legacy/samples/svg-xmlns/	956ac417e4663acb6d0f19132e4d560b30bf4baf	sample-directory	blocked	BS1	BF2 must execute/classify the sample and attach profile/product evidence.	-
SVELTE-870600E3EAC0156ABF47	runtime-legacy	packages/svelte/tests/runtime-legacy/samples/svg/	b1745c288d81690dd2c27e6fe0fd2f5fbacfd7b6	sample-directory	blocked	BS1	BF2 must execute/classify the sample and attach profile/product evidence.	-
SVELTE-805A9C9462D49E7ECD04	runtime-legacy	packages/svelte/tests/runtime-legacy/samples/table-nesting/	139dc27221c66add538d21eab7d2316eb5fd202f	sample-directory	blocked	BS1	BF2 must execute/classify the sample and attach profile/product evidence.	-
SVELTE-1A5AC1F9B6D8960829E8	runtime-legacy	packages/svelte/tests/runtime-legacy/samples/target-dom-detached/	bc15bd9b9bba55dcbd067a74a15564188ea526fc	sample-directory	blocked	BS1	BF2 must execute/classify the sample and attach profile/product evidence.	-
SVELTE-32B21B1DAAEC0B63D893	runtime-legacy	packages/svelte/tests/runtime-legacy/samples/target-dom/	fb0d275a49de37583cf6c5743802c31ff3a6e4e8	sample-directory	blocked	BS1	BF2 must execute/classify the sample and attach profile/product evidence.	-
SVELTE-E7D7413E7B2C0B3CBDEB	runtime-legacy	packages/svelte/tests/runtime-legacy/samples/target-shadow-dom/	450e87abb16b975a4b33806f845cedc2cc9d029f	sample-directory	blocked	BS1	BF2 must execute/classify the sample and attach profile/product evidence.	-
SVELTE-05AD5D70AA258765136E	runtime-legacy	packages/svelte/tests/runtime-legacy/samples/template/	bee54ee283fa37ccc92d9bf732b73a30d63894a5	sample-directory	blocked	BS1	BF2 must execute/classify the sample and attach profile/product evidence.	-
SVELTE-49F1F7012A3197F10A48	runtime-legacy	packages/svelte/tests/runtime-legacy/samples/textarea-bind-value-escape/	41b827390d262f1c5e899fa183f87d2e6161d300	sample-directory	blocked	BS1	BF2 must execute/classify the sample and attach profile/product evidence.	-
SVELTE-C59B4EE29578CDF7A1B8	runtime-legacy	packages/svelte/tests/runtime-legacy/samples/textarea-children/	f52fc4f30aa5e84901ca5fb0ab9350feee542376	sample-directory	blocked	BS1	BF2 must execute/classify the sample and attach profile/product evidence.	-
SVELTE-FFC55610B6A3CC6A95A7	runtime-legacy	packages/svelte/tests/runtime-legacy/samples/textarea-content/	211bc56bbaac75710208cddb3f020bf27bc63ab2	sample-directory	blocked	BS1	BF2 must execute/classify the sample and attach profile/product evidence.	-
SVELTE-146BC7A89063A60EEB7B	runtime-legacy	packages/svelte/tests/runtime-legacy/samples/textarea-value-escape/	c045ca1ebe3a59f738b88f80b1b37515320164b0	sample-directory	blocked	BS1	BF2 must execute/classify the sample and attach profile/product evidence.	-
SVELTE-00312BA83A09CFF34014	runtime-legacy	packages/svelte/tests/runtime-legacy/samples/textarea-value/	d30f151da8eeae12f0d5f53d174bbf4013b16721	sample-directory	blocked	BS1	BF2 must execute/classify the sample and attach profile/product evidence.	-
SVELTE-7D939C3E858D539517E3	runtime-legacy	packages/svelte/tests/runtime-legacy/samples/this-in-function-expressions/	a244bdb114a1517dbad454bcd793a8b5158274f7	sample-directory	blocked	BS1	BF2 must execute/classify the sample and attach profile/product evidence.	-
SVELTE-6FE727CC88CB775D82E2	runtime-legacy	packages/svelte/tests/runtime-legacy/samples/transition-abort/	e6c130bafc4ea082a7e891ae56136ef8ba70080b	sample-directory	blocked	BS1	BF2 must execute/classify the sample and attach profile/product evidence.	-
SVELTE-F35BCB985515FBC36E0F	runtime-legacy	packages/svelte/tests/runtime-legacy/samples/transition-css-and-js/	baeb849a6e62ef314765fbed6c8bf2fe6f0fb56b	sample-directory	blocked	BS1	BF2 must execute/classify the sample and attach profile/product evidence.	-
SVELTE-1BC4D8FBF3B74DCC74B5	runtime-legacy	packages/svelte/tests/runtime-legacy/samples/transition-css-deferred-removal/	2b69b90df1e843479f566527a8c20c7f41933799	sample-directory	blocked	BS1	BF2 must execute/classify the sample and attach profile/product evidence.	-
SVELTE-5EC3DA9D22344902C5F4	runtime-legacy	packages/svelte/tests/runtime-legacy/samples/transition-css-duration/	b1fe0a68d57db5800094eb8f8a11e4211951fcde	sample-directory	blocked	BS1	BF2 must execute/classify the sample and attach profile/product evidence.	-
SVELTE-EBF1E113541DD3805D32	runtime-legacy	packages/svelte/tests/runtime-legacy/samples/transition-css-iframe/	46c035bdca0b7757214955d69d4856bec4611077	sample-directory	blocked	BS1	BF2 must execute/classify the sample and attach profile/product evidence.	-
SVELTE-EEF9245052A9E987328D	runtime-legacy	packages/svelte/tests/runtime-legacy/samples/transition-css-in-out-in-with-param/	c60944802b5e21b55ff27611c8a06cae1d37de0a	sample-directory	blocked	BS1	BF2 must execute/classify the sample and attach profile/product evidence.	-
SVELTE-B7247F1B6406C72C8566	runtime-legacy	packages/svelte/tests/runtime-legacy/samples/transition-css-in-out-in/	52db7aecdbb664ddff3a0771285e6aea1dfff2e9	sample-directory	blocked	BS1	BF2 must execute/classify the sample and attach profile/product evidence.	-
SVELTE-A3BA83E71A9168DE7EDB	runtime-legacy	packages/svelte/tests/runtime-legacy/samples/transition-inert/	e9b9aa1b25bb937f91f8cba0b93212cdad2afaad	sample-directory	blocked	BS1	BF2 must execute/classify the sample and attach profile/product evidence.	-
SVELTE-3478376A222B73A8AD57	runtime-legacy	packages/svelte/tests/runtime-legacy/samples/transition-js-aborted-bidi/	4f31e897b40ddaf1939ffa172fcf795b825ab42e	sample-directory	blocked	BS1	BF2 must execute/classify the sample and attach profile/product evidence.	-
SVELTE-453FD567890481A1B01B	runtime-legacy	packages/svelte/tests/runtime-legacy/samples/transition-js-aborted-intro-outro/	7b891f84f6a566d1e2f58bc53fb693e6de40f991	sample-directory	blocked	BS1	BF2 must execute/classify the sample and attach profile/product evidence.	-
SVELTE-5B99CD5F15FBF25745E1	runtime-legacy	packages/svelte/tests/runtime-legacy/samples/transition-js-aborted-outro-in-each/	a2c05bdabfae3d2efc322e38e1257f62f32f841a	sample-directory	blocked	BS1	BF2 must execute/classify the sample and attach profile/product evidence.	-
SVELTE-8502B934F48733257E2E	runtime-legacy	packages/svelte/tests/runtime-legacy/samples/transition-js-aborted-outro/	8aba753b99de745d8d93435eeecb95f657206f67	sample-directory	blocked	BS1	BF2 must execute/classify the sample and attach profile/product evidence.	-
SVELTE-0B48B3B95D7D46BBF432	runtime-legacy	packages/svelte/tests/runtime-legacy/samples/transition-js-args-dynamic/	64c2687a9ea096ad76f5e595a17f595e2cd2b95c	sample-directory	blocked	BS1	BF2 must execute/classify the sample and attach profile/product evidence.	-
SVELTE-3267CBF7A4A94B3058AC	runtime-legacy	packages/svelte/tests/runtime-legacy/samples/transition-js-args/	e7fedd1bff0e6495684fd52dc1def281db76c77f	sample-directory	blocked	BS1	BF2 must execute/classify the sample and attach profile/product evidence.	-
SVELTE-42F19A85BA669A57A247	runtime-legacy	packages/svelte/tests/runtime-legacy/samples/transition-js-await-block-outros/	500e20847f5d70282603890719fed9c22e0b0773	sample-directory	blocked	BS1	BF2 must execute/classify the sample and attach profile/product evidence.	-
SVELTE-DB71521A57CB32CE9B3E	runtime-legacy	packages/svelte/tests/runtime-legacy/samples/transition-js-await-block/	d55b4e0fcc9794510167196bd206a5414b3a29d8	sample-directory	blocked	BS1	BF2 must execute/classify the sample and attach profile/product evidence.	-
SVELTE-05507B21FFBA3A421CBD	runtime-legacy	packages/svelte/tests/runtime-legacy/samples/transition-js-context/	e403d25a632fe450a303c2fa64bec1067cc27090	sample-directory	blocked	BS1	BF2 must execute/classify the sample and attach profile/product evidence.	-
SVELTE-6878137B87541BA81B17	runtime-legacy	packages/svelte/tests/runtime-legacy/samples/transition-js-deferred-b/	37d0010aea240dbdcd8e1947a4e01f4a61b1db56	sample-directory	blocked	BS1	BF2 must execute/classify the sample and attach profile/product evidence.	-
SVELTE-3E478CFEFA2C50A80912	runtime-legacy	packages/svelte/tests/runtime-legacy/samples/transition-js-deferred-option-direction/	f66a33ed1832e073333e271c29be7a85465a7ef2	sample-directory	blocked	BS1	BF2 must execute/classify the sample and attach profile/product evidence.	-
SVELTE-F23FF702A50496024DDD	runtime-legacy	packages/svelte/tests/runtime-legacy/samples/transition-js-deferred/	623968839ab39c36c8b1a35838d7e46b1c848690	sample-directory	blocked	BS1	BF2 must execute/classify the sample and attach profile/product evidence.	-
SVELTE-EDD331C22735FBCE26D2	runtime-legacy	packages/svelte/tests/runtime-legacy/samples/transition-js-delay-in-out/	15c32923cefd93f0832b4817711d0c83bfd6c915	sample-directory	blocked	BS1	BF2 must execute/classify the sample and attach profile/product evidence.	-
SVELTE-AA541BC08E8F706ACEE0	runtime-legacy	packages/svelte/tests/runtime-legacy/samples/transition-js-delay/	9eb29dce1826a8bf065e12db25089486ac276e4e	sample-directory	blocked	BS1	BF2 must execute/classify the sample and attach profile/product evidence.	-
SVELTE-C66D6504CA1B62B32C39	runtime-legacy	packages/svelte/tests/runtime-legacy/samples/transition-js-destroyed-before-end/	be372115ea21618d272aa7d6272410c59c422652	sample-directory	blocked	BS1	BF2 must execute/classify the sample and attach profile/product evidence.	-
SVELTE-D2E800D2AF337662515C	runtime-legacy	packages/svelte/tests/runtime-legacy/samples/transition-js-dynamic-component/	b8d4ed32ff7d114f2d5100d7c3d6331470999460	sample-directory	blocked	BS1	BF2 must execute/classify the sample and attach profile/product evidence.	-
SVELTE-19459AFBA683BD8F9017	runtime-legacy	packages/svelte/tests/runtime-legacy/samples/transition-js-dynamic-if-block-bidi/	3451a224c885aca6ae32011bcd37da0ddab2d289	sample-directory	blocked	BS1	BF2 must execute/classify the sample and attach profile/product evidence.	-
SVELTE-5465DE37CC16D15BDC39	runtime-legacy	packages/svelte/tests/runtime-legacy/samples/transition-js-each-block-intro-outro/	0175531bd00178533a345efe3cd84a75ba130660	sample-directory	blocked	BS1	BF2 must execute/classify the sample and attach profile/product evidence.	-
SVELTE-2074A9561034B7DF2656	runtime-legacy	packages/svelte/tests/runtime-legacy/samples/transition-js-each-block-intro/	46d0bbef3d0787a7a38968571fb692e1094e3f96	sample-directory	blocked	BS1	BF2 must execute/classify the sample and attach profile/product evidence.	-
SVELTE-13BFDB53B17556BCC597	runtime-legacy	packages/svelte/tests/runtime-legacy/samples/transition-js-each-block-keyed-intro-outro/	2ff997bbe88c8ffcde35271119eeebec9739bee3	sample-directory	blocked	BS1	BF2 must execute/classify the sample and attach profile/product evidence.	-
SVELTE-D53FC75FC4BA70E6A53F	runtime-legacy	packages/svelte/tests/runtime-legacy/samples/transition-js-each-block-keyed-intro/	7860e6acf9dcd520531f6a8f0485a7bbb9d6103a	sample-directory	blocked	BS1	BF2 must execute/classify the sample and attach profile/product evidence.	-
SVELTE-70E625F3E2E6B87920DA	runtime-legacy	packages/svelte/tests/runtime-legacy/samples/transition-js-each-block-keyed-outro/	a339471959fa4ac9da614424dcbaf5331b571881	sample-directory	blocked	BS1	BF2 must execute/classify the sample and attach profile/product evidence.	-
SVELTE-D665EC9174FBED05EBC8	runtime-legacy	packages/svelte/tests/runtime-legacy/samples/transition-js-each-block-outro/	4d967b44a6b9df8e32fa2d1ef09f8e704aa18043	sample-directory	blocked	BS1	BF2 must execute/classify the sample and attach profile/product evidence.	-
SVELTE-0F250DACBC6D38252501	runtime-legacy	packages/svelte/tests/runtime-legacy/samples/transition-js-each-else-block-intro-outro/	e309cda75a2fe182eee879941378fe46661f7f04	sample-directory	blocked	BS1	BF2 must execute/classify the sample and attach profile/product evidence.	-
SVELTE-D6F9A3C429305836CBAA	runtime-legacy	packages/svelte/tests/runtime-legacy/samples/transition-js-each-else-block-intro/	e321ed4ddf654f016f930e464df44f982206b092	sample-directory	blocked	BS1	BF2 must execute/classify the sample and attach profile/product evidence.	-
SVELTE-672F16F933F91C168C4D	runtime-legacy	packages/svelte/tests/runtime-legacy/samples/transition-js-each-else-block-outro/	a80ef243c94940147370beceba0f079cde857579	sample-directory	blocked	BS1	BF2 must execute/classify the sample and attach profile/product evidence.	-
SVELTE-5DDC39691E38529AAFDE	runtime-legacy	packages/svelte/tests/runtime-legacy/samples/transition-js-each-keyed-unchanged/	e710b23357eac2740d1de72a4aca8cca535195d4	sample-directory	blocked	BS1	BF2 must execute/classify the sample and attach profile/product evidence.	-
SVELTE-EA951A05E4423C8C8BF5	runtime-legacy	packages/svelte/tests/runtime-legacy/samples/transition-js-each-outro-cancelled/	182c31f1b43c2908b9a1837b9742496c4396f4c0	sample-directory	blocked	BS1	BF2 must execute/classify the sample and attach profile/product evidence.	-
SVELTE-810B91E527888A541468	runtime-legacy	packages/svelte/tests/runtime-legacy/samples/transition-js-each-unchanged/	f2870a3920482200d66394f2866244fb40c497ff	sample-directory	blocked	BS1	BF2 must execute/classify the sample and attach profile/product evidence.	-
SVELTE-A4BD163F3BC43C58216D	runtime-legacy	packages/svelte/tests/runtime-legacy/samples/transition-js-events-in-out/	82deb6b590b329b0535c6bbbc56ceb27f6819690	sample-directory	blocked	BS1	BF2 must execute/classify the sample and attach profile/product evidence.	-
SVELTE-0A02E3F43B9658F15A41	runtime-legacy	packages/svelte/tests/runtime-legacy/samples/transition-js-events/	8676a9e43b6d923f94ac7d3d3308030f9a6a6628	sample-directory	blocked	BS1	BF2 must execute/classify the sample and attach profile/product evidence.	-
SVELTE-2D6D90B8B9372E0098ED	runtime-legacy	packages/svelte/tests/runtime-legacy/samples/transition-js-if-block-bidi/	3a09786e6dbdf948ffa03581f4b24aa94f084423	sample-directory	blocked	BS1	BF2 must execute/classify the sample and attach profile/product evidence.	-
SVELTE-7BEFCCCC65AA0F7669CE	runtime-legacy	packages/svelte/tests/runtime-legacy/samples/transition-js-if-block-in-each-block-bidi-2/	f306f69fd2b56383ff138694e1a3dd5d5fa6750c	sample-directory	blocked	BS1	BF2 must execute/classify the sample and attach profile/product evidence.	-
SVELTE-ECEF96ABA414943F9211	runtime-legacy	packages/svelte/tests/runtime-legacy/samples/transition-js-if-block-in-each-block-bidi-3/	19da015ada6965e198cc365ea8a9a91b2fc14f9d	sample-directory	blocked	BS1	BF2 must execute/classify the sample and attach profile/product evidence.	-
SVELTE-B9170F38F94F329423E0	runtime-legacy	packages/svelte/tests/runtime-legacy/samples/transition-js-if-block-in-each-block-bidi/	773976d2275bc2ff28f592cdde8f93168165208b	sample-directory	blocked	BS1	BF2 must execute/classify the sample and attach profile/product evidence.	-
SVELTE-16D2A850923390681AC5	runtime-legacy	packages/svelte/tests/runtime-legacy/samples/transition-js-if-block-intro-outro/	910d1d8540a92be0831abc8634966e2783819b8a	sample-directory	blocked	BS1	BF2 must execute/classify the sample and attach profile/product evidence.	-
SVELTE-3E7D2D7D0D91E766C4E2	runtime-legacy	packages/svelte/tests/runtime-legacy/samples/transition-js-if-block-intro/	1ef7d0afbc5989ed2b56bf3bb031ed314e5f1545	sample-directory	blocked	BS1	BF2 must execute/classify the sample and attach profile/product evidence.	-
SVELTE-3C763DAA05FCB4C794A5	runtime-legacy	packages/svelte/tests/runtime-legacy/samples/transition-js-if-block-outro-timeout/	e9cfa3b88adac53ada2c38645420e57c44de79fe	sample-directory	blocked	BS1	BF2 must execute/classify the sample and attach profile/product evidence.	-
SVELTE-1E89EDF2B1AB1D5DA94E	runtime-legacy	packages/svelte/tests/runtime-legacy/samples/transition-js-if-else-block-dynamic-outro/	8cc8690c8804b5bc6cae33a0e4ae893bb0451c7f	sample-directory	blocked	BS1	BF2 must execute/classify the sample and attach profile/product evidence.	-
SVELTE-A694A7959D9D16318802	runtime-legacy	packages/svelte/tests/runtime-legacy/samples/transition-js-if-else-block-intro/	443ee4133bdf83619e90e7193ab4d8641b4bf6d5	sample-directory	blocked	BS1	BF2 must execute/classify the sample and attach profile/product evidence.	-
SVELTE-C3614CFAE2ED48330F6C	runtime-legacy	packages/svelte/tests/runtime-legacy/samples/transition-js-if-else-block-not-dynamic-outro/	cb53551848bdf16569e18de4be8e6dc82ebacd79	sample-directory	blocked	BS1	BF2 must execute/classify the sample and attach profile/product evidence.	-
SVELTE-CD784D6D93049E22785C	runtime-legacy	packages/svelte/tests/runtime-legacy/samples/transition-js-if-else-block-outro/	20f9d142ef36a7d0d96b6e6a5fe762d488d22566	sample-directory	blocked	BS1	BF2 must execute/classify the sample and attach profile/product evidence.	-
SVELTE-C6F857DB653A154CD77B	runtime-legacy	packages/svelte/tests/runtime-legacy/samples/transition-js-if-elseif-block-outro/	225fb853b6fb3f7f26b7f85c66ece2e838acf20b	sample-directory	blocked	BS1	BF2 must execute/classify the sample and attach profile/product evidence.	-
SVELTE-6ED80C9E497D34019797	runtime-legacy	packages/svelte/tests/runtime-legacy/samples/transition-js-if-outro-unrelated-component-binding-update/	d40b8c50be2530a8d09601b2f081fa15bb9ac2c4	sample-directory	blocked	BS1	BF2 must execute/classify the sample and attach profile/product evidence.	-
SVELTE-88BFE372D68B7DB8445D	runtime-legacy	packages/svelte/tests/runtime-legacy/samples/transition-js-if-outro-unrelated-component-store-update/	e121d350f3d9635062be5024c04e472b082c6155	sample-directory	blocked	BS1	BF2 must execute/classify the sample and attach profile/product evidence.	-
SVELTE-5555B2DD43C6C03338D9	runtime-legacy	packages/svelte/tests/runtime-legacy/samples/transition-js-initial/	09eb53a90ec1f994292bbda1e37361a5f45cadc7	sample-directory	blocked	BS1	BF2 must execute/classify the sample and attach profile/product evidence.	-
SVELTE-19BF6958DFEB457B202B	runtime-legacy	packages/svelte/tests/runtime-legacy/samples/transition-js-intro-enabled-by-option/	d75378172c5e3ac20d46c0c73581548eab08cbb7	sample-directory	blocked	BS1	BF2 must execute/classify the sample and attach profile/product evidence.	-
SVELTE-B6B035E9FC3F13C2380D	runtime-legacy	packages/svelte/tests/runtime-legacy/samples/transition-js-intro-skipped-by-default-nested/	b9cf162dd330f75efc1c90984debf467f02481ec	sample-directory	blocked	BS1	BF2 must execute/classify the sample and attach profile/product evidence.	-
SVELTE-7ED74E311AF0A4C3B4C4	runtime-legacy	packages/svelte/tests/runtime-legacy/samples/transition-js-intro-skipped-by-default/	542f4bd45b50cb94e264d3c3f1a98dab923e0b74	sample-directory	blocked	BS1	BF2 must execute/classify the sample and attach profile/product evidence.	-
SVELTE-804813E9ADEDC6508CE7	runtime-legacy	packages/svelte/tests/runtime-legacy/samples/transition-js-local-and-global/	51701c73f478fd64e8bd3cb63fd4b3fea49915d8	sample-directory	blocked	BS1	BF2 must execute/classify the sample and attach profile/product evidence.	-
SVELTE-BB286E85817E70B81B8B	runtime-legacy	packages/svelte/tests/runtime-legacy/samples/transition-js-local-nested-await/	aa4792a6338be4d11c88701a6ad26ad9308b4ab3	sample-directory	blocked	BS1	BF2 must execute/classify the sample and attach profile/product evidence.	-
SVELTE-67640D99BDFD2F2F4DDB	runtime-legacy	packages/svelte/tests/runtime-legacy/samples/transition-js-local-nested-component/	60e869a64d0769fe0b9018462d5e661f7b7c966e	sample-directory	blocked	BS1	BF2 must execute/classify the sample and attach profile/product evidence.	-
SVELTE-F4BF04389272A5C98B01	runtime-legacy	packages/svelte/tests/runtime-legacy/samples/transition-js-local-nested-each-keyed/	5925d3bdc0b69672fec7967bbfcb1e0d18eb1bac	sample-directory	blocked	BS1	BF2 must execute/classify the sample and attach profile/product evidence.	-
SVELTE-31CDD87E0E95DE10D0FD	runtime-legacy	packages/svelte/tests/runtime-legacy/samples/transition-js-local-nested-each/	1ebccc1ca1b57efcaea0dff2928fcda9d00f4e1e	sample-directory	blocked	BS1	BF2 must execute/classify the sample and attach profile/product evidence.	-
SVELTE-966DABDF2497EE050BAC	runtime-legacy	packages/svelte/tests/runtime-legacy/samples/transition-js-local-nested-if/	42a4ff4f56ea369369f4097e3a211590c2c4ca95	sample-directory	blocked	BS1	BF2 must execute/classify the sample and attach profile/product evidence.	-
SVELTE-58A50DAA0E6E78CD1243	runtime-legacy	packages/svelte/tests/runtime-legacy/samples/transition-js-local/	38cf09f72541ea1c9d1834fe2e613bb9f4462558	sample-directory	blocked	BS1	BF2 must execute/classify the sample and attach profile/product evidence.	-
SVELTE-E8638BE9FBD44CF5108A	runtime-legacy	packages/svelte/tests/runtime-legacy/samples/transition-js-nested-await/	d0f26b40cc0f19679841d0cf2d9e6f6e6582acb1	sample-directory	blocked	BS1	BF2 must execute/classify the sample and attach profile/product evidence.	-
SVELTE-B77865E59BF9961FC14E	runtime-legacy	packages/svelte/tests/runtime-legacy/samples/transition-js-nested-component/	aade82cd798b385e8fcf5f773f699cb639d94d8d	sample-directory	blocked	BS1	BF2 must execute/classify the sample and attach profile/product evidence.	-
SVELTE-12BCDE851EE1769EB705	runtime-legacy	packages/svelte/tests/runtime-legacy/samples/transition-js-nested-each-delete/	edb48aae62bdf097b01b75d7f5fb4e34cae5b7b0	sample-directory	blocked	BS1	BF2 must execute/classify the sample and attach profile/product evidence.	-
SVELTE-A2BC1DE7FC29A2E19DEC	runtime-legacy	packages/svelte/tests/runtime-legacy/samples/transition-js-nested-each-keyed-2/	020446d5ab7c242c353a781fa142d54fc8c662cf	sample-directory	blocked	BS1	BF2 must execute/classify the sample and attach profile/product evidence.	-
SVELTE-BDB2CFE9AEF95A67487B	runtime-legacy	packages/svelte/tests/runtime-legacy/samples/transition-js-nested-each-keyed/	cbb4a21e1e3bbfc0ac613fe0c39133574f7397c1	sample-directory	blocked	BS1	BF2 must execute/classify the sample and attach profile/product evidence.	-
SVELTE-D9493A776FC5C787B1A4	runtime-legacy	packages/svelte/tests/runtime-legacy/samples/transition-js-nested-each/	5399c23f802b55340ecd8dee6a5b91c75b6c49c9	sample-directory	blocked	BS1	BF2 must execute/classify the sample and attach profile/product evidence.	-
SVELTE-D6A7FA8AA3FCA46EA08E	runtime-legacy	packages/svelte/tests/runtime-legacy/samples/transition-js-nested-if/	30c5a1d2abdc02184fcda3b07d5c8c2100b36d76	sample-directory	blocked	BS1	BF2 must execute/classify the sample and attach profile/product evidence.	-
SVELTE-037D56DF823957DAE0C8	runtime-legacy	packages/svelte/tests/runtime-legacy/samples/transition-js-nested-intro/	1c4e6594ce6e05f7a63b73d8f2152e48892f2a5e	sample-directory	blocked	BS1	BF2 must execute/classify the sample and attach profile/product evidence.	-
SVELTE-61F5638E8D3AB560D798	runtime-legacy	packages/svelte/tests/runtime-legacy/samples/transition-js-option-direction/	9fdd282af40fe1e74e4076f9d929fd27b56c429b	sample-directory	blocked	BS1	BF2 must execute/classify the sample and attach profile/product evidence.	-
SVELTE-B1A8B164C6020E06AF45	runtime-legacy	packages/svelte/tests/runtime-legacy/samples/transition-js-parameterised-with-state/	56f20f4f702c1659e8add7915c9bda051b09cb7d	sample-directory	blocked	BS1	BF2 must execute/classify the sample and attach profile/product evidence.	-
SVELTE-EFD22806079AD7E3D371	runtime-legacy	packages/svelte/tests/runtime-legacy/samples/transition-js-parameterised/	1d1eb622a51034e8cab070d30e80853687b3c023	sample-directory	blocked	BS1	BF2 must execute/classify the sample and attach profile/product evidence.	-
SVELTE-B80FBD1D201E608CECEA	runtime-legacy	packages/svelte/tests/runtime-legacy/samples/transition-js-slot-2/	081e4308cc2285e1205f68d0751f70d0943b0797	sample-directory	blocked	BS1	BF2 must execute/classify the sample and attach profile/product evidence.	-
SVELTE-D9EF16811A86FB590160	runtime-legacy	packages/svelte/tests/runtime-legacy/samples/transition-js-slot-3/	768ea787a653fbcdf569b7e31d6e71405d876e59	sample-directory	blocked	BS1	BF2 must execute/classify the sample and attach profile/product evidence.	-
SVELTE-F2107E03436AE393862F	runtime-legacy	packages/svelte/tests/runtime-legacy/samples/transition-js-slot-4-cancelled/	45ba2f94e3cc3d58900bd01a5d9b16879e098eb5	sample-directory	blocked	BS1	BF2 must execute/classify the sample and attach profile/product evidence.	-
SVELTE-07478D2BCEBCADC00F1C	runtime-legacy	packages/svelte/tests/runtime-legacy/samples/transition-js-slot-5-cancelled-overflow/	7b6339e76651ad8ad9c257a5f9f74d200ad00994	sample-directory	blocked	BS1	BF2 must execute/classify the sample and attach profile/product evidence.	-
SVELTE-50EF7EC2FD5A9BF87B35	runtime-legacy	packages/svelte/tests/runtime-legacy/samples/transition-js-slot-6-spread-cancelled/	3818d2bd2ba5216ac82ec6945587aac36de0db86	sample-directory	blocked	BS1	BF2 must execute/classify the sample and attach profile/product evidence.	-
SVELTE-70F8524D951AD24C3E3C	runtime-legacy	packages/svelte/tests/runtime-legacy/samples/transition-js-slot-7-spread-cancelled-overflow/	e6e9959b5420fc53f0d59ade6abad0b1624730d4	sample-directory	blocked	BS1	BF2 must execute/classify the sample and attach profile/product evidence.	-
SVELTE-30B6A40B9623F2AFFA58	runtime-legacy	packages/svelte/tests/runtime-legacy/samples/transition-js-slot-fallback/	148c72f772935b7e30a380e4aba4de29cb8c19be	sample-directory	blocked	BS1	BF2 must execute/classify the sample and attach profile/product evidence.	-
SVELTE-F12529AB2F592548926E	runtime-legacy	packages/svelte/tests/runtime-legacy/samples/transition-js-slot/	abec96fd738153dddd5fdeafda32d3295460d930	sample-directory	blocked	BS1	BF2 must execute/classify the sample and attach profile/product evidence.	-
SVELTE-17A6F0CE88AA874CFA5E	runtime-legacy	packages/svelte/tests/runtime-legacy/samples/unchanged-expression-escape/	602bb2c96d8bb4748beba3ef8fac79a197ebcc3c	sample-directory	blocked	BS1	BF2 must execute/classify the sample and attach profile/product evidence.	-
SVELTE-79DA19FC606553408B4C	runtime-legacy	packages/svelte/tests/runtime-legacy/samples/unchanged-expression-xss/	a3652ad78cc1d86f31030d87f8c47be1b70e0ff2	sample-directory	blocked	BS1	BF2 must execute/classify the sample and attach profile/product evidence.	-
SVELTE-8D2167C6895C91DB2BAC	runtime-legacy	packages/svelte/tests/runtime-legacy/samples/value-attribute-isolated-update/	ecf6c8025523171542077fa23edb5fc09ea95028	sample-directory	blocked	BS1	BF2 must execute/classify the sample and attach profile/product evidence.	-
SVELTE-4D0EF1B14045AF16F186	runtime-legacy	packages/svelte/tests/runtime-legacy/samples/variable-assigned-store-state/	8652c98e7fea36116748d6236eef1dc8d0217d44	sample-directory	blocked	BS1	BF2 must execute/classify the sample and attach profile/product evidence.	-
SVELTE-C62556F4B1A8F783DC8C	runtime-legacy	packages/svelte/tests/runtime-legacy/samples/whitespace-each-block/	47ab0e6b371b32cd85f89aa54832e16937ea249b	sample-directory	blocked	BS1	BF2 must execute/classify the sample and attach profile/product evidence.	-
SVELTE-0132073EB6C8E6848F1F	runtime-legacy	packages/svelte/tests/runtime-legacy/samples/whitespace-list/	f686970e5c554ff0b6f66bbe253570f28d47622d	sample-directory	blocked	BS1	BF2 must execute/classify the sample and attach profile/product evidence.	-
SVELTE-6393C1D85A9B3DB030E2	runtime-legacy	packages/svelte/tests/runtime-legacy/samples/whitespace-normal/	693e3fcd01071c0fbd54a12c96fba0988864e200	sample-directory	blocked	BS1	BF2 must execute/classify the sample and attach profile/product evidence.	-
SVELTE-4912CD45AE21EFA6968B	runtime-legacy	packages/svelte/tests/runtime-legacy/samples/window-bind-scroll-update-2/	b6a3b98af54ce3b31e03510fb57230f01d208bd2	sample-directory	blocked	BS1	BF2 must execute/classify the sample and attach profile/product evidence.	-
SVELTE-8BC58AFD885A14D3D823	runtime-legacy	packages/svelte/tests/runtime-legacy/samples/window-bind-scroll-update/	73c54eed7f42aab5233f203712b3793f724856de	sample-directory	blocked	BS1	BF2 must execute/classify the sample and attach profile/product evidence.	-
SVELTE-EAA97268C3CDD58DEAB2	runtime-legacy	packages/svelte/tests/runtime-legacy/samples/window-binding-multiple-handlers/	6daf20fabc1609418f5e77b3c84ce0bfdd8e2ba8	sample-directory	blocked	BS1	BF2 must execute/classify the sample and attach profile/product evidence.	-
SVELTE-69269C96FF2316FDC75B	runtime-legacy	packages/svelte/tests/runtime-legacy/samples/window-binding-resize/	e1e479dac4f03f054e0e4f28abf3b16e6b873474	sample-directory	blocked	BS1	BF2 must execute/classify the sample and attach profile/product evidence.	-
SVELTE-F0CE615EC96D8DDEF24C	runtime-legacy	packages/svelte/tests/runtime-legacy/samples/window-binding-scroll-store/	9ed643505a8b44a939fd936bd31ffe7297d4750a	sample-directory	blocked	BS1	BF2 must execute/classify the sample and attach profile/product evidence.	-
SVELTE-B81AAAA7995D2D6F0040	runtime-legacy	packages/svelte/tests/runtime-legacy/samples/window-event-context/	40a001ff066bc48158af8cd7312801ae4918d1df	sample-directory	blocked	BS1	BF2 must execute/classify the sample and attach profile/product evidence.	-
SVELTE-3C14A3118F4FF5399435	runtime-legacy	packages/svelte/tests/runtime-legacy/samples/window-event-custom/	ed8451dad76c2e3f5ad27b93ebd483394cf20c89	sample-directory	blocked	BS1	BF2 must execute/classify the sample and attach profile/product evidence.	-
SVELTE-9863C34C056C0829F948	runtime-legacy	packages/svelte/tests/runtime-legacy/samples/window-event/	edc31f7818472b2e87a69a275db786e1373aee8b	sample-directory	blocked	BS1	BF2 must execute/classify the sample and attach profile/product evidence.	-
SVELTE-BF7BBD0431F363FD7578	runtime-production	packages/svelte/tests/runtime-production/samples/async-eager-derived/	09969e90c1349028fea8fde725a7ccbdf1b7d933	sample-directory	blocked	BS1	BF2 must execute/classify the sample and attach profile/product evidence.	-
SVELTE-F4F797EC0F55377B1D3F	runtime-production	packages/svelte/tests/runtime-production/samples/keyed-each-unique-2/	0773d0820fee08ef6e996e76dab5101205f712ca	sample-directory	blocked	BS1	BF2 must execute/classify the sample and attach profile/product evidence.	-
SVELTE-F02EE5F1F4D6C7A143C9	runtime-production	packages/svelte/tests/runtime-production/samples/keyed-each-unique-3/	6fb08a55ec0aeb92da01eeb78ce1aa8f9c0f988f	sample-directory	blocked	BS1	BF2 must execute/classify the sample and attach profile/product evidence.	-
SVELTE-4731FD3CBFA7D001AB82	runtime-production	packages/svelte/tests/runtime-production/samples/keyed-each-unique/	462a2464eccc316c385e61c935aabacf180052ca	sample-directory	blocked	BS1	BF2 must execute/classify the sample and attach profile/product evidence.	-
SVELTE-C8F176FF4B2ADC0EE209	runtime-production	packages/svelte/tests/runtime-production/samples/production-internals/	415a723e10e575636d2e7e947472d90eb25a383d	sample-directory	blocked	BS1	BF2 must execute/classify the sample and attach profile/product evidence.	-
SVELTE-75843433C81D106843B7	runtime-production	packages/svelte/tests/runtime-production/samples/production/	b86bfd6d37fa6b1badfa82171de13c9ee9943a45	sample-directory	blocked	BS1	BF2 must execute/classify the sample and attach profile/product evidence.	-
SVELTE-9998EBB14B8E55928110	runtime-runes	packages/svelte/tests/runtime-runes/samples/1000-reading-derived-effects/	18949c7a8856722614a04f8d3f8e843e6c49f10e	sample-directory	blocked	BS1	BF2 must execute/classify the sample and attach profile/product evidence.	-
SVELTE-BC24A051F0B24444A296	runtime-runes	packages/svelte/tests/runtime-runes/samples/abort-signal-derived-destroy/	7fd48579ff55b4c0efe94ad4647a307f744e79a2	sample-directory	blocked	BS1	BF2 must execute/classify the sample and attach profile/product evidence.	-
SVELTE-8353D6D9C2FFFAEB59C2	runtime-runes	packages/svelte/tests/runtime-runes/samples/abort-signal-derived-rerun-on-reconnect/	bf91885c4d090b2def024a97bb9676ccc8172d89	sample-directory	blocked	BS1	BF2 must execute/classify the sample and attach profile/product evidence.	-
SVELTE-EAD5B80E22114FFE8FA4	runtime-runes	packages/svelte/tests/runtime-runes/samples/abort-signal-derived-set-state/	efb9d9cf6a8362c34cbbbaa3228ba851cba3783e	sample-directory	blocked	BS1	BF2 must execute/classify the sample and attach profile/product evidence.	-
SVELTE-816CBC5396CD66C9CF9B	runtime-runes	packages/svelte/tests/runtime-runes/samples/accessors-props/	ea92631319532d6be7d2d09846068d71b1a6628a	sample-directory	blocked	BS1	BF2 must execute/classify the sample and attach profile/product evidence.	-
SVELTE-95B6D80F5536E5C7543B	runtime-runes	packages/svelte/tests/runtime-runes/samples/action-context/	47ebfd5b48f2ce57020387d4c6d9f850eb19a881	sample-directory	blocked	BS1	BF2 must execute/classify the sample and attach profile/product evidence.	-
SVELTE-31AE72DB02AB66E5B239	runtime-runes	packages/svelte/tests/runtime-runes/samples/action-sequence/	bb883c13320a2175fda801b26af16b54f2822e57	sample-directory	blocked	BS1	BF2 must execute/classify the sample and attach profile/product evidence.	-
SVELTE-9695D78B545B4FB82AC9	runtime-runes	packages/svelte/tests/runtime-runes/samples/action-state-arg-deep/	93d6b9a71b2dc23dbd38dfaae930849d8d4b6312	sample-directory	blocked	BS1	BF2 must execute/classify the sample and attach profile/product evidence.	-
SVELTE-DA056FEDECC6A69F0BFE	runtime-runes	packages/svelte/tests/runtime-runes/samples/action-state-arg/	b2e4730aea2dc1c95ed444ac3e677b2d31d5018f	sample-directory	blocked	BS1	BF2 must execute/classify the sample and attach profile/product evidence.	-
SVELTE-360F84A382533C2C57D2	runtime-runes	packages/svelte/tests/runtime-runes/samples/action-void-element/	bf04b117672e775d6c7938838c9cbd78d6ab2e51	sample-directory	blocked	BS1	BF2 must execute/classify the sample and attach profile/product evidence.	-
SVELTE-540B8566D1494861AFB8	runtime-runes	packages/svelte/tests/runtime-runes/samples/ambiguous-source/	5a2882995da46e650875ff887c47f70c9b33f707	sample-directory	blocked	BS1	BF2 must execute/classify the sample and attach profile/product evidence.	-
SVELTE-A26EE0247A202A40BDF4	runtime-runes	packages/svelte/tests/runtime-runes/samples/animate-no-transition-events/	890f3ef3884e7c2f114cb6ed0b680f536844c168	sample-directory	blocked	BS1	BF2 must execute/classify the sample and attach profile/product evidence.	-
SVELTE-BDE855D9D2A458813388	runtime-runes	packages/svelte/tests/runtime-runes/samples/array-delete-item/	40d69b6589440bc25f9c09a218d14d3dbf4b83f1	sample-directory	blocked	BS1	BF2 must execute/classify the sample and attach profile/product evidence.	-
SVELTE-3FE0D9B1623FF575F7A6	runtime-runes	packages/svelte/tests/runtime-runes/samples/array-lastindexof/	dd1d24e8fa7b51d47c4c2c4946ae9043810e393e	sample-directory	blocked	BS1	BF2 must execute/classify the sample and attach profile/product evidence.	-
SVELTE-6A9732CAA1956C8D0F0B	runtime-runes	packages/svelte/tests/runtime-runes/samples/array-sort-in-effect/	2b1fa2d91204a022da66e7c895a94fea59a4105b	sample-directory	blocked	BS1	BF2 must execute/classify the sample and attach profile/product evidence.	-
SVELTE-2514ABC2062C9CDDB26D	runtime-runes	packages/svelte/tests/runtime-runes/samples/array-to-string/	be6d77c25b962a6c0f3877d9429da4eba82772c8	sample-directory	blocked	BS1	BF2 must execute/classify the sample and attach profile/product evidence.	-
SVELTE-658D30D736E1A508DBBF	runtime-runes	packages/svelte/tests/runtime-runes/samples/assign-prop-to-prop/	68cf601574e647d2dfbf76537ab83c4185d12350	sample-directory	blocked	BS1	BF2 must execute/classify the sample and attach profile/product evidence.	-
SVELTE-67D9FA26F04C0DAD5580	runtime-runes	packages/svelte/tests/runtime-runes/samples/assignment-value-stale-lazy-rhs-async/	631f0d16b5b6eaf0629bd7a69b902d3f94a726f9	sample-directory	blocked	BS1	BF2 must execute/classify the sample and attach profile/product evidence.	-
SVELTE-2A0C76AF0C6D2FA7743F	runtime-runes	packages/svelte/tests/runtime-runes/samples/assignment-value-stale-lazy-rhs/	20e3053a90c805e5885f41493f48fd0590dd59a1	sample-directory	blocked	BS1	BF2 must execute/classify the sample and attach profile/product evidence.	-
SVELTE-A55E0599F02C6E58BAB7	runtime-runes	packages/svelte/tests/runtime-runes/samples/async-abort-signal/	ed8958547db819e56f7a622496eff4ea291ebb48	sample-directory	blocked	BS1	BF2 must execute/classify the sample and attach profile/product evidence.	-
SVELTE-D626D1DE8C7D764EE92D	runtime-runes	packages/svelte/tests/runtime-runes/samples/async-action-blockers/	4ad09969ab1077a628c9a00db13db93ebf9574ee	sample-directory	blocked	BS1	BF2 must execute/classify the sample and attach profile/product evidence.	-
SVELTE-91055C29F90A8676BCB1	runtime-runes	packages/svelte/tests/runtime-runes/samples/async-attach-blockers/	6af0cb4df91b6d1148974831bc107990ae9e9d01	sample-directory	blocked	BS1	BF2 must execute/classify the sample and attach profile/product evidence.	-
SVELTE-67DBFB391333E2FC9D5C	runtime-runes	packages/svelte/tests/runtime-runes/samples/async-attach-hydration-mismatch/	977d8804afa8e4ca420dc8c4920911127d49a48e	sample-directory	blocked	BS1	BF2 must execute/classify the sample and attach profile/product evidence.	-
SVELTE-449D2A567F6C67128EB6	runtime-runes	packages/svelte/tests/runtime-runes/samples/async-attachment-in-block/	84444f0a908c50cc3941246ca7be3e5f781c4437	sample-directory	blocked	BS1	BF2 must execute/classify the sample and attach profile/product evidence.	-
SVELTE-1EB83145952F87047841	runtime-runes	packages/svelte/tests/runtime-runes/samples/async-attachment/	a5b40d5491a65c149cc4a387455f7a160581e510	sample-directory	blocked	BS1	BF2 must execute/classify the sample and attach profile/product evidence.	-
SVELTE-ABEA1931270D8C88F9D8	runtime-runes	packages/svelte/tests/runtime-runes/samples/async-attribute-without-state/	c0735676f3f312da7c234d86c62460a8c9182163	sample-directory	blocked	BS1	BF2 must execute/classify the sample and attach profile/product evidence.	-
SVELTE-A43CABAD3301F4DABEB8	runtime-runes	packages/svelte/tests/runtime-runes/samples/async-attribute/	506e0498d939239bdf9dbb221f297d6517bf95e5	sample-directory	blocked	BS1	BF2 must execute/classify the sample and attach profile/product evidence.	-
SVELTE-0C32D86B163326C44A41	runtime-runes	packages/svelte/tests/runtime-runes/samples/async-await-block-2/	3d0c6ad069981731e4e42f1dfe8f6df3bb831f0d	sample-directory	blocked	BS1	BF2 must execute/classify the sample and attach profile/product evidence.	-
SVELTE-D0F473D9DD0F87E982C6	runtime-runes	packages/svelte/tests/runtime-runes/samples/async-await-block/	64970edf1d4582e15f50b92e53c837ed47ffc0d3	sample-directory	blocked	BS1	BF2 must execute/classify the sample and attach profile/product evidence.	-
SVELTE-80D8CEEE04F91D618E5C	runtime-runes	packages/svelte/tests/runtime-runes/samples/async-await-store-mutate/	8ccb0925326366dbaba8e03dbea81cbbd54ecb00	sample-directory	blocked	BS1	BF2 must execute/classify the sample and attach profile/product evidence.	-
SVELTE-386C682486350E41D3B0	runtime-runes	packages/svelte/tests/runtime-runes/samples/async-await/	ab3bdf82b9cbdff5e9b9bb9c9a1221ade90bfd99	sample-directory	blocked	BS1	BF2 must execute/classify the sample and attach profile/product evidence.	-
SVELTE-1F7A0A7156380F491F08	runtime-runes	packages/svelte/tests/runtime-runes/samples/async-batch-derived/	e4696938506faa0e872fd766de5050ce28d9cbf6	sample-directory	blocked	BS1	BF2 must execute/classify the sample and attach profile/product evidence.	-
SVELTE-9783DEF64D5627D98A89	runtime-runes	packages/svelte/tests/runtime-runes/samples/async-batch-merge-effect/	bcaaf2f94d2c6bf263f47b391f8b6cafbce6a2f0	sample-directory	blocked	BS1	BF2 must execute/classify the sample and attach profile/product evidence.	-
SVELTE-D8DD44E3C8E5C1A783B3	runtime-runes	packages/svelte/tests/runtime-runes/samples/async-batch-order/	9a5bff499b0ccb349b3a218fd5664a7d806e6c77	sample-directory	blocked	BS1	BF2 must execute/classify the sample and attach profile/product evidence.	-
SVELTE-0777101A48731199F9A7	runtime-runes	packages/svelte/tests/runtime-runes/samples/async-batch-timing/	1c7ec58acd3387f92c3c4419d982dbc3d52df9d9	sample-directory	blocked	BS1	BF2 must execute/classify the sample and attach profile/product evidence.	-
SVELTE-8C04F2465D2CB6E11401	runtime-runes	packages/svelte/tests/runtime-runes/samples/async-bind-factory-function-remote/	ddd79e63b2a1ed457111279c252acd127c05a6f3	sample-directory	blocked	BS1	BF2 must execute/classify the sample and attach profile/product evidence.	-
SVELTE-B56156C33DF966C1A079	runtime-runes	packages/svelte/tests/runtime-runes/samples/async-bindable-prop/	8856ce33bed9fc9d3ff1068e626ddc401d209be7	sample-directory	blocked	BS1	BF2 must execute/classify the sample and attach profile/product evidence.	-
SVELTE-A204B95934EA451B1E1E	runtime-runes	packages/svelte/tests/runtime-runes/samples/async-binding-after-await/	9140a8c42c7a824ff21522f5e6b4c0afcbfc9b5b	sample-directory	blocked	BS1	BF2 must execute/classify the sample and attach profile/product evidence.	-
SVELTE-DF99684C7925D88235FC	runtime-runes	packages/svelte/tests/runtime-runes/samples/async-binding-update-while-focused-2/	8c61fe0627c928150ecc72cae582698897dc42ba	sample-directory	blocked	BS1	BF2 must execute/classify the sample and attach profile/product evidence.	-
SVELTE-AE46FDBCB44BA400A78D	runtime-runes	packages/svelte/tests/runtime-runes/samples/async-binding-update-while-focused-3/	916796718db61088171ce77eddb6c3a4fec585f2	sample-directory	blocked	BS1	BF2 must execute/classify the sample and attach profile/product evidence.	-
SVELTE-2F283821C014AAF8D961	runtime-runes	packages/svelte/tests/runtime-runes/samples/async-binding-update-while-focused/	51c01ee19a6dac6595accc8ee3aef79f907ed034	sample-directory	blocked	BS1	BF2 must execute/classify the sample and attach profile/product evidence.	-
SVELTE-3E5FB56AE183D6EE4910	runtime-runes	packages/svelte/tests/runtime-runes/samples/async-block-destroy-during-init/	3b71d9623e359ad44c90f352274263ca979f0828	sample-directory	blocked	BS1	BF2 must execute/classify the sample and attach profile/product evidence.	-
SVELTE-2776E13B13A4F72631CC	runtime-runes	packages/svelte/tests/runtime-runes/samples/async-block-effect-queueing/	2defe0b4c3d9c9701170e2e1c093ca9631176bba	sample-directory	blocked	BS1	BF2 must execute/classify the sample and attach profile/product evidence.	-
SVELTE-23422A2B7AE97F162F31	runtime-runes	packages/svelte/tests/runtime-runes/samples/async-block-reject-during-init/	ff4b8a16a2cce6180091df7b3a31b42b3c828231	sample-directory	blocked	BS1	BF2 must execute/classify the sample and attach profile/product evidence.	-
SVELTE-50CD8AC3200EE2DC5B1B	runtime-runes	packages/svelte/tests/runtime-runes/samples/async-block-reject-each-during-init/	d9f35ebe80d2908544219008d2f55c7076c73fe6	sample-directory	blocked	BS1	BF2 must execute/classify the sample and attach profile/product evidence.	-
SVELTE-8F14B929F51A6430760D	runtime-runes	packages/svelte/tests/runtime-runes/samples/async-block-rerun/	6c119a1f676e62ca90a762ea12d5608eb2a044c0	sample-directory	blocked	BS1	BF2 must execute/classify the sample and attach profile/product evidence.	-
SVELTE-DDBBA42978C4401A0C83	runtime-runes	packages/svelte/tests/runtime-runes/samples/async-block-resolve/	28b5f3bd3aaddb7d9f7c14f9121f30427b65941c	sample-directory	blocked	BS1	BF2 must execute/classify the sample and attach profile/product evidence.	-
SVELTE-0D4F3133DB24195D34FD	runtime-runes	packages/svelte/tests/runtime-runes/samples/async-boundary-nav-race/	d8225eec038744e6febae7e5bc6fa55a2cd23a2d	sample-directory	blocked	BS1	BF2 must execute/classify the sample and attach profile/product evidence.	-
SVELTE-0E723D1E585E761E565D	runtime-runes	packages/svelte/tests/runtime-runes/samples/async-boundary-pending-live/	fcf7e3509c924403a65a6499d8b807ea9d84dafb	sample-directory	blocked	BS1	BF2 must execute/classify the sample and attach profile/product evidence.	-
SVELTE-57D51AB4C98461DF14C5	runtime-runes	packages/svelte/tests/runtime-runes/samples/async-boundary-reset/	c6fc5fa64a0b4c199f633693f280bf782100c0bd	sample-directory	blocked	BS1	BF2 must execute/classify the sample and attach profile/product evidence.	-
SVELTE-B70CC292A63739A7D1C0	runtime-runes	packages/svelte/tests/runtime-runes/samples/async-boundary-update-while-pending/	f7a5bc13630b8495a875b6abf338ae4e18dc8a0a	sample-directory	blocked	BS1	BF2 must execute/classify the sample and attach profile/product evidence.	-
SVELTE-861677F31C57D7A84FF8	runtime-runes	packages/svelte/tests/runtime-runes/samples/async-branch-merge-obsolete/	7388885dc22be7158595e340e4715307695c1403	sample-directory	blocked	BS1	BF2 must execute/classify the sample and attach profile/product evidence.	-
SVELTE-2B4545CA779ABC840039	runtime-runes	packages/svelte/tests/runtime-runes/samples/async-branch-reintro/	e3c8cb67b00d072d0fc4ea46760a6cbf37d79945	sample-directory	blocked	BS1	BF2 must execute/classify the sample and attach profile/product evidence.	-
SVELTE-A098DA46E8FD4BC2FD99	runtime-runes	packages/svelte/tests/runtime-runes/samples/async-child-effect/	ad04b6d2b381b62b91c1ea9fcf72c0b1959e99bf	sample-directory	blocked	BS1	BF2 must execute/classify the sample and attach profile/product evidence.	-
SVELTE-DCF7FE4768A0ECF1C435	runtime-runes	packages/svelte/tests/runtime-runes/samples/async-class-directive/	da35954df41116d42fddfa8c25e40f5a33d8da9e	sample-directory	blocked	BS1	BF2 must execute/classify the sample and attach profile/product evidence.	-
SVELTE-ED9E30058A7F7DB93D70	runtime-runes	packages/svelte/tests/runtime-runes/samples/async-clear-batch-between-runs/	9098441819aa134607b833d0f034f75628ac7a09	sample-directory	blocked	BS1	BF2 must execute/classify the sample and attach profile/product evidence.	-
SVELTE-21B2093C41B4350F1408	runtime-runes	packages/svelte/tests/runtime-runes/samples/async-commit-preserve-new-batch/	143f3b84fb3a87486599ad6b9d2dc94b32d86e62	sample-directory	blocked	BS1	BF2 must execute/classify the sample and attach profile/product evidence.	-
SVELTE-EE628739E318B59FF267	runtime-runes	packages/svelte/tests/runtime-runes/samples/async-component-exports/	9ae7b7351e6fd68fc49396722142de4d9ae19d25	sample-directory	blocked	BS1	BF2 must execute/classify the sample and attach profile/product evidence.	-
SVELTE-6E614FC751D532C2FC59	runtime-runes	packages/svelte/tests/runtime-runes/samples/async-const-wait/	72d689e9fa99e13ee6c04892edeecb307c0c1289	sample-directory	blocked	BS1	BF2 must execute/classify the sample and attach profile/product evidence.	-
SVELTE-E884E03DED6F736156B3	runtime-runes	packages/svelte/tests/runtime-runes/samples/async-const/	392c4913440b06e121bc92d124ff834d56ac34f8	sample-directory	blocked	BS1	BF2 must execute/classify the sample and attach profile/product evidence.	-
SVELTE-4C652134EE410FA6F546	runtime-runes	packages/svelte/tests/runtime-runes/samples/async-context-after-await-const/	1e026e29462164a7981d93f459d6a56adb237a46	sample-directory	blocked	BS1	BF2 must execute/classify the sample and attach profile/product evidence.	-
SVELTE-00533E4B4C15A9B2F965	runtime-runes	packages/svelte/tests/runtime-runes/samples/async-context-throws-after-await/	1be003cbf19cc5e385bfca8984ec913dbba96b5c	sample-directory	blocked	BS1	BF2 must execute/classify the sample and attach profile/product evidence.	-
SVELTE-295E6003118ABFE30E8E	runtime-runes	packages/svelte/tests/runtime-runes/samples/async-custom-element-attribute/	d5a7049b6ea37494b1211123eab01e6c053f555e	sample-directory	blocked	BS1	BF2 must execute/classify the sample and attach profile/product evidence.	-
SVELTE-D26302EE147266BE6C22	runtime-runes	packages/svelte/tests/runtime-runes/samples/async-debug-awaited-expression/	f4164bc433b242516946af264858a15d91e4f1e1	sample-directory	blocked	BS1	BF2 must execute/classify the sample and attach profile/product evidence.	-
SVELTE-2291F68CC7F6D0DFADC8	runtime-runes	packages/svelte/tests/runtime-runes/samples/async-declaration-tag-2/	900afcfad2af1ae60cfc97ac2db37fa4b2c6f678	sample-directory	blocked	BS1	BF2 must execute/classify the sample and attach profile/product evidence.	-
SVELTE-B4FC53187B6BB62F88BF	runtime-runes	packages/svelte/tests/runtime-runes/samples/async-declaration-tag/	fb714d7a2e7eb25587024b92ff377f2b141334bd	sample-directory	blocked	BS1	BF2 must execute/classify the sample and attach profile/product evidence.	-
SVELTE-FF8298C2230CB271BE3B	runtime-runes	packages/svelte/tests/runtime-runes/samples/async-derived-const-blocker/	ec95f8b8670b30e3c5a4f532930a94df2f532b59	sample-directory	blocked	BS1	BF2 must execute/classify the sample and attach profile/product evidence.	-
SVELTE-096231BAA5738414DD63	runtime-runes	packages/svelte/tests/runtime-runes/samples/async-derived-destructured/	48e2de3ff7b30fdad832b2173a893acf407aef40	sample-directory	blocked	BS1	BF2 must execute/classify the sample and attach profile/product evidence.	-
SVELTE-24EA6EBC8EBB2F39E28F	runtime-runes	packages/svelte/tests/runtime-runes/samples/async-derived-in-if/	2d3b9d03423b2c5b866c593a8bdb0256d23d0238	sample-directory	blocked	BS1	BF2 must execute/classify the sample and attach profile/product evidence.	-
SVELTE-AF158D57E373E8D43F78	runtime-runes	packages/svelte/tests/runtime-runes/samples/async-derived-in-multiple-effects/	5cc47135398662fdcb633be702e04facd2a0719e	sample-directory	blocked	BS1	BF2 must execute/classify the sample and attach profile/product evidence.	-
SVELTE-971413A77FF41FAC6355	runtime-runes	packages/svelte/tests/runtime-runes/samples/async-derived-indirect/	b16199caf13862b3a1433f55d22dfae21f334ee9	sample-directory	blocked	BS1	BF2 must execute/classify the sample and attach profile/product evidence.	-
SVELTE-0022ECF629DA00432B14	runtime-runes	packages/svelte/tests/runtime-runes/samples/async-derived-invalidation-during-init/	10bbf2195179ff16ada99f420808c7e5d59460e1	sample-directory	blocked	BS1	BF2 must execute/classify the sample and attach profile/product evidence.	-
SVELTE-E2646305880DF9290ED5	runtime-runes	packages/svelte/tests/runtime-runes/samples/async-derived-log-outside-reactivity/	d99b0e9660aaf5fa86ab4da69b29e2927e43f676	sample-directory	blocked	BS1	BF2 must execute/classify the sample and attach profile/product evidence.	-
SVELTE-FFA3AD81793C95823927	runtime-runes	packages/svelte/tests/runtime-runes/samples/async-derived-module/	2f0fec466b0ebc54e3dc7da7c8f11fab8a97a5a3	sample-directory	blocked	BS1	BF2 must execute/classify the sample and attach profile/product evidence.	-
SVELTE-72E6DB5058CF5572CD11	runtime-runes	packages/svelte/tests/runtime-runes/samples/async-derived-not-overfiring/	fc9a2969533bfe2eae4ae0c8a7883feedfa1a8b9	sample-directory	blocked	BS1	BF2 must execute/classify the sample and attach profile/product evidence.	-
SVELTE-F90CE55D7962B9514C11	runtime-runes	packages/svelte/tests/runtime-runes/samples/async-derived-not-underfiring/	05ff951f62343d52668605472d31d3c1295d7dee	sample-directory	blocked	BS1	BF2 must execute/classify the sample and attach profile/product evidence.	-
SVELTE-19CF35FD04CEE05DD126	runtime-runes	packages/svelte/tests/runtime-runes/samples/async-derived-prop-closure-hydration/	1a22f2c3e997eea383b8bffd7085244661bb1838	sample-directory	blocked	BS1	BF2 must execute/classify the sample and attach profile/product evidence.	-
SVELTE-7F385EBB965757579AAF	runtime-runes	packages/svelte/tests/runtime-runes/samples/async-derived-reverse-order/	da5c22c5ab9f9b942c3d24f9be753a5e512e4d9b	sample-directory	blocked	BS1	BF2 must execute/classify the sample and attach profile/product evidence.	-
SVELTE-BED896D2223A18960881	runtime-runes	packages/svelte/tests/runtime-runes/samples/async-derived-same-value/	d01bddddd07d687ff65bff542ace05160b0e0055	sample-directory	blocked	BS1	BF2 must execute/classify the sample and attach profile/product evidence.	-
SVELTE-79AA1DFC3B88E4BD0090	runtime-runes	packages/svelte/tests/runtime-runes/samples/async-derived-title-update/	31bd4580550311390602dd6c8b6ae3ed558f13ff	sample-directory	blocked	BS1	BF2 must execute/classify the sample and attach profile/product evidence.	-
SVELTE-C5FC2F150D2ABC156C16	runtime-runes	packages/svelte/tests/runtime-runes/samples/async-derived-unchanging/	45e5486a12b9e52d8fcb86d4b2eb462e45dd8b90	sample-directory	blocked	BS1	BF2 must execute/classify the sample and attach profile/product evidence.	-
SVELTE-AE01561C878C095112E3	runtime-runes	packages/svelte/tests/runtime-runes/samples/async-derived-unmount-undefined-props/	4a7b99ae23e5e58d49480482237ceec0463b9f25	sample-directory	blocked	BS1	BF2 must execute/classify the sample and attach profile/product evidence.	-
SVELTE-4F279AA72415B8DAD47F	runtime-runes	packages/svelte/tests/runtime-runes/samples/async-derived-unowned/	1928c1219158bfb95fd9c717b76da7a6575bffcd	sample-directory	blocked	BS1	BF2 must execute/classify the sample and attach profile/product evidence.	-
SVELTE-01B97D2E8E4F47A779F3	runtime-runes	packages/svelte/tests/runtime-runes/samples/async-derived-with-effect-and-boundary/	d01c530d52cbc53eed706c80e2dcf9147f9c2f86	sample-directory	blocked	BS1	BF2 must execute/classify the sample and attach profile/product evidence.	-
SVELTE-CE0761532387E13BC545	runtime-runes	packages/svelte/tests/runtime-runes/samples/async-derived/	41c99ed7d4b4d85815b4a6ac788328d126a9cc8b	sample-directory	blocked	BS1	BF2 must execute/classify the sample and attach profile/product evidence.	-
SVELTE-0976C0703017824839E6	runtime-runes	packages/svelte/tests/runtime-runes/samples/async-discard-obsolete-batch/	dab5897e10a71c05efa38ef4b63ee158d648d833	sample-directory	blocked	BS1	BF2 must execute/classify the sample and attach profile/product evidence.	-
SVELTE-BEAE87ED7186914FFB02	runtime-runes	packages/svelte/tests/runtime-runes/samples/async-disconnected-effect-root/	aba943642ad083caa643ba062ac6ab77081b0e2a	sample-directory	blocked	BS1	BF2 must execute/classify the sample and attach profile/product evidence.	-
SVELTE-48E1583F2D00EBBE899E	runtime-runes	packages/svelte/tests/runtime-runes/samples/async-dont-rebase-new-batch-1/	a2a84f1c2740177d767e5c4ff7fc09fcf62ebc69	sample-directory	blocked	BS1	BF2 must execute/classify the sample and attach profile/product evidence.	-
SVELTE-5FEC41175C973E641E02	runtime-runes	packages/svelte/tests/runtime-runes/samples/async-dont-rebase-new-batch-2/	33aeb18e149b43516274cd5342f277381533c7e8	sample-directory	blocked	BS1	BF2 must execute/classify the sample and attach profile/product evidence.	-
SVELTE-DFCEECBE9660195F46F9	runtime-runes	packages/svelte/tests/runtime-runes/samples/async-dont-rebase-new-batch-3/	f0d0a793fd9a903a5709aafa5d033d8204d668c6	sample-directory	blocked	BS1	BF2 must execute/classify the sample and attach profile/product evidence.	-
SVELTE-51671489198255908D33	runtime-runes	packages/svelte/tests/runtime-runes/samples/async-dont-rebase-new-batch-4/	415a7e94b8197715e4c6105315e7d30f92de4162	sample-directory	blocked	BS1	BF2 must execute/classify the sample and attach profile/product evidence.	-
SVELTE-5C79A9735BB0CD0A3073	runtime-runes	packages/svelte/tests/runtime-runes/samples/async-duplicate-dependencies/	48e3329b73d6ceb2698eeb71b11becb1cb661eb6	sample-directory	blocked	BS1	BF2 must execute/classify the sample and attach profile/product evidence.	-
SVELTE-19E78103586FE0309FBA	runtime-runes	packages/svelte/tests/runtime-runes/samples/async-dynamic-component/	660f44443c7ab23f09f2e7615dc38cbc3140a232	sample-directory	blocked	BS1	BF2 must execute/classify the sample and attach profile/product evidence.	-
SVELTE-A20B43302696366A437C	runtime-runes	packages/svelte/tests/runtime-runes/samples/async-each-await-item/	1af98800ee12aa1454904f466d5d8ce91d3aa543	sample-directory	blocked	BS1	BF2 must execute/classify the sample and attach profile/product evidence.	-
SVELTE-4E88C0A490D13EB5452E	runtime-runes	packages/svelte/tests/runtime-runes/samples/async-each-await-stale-rows/	232c344e70c23450ab77819af46dc3a036158d6c	sample-directory	blocked	BS1	BF2 must execute/classify the sample and attach profile/product evidence.	-
SVELTE-1657C613687628E04B3D	runtime-runes	packages/svelte/tests/runtime-runes/samples/async-each-await-store-update/	31089e41a4fd2c2262723c5e6ec0097b680f1fa3	sample-directory	blocked	BS1	BF2 must execute/classify the sample and attach profile/product evidence.	-
SVELTE-BDB56DA5E728876C7538	runtime-runes	packages/svelte/tests/runtime-runes/samples/async-each-const-await-error-boundary/	c1871217481c5a0f1af10002a8232cc899d00de6	sample-directory	blocked	BS1	BF2 must execute/classify the sample and attach profile/product evidence.	-
SVELTE-17B90D3BE9D4DC69412E	runtime-runes	packages/svelte/tests/runtime-runes/samples/async-each-const-await-iife/	b33d0eac9400d4d5af5e900d8f45d799a688ded4	sample-directory	blocked	BS1	BF2 must execute/classify the sample and attach profile/product evidence.	-
SVELTE-DDBED4D827F6696425A5	runtime-runes	packages/svelte/tests/runtime-runes/samples/async-each-controlled-empty-pending/	86e0270b1bd3f2afde83b3cc7cf1e26cae6a94ed	sample-directory	blocked	BS1	BF2 must execute/classify the sample and attach profile/product evidence.	-
SVELTE-98209240FA43157CF3FD	runtime-runes	packages/svelte/tests/runtime-runes/samples/async-each-derived/	a5fe719bb1b34f11044169b0b117731eddfbb493	sample-directory	blocked	BS1	BF2 must execute/classify the sample and attach profile/product evidence.	-
SVELTE-6475394ADF72904517D7	runtime-runes	packages/svelte/tests/runtime-runes/samples/async-each-item-duplication/	b9dc3d9ce590988909668fe1a9c4176464fea7d3	sample-directory	blocked	BS1	BF2 must execute/classify the sample and attach profile/product evidence.	-
SVELTE-C7315469C060CD56648C	runtime-runes	packages/svelte/tests/runtime-runes/samples/async-each-keyed/	43dc6327bef8c44489cef236ae305d9ed0eea8ef	sample-directory	blocked	BS1	BF2 must execute/classify the sample and attach profile/product evidence.	-
SVELTE-8A367BB849CB83C2286C	runtime-runes	packages/svelte/tests/runtime-runes/samples/async-each-preserve-pending/	b358c75bb0c71230879e525fca2513a4c38bf32a	sample-directory	blocked	BS1	BF2 must execute/classify the sample and attach profile/product evidence.	-
SVELTE-79FC51259C0CB287A0BE	runtime-runes	packages/svelte/tests/runtime-runes/samples/async-each-sibling/	5a75fdd1387d61376bdc8141de9efb0dd774e456	sample-directory	blocked	BS1	BF2 must execute/classify the sample and attach profile/product evidence.	-
SVELTE-9DA13C82E8FAFBDBE2FE	runtime-runes	packages/svelte/tests/runtime-runes/samples/async-each/	c15e24e85d6c6e02434b513faa41b980324d06ca	sample-directory	blocked	BS1	BF2 must execute/classify the sample and attach profile/product evidence.	-
SVELTE-425E2D8FBCCECAB9190E	runtime-runes	packages/svelte/tests/runtime-runes/samples/async-eager-block/	7092797133c6245651ff1d92d2dbca4f0e190ad1	sample-directory	blocked	BS1	BF2 must execute/classify the sample and attach profile/product evidence.	-
SVELTE-1F1A565EE0B0253672AB	runtime-runes	packages/svelte/tests/runtime-runes/samples/async-eager-derived/	09969e90c1349028fea8fde725a7ccbdf1b7d933	sample-directory	blocked	BS1	BF2 must execute/classify the sample and attach profile/product evidence.	-
SVELTE-E427F968D11E98625600	runtime-runes	packages/svelte/tests/runtime-runes/samples/async-eager-each-block/	f970227089e66eae11ec9a8decc3314846a3f03d	sample-directory	blocked	BS1	BF2 must execute/classify the sample and attach profile/product evidence.	-
SVELTE-B4ADBCD5A88EDDB22F15	runtime-runes	packages/svelte/tests/runtime-runes/samples/async-effect-after-await/	74fd27b59688c6826dc54a49057a0672a5244eb6	sample-directory	blocked	BS1	BF2 must execute/classify the sample and attach profile/product evidence.	-
SVELTE-1B7AB011B5E39B44DE96	runtime-runes	packages/svelte/tests/runtime-runes/samples/async-effect-after-boundary/	6802cee5964445337fde030890a257098ada719f	sample-directory	blocked	BS1	BF2 must execute/classify the sample and attach profile/product evidence.	-
SVELTE-5CB83E53A80CDBC986EC	runtime-runes	packages/svelte/tests/runtime-runes/samples/async-effect-conservative/	79b2bfab35166511c9b765ff1e62c7cd79cf1134	sample-directory	blocked	BS1	BF2 must execute/classify the sample and attach profile/product evidence.	-
SVELTE-58318785DD9CC8771270	runtime-runes	packages/svelte/tests/runtime-runes/samples/async-effect-mount-timing/	968f49f82e3d3ba237be74f5a4b7fe3ceb483df9	sample-directory	blocked	BS1	BF2 must execute/classify the sample and attach profile/product evidence.	-
SVELTE-AA5671892F4306447B07	runtime-runes	packages/svelte/tests/runtime-runes/samples/async-effect-orphan/	c0ec4cafa52f6e2b4a9b50eecb4e59f1194e843f	sample-directory	blocked	BS1	BF2 must execute/classify the sample and attach profile/product evidence.	-
SVELTE-365A21E0760ED430C205	runtime-runes	packages/svelte/tests/runtime-runes/samples/async-effect-pending-eager/	2676271a7a61639d0881f1087b6d90b1ee1f5d00	sample-directory	blocked	BS1	BF2 must execute/classify the sample and attach profile/product evidence.	-
SVELTE-33937D4FC6710D576900	runtime-runes	packages/svelte/tests/runtime-runes/samples/async-effect-pending-nested/	575199b5e54cc52f925490d8ffe2c86811319815	sample-directory	blocked	BS1	BF2 must execute/classify the sample and attach profile/product evidence.	-
SVELTE-4A8ADD621F6DE9F69CF3	runtime-runes	packages/svelte/tests/runtime-runes/samples/async-effect-pending/	a61206121ab1fdfe96763a65c6bd8db97ef0c500	sample-directory	blocked	BS1	BF2 must execute/classify the sample and attach profile/product evidence.	-
SVELTE-949B1B50C0BBBE5D59AF	runtime-runes	packages/svelte/tests/runtime-runes/samples/async-effect-triggers-await/	5a5b7554a6b4371aedc3249013e87794f255f330	sample-directory	blocked	BS1	BF2 must execute/classify the sample and attach profile/product evidence.	-
SVELTE-BC4662E4D1DDCA623941	runtime-runes	packages/svelte/tests/runtime-runes/samples/async-error-boundary-2/	b5c82941b32a2087851e530892e94d5e3976bf75	sample-directory	blocked	BS1	BF2 must execute/classify the sample and attach profile/product evidence.	-
SVELTE-242434A61D6430F46897	runtime-runes	packages/svelte/tests/runtime-runes/samples/async-error-boundary-3/	582a7873db1c239c5290ee88596a43bb93c659a0	sample-directory	blocked	BS1	BF2 must execute/classify the sample and attach profile/product evidence.	-
SVELTE-29C932F2F2E7C939299A	runtime-runes	packages/svelte/tests/runtime-runes/samples/async-error-boundary-4/	2fe9834e88608a5ab1f713b05f7a4c78678a150c	sample-directory	blocked	BS1	BF2 must execute/classify the sample and attach profile/product evidence.	-
SVELTE-7902EDEA573851F756EE	runtime-runes	packages/svelte/tests/runtime-runes/samples/async-error-boundary/	1358cb1c233f624b27ca8b40c53dde41aa7e9e44	sample-directory	blocked	BS1	BF2 must execute/classify the sample and attach profile/product evidence.	-
SVELTE-51DE2C34E84CAB537CD3	runtime-runes	packages/svelte/tests/runtime-runes/samples/async-error-in-block-expression/	c82843cb0151769ecab9dbb41db96d79ba3d019f	sample-directory	blocked	BS1	BF2 must execute/classify the sample and attach profile/product evidence.	-
SVELTE-8D012473EC28599BF872	runtime-runes	packages/svelte/tests/runtime-runes/samples/async-error-in-script/	48a6f25a27fd9de96aa810e886b1a1addaf0f550	sample-directory	blocked	BS1	BF2 must execute/classify the sample and attach profile/product evidence.	-
SVELTE-3B499499FE5D4DD7A16B	runtime-runes	packages/svelte/tests/runtime-runes/samples/async-error-recovery/	74572760a13dd59fcf526817d562fe514c6202a9	sample-directory	blocked	BS1	BF2 must execute/classify the sample and attach profile/product evidence.	-
SVELTE-7EF6CBAA0C7437FD1ABE	runtime-runes	packages/svelte/tests/runtime-runes/samples/async-error/	0af1a726daea0db57d8468195ad65ad64ec66903	sample-directory	blocked	BS1	BF2 must execute/classify the sample and attach profile/product evidence.	-
SVELTE-7916BC6CB5FFA2FB9FB4	runtime-runes	packages/svelte/tests/runtime-runes/samples/async-expression/	76d4f9f07af4ce142d703d1c99397a9715866820	sample-directory	blocked	BS1	BF2 must execute/classify the sample and attach profile/product evidence.	-
SVELTE-E28B0C9B2A26AA5F5DE8	runtime-runes	packages/svelte/tests/runtime-runes/samples/async-flushsync-in-effect/	e41e174f58199eb5960844afe63a7b0999bd6f87	sample-directory	blocked	BS1	BF2 must execute/classify the sample and attach profile/product evidence.	-
SVELTE-8928ED81F67F1FC3B88D	runtime-runes	packages/svelte/tests/runtime-runes/samples/async-fork-attributes/	d81028fd3e13942fa91e8f94de88c72db44bb680	sample-directory	blocked	BS1	BF2 must execute/classify the sample and attach profile/product evidence.	-
SVELTE-B5A353B87ED6DDE73E82	runtime-runes	packages/svelte/tests/runtime-runes/samples/async-fork-derived-writable/	bbec657128de14565d00cf9093d550c7967c61cf	sample-directory	blocked	BS1	BF2 must execute/classify the sample and attach profile/product evidence.	-
SVELTE-D60721562959FEE3BF58	runtime-runes	packages/svelte/tests/runtime-runes/samples/async-fork-derived/	f18162e956584bdc46368497b3e7124b9029168e	sample-directory	blocked	BS1	BF2 must execute/classify the sample and attach profile/product evidence.	-
SVELTE-0A488549CBD2E4C409C9	runtime-runes	packages/svelte/tests/runtime-runes/samples/async-fork-discard-derived-writable-uninitialized/	df927500732dfe95a68fd233c0cbc2553ea42f0a	sample-directory	blocked	BS1	BF2 must execute/classify the sample and attach profile/product evidence.	-
SVELTE-56BECDCE432DD83B6412	runtime-runes	packages/svelte/tests/runtime-runes/samples/async-fork-failure-escapes/	bb326f0f6fc45d980f2452d02daf3994dde052cd	sample-directory	blocked	BS1	BF2 must execute/classify the sample and attach profile/product evidence.	-
SVELTE-BAE9B2A3024B8B6E4E99	runtime-runes	packages/svelte/tests/runtime-runes/samples/async-fork-if-derived/	17ba3b36a2f2370ed1e0877edaacc3358fb30964	sample-directory	blocked	BS1	BF2 must execute/classify the sample and attach profile/product evidence.	-
SVELTE-78EDD6BD8BA2F7A76D32	runtime-runes	packages/svelte/tests/runtime-runes/samples/async-fork-if/	bfcdfaf16ffd143ed36f29ebafa521854b55ae21	sample-directory	blocked	BS1	BF2 must execute/classify the sample and attach profile/product evidence.	-
SVELTE-48B39148878CA43E41BE	runtime-runes	packages/svelte/tests/runtime-runes/samples/async-fork-obsolete-ignore/	1ae2cbb64635d746d07d0f22a17c39387b7a2b8b	sample-directory	blocked	BS1	BF2 must execute/classify the sample and attach profile/product evidence.	-
SVELTE-47E43639326805C0350D	runtime-runes	packages/svelte/tests/runtime-runes/samples/async-fork-resolves-promise/	7463850b0e673b5f2def3334cbc87635f6d878db	sample-directory	blocked	BS1	BF2 must execute/classify the sample and attach profile/product evidence.	-
SVELTE-854312C9300AA0261EF7	runtime-runes	packages/svelte/tests/runtime-runes/samples/async-fork-snippet-dev/	2a2ddbc14a0ab93456bbef54560962b31c731cba	sample-directory	blocked	BS1	BF2 must execute/classify the sample and attach profile/product evidence.	-
SVELTE-9A63B2E56E466FA21D37	runtime-runes	packages/svelte/tests/runtime-runes/samples/async-fork-update-same-state/	d147a5104859dce6c498736cf146a1d83a9523da	sample-directory	blocked	BS1	BF2 must execute/classify the sample and attach profile/product evidence.	-
SVELTE-2F62B01AE9FDE1E92A08	runtime-runes	packages/svelte/tests/runtime-runes/samples/async-fork/	303fcb243b7d2f8b78da3e21ec91662bb26e8c98	sample-directory	blocked	BS1	BF2 must execute/classify the sample and attach profile/product evidence.	-
SVELTE-6808BD2096BF8F2E82A1	runtime-runes	packages/svelte/tests/runtime-runes/samples/async-head-title-1/	ca981eb3bb6e36cfd1b61a079d20995919157496	sample-directory	blocked	BS1	BF2 must execute/classify the sample and attach profile/product evidence.	-
SVELTE-FDBD5C2609275B740421	runtime-runes	packages/svelte/tests/runtime-runes/samples/async-head-title-2/	265c0a21f7e6ff944df0842a30a169bbc185557d	sample-directory	blocked	BS1	BF2 must execute/classify the sample and attach profile/product evidence.	-
SVELTE-2C3B68C908709EF07879	runtime-runes	packages/svelte/tests/runtime-runes/samples/async-head-title-3/	c8a5e337408e049c67ab015cbbed2c42a04540e4	sample-directory	blocked	BS1	BF2 must execute/classify the sample and attach profile/product evidence.	-
SVELTE-68EF67C8362513598066	runtime-runes	packages/svelte/tests/runtime-runes/samples/async-head/	9ac7a9bdcfcc7bfbc19f22076f36ae0efcc821c9	sample-directory	blocked	BS1	BF2 must execute/classify the sample and attach profile/product evidence.	-
SVELTE-ABEBDF1CB77038C2ECDD	runtime-runes	packages/svelte/tests/runtime-runes/samples/async-html-tag/	37f05dcf926cac5e7c78a7b86c45cecb89301b88	sample-directory	blocked	BS1	BF2 must execute/classify the sample and attach profile/product evidence.	-
SVELTE-F6DB090233BA43F01B19	runtime-runes	packages/svelte/tests/runtime-runes/samples/async-hydrate-html-tag/	4f293128a31e3e9a2ed069521951569a45275bdc	sample-directory	blocked	BS1	BF2 must execute/classify the sample and attach profile/product evidence.	-
SVELTE-855F49DA99B058EE1DF7	runtime-runes	packages/svelte/tests/runtime-runes/samples/async-hydration-binding/	08219ddbfcca4c4064164f47131b9262cb28f0a3	sample-directory	blocked	BS1	BF2 must execute/classify the sample and attach profile/product evidence.	-
SVELTE-E40093FFB169A33B7FAD	runtime-runes	packages/svelte/tests/runtime-runes/samples/async-if-after-await-in-script/	a0c07dc139e7ed7e7aa8b4f3bcc5db96c3e1ea09	sample-directory	blocked	BS1	BF2 must execute/classify the sample and attach profile/product evidence.	-
SVELTE-45F31035A5272B7CD3ED	runtime-runes	packages/svelte/tests/runtime-runes/samples/async-if-block-unskip/	8ba7532af624b722f0f5d4e4d1e654dc2fa15992	sample-directory	blocked	BS1	BF2 must execute/classify the sample and attach profile/product evidence.	-
SVELTE-1F22B2B66C5E2D277386	runtime-runes	packages/svelte/tests/runtime-runes/samples/async-if-else/	1f6a65f37e541ff3d76e5f0691bae34406888482	sample-directory	blocked	BS1	BF2 must execute/classify the sample and attach profile/product evidence.	-
SVELTE-BE23B3250A24AEB9FD1E	runtime-runes	packages/svelte/tests/runtime-runes/samples/async-if-hydration/	23c0ace6d9c7594483de062a036d5f49bafaabb5	sample-directory	blocked	BS1	BF2 must execute/classify the sample and attach profile/product evidence.	-
SVELTE-740C7484A2D85BA4B20F	runtime-runes	packages/svelte/tests/runtime-runes/samples/async-if-nested/	c78d15d40462047197a663b16598bbd02a488e56	sample-directory	blocked	BS1	BF2 must execute/classify the sample and attach profile/product evidence.	-
SVELTE-CE7BBC4D13B82980632C	runtime-runes	packages/svelte/tests/runtime-runes/samples/async-if/	7787ae7a071134140baf0d304beefd643e7f1a89	sample-directory	blocked	BS1	BF2 must execute/classify the sample and attach profile/product evidence.	-
SVELTE-EC6B15EB93784B3A624D	runtime-runes	packages/svelte/tests/runtime-runes/samples/async-ignore-skipped-block/	a1223366ee14545258fb727bc1cefa9b4b5f4bd0	sample-directory	blocked	BS1	BF2 must execute/classify the sample and attach profile/product evidence.	-
SVELTE-21D3998E2CBE25088241	runtime-runes	packages/svelte/tests/runtime-runes/samples/async-indirect-blockers/	3b18318ed6d9509c5e519629cfa04b390caa64e5	sample-directory	blocked	BS1	BF2 must execute/classify the sample and attach profile/product evidence.	-
SVELTE-93DB7D67903F1D8CDFB1	runtime-runes	packages/svelte/tests/runtime-runes/samples/async-inner-after-outer/	c5c83d762f6fe0047da45db07dba8ca8ce21701f	sample-directory	blocked	BS1	BF2 must execute/classify the sample and attach profile/product evidence.	-
SVELTE-E7A92008C2242A83415B	runtime-runes	packages/svelte/tests/runtime-runes/samples/async-inspect-build/	b919f49a066d34ce9033d17985b8ccbd0503b4c1	sample-directory	blocked	BS1	BF2 must execute/classify the sample and attach profile/product evidence.	-
SVELTE-1D4122278432497DB368	runtime-runes	packages/svelte/tests/runtime-runes/samples/async-key/	34af12740c3cf005feb9509a2a569327aa772cfb	sample-directory	blocked	BS1	BF2 must execute/classify the sample and attach profile/product evidence.	-
SVELTE-87D1E328CCA0443B7D62	runtime-runes	packages/svelte/tests/runtime-runes/samples/async-late-value-init/	8e87e0e23a66b362ffc7457ef598e43dcceea929	sample-directory	blocked	BS1	BF2 must execute/classify the sample and attach profile/product evidence.	-
SVELTE-F4D9173C06164B370B1F	runtime-runes	packages/svelte/tests/runtime-runes/samples/async-later-promise-fails-first/	04a57aadb7ec83e46da8daca45bfc2f68ff8030d	sample-directory	blocked	BS1	BF2 must execute/classify the sample and attach profile/product evidence.	-
SVELTE-566057F6B99BDFC74E00	runtime-runes	packages/svelte/tests/runtime-runes/samples/async-later-sync-overlaps/	b0d8cefc73a76a905ddda408ad433b4f596c8463	sample-directory	blocked	BS1	BF2 must execute/classify the sample and attach profile/product evidence.	-
SVELTE-65ED4ACCFEB360D3798E	runtime-runes	packages/svelte/tests/runtime-runes/samples/async-linear-order-different-deriveds/	ead9a5a1ad2cd182493ee859d56d8f6a065340a4	sample-directory	blocked	BS1	BF2 must execute/classify the sample and attach profile/product evidence.	-
SVELTE-B8EC6AEADD61FBD0203C	runtime-runes	packages/svelte/tests/runtime-runes/samples/async-linear-order-same-derived/	442f4bcea518158fb0108f1d78b92346c6a1c13e	sample-directory	blocked	BS1	BF2 must execute/classify the sample and attach profile/product evidence.	-
SVELTE-1A56F5C9721419732ED0	runtime-runes	packages/svelte/tests/runtime-runes/samples/async-nested-derived/	e8e4c8a8979773bfa925ce54bc3582c76d3e2dba	sample-directory	blocked	BS1	BF2 must execute/classify the sample and attach profile/product evidence.	-
SVELTE-545CCE53DE834D2EE936	runtime-runes	packages/svelte/tests/runtime-runes/samples/async-nested-top-level/	83ec0607124574448f907e0f8afb0baf40965578	sample-directory	blocked	BS1	BF2 must execute/classify the sample and attach profile/product evidence.	-
SVELTE-EC6D3C504F9C6407BA56	runtime-runes	packages/svelte/tests/runtime-runes/samples/async-new-batch-during-initial-load/	b0bb62d787f69de3a8611ba848953a0d03499454	sample-directory	blocked	BS1	BF2 must execute/classify the sample and attach profile/product evidence.	-
SVELTE-FE0021BD384740198526	runtime-runes	packages/svelte/tests/runtime-runes/samples/async-no-pending-attributes/	4a11e5593b04aff383ce1c8d78ac8a5f2582d97c	sample-directory	blocked	BS1	BF2 must execute/classify the sample and attach profile/product evidence.	-
SVELTE-B52D8683252F7CB4AD18	runtime-runes	packages/svelte/tests/runtime-runes/samples/async-no-pending-await-in-block/	efd4b827bbf9ffd4ff51e11918703c4abe67d652	sample-directory	blocked	BS1	BF2 must execute/classify the sample and attach profile/product evidence.	-
SVELTE-0FF1155BA0FA0039A8E5	runtime-runes	packages/svelte/tests/runtime-runes/samples/async-no-pending-await-in-script-2/	b09a92147038addf92e29a2781e85978ce2a423a	sample-directory	blocked	BS1	BF2 must execute/classify the sample and attach profile/product evidence.	-
SVELTE-F05E9DBEF696BB97F798	runtime-runes	packages/svelte/tests/runtime-runes/samples/async-no-pending-await-in-script/	fb6d168f00065815942d2783f00644aed095f795	sample-directory	blocked	BS1	BF2 must execute/classify the sample and attach profile/product evidence.	-
SVELTE-5B708D1CF7F65EAA3F83	runtime-runes	packages/svelte/tests/runtime-runes/samples/async-no-pending-throws-sync/	9025598318a65460da2bd331758498a7a1f99fde	sample-directory	blocked	BS1	BF2 must execute/classify the sample and attach profile/product evidence.	-
SVELTE-C99A531ED170BB5FDE73	runtime-runes	packages/svelte/tests/runtime-runes/samples/async-no-pending/	999ff1a6d33a64113601e9a5b5a208cdeee5738e	sample-directory	blocked	BS1	BF2 must execute/classify the sample and attach profile/product evidence.	-
SVELTE-F01D7D36368969548174	runtime-runes	packages/svelte/tests/runtime-runes/samples/async-obsolete-branch-no-effect-runs/	4ee660cb58d01452574587f0e46a2ddbb45dced0	sample-directory	blocked	BS1	BF2 must execute/classify the sample and attach profile/product evidence.	-
SVELTE-4629C98B73DA180958D4	runtime-runes	packages/svelte/tests/runtime-runes/samples/async-ondestroy-ordering/	a51e5e5fa911463c121b6dfed8c3439a8d191f6c	sample-directory	blocked	BS1	BF2 must execute/classify the sample and attach profile/product evidence.	-
SVELTE-326A23E36BAA5B0327CF	runtime-runes	packages/svelte/tests/runtime-runes/samples/async-overlap-multiple-1/	627ecb7de00a93e546be95156c711d5e8588b2c5	sample-directory	blocked	BS1	BF2 must execute/classify the sample and attach profile/product evidence.	-
SVELTE-6690C12D7988DD11178F	runtime-runes	packages/svelte/tests/runtime-runes/samples/async-overlap-multiple-2/	5d0c021db3dfe7774fce9f787d40defe6c117f03	sample-directory	blocked	BS1	BF2 must execute/classify the sample and attach profile/product evidence.	-
SVELTE-9ED3767E4EDAA5F81C2C	runtime-runes	packages/svelte/tests/runtime-runes/samples/async-overlap-multiple-3/	90a6f538246e831a0b5cffdfedecff87700cab56	sample-directory	blocked	BS1	BF2 must execute/classify the sample and attach profile/product evidence.	-
SVELTE-EFBC03FA72C04FAD7126	runtime-runes	packages/svelte/tests/runtime-runes/samples/async-overlap-multiple-4/	8380dc2cb825e7b7d16bef19967c01e76c1880e3	sample-directory	blocked	BS1	BF2 must execute/classify the sample and attach profile/product evidence.	-
SVELTE-93A6ED5FDF4DF1642CDC	runtime-runes	packages/svelte/tests/runtime-runes/samples/async-overlap-multiple-5/	350d0a024b0c16ea4e57ee3e31af87bbb35594eb	sample-directory	blocked	BS1	BF2 must execute/classify the sample and attach profile/product evidence.	-
SVELTE-DFE7FA084C5BC4962A5A	runtime-runes	packages/svelte/tests/runtime-runes/samples/async-overlap-multiple-6/	c9b4edb07019c1b68de3f0d9be83a2dcf89e6df0	sample-directory	blocked	BS1	BF2 must execute/classify the sample and attach profile/product evidence.	-
SVELTE-4510BB9998650298740F	runtime-runes	packages/svelte/tests/runtime-runes/samples/async-overlap-multiple-7/	5e86e80c9502c2d29de30f71addb81cc67118529	sample-directory	blocked	BS1	BF2 must execute/classify the sample and attach profile/product evidence.	-
SVELTE-B073B5398FEEBD497C48	runtime-runes	packages/svelte/tests/runtime-runes/samples/async-overlap-multiple-fork-1/	fb3127cec2e00cc488a53cd395c95b08053aefd2	sample-directory	blocked	BS1	BF2 must execute/classify the sample and attach profile/product evidence.	-
SVELTE-34FD4D7CB94EE0DD3CA8	runtime-runes	packages/svelte/tests/runtime-runes/samples/async-overlap-multiple-fork-2/	11bd4f3affd8e9e941b5b11c6b06e099fd8f237a	sample-directory	blocked	BS1	BF2 must execute/classify the sample and attach profile/product evidence.	-
SVELTE-332204C37D12A05E7062	runtime-runes	packages/svelte/tests/runtime-runes/samples/async-overlap-multiple-fork-3/	6ff9329e014eef273ba4f151ed4bac04d892330c	sample-directory	blocked	BS1	BF2 must execute/classify the sample and attach profile/product evidence.	-
SVELTE-4D4506D50E58F249E9FA	runtime-runes	packages/svelte/tests/runtime-runes/samples/async-overlapping-array/	d1ee446244e1be673e908d5f1e48b6173fff0138	sample-directory	blocked	BS1	BF2 must execute/classify the sample and attach profile/product evidence.	-
SVELTE-1D096ED57C773AE3A76B	runtime-runes	packages/svelte/tests/runtime-runes/samples/async-ownership-validation/	fa54b1fd777485fe48a0688f367262fdb1e6eb71	sample-directory	blocked	BS1	BF2 must execute/classify the sample and attach profile/product evidence.	-
SVELTE-1CB1CED4BC8D1975559E	runtime-runes	packages/svelte/tests/runtime-runes/samples/async-parallel-derived-template-mutation/	7093544d982e2ee6a9628c2b5118f5a0cba8d262	sample-directory	blocked	BS1	BF2 must execute/classify the sample and attach profile/product evidence.	-
SVELTE-6E50E216055931E7B2FD	runtime-runes	packages/svelte/tests/runtime-runes/samples/async-pending-batch/	77173fdc58915996d52eab7b21b899ef68f4213a	sample-directory	blocked	BS1	BF2 must execute/classify the sample and attach profile/product evidence.	-
SVELTE-840C11ADDD4666C523DF	runtime-runes	packages/svelte/tests/runtime-runes/samples/async-pending-effect/	5eb298be65dbd380e89c8078f481551a3ea6f2ee	sample-directory	blocked	BS1	BF2 must execute/classify the sample and attach profile/product evidence.	-
SVELTE-D01B370283F95D6D8A0A	runtime-runes	packages/svelte/tests/runtime-runes/samples/async-prop/	564318f9833364554179935e720d2bf116be624c	sample-directory	blocked	BS1	BF2 must execute/classify the sample and attach profile/product evidence.	-
SVELTE-33D7CA4BE2E57004EA37	runtime-runes	packages/svelte/tests/runtime-runes/samples/async-props-id/	43b1a7a510462465a61b37e663a8e5c37e93c5df	sample-directory	blocked	BS1	BF2 must execute/classify the sample and attach profile/product evidence.	-
SVELTE-52E7F3B1232873815660	runtime-runes	packages/svelte/tests/runtime-runes/samples/async-push-element-dev/	d5fc5018286bce06ceef06de4c3c2f451fef2bb1	sample-directory	blocked	BS1	BF2 must execute/classify the sample and attach profile/product evidence.	-
SVELTE-7F85172CD5320773BB15	runtime-runes	packages/svelte/tests/runtime-runes/samples/async-reactivity-loss-async-after-sync/	dbbb2c53713fdfdd14072dbd51b64d14acb08803	sample-directory	blocked	BS1	BF2 must execute/classify the sample and attach profile/product evidence.	-
SVELTE-8B610ED9BABF118C4054	runtime-runes	packages/svelte/tests/runtime-runes/samples/async-reactivity-loss-for-await-break-return/	0dd3453678ac7be1161b50717a84cbabb1ec6b49	sample-directory	blocked	BS1	BF2 must execute/classify the sample and attach profile/product evidence.	-
SVELTE-7C5F684819A9C5108395	runtime-runes	packages/svelte/tests/runtime-runes/samples/async-reactivity-loss-for-await-throws-1/	745026f5aaf05d6ae27b95462754bb48e2c5519e	sample-directory	blocked	BS1	BF2 must execute/classify the sample and attach profile/product evidence.	-
SVELTE-9E48E24B55FB7446D7C2	runtime-runes	packages/svelte/tests/runtime-runes/samples/async-reactivity-loss-for-await-throws-2/	caac38fb6c8639f6b64db9913a4d11d1e58b597e	sample-directory	blocked	BS1	BF2 must execute/classify the sample and attach profile/product evidence.	-
SVELTE-8C80A8F8D8074DA8FC12	runtime-runes	packages/svelte/tests/runtime-runes/samples/async-reactivity-loss-for-await/	ebfc48c5ff45b12defcfd9de80a2e0699f282d5d	sample-directory	blocked	BS1	BF2 must execute/classify the sample and attach profile/product evidence.	-
SVELTE-901A66692D0AFECAD4A9	runtime-runes	packages/svelte/tests/runtime-runes/samples/async-reactivity-loss-no-false-positive-1/	9d7dfbeed67c1309843b78cf82b1470cad454f93	sample-directory	blocked	BS1	BF2 must execute/classify the sample and attach profile/product evidence.	-
SVELTE-F69CDFEDB704D0AB33F0	runtime-runes	packages/svelte/tests/runtime-runes/samples/async-reactivity-loss-no-false-positive-2/	31c30045a970e544b25c2dd50cb4e997467ffa12	sample-directory	blocked	BS1	BF2 must execute/classify the sample and attach profile/product evidence.	-
SVELTE-5CAC7736835D3FBCD013	runtime-runes	packages/svelte/tests/runtime-runes/samples/async-reactivity-loss-no-false-positive-3/	d130131c652a7e9dae14e2f36807ea86bcf43425	sample-directory	blocked	BS1	BF2 must execute/classify the sample and attach profile/product evidence.	-
SVELTE-387E10F3C6E2E479B558	runtime-runes	packages/svelte/tests/runtime-runes/samples/async-reactivity-loss-no-false-positive-4/	841f6b3b6efd428fef5ede72b40642b31e09ade9	sample-directory	blocked	BS1	BF2 must execute/classify the sample and attach profile/product evidence.	-
SVELTE-05582539A572E5A1688A	runtime-runes	packages/svelte/tests/runtime-runes/samples/async-reactivity-loss/	2812f158c7f765da8e67b0754475ec052d941ccc	sample-directory	blocked	BS1	BF2 must execute/classify the sample and attach profile/product evidence.	-
SVELTE-C6E5D4FFE1C01D63EC92	runtime-runes	packages/svelte/tests/runtime-runes/samples/async-redirect-initial/	747f30e29fe028fd5a01b5c70eb6f54b2eab4edb	sample-directory	blocked	BS1	BF2 must execute/classify the sample and attach profile/product evidence.	-
SVELTE-E0F7AF5E4261E34A5A22	runtime-runes	packages/svelte/tests/runtime-runes/samples/async-redirect/	8000439ff2d03aa6b81832a89113934f99c47e6f	sample-directory	blocked	BS1	BF2 must execute/classify the sample and attach profile/product evidence.	-
SVELTE-6A1338AEF25960E1DFEF	runtime-runes	packages/svelte/tests/runtime-runes/samples/async-reference-in-snippet/	b23151c41698b75fd7453f8175684b75b0583c9f	sample-directory	blocked	BS1	BF2 must execute/classify the sample and attach profile/product evidence.	-
SVELTE-C808E03802D552CA0D46	runtime-runes	packages/svelte/tests/runtime-runes/samples/async-render-component-hydration/	99a7872a5e9e00da32abb2ed5b92d4e0a3d481e3	sample-directory	blocked	BS1	BF2 must execute/classify the sample and attach profile/product evidence.	-
SVELTE-9A95830DA57B0B1B9258	runtime-runes	packages/svelte/tests/runtime-runes/samples/async-render-hydration/	e6488c1c70890c7377af12a8c5ee728bd9113bf9	sample-directory	blocked	BS1	BF2 must execute/classify the sample and attach profile/product evidence.	-
SVELTE-2739FD082B3310CA1765	runtime-runes	packages/svelte/tests/runtime-runes/samples/async-render-tag/	6a136afe46e1f31c55037d320ecb6d7d4e25cc5a	sample-directory	blocked	BS1	BF2 must execute/classify the sample and attach profile/product evidence.	-
SVELTE-BF7EDABE44AE23749A70	runtime-runes	packages/svelte/tests/runtime-runes/samples/async-reschedule-during-flush/	563163cf535b7fd662feeead4076254060b0ac09	sample-directory	blocked	BS1	BF2 must execute/classify the sample and attach profile/product evidence.	-
SVELTE-3828134BD36AC62B170C	runtime-runes	packages/svelte/tests/runtime-runes/samples/async-resolve-stale/	3a7656a89d18e067b540db7ab82bc05cc2eee192	sample-directory	blocked	BS1	BF2 must execute/classify the sample and attach profile/product evidence.	-
SVELTE-D7E3CA6B69062A72038B	runtime-runes	packages/svelte/tests/runtime-runes/samples/async-run-isolated-batch/	45aeb9ecb80cdce0bdf5c82d319eb2a09eb9f9cb	sample-directory	blocked	BS1	BF2 must execute/classify the sample and attach profile/product evidence.	-
SVELTE-74FB5438AC6654CEB2ED	runtime-runes	packages/svelte/tests/runtime-runes/samples/async-select-dynamic-options-while-focused/	c875343e96989db9ccd654af05c7d960db8c9de0	sample-directory	blocked	BS1	BF2 must execute/classify the sample and attach profile/product evidence.	-
SVELTE-4D70EF6C13954CD2E1B4	runtime-runes	packages/svelte/tests/runtime-runes/samples/async-set-context/	66910648364d014fe97bd3ea002d8786f4103cc2	sample-directory	blocked	BS1	BF2 must execute/classify the sample and attach profile/product evidence.	-
SVELTE-193F64F1450041E9631E	runtime-runes	packages/svelte/tests/runtime-runes/samples/async-settled-after-dom/	95fc1810b2ace165aa709621d7aec1a60acd48ba	sample-directory	blocked	BS1	BF2 must execute/classify the sample and attach profile/product evidence.	-
SVELTE-9AF64EAB1A638CF1AD59	runtime-runes	packages/svelte/tests/runtime-runes/samples/async-settled-blockers-hydration/	e45c7762ebc60489799fd6823ad44e88ac7ef7a7	sample-directory	blocked	BS1	BF2 must execute/classify the sample and attach profile/product evidence.	-
SVELTE-7E4038B7563067D2DB4F	runtime-runes	packages/svelte/tests/runtime-runes/samples/async-settled-discard/	cd32814c79cc551608fb9b718ee4be3d8f60337c	sample-directory	blocked	BS1	BF2 must execute/classify the sample and attach profile/product evidence.	-
SVELTE-0CA1CEC203D528669B60	runtime-runes	packages/svelte/tests/runtime-runes/samples/async-skipped-branch/	1d551b050fdc379be950f4e2a8f8fb5039ed89f4	sample-directory	blocked	BS1	BF2 must execute/classify the sample and attach profile/product evidence.	-
SVELTE-879C409D3288071E8535	runtime-runes	packages/svelte/tests/runtime-runes/samples/async-slot/	77756d353e7b4d52c419f3ba36d64aae36083f91	sample-directory	blocked	BS1	BF2 must execute/classify the sample and attach profile/product evidence.	-
SVELTE-EDC273C8F251A66FBB8F	runtime-runes	packages/svelte/tests/runtime-runes/samples/async-snippet-coordinated-mount/	75ec9cc22be3395acb63b6422d7919585211848b	sample-directory	blocked	BS1	BF2 must execute/classify the sample and attach profile/product evidence.	-
SVELTE-6127AC5C697D5E12BBEF	runtime-runes	packages/svelte/tests/runtime-runes/samples/async-sole-if-child/	b89ddc6e1ea80095c3a1ae3bdfae692a54f8217a	sample-directory	blocked	BS1	BF2 must execute/classify the sample and attach profile/product evidence.	-
SVELTE-5748C7B815BA49B30141	runtime-runes	packages/svelte/tests/runtime-runes/samples/async-stale-derived-2/	74c7098ce80e419afd039f0e0b7d1c6d849e50db	sample-directory	blocked	BS1	BF2 must execute/classify the sample and attach profile/product evidence.	-
SVELTE-F887219524374713C36A	runtime-runes	packages/svelte/tests/runtime-runes/samples/async-stale-derived-3/	f3e1f885c1f26cc389dc6f5c53281f4eedbab3c7	sample-directory	blocked	BS1	BF2 must execute/classify the sample and attach profile/product evidence.	-
SVELTE-1A9D0851959F902E1309	runtime-runes	packages/svelte/tests/runtime-runes/samples/async-stale-derived-4/	8a81e90d41594cc7e1413c5e00c4afb27a390698	sample-directory	blocked	BS1	BF2 must execute/classify the sample and attach profile/product evidence.	-
SVELTE-E0A8E69EF49866D3433C	runtime-runes	packages/svelte/tests/runtime-runes/samples/async-stale-derived-5/	2be455dcf5e166687cabebfc2e9518f3abe7d67d	sample-directory	blocked	BS1	BF2 must execute/classify the sample and attach profile/product evidence.	-
SVELTE-215B879FB830D73931E9	runtime-runes	packages/svelte/tests/runtime-runes/samples/async-stale-derived-6/	5d49fd18a9f1cb2feea71eaba0a36a8ce85c37f1	sample-directory	blocked	BS1	BF2 must execute/classify the sample and attach profile/product evidence.	-
SVELTE-C32535A1F805CD80C89B	runtime-runes	packages/svelte/tests/runtime-runes/samples/async-stale-derived-7/	396925244680ad01f8c65dae07f43ce646c1f2ae	sample-directory	blocked	BS1	BF2 must execute/classify the sample and attach profile/product evidence.	-
SVELTE-D0C8AD101E3DCBCABDD8	runtime-runes	packages/svelte/tests/runtime-runes/samples/async-stale-derived-8/	f572c5904345d665eac0ab682612ce80da9cb279	sample-directory	blocked	BS1	BF2 must execute/classify the sample and attach profile/product evidence.	-
SVELTE-CC06F0227B84E577A543	runtime-runes	packages/svelte/tests/runtime-runes/samples/async-stale-derived/	285a044e58187e94680ae49a24d62ac81cfd997f	sample-directory	blocked	BS1	BF2 must execute/classify the sample and attach profile/product evidence.	-
SVELTE-19218F950370EA17D765	runtime-runes	packages/svelte/tests/runtime-runes/samples/async-state-eager-const/	28617b7684ebcf1088b6265c1ee81c5096aa0a55	sample-directory	blocked	BS1	BF2 must execute/classify the sample and attach profile/product evidence.	-
SVELTE-AB3DF745EAEEA9F4224C	runtime-runes	packages/svelte/tests/runtime-runes/samples/async-state-eager/	9f283ba3891a1f411b990830a31c77f168be5517	sample-directory	blocked	BS1	BF2 must execute/classify the sample and attach profile/product evidence.	-
SVELTE-C6431FD7AEFBD6FD41D5	runtime-runes	packages/svelte/tests/runtime-runes/samples/async-state-new-branch-1/	deae772cac730729fd1b402a742615d9f4c4dc8f	sample-directory	blocked	BS1	BF2 must execute/classify the sample and attach profile/product evidence.	-
SVELTE-0F1BA5884B97FFCEBC48	runtime-runes	packages/svelte/tests/runtime-runes/samples/async-state-new-branch-2/	d7bd9d657d992bf1bc2d761a8f6c7cc39a118fe5	sample-directory	blocked	BS1	BF2 must execute/classify the sample and attach profile/product evidence.	-
SVELTE-9DDB0759B8B3BFBB0416	runtime-runes	packages/svelte/tests/runtime-runes/samples/async-state-new-branch-3/	e2b34cccc19b62c765e573347683e57e9fa37719	sample-directory	blocked	BS1	BF2 must execute/classify the sample and attach profile/product evidence.	-
SVELTE-3378C51731C3A5C9E39C	runtime-runes	packages/svelte/tests/runtime-runes/samples/async-state-new-branch-all-combinations/	2eec9ed9269b55a2b6858a9d712cc185c5eae9e0	sample-directory	blocked	BS1	BF2 must execute/classify the sample and attach profile/product evidence.	-
SVELTE-52A9505243B2A9ABC0FB	runtime-runes	packages/svelte/tests/runtime-runes/samples/async-state-new-branch-fork-1/	c1bcc1b5a4cc9225c831a92487d694d2852692c5	sample-directory	blocked	BS1	BF2 must execute/classify the sample and attach profile/product evidence.	-
SVELTE-72F4E34EF25C33335F00	runtime-runes	packages/svelte/tests/runtime-runes/samples/async-state-new-branch-fork-2/	6d0fedd1cb5d279409a75c782ecc5f1d7c71d1e1	sample-directory	blocked	BS1	BF2 must execute/classify the sample and attach profile/product evidence.	-
SVELTE-7F62ABBB5DFE904D0611	runtime-runes	packages/svelte/tests/runtime-runes/samples/async-state-new-branch-fork-3/	06bc46b51bea1cf42bcc68eec2edee12954d521d	sample-directory	blocked	BS1	BF2 must execute/classify the sample and attach profile/product evidence.	-
SVELTE-A3DAE56BF5C182B441F8	runtime-runes	packages/svelte/tests/runtime-runes/samples/async-state-new-branch-fork-4/	742a14efb25c2e50af6dde5972c537ad5ae33bd6	sample-directory	blocked	BS1	BF2 must execute/classify the sample and attach profile/product evidence.	-
SVELTE-42CC4ED728A698F1D161	runtime-runes	packages/svelte/tests/runtime-runes/samples/async-state-new-branch-fork-5/	2acd629143f6ca5c95f1323fce1878038ce64097	sample-directory	blocked	BS1	BF2 must execute/classify the sample and attach profile/product evidence.	-
SVELTE-3F3D3B5C1A579405DB4A	runtime-runes	packages/svelte/tests/runtime-runes/samples/async-state-new-branch/	dbf8327cc993fe3d8d71b32e430581a111fc9ac7	sample-directory	blocked	BS1	BF2 must execute/classify the sample and attach profile/product evidence.	-
SVELTE-9ABEC113F0F9E90DAC76	runtime-runes	packages/svelte/tests/runtime-runes/samples/async-state-updates-microtask-separated/	e02c84b2f36167fe2f0f7d21a3d6de5ab5085ad9	sample-directory	blocked	BS1	BF2 must execute/classify the sample and attach profile/product evidence.	-
SVELTE-41FA6D2BFD79E9CA4B17	runtime-runes	packages/svelte/tests/runtime-runes/samples/async-static-derived-after-await/	06361ed0b5b74511534e130a2b1ed50db8081323	sample-directory	blocked	BS1	BF2 must execute/classify the sample and attach profile/product evidence.	-
SVELTE-123556280A9D95E5A586	runtime-runes	packages/svelte/tests/runtime-runes/samples/async-static-prop-after-await/	cbecfc6d9993450c0f4e7539e99723f8142332fb	sample-directory	blocked	BS1	BF2 must execute/classify the sample and attach profile/product evidence.	-
SVELTE-0E83699EB790D1560965	runtime-runes	packages/svelte/tests/runtime-runes/samples/async-style-after-await/	9984f4b646fe7d78edeaa8d02ca1bba8070a530a	sample-directory	blocked	BS1	BF2 must execute/classify the sample and attach profile/product evidence.	-
SVELTE-B922E52C24C2A52C37B7	runtime-runes	packages/svelte/tests/runtime-runes/samples/async-svelte-element/	1a5f87bf36b1b45fa7fd06f5c6a8c93e1d306230	sample-directory	blocked	BS1	BF2 must execute/classify the sample and attach profile/product evidence.	-
SVELTE-860AB8C50E471272BF31	runtime-runes	packages/svelte/tests/runtime-runes/samples/async-template-async-sync-mixed/	bfb2eacf1c878eb248e5be3503369f3c70ca9f01	sample-directory	blocked	BS1	BF2 must execute/classify the sample and attach profile/product evidence.	-
SVELTE-A39F2A734FF10EBDF95B	runtime-runes	packages/svelte/tests/runtime-runes/samples/async-time-travelling-derived/	5062a3b2e6a40739f3322b3dae86807908e4dc6a	sample-directory	blocked	BS1	BF2 must execute/classify the sample and attach profile/product evidence.	-
SVELTE-B2556246DA5E768B5472	runtime-runes	packages/svelte/tests/runtime-runes/samples/async-top-level-deriveds/	1d5600a6ca5df64fc384955429c783d349b308c9	sample-directory	blocked	BS1	BF2 must execute/classify the sample and attach profile/product evidence.	-
SVELTE-F50281D27CEFA0436AE3	runtime-runes	packages/svelte/tests/runtime-runes/samples/async-top-level-error-nested-obsolete/	7edb281cb40e2fc54bb65689f10ddbefa24d1abe	sample-directory	blocked	BS1	BF2 must execute/classify the sample and attach profile/product evidence.	-
SVELTE-7B330AAAF6B7593B9B3A	runtime-runes	packages/svelte/tests/runtime-runes/samples/async-top-level-error-nested/	e7d1a5f7083b912911ead6d3b17961f5511aa276	sample-directory	blocked	BS1	BF2 must execute/classify the sample and attach profile/product evidence.	-
SVELTE-472BB6CDBADACF60EB2F	runtime-runes	packages/svelte/tests/runtime-runes/samples/async-top-level-in-if/	d632f75004392d4ef6c9c40adf348d145183513b	sample-directory	blocked	BS1	BF2 must execute/classify the sample and attach profile/product evidence.	-
SVELTE-107CBDCFDA7696BD2131	runtime-runes	packages/svelte/tests/runtime-runes/samples/async-top-level/	b646edce8b8e58b12b6106979581029f74040051	sample-directory	blocked	BS1	BF2 must execute/classify the sample and attach profile/product evidence.	-
SVELTE-43DA28848FBE6F3B78B9	runtime-runes	packages/svelte/tests/runtime-runes/samples/async-transform-empty-statements/	e681660d9124343c5c5c3314ae39a76601f9a2ef	sample-directory	blocked	BS1	BF2 must execute/classify the sample and attach profile/product evidence.	-
SVELTE-04F3D1EBC2501E29BA48	runtime-runes	packages/svelte/tests/runtime-runes/samples/async-transition-blockers/	f03db530dd6adfc8b24e3da0f0f4972979270bba	sample-directory	blocked	BS1	BF2 must execute/classify the sample and attach profile/product evidence.	-
SVELTE-C931D547EE3087F69CB6	runtime-runes	packages/svelte/tests/runtime-runes/samples/async-unresolved-promise/	e144afb0a85ff513c0613f7640b860729d8390b4	sample-directory	blocked	BS1	BF2 must execute/classify the sample and attach profile/product evidence.	-
SVELTE-A0F5553467CE99914396	runtime-runes	packages/svelte/tests/runtime-runes/samples/async-waterfall-on-init/	79f5c9d1d08c0d1d22f7899b68c710c43066a441	sample-directory	blocked	BS1	BF2 must execute/classify the sample and attach profile/product evidence.	-
SVELTE-32E7C1EDB9BCB9E74DC4	runtime-runes	packages/svelte/tests/runtime-runes/samples/async-with-sync-derived/	49fa1ff56fb77c178542422369190ff8a9d160b9	sample-directory	blocked	BS1	BF2 must execute/classify the sample and attach profile/product evidence.	-
SVELTE-06AB54E9802A55B15806	runtime-runes	packages/svelte/tests/runtime-runes/samples/attachment-basic/	b5ab1c31da587c2b7d1323cbfe0e3be3138f7ec5	sample-directory	blocked	BS1	BF2 must execute/classify the sample and attach profile/product evidence.	-
SVELTE-3CBA21DE3BBCAF06446A	runtime-runes	packages/svelte/tests/runtime-runes/samples/attachment-component-falsy/	985a7f1ebb22dd7a920daa0a4dee83db4d9d6124	sample-directory	blocked	BS1	BF2 must execute/classify the sample and attach profile/product evidence.	-
SVELTE-913ECA1DFE10791F5109	runtime-runes	packages/svelte/tests/runtime-runes/samples/attachment-component-spread/	85dc04a8edffce9afe8fd28c2eba166c7ca68dfe	sample-directory	blocked	BS1	BF2 must execute/classify the sample and attach profile/product evidence.	-
SVELTE-2A7E3F34462CE4B8AEF1	runtime-runes	packages/svelte/tests/runtime-runes/samples/attachment-component/	a2a8dda85e84d8ebe0ef9e7e6caeb988b52d1052	sample-directory	blocked	BS1	BF2 must execute/classify the sample and attach profile/product evidence.	-
SVELTE-EEA70ACF7A510A391100	runtime-runes	packages/svelte/tests/runtime-runes/samples/attachment-from-action/	d8e5e252f889eec6c6e2592fa5bfdb6f40e46aad	sample-directory	blocked	BS1	BF2 must execute/classify the sample and attach profile/product evidence.	-
SVELTE-46631174ACE3B653C54B	runtime-runes	packages/svelte/tests/runtime-runes/samples/attachment-reactive/	720f8694415ea419157bc9d02bcb3ff2264dfbf9	sample-directory	blocked	BS1	BF2 must execute/classify the sample and attach profile/product evidence.	-
SVELTE-FA77AB34DBBFB0B9E4C9	runtime-runes	packages/svelte/tests/runtime-runes/samples/attachment-spread-stable/	045cc5d82b5fc427ca48adac9be075ef9f8e1954	sample-directory	blocked	BS1	BF2 must execute/classify the sample and attach profile/product evidence.	-
SVELTE-89E03A1C454A26C81EC7	runtime-runes	packages/svelte/tests/runtime-runes/samples/attachment-spread/	1d7f300530addc00a9302025ea1ad1f5dcb070a0	sample-directory	blocked	BS1	BF2 must execute/classify the sample and attach profile/product evidence.	-
SVELTE-F2D208BC725E67CCAB8F	runtime-runes	packages/svelte/tests/runtime-runes/samples/attachment-svelte-element/	441b57b732866bad243226d88e4a156e47ac2387	sample-directory	blocked	BS1	BF2 must execute/classify the sample and attach profile/product evidence.	-
SVELTE-07C4D10BC3B88522D42B	runtime-runes	packages/svelte/tests/runtime-runes/samples/attribute-boolean-case-insensitivity/	4f506f9a6f283752384800e60c4e1b9cbe7c8aa0	sample-directory	blocked	BS1	BF2 must execute/classify the sample and attach profile/product evidence.	-
SVELTE-AAB02AFDB6251335DBC2	runtime-runes	packages/svelte/tests/runtime-runes/samples/attribute-if-string/	7f6bfafb14562ff817501fe07aba2551a8659d76	sample-directory	blocked	BS1	BF2 must execute/classify the sample and attach profile/product evidence.	-
SVELTE-ED80D15E9FAA1C0C0C1C	runtime-runes	packages/svelte/tests/runtime-runes/samples/attribute-parts/	8955b88f81e3a7ca57676d09d098017502a2e6f0	sample-directory	blocked	BS1	BF2 must execute/classify the sample and attach profile/product evidence.	-
SVELTE-A0298E89B0CE204865F0	runtime-runes	packages/svelte/tests/runtime-runes/samples/attribute-spread-call-expression/	5df0bd53591408d3207f0640ccb2fafdb81c6c46	sample-directory	blocked	BS1	BF2 must execute/classify the sample and attach profile/product evidence.	-
SVELTE-E072DDE11B9EDA74F0FE	runtime-runes	packages/svelte/tests/runtime-runes/samples/attribute-spread-casing/	116563099cfe19084425141116cf3133db846267	sample-directory	blocked	BS1	BF2 must execute/classify the sample and attach profile/product evidence.	-
SVELTE-C28D71C6DEFE95368729	runtime-runes	packages/svelte/tests/runtime-runes/samples/attribute-spread-hidden/	ef25e862345b2f6afb4d2cbe4b1effe55d04fb66	sample-directory	blocked	BS1	BF2 must execute/classify the sample and attach profile/product evidence.	-
SVELTE-E03492B805D75AABF7B7	runtime-runes	packages/svelte/tests/runtime-runes/samples/attribute-spread-input/	d2a45bd5d6e6e8b1331c26c667dfc2b7a8dac53b	sample-directory	blocked	BS1	BF2 must execute/classify the sample and attach profile/product evidence.	-
SVELTE-909FB61EE69A201726D3	runtime-runes	packages/svelte/tests/runtime-runes/samples/attribute-spread-reactivitiy/	f6b64355e35f2244c0bf6f3cfa8cab8d04d9b3e2	sample-directory	blocked	BS1	BF2 must execute/classify the sample and attach profile/product evidence.	-
SVELTE-D606BBF35552B0A8F9EF	runtime-runes	packages/svelte/tests/runtime-runes/samples/autofocus-with-call/	d166b53e28e877ff62071be4d67aa2173f3a1730	sample-directory	blocked	BS1	BF2 must execute/classify the sample and attach profile/product evidence.	-
SVELTE-160FBE794F3C531911FD	runtime-runes	packages/svelte/tests/runtime-runes/samples/await-html-hydration/	eefaead1833cafa48ca5ea8495d75a251b43da5b	sample-directory	blocked	BS1	BF2 must execute/classify the sample and attach profile/product evidence.	-
SVELTE-8F657C86AC4E01EE61D0	runtime-runes	packages/svelte/tests/runtime-runes/samples/await-hydrate-maybe-promise/	1c7a21da02c5fb22c702c7b5eebfe9f1e0c3606b	sample-directory	blocked	BS1	BF2 must execute/classify the sample and attach profile/product evidence.	-
SVELTE-56A253211B633F4D2CD6	runtime-runes	packages/svelte/tests/runtime-runes/samples/await-immediate-fulfilled/	a5f7019e1ba9df9ea31d048f7df77f7c2011b21b	sample-directory	blocked	BS1	BF2 must execute/classify the sample and attach profile/product evidence.	-
SVELTE-81783BABE7F79FB20BD0	runtime-runes	packages/svelte/tests/runtime-runes/samples/await-no-catch-error/	db3fd7659892d29feff21e859f90fe9daae4f7fd	sample-directory	blocked	BS1	BF2 must execute/classify the sample and attach profile/product evidence.	-
SVELTE-3AF63C5FFB6D23D9A5FD	runtime-runes	packages/svelte/tests/runtime-runes/samples/await-non-promise/	2baf77612d187dbf9d2e6329faf8e2ca0e0f329d	sample-directory	blocked	BS1	BF2 must execute/classify the sample and attach profile/product evidence.	-
SVELTE-51B4C3C1AD18302A9CB5	runtime-runes	packages/svelte/tests/runtime-runes/samples/await-pending-destroy/	1fd919d28ffb3ca7c07efb4fa70c6be61a75b2e3	sample-directory	blocked	BS1	BF2 must execute/classify the sample and attach profile/product evidence.	-
SVELTE-37B0D6601B0530A10953	runtime-runes	packages/svelte/tests/runtime-runes/samples/await-pending-persistent/	0db3ba79744b74ef3af735b3eeb57498598678e5	sample-directory	blocked	BS1	BF2 must execute/classify the sample and attach profile/product evidence.	-
SVELTE-EDA39CCD315560A71B62	runtime-runes	packages/svelte/tests/runtime-runes/samples/await-pending-wait/	e3a3d3d4e103c60a68b93de9eba7dc1f05670612	sample-directory	blocked	BS1	BF2 must execute/classify the sample and attach profile/product evidence.	-
SVELTE-4013911B115054036C15	runtime-runes	packages/svelte/tests/runtime-runes/samples/await-render-error-restore-reaction/	4b12aff57dbe3a3a7afd88d3869eca49a3b5f767	sample-directory	blocked	BS1	BF2 must execute/classify the sample and attach profile/product evidence.	-
SVELTE-40653D79DBE37395693D	runtime-runes	packages/svelte/tests/runtime-runes/samples/await-resolve-2/	a4ac2234907c3ef10849a754a491692f10180d63	sample-directory	blocked	BS1	BF2 must execute/classify the sample and attach profile/product evidence.	-
SVELTE-A21B5B0AA7CF2FC7EF12	runtime-runes	packages/svelte/tests/runtime-runes/samples/await-resolve/	9c377331103a529118ae441ab9c1698ab04c2062	sample-directory	blocked	BS1	BF2 must execute/classify the sample and attach profile/product evidence.	-
SVELTE-305B327EC61D5CBFC53D	runtime-runes	packages/svelte/tests/runtime-runes/samples/before-update-in-legacy-child/	be1be968e672b3e685d13c5c5720e71d48626dfc	sample-directory	blocked	BS1	BF2 must execute/classify the sample and attach profile/product evidence.	-
SVELTE-28EEDA634D79980373DD	runtime-runes	packages/svelte/tests/runtime-runes/samples/bigint-increment-mutation/	9c36738cf0d4da759d75edeb7d6416f6aef325b8	sample-directory	blocked	BS1	BF2 must execute/classify the sample and attach profile/product evidence.	-
SVELTE-24A114A8CFC4CE9018AE	runtime-runes	packages/svelte/tests/runtime-runes/samples/bigint-increment/	09300bb2f3e417e47feba78264744ce8497356e8	sample-directory	blocked	BS1	BF2 must execute/classify the sample and attach profile/product evidence.	-
SVELTE-EC4B47C2B30432CE9B09	runtime-runes	packages/svelte/tests/runtime-runes/samples/bigint-invalid/	b652efdf9d27377bf241ed1a2c2a1edfbf13e17e	sample-directory	blocked	BS1	BF2 must execute/classify the sample and attach profile/product evidence.	-
SVELTE-F50EB416404050FE6C93	runtime-runes	packages/svelte/tests/runtime-runes/samples/bind-and-spread-precedence/	0a369c0a5004fe0feeb3108ce859ba51b25acee7	sample-directory	blocked	BS1	BF2 must execute/classify the sample and attach profile/product evidence.	-
SVELTE-E3B735B0B40492877046	runtime-runes	packages/svelte/tests/runtime-runes/samples/bind-and-spread/	a54b2605020519884f6f39db926fff4932131e18	sample-directory	blocked	BS1	BF2 must execute/classify the sample and attach profile/product evidence.	-
SVELTE-323FABBBD5FFD30913DB	runtime-runes	packages/svelte/tests/runtime-runes/samples/bind-current-time-remove-listener/	440a71651863f53b510f7080209a6fdb401aa0fa	sample-directory	blocked	BS1	BF2 must execute/classify the sample and attach profile/product evidence.	-
SVELTE-98A817F2740E6A284824	runtime-runes	packages/svelte/tests/runtime-runes/samples/bind-getter-setter-2/	9ec925d5404ac84b6e8b54a8f7b8a459f8d19deb	sample-directory	blocked	BS1	BF2 must execute/classify the sample and attach profile/product evidence.	-
SVELTE-C8543A22B20AC6A5272D	runtime-runes	packages/svelte/tests/runtime-runes/samples/bind-getter-setter-loop/	1904f86c87bb5492b695235806168f5734ce6319	sample-directory	blocked	BS1	BF2 must execute/classify the sample and attach profile/product evidence.	-
SVELTE-62CB1AB7D15F66DE6C30	runtime-runes	packages/svelte/tests/runtime-runes/samples/bind-getter-setter/	ce66f272160f5b373b33629b11044170d5347c48	sample-directory	blocked	BS1	BF2 must execute/classify the sample and attach profile/product evidence.	-
SVELTE-8E4278F17E2174BE4AA7	runtime-runes	packages/svelte/tests/runtime-runes/samples/bind-state-property/	b08b9b792aaaf4868cac3068bc1827b9dc1f25b5	sample-directory	blocked	BS1	BF2 must execute/classify the sample and attach profile/product evidence.	-
SVELTE-1C0C8F9652957CCEBA41	runtime-runes	packages/svelte/tests/runtime-runes/samples/bind-this-destroy-timing/	02015b29f611528fb4f536f7245e47f901be589c	sample-directory	blocked	BS1	BF2 must execute/classify the sample and attach profile/product evidence.	-
SVELTE-A9EFF147526D3A6A088C	runtime-runes	packages/svelte/tests/runtime-runes/samples/bind-this-destroy-timing2/	1b8421cf952a3c431ca9fa6e921a504d7ee42181	sample-directory	blocked	BS1	BF2 must execute/classify the sample and attach profile/product evidence.	-
SVELTE-98152042867D2757F4D6	runtime-runes	packages/svelte/tests/runtime-runes/samples/bind-this-no-state/	698e02e2756490e20dd25f8ae1f598f0edc84fd8	sample-directory	blocked	BS1	BF2 must execute/classify the sample and attach profile/product evidence.	-
SVELTE-28C35B904D7F8A4E3701	runtime-runes	packages/svelte/tests/runtime-runes/samples/bind-this-order/	d662c6c1a1f30811974899cd21c390274acf8a83	sample-directory	blocked	BS1	BF2 must execute/classify the sample and attach profile/product evidence.	-
SVELTE-0ECC0C95A3705A390D02	runtime-runes	packages/svelte/tests/runtime-runes/samples/bind-this-proxy-deep/	1c6f2386d14ebf5e4e5519fbd317cbcb5988cee7	sample-directory	blocked	BS1	BF2 must execute/classify the sample and attach profile/product evidence.	-
SVELTE-CB619F6C227369A2495B	runtime-runes	packages/svelte/tests/runtime-runes/samples/bind-this-proxy/	48568bdf56937295b5473d1f1b74734c9f8fd8f5	sample-directory	blocked	BS1	BF2 must execute/classify the sample and attach profile/product evidence.	-
SVELTE-8FF4408131138CB49BE4	runtime-runes	packages/svelte/tests/runtime-runes/samples/bind-this-raw/	90986e7a6905918093e8f10acef517b79a9e17e3	sample-directory	blocked	BS1	BF2 must execute/classify the sample and attach profile/product evidence.	-
SVELTE-75D8505DC8CD74B8AE38	runtime-runes	packages/svelte/tests/runtime-runes/samples/bind-value-input-type-dynamic/	1c3c7b423bab916a1873ee7847b909377ad3768a	sample-directory	blocked	BS1	BF2 must execute/classify the sample and attach profile/product evidence.	-
SVELTE-8A377AF139418829ED61	runtime-runes	packages/svelte/tests/runtime-runes/samples/bind-value-state/	45c7690d714410d309edc40945d0cef62cbf4b00	sample-directory	blocked	BS1	BF2 must execute/classify the sample and attach profile/product evidence.	-
SVELTE-9B56793E4A12B848BCC5	runtime-runes	packages/svelte/tests/runtime-runes/samples/bindable-prop-and-export/	023dfa063c30c7872ded46df88de236d42648d38	sample-directory	blocked	BS1	BF2 must execute/classify the sample and attach profile/product evidence.	-
SVELTE-9487665C0B9C73F89001	runtime-runes	packages/svelte/tests/runtime-runes/samples/binding-interop-derived/	0920ed8b8a899e6f4f8412a24b8b81269e575057	sample-directory	blocked	BS1	BF2 must execute/classify the sample and attach profile/product evidence.	-
SVELTE-2C5C012B3C86FDF0DF9A	runtime-runes	packages/svelte/tests/runtime-runes/samples/binding-interop/	a136fcd71cd5fb7aaf16f9d70c08f6420cfe2ef9	sample-directory	blocked	BS1	BF2 must execute/classify the sample and attach profile/product evidence.	-
SVELTE-CDF5B7C2DF5BF6F4FF0C	runtime-runes	packages/svelte/tests/runtime-runes/samples/binding-property-non-reactive-ignored-2/	48d800ba15336ea0a62f9f5d99ccfee81c2a9b4c	sample-directory	blocked	BS1	BF2 must execute/classify the sample and attach profile/product evidence.	-
SVELTE-62F03CC6AC05EF4CBEE8	runtime-runes	packages/svelte/tests/runtime-runes/samples/binding-property-non-reactive-ignored/	612ff3cb0d80ef3053b00b29cff2b6a24a7390f0	sample-directory	blocked	BS1	BF2 must execute/classify the sample and attach profile/product evidence.	-
SVELTE-1AFF3CBC3803C6AF78AF	runtime-runes	packages/svelte/tests/runtime-runes/samples/binding-property-static/	bd77130dba719e33581f25c54c46b4e6ff2b7741	sample-directory	blocked	BS1	BF2 must execute/classify the sample and attach profile/product evidence.	-
SVELTE-E748B7EC4769F9A2C442	runtime-runes	packages/svelte/tests/runtime-runes/samples/binding-property-store/	e7fbf538f63172c7b144a4c12f805b1b582d0c17	sample-directory	blocked	BS1	BF2 must execute/classify the sample and attach profile/product evidence.	-
SVELTE-79FF0C2FF3092B0CD0C5	runtime-runes	packages/svelte/tests/runtime-runes/samples/binding-update-in-each/	40e5c27f50daaacd756ae9408765da00c9de2e5c	sample-directory	blocked	BS1	BF2 must execute/classify the sample and attach profile/product evidence.	-
SVELTE-8968E9AEA92CE596A567	runtime-runes	packages/svelte/tests/runtime-runes/samples/binding-update-while-focused-2/	bd564e17081b13d76834c670f612143525d810bb	sample-directory	blocked	BS1	BF2 must execute/classify the sample and attach profile/product evidence.	-
SVELTE-55D4EC296FAC67DF5D21	runtime-runes	packages/svelte/tests/runtime-runes/samples/binding-update-while-focused-3/	07d35a12517f5212c39e2ee5f7f5d9377fb215ed	sample-directory	blocked	BS1	BF2 must execute/classify the sample and attach profile/product evidence.	-
SVELTE-5DAA0EDCE67FE2DA3EFF	runtime-runes	packages/svelte/tests/runtime-runes/samples/binding-update-while-focused/	8ef03eefe4ee99296b10dfb9401ae4b626a8fb25	sample-directory	blocked	BS1	BF2 must execute/classify the sample and attach profile/product evidence.	-
SVELTE-1F49F2CD511BCA614D75	runtime-runes	packages/svelte/tests/runtime-runes/samples/bindings-form-reset/	7bc90946025a7c012dfde8a191b96b2fe7a91617	sample-directory	blocked	BS1	BF2 must execute/classify the sample and attach profile/product evidence.	-
SVELTE-38834A402F6F59522221	runtime-runes	packages/svelte/tests/runtime-runes/samples/block-dependency-sequence/	2b0595c4092f6188d6a2546feaed0cbd54802c88	sample-directory	blocked	BS1	BF2 must execute/classify the sample and attach profile/product evidence.	-
SVELTE-2E848F345D9E64ABFF98	runtime-runes	packages/svelte/tests/runtime-runes/samples/bound-store-sub/	04bcffbc84d0a896b896c0967302a11a84c3646a	sample-directory	blocked	BS1	BF2 must execute/classify the sample and attach profile/product evidence.	-
SVELTE-F87A6DD2B228B45FC638	runtime-runes	packages/svelte/tests/runtime-runes/samples/boundary-effect-error/	18d7168086711d49a0ca83dd395b1f3c4c4d3086	sample-directory	blocked	BS1	BF2 must execute/classify the sample and attach profile/product evidence.	-
SVELTE-8523B4E1431917BA5576	runtime-runes	packages/svelte/tests/runtime-runes/samples/checkbox-binding-derived/	9536293c6cc3ffd678e03d38a863aa97ff599d86	sample-directory	blocked	BS1	BF2 must execute/classify the sample and attach profile/product evidence.	-
SVELTE-EA8CBD1B10337A9AF14E	runtime-runes	packages/svelte/tests/runtime-runes/samples/class-directive-mutations/	7d31a002b64fefee0ef27fd2bd0e5d2c104b7697	sample-directory	blocked	BS1	BF2 must execute/classify the sample and attach profile/product evidence.	-
SVELTE-CC5DC8FD49276209B3B1	runtime-runes	packages/svelte/tests/runtime-runes/samples/class-directive/	d8696baefaa36c72ad8fda807705ec51b564893e	sample-directory	blocked	BS1	BF2 must execute/classify the sample and attach profile/product evidence.	-
SVELTE-425E5A162DF62691584D	runtime-runes	packages/svelte/tests/runtime-runes/samples/class-disabinguate-private-method-definition/	d455a918b37c8210e363b1587cfb2d8bc47e8b4c	sample-directory	blocked	BS1	BF2 must execute/classify the sample and attach profile/product evidence.	-
SVELTE-2ABD1DE7EAAC2A30A84E	runtime-runes	packages/svelte/tests/runtime-runes/samples/class-private-fields-assignment-shorthand/	36193c342e82f27c0b7bf3df7446ebe9e0bc5038	sample-directory	blocked	BS1	BF2 must execute/classify the sample and attach profile/product evidence.	-
SVELTE-36C56874DCE6A1B62C1E	runtime-runes	packages/svelte/tests/runtime-runes/samples/class-private-fields-logical-assignment/	6b11e19b558180c3d5e53a3d9ab8afb0390cc057	sample-directory	blocked	BS1	BF2 must execute/classify the sample and attach profile/product evidence.	-
SVELTE-89CB168F23CE15C5A478	runtime-runes	packages/svelte/tests/runtime-runes/samples/class-private-fields-reassigned-this/	199c2a63b0160b970b1ee4d4139fea18ff44b449	sample-directory	blocked	BS1	BF2 must execute/classify the sample and attach profile/product evidence.	-
SVELTE-750B1AFD228A8F9BCD1E	runtime-runes	packages/svelte/tests/runtime-runes/samples/class-private-raw-state-object/	561091b15a90649a1182560a3b418e6fb93ed19d	sample-directory	blocked	BS1	BF2 must execute/classify the sample and attach profile/product evidence.	-
SVELTE-05225E00655BE8B83CB7	runtime-runes	packages/svelte/tests/runtime-runes/samples/class-private-raw-state/	f992b9979015c837ecd9a071d46dd3237e02f1fd	sample-directory	blocked	BS1	BF2 must execute/classify the sample and attach profile/product evidence.	-
SVELTE-C514BA55168E5E678C86	runtime-runes	packages/svelte/tests/runtime-runes/samples/class-private-state-increment-other-receiver/	acb19c2de9dd80609453a4f985f7d8e173325a8f	sample-directory	blocked	BS1	BF2 must execute/classify the sample and attach profile/product evidence.	-
SVELTE-011808FEBBFF1327ED1C	runtime-runes	packages/svelte/tests/runtime-runes/samples/class-private-state-increment/	5b274ac57b9919f86e2c9b2be79209c2b07b01b2	sample-directory	blocked	BS1	BF2 must execute/classify the sample and attach profile/product evidence.	-
SVELTE-DBF1F17B4C70A7CDCAFC	runtime-runes	packages/svelte/tests/runtime-runes/samples/class-private-state-init/	38d2bfdd47b65c05ed8d12fa8bd8b0f618d0006e	sample-directory	blocked	BS1	BF2 must execute/classify the sample and attach profile/product evidence.	-
SVELTE-B73AEA3BE27FAB4DAACB	runtime-runes	packages/svelte/tests/runtime-runes/samples/class-private-state-proxy/	52b1bdef9ab529580fb6fec1319a781ce0d7ed36	sample-directory	blocked	BS1	BF2 must execute/classify the sample and attach profile/product evidence.	-
SVELTE-6C904BD7821203425C2A	runtime-runes	packages/svelte/tests/runtime-runes/samples/class-private-state/	e87112d008677b88b7d84fb239ab815c28dd579b	sample-directory	blocked	BS1	BF2 must execute/classify the sample and attach profile/product evidence.	-
SVELTE-5EE491566276C601E0CC	runtime-runes	packages/svelte/tests/runtime-runes/samples/class-raw-state-object/	eb98abe09130c6344c49d5e780c85b18d57d6b77	sample-directory	blocked	BS1	BF2 must execute/classify the sample and attach profile/product evidence.	-
SVELTE-21BE518D83E900518F5C	runtime-runes	packages/svelte/tests/runtime-runes/samples/class-raw-state/	24dbe09768a993fc85e89013d0c5d9dcd206a221	sample-directory	blocked	BS1	BF2 must execute/classify the sample and attach profile/product evidence.	-
SVELTE-71F4AC0F17DBBD7405CA	runtime-runes	packages/svelte/tests/runtime-runes/samples/class-state-conflicting-get-name/	ea79e7e41929c18e60697b4b71b0a2363202733e	sample-directory	blocked	BS1	BF2 must execute/classify the sample and attach profile/product evidence.	-
SVELTE-E9F2AF69D3C1D4430F88	runtime-runes	packages/svelte/tests/runtime-runes/samples/class-state-constructor-closure-private-1/	eb8c8f7b90256f04a7d3054a1b4fda2c74b4e3ee	sample-directory	blocked	BS1	BF2 must execute/classify the sample and attach profile/product evidence.	-
SVELTE-AF4AC10F843094BA28F9	runtime-runes	packages/svelte/tests/runtime-runes/samples/class-state-constructor-closure-private-2/	3e1e0afe33a3167a9dc222c57ca2c71822a43eef	sample-directory	blocked	BS1	BF2 must execute/classify the sample and attach profile/product evidence.	-
SVELTE-16266C2F0B2A0459707E	runtime-runes	packages/svelte/tests/runtime-runes/samples/class-state-constructor-closure-private-3/	0a128b5ffd2b2ca97b533564f6ddf13bea6e2a74	sample-directory	blocked	BS1	BF2 must execute/classify the sample and attach profile/product evidence.	-
SVELTE-F30DC39F177CC7D2A82F	runtime-runes	packages/svelte/tests/runtime-runes/samples/class-state-constructor-closure/	c790ea17a666a5209398e6736279bbc19507bf13	sample-directory	blocked	BS1	BF2 must execute/classify the sample and attach profile/product evidence.	-
SVELTE-254BE18DF5BACBAF12C5	runtime-runes	packages/svelte/tests/runtime-runes/samples/class-state-constructor-conflicting-get-name/	4cf91799868a839abc32fd6d16848d9ec1fd0e3c	sample-directory	blocked	BS1	BF2 must execute/classify the sample and attach profile/product evidence.	-
SVELTE-64E8C66C267F458433A7	runtime-runes	packages/svelte/tests/runtime-runes/samples/class-state-constructor-derived-unowned/	00d6dec2c240a07d9b1314b7432ab6344ecf36f1	sample-directory	blocked	BS1	BF2 must execute/classify the sample and attach profile/product evidence.	-
SVELTE-D307CFB00874B9597A89	runtime-runes	packages/svelte/tests/runtime-runes/samples/class-state-constructor-predeclared-field/	c2b630da5c5749578bdec65b89c3904029f91529	sample-directory	blocked	BS1	BF2 must execute/classify the sample and attach profile/product evidence.	-
SVELTE-B143C1FD4C32D5F50CCF	runtime-runes	packages/svelte/tests/runtime-runes/samples/class-state-constructor-subclass/	3fc2a17d2a9d2eb8a8cf7d6b3c6c21935564bf63	sample-directory	blocked	BS1	BF2 must execute/classify the sample and attach profile/product evidence.	-
SVELTE-6A56D3677E36CCE4FA50	runtime-runes	packages/svelte/tests/runtime-runes/samples/class-state-constructor/	1f4bc85ffa56fb0cef65e56f1d43b616dc9acbd7	sample-directory	blocked	BS1	BF2 must execute/classify the sample and attach profile/product evidence.	-
SVELTE-E98D97136D119ED4BEE5	runtime-runes	packages/svelte/tests/runtime-runes/samples/class-state-deep-update/	450d9a42a942b9e879c4b7ce7905a001b7ba612d	sample-directory	blocked	BS1	BF2 must execute/classify the sample and attach profile/product evidence.	-
SVELTE-4891373E244BECEC955F	runtime-runes	packages/svelte/tests/runtime-runes/samples/class-state-derived-2/	4c80ae0db972beb71fad1d48394b98f4abcd14f9	sample-directory	blocked	BS1	BF2 must execute/classify the sample and attach profile/product evidence.	-
SVELTE-4C83BA3ED0D764DC1B39	runtime-runes	packages/svelte/tests/runtime-runes/samples/class-state-derived-3/	2d45a2123c98c955e2be8472f3eb7d12c614625b	sample-directory	blocked	BS1	BF2 must execute/classify the sample and attach profile/product evidence.	-
SVELTE-E370B1562969BBF04DE4	runtime-runes	packages/svelte/tests/runtime-runes/samples/class-state-derived-fn/	4ca67132b0d47713c3312599141335044bec7394	sample-directory	blocked	BS1	BF2 must execute/classify the sample and attach profile/product evidence.	-
SVELTE-C880C76BD1BA04AC590B	runtime-runes	packages/svelte/tests/runtime-runes/samples/class-state-derived-private/	6b3f42fbef7efcc7a927c350b2fbe0fd09e5ebf1	sample-directory	blocked	BS1	BF2 must execute/classify the sample and attach profile/product evidence.	-
SVELTE-80C78CB63DFA64E7F0BC	runtime-runes	packages/svelte/tests/runtime-runes/samples/class-state-derived-unowned/	088acbf005f96a4c460de123febb6d3c3a9bb2ab	sample-directory	blocked	BS1	BF2 must execute/classify the sample and attach profile/product evidence.	-
SVELTE-65FDAD51BFA49372B767	runtime-runes	packages/svelte/tests/runtime-runes/samples/class-state-derived/	8905dcf32950d23df172d0e6ecc6b0066cce317a	sample-directory	blocked	BS1	BF2 must execute/classify the sample and attach profile/product evidence.	-
SVELTE-0708B08CFF1C45D2B839	runtime-runes	packages/svelte/tests/runtime-runes/samples/class-state-effect-derived/	4755445a87fc19594ae292d9d597502b0358b020	sample-directory	blocked	BS1	BF2 must execute/classify the sample and attach profile/product evidence.	-
SVELTE-8988E16382FC637588FA	runtime-runes	packages/svelte/tests/runtime-runes/samples/class-state-effect/	ae729cb764c28f1e859f06bf9f7bb8e55fea0dd8	sample-directory	blocked	BS1	BF2 must execute/classify the sample and attach profile/product evidence.	-
SVELTE-251CD6EC699DF4ADAD54	runtime-runes	packages/svelte/tests/runtime-runes/samples/class-state-extended-effect-derived/	cd315b41da3425ef6a050e537fdbfac7a8fcc058	sample-directory	blocked	BS1	BF2 must execute/classify the sample and attach profile/product evidence.	-
SVELTE-FC262CD5A8C230F2B72F	runtime-runes	packages/svelte/tests/runtime-runes/samples/class-state-increment/	7c2b5fcb661f31a0664d9c6574ebded6c4d404e2	sample-directory	blocked	BS1	BF2 must execute/classify the sample and attach profile/product evidence.	-
SVELTE-10AE57A0E4E8A551F821	runtime-runes	packages/svelte/tests/runtime-runes/samples/class-state-init-conflict/	c29c64df2146f30d28cd7a235870990714d2ef08	sample-directory	blocked	BS1	BF2 must execute/classify the sample and attach profile/product evidence.	-
SVELTE-B3C111F85651E2CD2094	runtime-runes	packages/svelte/tests/runtime-runes/samples/class-state-init-eager-2/	ad5439696b37893908c497b5dbbc95214229f1f8	sample-directory	blocked	BS1	BF2 must execute/classify the sample and attach profile/product evidence.	-
SVELTE-A9063E4C832CF7277114	runtime-runes	packages/svelte/tests/runtime-runes/samples/class-state-init-eager-3/	070875ef8fd46fa29cb56dcb332d5e43bcfbb2e8	sample-directory	blocked	BS1	BF2 must execute/classify the sample and attach profile/product evidence.	-
SVELTE-A2BCE8BA4C1CDB1F6ED5	runtime-runes	packages/svelte/tests/runtime-runes/samples/class-state-init-eager/	330dbaf9351b978951dfa9edf20dc8451651cbb5	sample-directory	blocked	BS1	BF2 must execute/classify the sample and attach profile/product evidence.	-
SVELTE-7E236DCCAEAC23F3F388	runtime-runes	packages/svelte/tests/runtime-runes/samples/class-state-init/	83de907fe2e69cbb424ed3c43b93df1a3b282749	sample-directory	blocked	BS1	BF2 must execute/classify the sample and attach profile/product evidence.	-
SVELTE-FB9126A0FDEAA4D17F7C	runtime-runes	packages/svelte/tests/runtime-runes/samples/class-state-proxy/	809829f35677cd01b03baebf62755287eb468718	sample-directory	blocked	BS1	BF2 must execute/classify the sample and attach profile/product evidence.	-
SVELTE-210A4710AEED77E3CDB2	runtime-runes	packages/svelte/tests/runtime-runes/samples/class-state-public-private/	3df79dde7be3a04b2cce5010f4b958cb20befbac	sample-directory	blocked	BS1	BF2 must execute/classify the sample and attach profile/product evidence.	-
SVELTE-6E2DA4C6840F6C872522	runtime-runes	packages/svelte/tests/runtime-runes/samples/class-state-raw/	7b16b6d6d80957ce9628263d4bc5cc52575717bd	sample-directory	blocked	BS1	BF2 must execute/classify the sample and attach profile/product evidence.	-
SVELTE-11C084A80E5DBA875DFF	runtime-runes	packages/svelte/tests/runtime-runes/samples/class-state-with-literal/	5717b9aab6bf3d19ad1fd298e1ab25495e2a5b04	sample-directory	blocked	BS1	BF2 must execute/classify the sample and attach profile/product evidence.	-
SVELTE-76EA881867CFC6441642	runtime-runes	packages/svelte/tests/runtime-runes/samples/class-state/	614af0ce84c221c9de2a997ca29af33dff5ea88c	sample-directory	blocked	BS1	BF2 must execute/classify the sample and attach profile/product evidence.	-
SVELTE-6C52EE06390231EDE0B7	runtime-runes	packages/svelte/tests/runtime-runes/samples/clean-block-inner-effects/	fb4f6cda45f064840f79624bb3a5dfe0a9e1bb1e	sample-directory	blocked	BS1	BF2 must execute/classify the sample and attach profile/product evidence.	-
SVELTE-FFD085A84EA9108682E5	runtime-runes	packages/svelte/tests/runtime-runes/samples/clsx/	3015dcc92a06a831cfd7f640788b9b0682efcece	sample-directory	blocked	BS1	BF2 must execute/classify the sample and attach profile/product evidence.	-
SVELTE-CB65119E7554FFC42AD6	runtime-runes	packages/svelte/tests/runtime-runes/samples/comment-separated-text/	55c44918dceb2f92c052d07894e2bbbbb072f51f	sample-directory	blocked	BS1	BF2 must execute/classify the sample and attach profile/product evidence.	-
SVELTE-7631D64ACF63E7FF7775	runtime-runes	packages/svelte/tests/runtime-runes/samples/component-css-props-falsy/	2b1fae5271dc550c6822e84136dfdfdb1f84763c	sample-directory	blocked	BS1	BF2 must execute/classify the sample and attach profile/product evidence.	-
SVELTE-2D30235BCE0D8AB3FBA6	runtime-runes	packages/svelte/tests/runtime-runes/samples/component-dont-fuse-whitespace/	2c7141f2ce4ac6a71772e0ea3f1607b7baec8af7	sample-directory	blocked	BS1	BF2 must execute/classify the sample and attach profile/product evidence.	-
SVELTE-2D30EDCA98C5EEA6D75E	runtime-runes	packages/svelte/tests/runtime-runes/samples/component-let-directive/	3a9ef62bfed90ebe4c44d6c49d5ce542b667663a	sample-directory	blocked	BS1	BF2 must execute/classify the sample and attach profile/product evidence.	-
SVELTE-23208F399D34A7A034A5	runtime-runes	packages/svelte/tests/runtime-runes/samples/component-prop-unescaped/	630a25fa954f759a1dec0c47026a8597c56e32f3	sample-directory	blocked	BS1	BF2 must execute/classify the sample and attach profile/product evidence.	-
SVELTE-8CE0906006062A7A7F9C	runtime-runes	packages/svelte/tests/runtime-runes/samples/component-transition-hmr/	9ed769420b9a2f453a34356e01ba065554d733b9	sample-directory	blocked	BS1	BF2 must execute/classify the sample and attach profile/product evidence.	-
SVELTE-CE197437DD955548990A	runtime-runes	packages/svelte/tests/runtime-runes/samples/const-snippet-reactive/	3653bb8e661c89ae6ef80e841cdedb703a8e8c1d	sample-directory	blocked	BS1	BF2 must execute/classify the sample and attach profile/product evidence.	-
SVELTE-67FEB62FCB17141D81B8	runtime-runes	packages/svelte/tests/runtime-runes/samples/const-tag-boundary-deprecated-usage/	9983356804e6d9677383b6bc21ca18ce58a7596e	sample-directory	blocked	BS1	BF2 must execute/classify the sample and attach profile/product evidence.	-
SVELTE-FC0BBE4F7FB72D4DA846	runtime-runes	packages/svelte/tests/runtime-runes/samples/const-tag-boundary/	5a7d83d5d0c47311a3657cd029abe533c9023a19	sample-directory	blocked	BS1	BF2 must execute/classify the sample and attach profile/product evidence.	-
SVELTE-16523D6F7422B7730533	runtime-runes	packages/svelte/tests/runtime-runes/samples/contenteditable-state/	955b5ce6029116a030d0ddb652474e39f0938980	sample-directory	blocked	BS1	BF2 must execute/classify the sample and attach profile/product evidence.	-
SVELTE-A888607CC0C0B5813072	runtime-runes	packages/svelte/tests/runtime-runes/samples/create-context-programmatic/	d1c11e74a7c4844aa3a545d8d9ab90004b808ec1	sample-directory	blocked	BS1	BF2 must execute/classify the sample and attach profile/product evidence.	-
SVELTE-3CCDD0624D870D50F7F2	runtime-runes	packages/svelte/tests/runtime-runes/samples/create-context/	ed95cecb8201008fd3acd6a4e003c19e0d36657e	sample-directory	blocked	BS1	BF2 must execute/classify the sample and attach profile/product evidence.	-
SVELTE-DADA607AE34DF91302C4	runtime-runes	packages/svelte/tests/runtime-runes/samples/create-raw-snippet-invalid-render/	114ca94f8ccea842109041224e54429545305276	sample-directory	blocked	BS1	BF2 must execute/classify the sample and attach profile/product evidence.	-
SVELTE-238B96145FE1405960BC	runtime-runes	packages/svelte/tests/runtime-runes/samples/custom-element-attributes/	dcd74af5d1e74db34dd5f9fa9338473497fd0254	sample-directory	blocked	BS1	BF2 must execute/classify the sample and attach profile/product evidence.	-
SVELTE-C76D204F1EA1E95F53CC	runtime-runes	packages/svelte/tests/runtime-runes/samples/custom-element-injected-styles/	a2b6a1fe41fbada7af6e01b55ee91d58af763a92	sample-directory	blocked	BS1	BF2 must execute/classify the sample and attach profile/product evidence.	-
SVELTE-4EA81F0754B4D0BCD02A	runtime-runes	packages/svelte/tests/runtime-runes/samples/custom-element-slot-in-snippet/	80e80c9b0b47d1395aecdb236f3e947f43792f34	sample-directory	blocked	BS1	BF2 must execute/classify the sample and attach profile/product evidence.	-
SVELTE-26BFBA020D92F686345E	runtime-runes	packages/svelte/tests/runtime-runes/samples/custom-element-svelte-class/	5125342da002ec1d8c7a681d9b063fe48480e3c8	sample-directory	blocked	BS1	BF2 must execute/classify the sample and attach profile/product evidence.	-
SVELTE-603E52118D27F2447D0B	runtime-runes	packages/svelte/tests/runtime-runes/samples/debug-tag-object/	cc13ec64f136a98023218b2157845ea691d14078	sample-directory	blocked	BS1	BF2 must execute/classify the sample and attach profile/product evidence.	-
SVELTE-3FC87264B1A3F3D57705	runtime-runes	packages/svelte/tests/runtime-runes/samples/declaration-tag-multiple-declarators/	7257a3c1de677b13cc120ea0ff01ce1752eb4ad8	sample-directory	blocked	BS1	BF2 must execute/classify the sample and attach profile/product evidence.	-
SVELTE-A1B12AE86629D931E7D8	runtime-runes	packages/svelte/tests/runtime-runes/samples/declaration-tags-each/	11f351a10754062ba9dad7626e2abafb456a3939	sample-directory	blocked	BS1	BF2 must execute/classify the sample and attach profile/product evidence.	-
SVELTE-C083568F012200549BA6	runtime-runes	packages/svelte/tests/runtime-runes/samples/declaration-tags-no-script/	929b9b0d76b65311203309c62d463534c7ae5dcf	sample-directory	blocked	BS1	BF2 must execute/classify the sample and attach profile/product evidence.	-
SVELTE-17A843958334E92FD0EA	runtime-runes	packages/svelte/tests/runtime-runes/samples/declaration-tags/	ef33fa339117ca908f58c08b486ced3161785821	sample-directory	blocked	BS1	BF2 must execute/classify the sample and attach profile/product evidence.	-
SVELTE-F2D11D50F380E1A15D9D	runtime-runes	packages/svelte/tests/runtime-runes/samples/deferred-events-consistency-2/	71078db05e6f9d3794fd0bb13c6708bfff216a3d	sample-directory	blocked	BS1	BF2 must execute/classify the sample and attach profile/product evidence.	-
SVELTE-9A3EBF38D9F605AD6A9B	runtime-runes	packages/svelte/tests/runtime-runes/samples/deferred-events-consistency-3/	609fb23ec64f5ce75845ccac632b32ff1a2b7b47	sample-directory	blocked	BS1	BF2 must execute/classify the sample and attach profile/product evidence.	-
SVELTE-646310557620C019AE15	runtime-runes	packages/svelte/tests/runtime-runes/samples/deferred-events-consistency-4/	6c34c254e6d31596d4152a1c78d487f1c093683f	sample-directory	blocked	BS1	BF2 must execute/classify the sample and attach profile/product evidence.	-
SVELTE-0756A37B1848EA2D7978	runtime-runes	packages/svelte/tests/runtime-runes/samples/deferred-events-consistency/	61980e66827ca4d26d3922aeb8ef7a2d5c22ba3d	sample-directory	blocked	BS1	BF2 must execute/classify the sample and attach profile/product evidence.	-
SVELTE-CC7A349D149695D3D85E	runtime-runes	packages/svelte/tests/runtime-runes/samples/delete-proxy-key/	8c6025d62b4713c59a3470c891a1660b3d782b80	sample-directory	blocked	BS1	BF2 must execute/classify the sample and attach profile/product evidence.	-
SVELTE-E866263AD7B7AAF892C2	runtime-runes	packages/svelte/tests/runtime-runes/samples/dependencyless-abort-signal/	c975dbc60290824ff7f69b58654bf47b8f7fee1b	sample-directory	blocked	BS1	BF2 must execute/classify the sample and attach profile/product evidence.	-
SVELTE-D6B9994135532CC7A665	runtime-runes	packages/svelte/tests/runtime-runes/samples/derived-cascade/	0b084bb3a128b3a7e238e2e9f0b4d4969a1e2249	sample-directory	blocked	BS1	BF2 must execute/classify the sample and attach profile/product evidence.	-
SVELTE-9040CE9F47BC7F54B567	runtime-runes	packages/svelte/tests/runtime-runes/samples/derived-cleanup-old-value/	ea3f826ea5ee005d8fce75094ea56dde85a5ab6b	sample-directory	blocked	BS1	BF2 must execute/classify the sample and attach profile/product evidence.	-
SVELTE-68B947E55EB6D10DE67A	runtime-runes	packages/svelte/tests/runtime-runes/samples/derived-dep-set-while-rendering/	39af92517f42bef336873d965902c234b72544a4	sample-directory	blocked	BS1	BF2 must execute/classify the sample and attach profile/product evidence.	-
SVELTE-656EA3A0B89ED9829A98	runtime-runes	packages/svelte/tests/runtime-runes/samples/derived-dependencies-2/	28208494f9eac15eca72753e837c3827e3133f9d	sample-directory	blocked	BS1	BF2 must execute/classify the sample and attach profile/product evidence.	-
SVELTE-B6F936AE64F5E583B250	runtime-runes	packages/svelte/tests/runtime-runes/samples/derived-dependencies/	4671c2a35822cc335b0a0014c7f17274ae530067	sample-directory	blocked	BS1	BF2 must execute/classify the sample and attach profile/product evidence.	-
SVELTE-72AD53CCF47663340553	runtime-runes	packages/svelte/tests/runtime-runes/samples/derived-destructure/	1ac33fe775f1f2a42d048d9b3348f6202ea1ce7c	sample-directory	blocked	BS1	BF2 must execute/classify the sample and attach profile/product evidence.	-
SVELTE-E123B3CA785AA0B25100	runtime-runes	packages/svelte/tests/runtime-runes/samples/derived-destructured-from-derived/	eb5cbdaacd755866e691ef1ce1f8cca97da7d2ee	sample-directory	blocked	BS1	BF2 must execute/classify the sample and attach profile/product evidence.	-
SVELTE-372214EDDB955DBDFDD8	runtime-runes	packages/svelte/tests/runtime-runes/samples/derived-destructured-iterator/	db92201b888936effa7e73a458b257f94e5a6b6e	sample-directory	blocked	BS1	BF2 must execute/classify the sample and attach profile/product evidence.	-
SVELTE-66461DF581BFB3EF0DC1	runtime-runes	packages/svelte/tests/runtime-runes/samples/derived-destructured/	f9f1109c0d21f6b3a3859a004c8e39ae438d8e90	sample-directory	blocked	BS1	BF2 must execute/classify the sample and attach profile/product evidence.	-
SVELTE-84D866A1165AB22DDFAF	runtime-runes	packages/svelte/tests/runtime-runes/samples/derived-direct/	26b69a41ef6c3c973d24c868ecc8b6f6b4f50f11	sample-directory	blocked	BS1	BF2 must execute/classify the sample and attach profile/product evidence.	-
SVELTE-8A971C3FA186210B195C	runtime-runes	packages/svelte/tests/runtime-runes/samples/derived-disconnect/	452f1ab5611eaf36d1078f5159c1302d88f370d0	sample-directory	blocked	BS1	BF2 must execute/classify the sample and attach profile/product evidence.	-
SVELTE-D003138C00C3E5AEE509	runtime-runes	packages/svelte/tests/runtime-runes/samples/derived-fn-destructure/	5188d6b0f03a8b8b447046d0f7e22023b3866963	sample-directory	blocked	BS1	BF2 must execute/classify the sample and attach profile/product evidence.	-
SVELTE-9A89E50BFA102909983F	runtime-runes	packages/svelte/tests/runtime-runes/samples/derived-fn-recursive/	8743ebcf39e286be32a0b2e221da8a90d910bc93	sample-directory	blocked	BS1	BF2 must execute/classify the sample and attach profile/product evidence.	-
SVELTE-182C552E40F96E8202B7	runtime-runes	packages/svelte/tests/runtime-runes/samples/derived-fn/	0ad53eb544b311f1e27bdbae162b75e0597ecefc	sample-directory	blocked	BS1	BF2 must execute/classify the sample and attach profile/product evidence.	-
SVELTE-5018B81BE031947AE123	runtime-runes	packages/svelte/tests/runtime-runes/samples/derived-forward-ref-leading-comments/	a6586e7809818ca7c5dcfb059f62ec1ab4a34710	sample-directory	blocked	BS1	BF2 must execute/classify the sample and attach profile/product evidence.	-
SVELTE-19A4D774F2F5C0A30083	runtime-runes	packages/svelte/tests/runtime-runes/samples/derived-get-context/	e480ab8e2ea0c94e1167f3b745e8e2a93d0fc9e0	sample-directory	blocked	BS1	BF2 must execute/classify the sample and attach profile/product evidence.	-
SVELTE-A2B75FD0764ECACC2134	runtime-runes	packages/svelte/tests/runtime-runes/samples/derived-in-expression/	815b0b7ed3595c8892e539439b418370cbb217f2	sample-directory	blocked	BS1	BF2 must execute/classify the sample and attach profile/product evidence.	-
SVELTE-2067935EC4D42C6188B6	runtime-runes	packages/svelte/tests/runtime-runes/samples/derived-indirect-arrow-fn/	de3ef076053aec6640775ae048a24fde773267d8	sample-directory	blocked	BS1	BF2 must execute/classify the sample and attach profile/product evidence.	-
SVELTE-9FA4BA0D3F289113744F	runtime-runes	packages/svelte/tests/runtime-runes/samples/derived-indirect-fn-2/	463617f6afa3e2846579212a1e1bae396accb60a	sample-directory	blocked	BS1	BF2 must execute/classify the sample and attach profile/product evidence.	-
SVELTE-225A03331D1205DBE40D	runtime-runes	packages/svelte/tests/runtime-runes/samples/derived-indirect-fn/	f62653b1b3276bd175516976f9538976801552b8	sample-directory	blocked	BS1	BF2 must execute/classify the sample and attach profile/product evidence.	-
SVELTE-0159B2980F077FDA9FE1	runtime-runes	packages/svelte/tests/runtime-runes/samples/derived-map/	784b361ef100c54e0b99d0750b0c6f8bcf9f9c91	sample-directory	blocked	BS1	BF2 must execute/classify the sample and attach profile/product evidence.	-
SVELTE-69EDE706FB130816D5ED	runtime-runes	packages/svelte/tests/runtime-runes/samples/derived-name-shadowed/	42d2552bc65d52ff5f772fd16efae8dae4a8dfcd	sample-directory	blocked	BS1	BF2 must execute/classify the sample and attach profile/product evidence.	-
SVELTE-9AF43FDE493BFFB18325	runtime-runes	packages/svelte/tests/runtime-runes/samples/derived-proxy/	77f31ee781bc48b29a0a58eaf6d68fdf6bf42c67	sample-directory	blocked	BS1	BF2 must execute/classify the sample and attach profile/product evidence.	-
SVELTE-F40272F1B156624F04E5	runtime-runes	packages/svelte/tests/runtime-runes/samples/derived-read-outside-reaction/	2ecd93ecc3666f112dbb744f65cd1d378973802f	sample-directory	blocked	BS1	BF2 must execute/classify the sample and attach profile/product evidence.	-
SVELTE-43123727E414C1F78245	runtime-runes	packages/svelte/tests/runtime-runes/samples/derived-rest-includes-symbol/	d431f9306325b546501c91d796ea61c7256d55cc	sample-directory	blocked	BS1	BF2 must execute/classify the sample and attach profile/product evidence.	-
SVELTE-41E6053D26FC906272AF	runtime-runes	packages/svelte/tests/runtime-runes/samples/derived-server-memoization/	9099b451c2b29bbe07add742dadad097b099ab14	sample-directory	blocked	BS1	BF2 must execute/classify the sample and attach profile/product evidence.	-
SVELTE-6EBB9B33EC3EFA469CEA	runtime-runes	packages/svelte/tests/runtime-runes/samples/derived-shadowed/	be1f5c7b28b03ab2825a11541daf91f3b27670b5	sample-directory	blocked	BS1	BF2 must execute/classify the sample and attach profile/product evidence.	-
SVELTE-2C448AC9A20AEC1223BD	runtime-runes	packages/svelte/tests/runtime-runes/samples/derived-stale-value/	a15510e3fcc9de55a7ab4c768c91f4380f5d985e	sample-directory	blocked	BS1	BF2 must execute/classify the sample and attach profile/product evidence.	-
SVELTE-149377E6E30ABAB990C5	runtime-runes	packages/svelte/tests/runtime-runes/samples/derived-unowned-10/	6c3f405936caf5bae88a592c251f21a41b645a7b	sample-directory	blocked	BS1	BF2 must execute/classify the sample and attach profile/product evidence.	-
SVELTE-B08125DDCC1DCF107421	runtime-runes	packages/svelte/tests/runtime-runes/samples/derived-unowned-11/	bfe68c4af3ca590f06770e1c2a1313a96793b021	sample-directory	blocked	BS1	BF2 must execute/classify the sample and attach profile/product evidence.	-
SVELTE-7367EE87FDC4F42773F3	runtime-runes	packages/svelte/tests/runtime-runes/samples/derived-unowned-12/	39b0113a632e9f247ee2a3e8e51b0337eef5501c	sample-directory	blocked	BS1	BF2 must execute/classify the sample and attach profile/product evidence.	-
SVELTE-FFF6552F76E6F099EEF0	runtime-runes	packages/svelte/tests/runtime-runes/samples/derived-unowned-2/	a70681e05695cefffd519eacaa33125d8a74b65f	sample-directory	blocked	BS1	BF2 must execute/classify the sample and attach profile/product evidence.	-
SVELTE-7F871A2A6E565A60A89B	runtime-runes	packages/svelte/tests/runtime-runes/samples/derived-unowned-3/	c0076c195d5360613743e0627f5a8392fabb1e71	sample-directory	blocked	BS1	BF2 must execute/classify the sample and attach profile/product evidence.	-
SVELTE-637100E4D23D0F40EBDA	runtime-runes	packages/svelte/tests/runtime-runes/samples/derived-unowned-4/	fb4c6022787da2a66ecd86fd8909a61f2332a0f6	sample-directory	blocked	BS1	BF2 must execute/classify the sample and attach profile/product evidence.	-
SVELTE-8E5773E7034E98D4CF6A	runtime-runes	packages/svelte/tests/runtime-runes/samples/derived-unowned-5/	35366df1c0f8e6182382f593223eb9ba265515a5	sample-directory	blocked	BS1	BF2 must execute/classify the sample and attach profile/product evidence.	-
SVELTE-15B1BA5D97C078BBD790	runtime-runes	packages/svelte/tests/runtime-runes/samples/derived-unowned-6/	fabce89e5af84061c9669950c59fffa12e2d7a8e	sample-directory	blocked	BS1	BF2 must execute/classify the sample and attach profile/product evidence.	-
SVELTE-E9EC23337B0C738C2188	runtime-runes	packages/svelte/tests/runtime-runes/samples/derived-unowned-7/	4d2ad5a9bcabd97d4bce74c33c9500242004ba77	sample-directory	blocked	BS1	BF2 must execute/classify the sample and attach profile/product evidence.	-
SVELTE-02621A483F3763718DE2	runtime-runes	packages/svelte/tests/runtime-runes/samples/derived-unowned-8/	220b3bc60d24c211518e45c8867195e9d0f92926	sample-directory	blocked	BS1	BF2 must execute/classify the sample and attach profile/product evidence.	-
SVELTE-B5DCF59C17ECAD5669C5	runtime-runes	packages/svelte/tests/runtime-runes/samples/derived-unowned-9/	473b0e6d7e26d5528163c90098ba25324f1e688a	sample-directory	blocked	BS1	BF2 must execute/classify the sample and attach profile/product evidence.	-
SVELTE-8BF5ECB0FDA2E0EDB22C	runtime-runes	packages/svelte/tests/runtime-runes/samples/derived-unowned/	b95a305acbb8beb1063efb11340b184ec4ed65c4	sample-directory	blocked	BS1	BF2 must execute/classify the sample and attach profile/product evidence.	-
SVELTE-C4AF9EC63E9770307196	runtime-runes	packages/svelte/tests/runtime-runes/samples/derived-update-server/	44696606788b3c69840f97181fd50c022fe1630d	sample-directory	blocked	BS1	BF2 must execute/classify the sample and attach profile/product evidence.	-
SVELTE-AE9052D44E5E1A694953	runtime-runes	packages/svelte/tests/runtime-runes/samples/derived-write-read-write-read/	0afd6e4847eefaa870321e40e00139fc9c9b07e1	sample-directory	blocked	BS1	BF2 must execute/classify the sample and attach profile/product evidence.	-
SVELTE-A415701EA8CB0C96D105	runtime-runes	packages/svelte/tests/runtime-runes/samples/deriveds-in-constructor/	a8778e3010e9b892520a4085f91fa39efc42e72b	sample-directory	blocked	BS1	BF2 must execute/classify the sample and attach profile/product evidence.	-
SVELTE-27429B2D0B61224FD439	runtime-runes	packages/svelte/tests/runtime-runes/samples/destructure-async-assignments/	a7ba1ac4128ee8468a7d4ce089a0c56215389b9f	sample-directory	blocked	BS1	BF2 must execute/classify the sample and attach profile/product evidence.	-
SVELTE-0438A0D2EBC5E90DFABB	runtime-runes	packages/svelte/tests/runtime-runes/samples/destructure-derived-by/	da88aae966d22d7a3ca4127b62ddc4b9fd895f66	sample-directory	blocked	BS1	BF2 must execute/classify the sample and attach profile/product evidence.	-
SVELTE-495009E4C232BDC58512	runtime-runes	packages/svelte/tests/runtime-runes/samples/destructure-derived-event/	6dc5a0642ab6826f72a9772104e2594e2209bd5d	sample-directory	blocked	BS1	BF2 must execute/classify the sample and attach profile/product evidence.	-
SVELTE-6641FBB89B6C961077F7	runtime-runes	packages/svelte/tests/runtime-runes/samples/destructure-derived-object/	afcf8fc79a2647299c590a154a18937ec9e2344b	sample-directory	blocked	BS1	BF2 must execute/classify the sample and attach profile/product evidence.	-
SVELTE-760D74CACBACD8956ACC	runtime-runes	packages/svelte/tests/runtime-runes/samples/destructure-state-from-props/	9505e4fa104ba2d8b4a0401a50788f5669f65cb2	sample-directory	blocked	BS1	BF2 must execute/classify the sample and attach profile/product evidence.	-
SVELTE-4CAF20EF773ECF32F576	runtime-runes	packages/svelte/tests/runtime-runes/samples/details-binding-initial/	864692658f8888c87bf7ef0c1895a84de075b62a	sample-directory	blocked	BS1	BF2 must execute/classify the sample and attach profile/product evidence.	-
SVELTE-5D34E14FEDC36DC766D4	runtime-runes	packages/svelte/tests/runtime-runes/samples/directives-with-member-access/	2b8774b796b4eb1c2ac77a222a24abbcd3b55a51	sample-directory	blocked	BS1	BF2 must execute/classify the sample and attach profile/product evidence.	-
SVELTE-94BE97E047B1A5BE8052	runtime-runes	packages/svelte/tests/runtime-runes/samples/directives/	9032db8a368031e414a3528930da583191141893	sample-directory	blocked	BS1	BF2 must execute/classify the sample and attach profile/product evidence.	-
SVELTE-3EAFF1B5FAD596CC0B3B	runtime-runes	packages/svelte/tests/runtime-runes/samples/dot-notation-component/	d0dc50fd3eaccc4a81b370e3ebfe66bf4143e83a	sample-directory	blocked	BS1	BF2 must execute/classify the sample and attach profile/product evidence.	-
SVELTE-625B791F8D13822FF8F4	runtime-runes	packages/svelte/tests/runtime-runes/samples/dynamic-attribute-and-attribute-directive-2/	5e91fd805b99721443af05b494c596bc07c55e45	sample-directory	blocked	BS1	BF2 must execute/classify the sample and attach profile/product evidence.	-
SVELTE-3F9DF915DE72C5B9282B	runtime-runes	packages/svelte/tests/runtime-runes/samples/dynamic-attribute-and-attribute-directive/	5055c05389f45cb9d03d843d362b76b8baa15b69	sample-directory	blocked	BS1	BF2 must execute/classify the sample and attach profile/product evidence.	-
SVELTE-2375A0079682F1066C4A	runtime-runes	packages/svelte/tests/runtime-runes/samples/dynamic-component-css-props/	b4000d91bd7d2d491b7540b2b9c7211f13918e81	sample-directory	blocked	BS1	BF2 must execute/classify the sample and attach profile/product evidence.	-
SVELTE-23E2F6CF59260810C1DF	runtime-runes	packages/svelte/tests/runtime-runes/samples/dynamic-component-falsy-hydrate/	c1ffe5f045ee32909e32f30706f2309c137b89dc	sample-directory	blocked	BS1	BF2 must execute/classify the sample and attach profile/product evidence.	-
SVELTE-D5A4CFE0CE06EFB3FDE9	runtime-runes	packages/svelte/tests/runtime-runes/samples/dynamic-component-member/	bdb007a99b9f8967d7e8406c1eb5ee888b626c16	sample-directory	blocked	BS1	BF2 must execute/classify the sample and attach profile/product evidence.	-
SVELTE-47E5E316271424FDE99C	runtime-runes	packages/svelte/tests/runtime-runes/samples/dynamic-component-nested/	13bd2b414183f4a3eb45f6a23e7af8419541c0a9	sample-directory	blocked	BS1	BF2 must execute/classify the sample and attach profile/product evidence.	-
SVELTE-6C1DE134CFACED8875D0	runtime-runes	packages/svelte/tests/runtime-runes/samples/dynamic-component-transition/	f92ca721cbdebfe7ed7c47149038c024a756c286	sample-directory	blocked	BS1	BF2 must execute/classify the sample and attach profile/product evidence.	-
SVELTE-A027ECCDE019EFCA17F2	runtime-runes	packages/svelte/tests/runtime-runes/samples/dynamic-component/	7fdd2c054cb793908f1c1813765762cb44cf3729	sample-directory	blocked	BS1	BF2 must execute/classify the sample and attach profile/product evidence.	-
SVELTE-A13C6C8CFDE334BE4F72	runtime-runes	packages/svelte/tests/runtime-runes/samples/dynamic-element-dynamic-namespace/	7a00e497c539ebe47dc433b4f269d2b114367c8f	sample-directory	blocked	BS1	BF2 must execute/classify the sample and attach profile/product evidence.	-
SVELTE-6687C2BBE75C30C3887D	runtime-runes	packages/svelte/tests/runtime-runes/samples/dynamic-element-svg/	1addfcf313e90944c08e9539eff9ad1c33672e8c	sample-directory	blocked	BS1	BF2 must execute/classify the sample and attach profile/product evidence.	-
SVELTE-AA084B61A836AAB32566	runtime-runes	packages/svelte/tests/runtime-runes/samples/dynamic-element-transition/	c424183d4cb348b615d5afebf451608d7456e911	sample-directory	blocked	BS1	BF2 must execute/classify the sample and attach profile/product evidence.	-
SVELTE-79FDF0911A77B77C835F	runtime-runes	packages/svelte/tests/runtime-runes/samples/dynamic-event-handler-2/	4708dee33d74eb0d0d0c8b1dc604550f24dbf820	sample-directory	blocked	BS1	BF2 must execute/classify the sample and attach profile/product evidence.	-
SVELTE-6F62A21E653FAAEDB56C	runtime-runes	packages/svelte/tests/runtime-runes/samples/dynamic-event-handler-3/	4aea8b4a9365091b6f1340739296ab1576d98f04	sample-directory	blocked	BS1	BF2 must execute/classify the sample and attach profile/product evidence.	-
SVELTE-DF0D6184EBE376CD6E33	runtime-runes	packages/svelte/tests/runtime-runes/samples/dynamic-event-handler/	8574a249d33848753f65cdcd3de11e132932943c	sample-directory	blocked	BS1	BF2 must execute/classify the sample and attach profile/product evidence.	-
SVELTE-4EAFF1E090E49292FC69	runtime-runes	packages/svelte/tests/runtime-runes/samples/dynamic-hof-delegated-event/	faa9266f6f7a6aff055cb2e22cc5d172f35c955f	sample-directory	blocked	BS1	BF2 must execute/classify the sample and attach profile/product evidence.	-
SVELTE-42D6D27777B3CDEFE26F	runtime-runes	packages/svelte/tests/runtime-runes/samples/dynamic-if-component-transition/	7e08e9aa3bedb1a7cf9c7634b1ac34b72fc86a3d	sample-directory	blocked	BS1	BF2 must execute/classify the sample and attach profile/product evidence.	-
SVELTE-DC4FF6DFB78FE980FEF4	runtime-runes	packages/svelte/tests/runtime-runes/samples/dynamic-spread-and-attribute-directive/	3fb1ffa986438826d1ed3eb1e845dc0147a47694	sample-directory	blocked	BS1	BF2 must execute/classify the sample and attach profile/product evidence.	-
SVELTE-79237B9EC2EDD16D0B10	runtime-runes	packages/svelte/tests/runtime-runes/samples/dynamic-style-attr/	387ff6bb38eae033933af9d6de1d9c3a6f266985	sample-directory	blocked	BS1	BF2 must execute/classify the sample and attach profile/product evidence.	-
SVELTE-21658568D5B320491C8C	runtime-runes	packages/svelte/tests/runtime-runes/samples/dynamic-transition/	8d1773d75b00e305e6fbe2361376fcf6da542820	sample-directory	blocked	BS1	BF2 must execute/classify the sample and attach profile/product evidence.	-
SVELTE-13C5AFB7FC1AD643B59E	runtime-runes	packages/svelte/tests/runtime-runes/samples/each-bind-store-no-warning/	8af18747d5417a3c5e838aa50ca54f3f992b403e	sample-directory	blocked	BS1	BF2 must execute/classify the sample and attach profile/product evidence.	-
SVELTE-1FCA3AA8447857C57F3C	runtime-runes	packages/svelte/tests/runtime-runes/samples/each-bind-this-member-2/	15da6c10bb458272523bd2f20d9d74e14af38ce2	sample-directory	blocked	BS1	BF2 must execute/classify the sample and attach profile/product evidence.	-
SVELTE-70A5DFE3B510242DD0D8	runtime-runes	packages/svelte/tests/runtime-runes/samples/each-bind-this-member/	55ac6f5d2a7174cccf20bbec0a0374c3cf4d2546	sample-directory	blocked	BS1	BF2 must execute/classify the sample and attach profile/product evidence.	-
SVELTE-0F096A6D318B52EA5B73	runtime-runes	packages/svelte/tests/runtime-runes/samples/each-block-default-arg/	646648be0399083721e8cb903d4111f8b5d5fdbb	sample-directory	blocked	BS1	BF2 must execute/classify the sample and attach profile/product evidence.	-
SVELTE-7CE194C259815FC56903	runtime-runes	packages/svelte/tests/runtime-runes/samples/each-dynamic-html/	5284007907a00083daa0cc096efc69be00684300	sample-directory	blocked	BS1	BF2 must execute/classify the sample and attach profile/product evidence.	-
SVELTE-170DA2CC7F5A6E751F48	runtime-runes	packages/svelte/tests/runtime-runes/samples/each-effect-linking/	a2b2eb0c39fd75e3241973df08c83037a34d5206	sample-directory	blocked	BS1	BF2 must execute/classify the sample and attach profile/product evidence.	-
SVELTE-50576C13189B05C2A851	runtime-runes	packages/svelte/tests/runtime-runes/samples/each-fallback/	bf4514087f2887cabb6cc98f0a1a20e4f55ae7e3	sample-directory	blocked	BS1	BF2 must execute/classify the sample and attach profile/product evidence.	-
SVELTE-734A078B7C7D6F7A7E89	runtime-runes	packages/svelte/tests/runtime-runes/samples/each-key-volatile/	075c30427412d8a6b26265315d162197140c6655	sample-directory	blocked	BS1	BF2 must execute/classify the sample and attach profile/product evidence.	-
SVELTE-416D02E65CC36FA37F03	runtime-runes	packages/svelte/tests/runtime-runes/samples/each-keyed-child-effect/	5a680275fbab29dd0074b24b67604644be01e3f7	sample-directory	blocked	BS1	BF2 must execute/classify the sample and attach profile/product evidence.	-
SVELTE-C55E38ECCB0DBFE6A080	runtime-runes	packages/svelte/tests/runtime-runes/samples/each-keyed-computed-destructuring-key/	534e409437a853d58417e5524d00465e44e34293	sample-directory	blocked	BS1	BF2 must execute/classify the sample and attach profile/product evidence.	-
SVELTE-EC78A6BD71403EB29FCB	runtime-runes	packages/svelte/tests/runtime-runes/samples/each-mutation-2/	9cec97b0a07d70a54520cc29a5794ef884aa5495	sample-directory	blocked	BS1	BF2 must execute/classify the sample and attach profile/product evidence.	-
SVELTE-7A15DE3F8D8CB3E71DFD	runtime-runes	packages/svelte/tests/runtime-runes/samples/each-mutation/	27a3e9d682f0bdda0e86d77049ba6ba0c327df85	sample-directory	blocked	BS1	BF2 must execute/classify the sample and attach profile/product evidence.	-
SVELTE-0A6ABCA0B6E6FADB879A	runtime-runes	packages/svelte/tests/runtime-runes/samples/each-non-branch-effects/	0a5406521a5b589bd52725d8ede7ad85e4be376f	sample-directory	blocked	BS1	BF2 must execute/classify the sample and attach profile/product evidence.	-
SVELTE-6E7B98793D41235754A9	runtime-runes	packages/svelte/tests/runtime-runes/samples/each-text-template/	7bf1db73da46d48e3b842816ef9844de8e5d5205	sample-directory	blocked	BS1	BF2 must execute/classify the sample and attach profile/product evidence.	-
SVELTE-53B4CC6874C2BB31ADAB	runtime-runes	packages/svelte/tests/runtime-runes/samples/each-updates-10/	0f01cea5f010183052e392a3e52692cde0681252	sample-directory	blocked	BS1	BF2 must execute/classify the sample and attach profile/product evidence.	-
SVELTE-7C5C1CD5D8787327863A	runtime-runes	packages/svelte/tests/runtime-runes/samples/each-updates-11/	8f216e256e6d24cf4b4f056488016c110685014d	sample-directory	blocked	BS1	BF2 must execute/classify the sample and attach profile/product evidence.	-
SVELTE-E1ADD2B6F07BBB168481	runtime-runes	packages/svelte/tests/runtime-runes/samples/each-updates-12/	378bb69002a9157231594e6bb6c7c192e4d81be9	sample-directory	blocked	BS1	BF2 must execute/classify the sample and attach profile/product evidence.	-
SVELTE-0646B0F7DEF3E51B7235	runtime-runes	packages/svelte/tests/runtime-runes/samples/each-updates-13/	701bd8e672655e2abc73570528a644c0e0c386ce	sample-directory	blocked	BS1	BF2 must execute/classify the sample and attach profile/product evidence.	-
SVELTE-BD202E50F6546A28EAA6	runtime-runes	packages/svelte/tests/runtime-runes/samples/each-updates-2/	59ec5b138c403cf9d39f0d77ba004fb6314e759b	sample-directory	blocked	BS1	BF2 must execute/classify the sample and attach profile/product evidence.	-
SVELTE-5B97FED97D4E566234F8	runtime-runes	packages/svelte/tests/runtime-runes/samples/each-updates-3/	4d33661186e048976a0cf116af962e1883e68de5	sample-directory	blocked	BS1	BF2 must execute/classify the sample and attach profile/product evidence.	-
SVELTE-D5476C27FE5D92A72482	runtime-runes	packages/svelte/tests/runtime-runes/samples/each-updates-4/	a14b4017a3999b43840be62fceb0d2545faa4410	sample-directory	blocked	BS1	BF2 must execute/classify the sample and attach profile/product evidence.	-
SVELTE-3A27B1D3E09F44B9D6F8	runtime-runes	packages/svelte/tests/runtime-runes/samples/each-updates-5/	4e2461c15c1e996ff67cf8a848a87b9090fcd796	sample-directory	blocked	BS1	BF2 must execute/classify the sample and attach profile/product evidence.	-
SVELTE-A0B810B4C78669767FF8	runtime-runes	packages/svelte/tests/runtime-runes/samples/each-updates-6/	d315e4bea49ecf070be6f536bbbfc8719502c611	sample-directory	blocked	BS1	BF2 must execute/classify the sample and attach profile/product evidence.	-
SVELTE-9D67959F9E36DE10B3C8	runtime-runes	packages/svelte/tests/runtime-runes/samples/each-updates-7/	9aa27a1ca5691e6b62c72448826fd42ac5ccf376	sample-directory	blocked	BS1	BF2 must execute/classify the sample and attach profile/product evidence.	-
SVELTE-48A7A2EE8BF26159CB4A	runtime-runes	packages/svelte/tests/runtime-runes/samples/each-updates-8/	8535ea47a865d210a4c5900be1da26485b1e91d4	sample-directory	blocked	BS1	BF2 must execute/classify the sample and attach profile/product evidence.	-
SVELTE-101719B7591EBF4DBF0F	runtime-runes	packages/svelte/tests/runtime-runes/samples/each-updates-9/	204e05f02a05e0ec28159b49545e3dc93c8da703	sample-directory	blocked	BS1	BF2 must execute/classify the sample and attach profile/product evidence.	-
SVELTE-CE1C8218CCD7E0183E2A	runtime-runes	packages/svelte/tests/runtime-runes/samples/each-updates-raw/	cd8ffef5eb9df0a68e8a942052ac9fd3722c3884	sample-directory	blocked	BS1	BF2 must execute/classify the sample and attach profile/product evidence.	-
SVELTE-9328C26167FE98C6DA83	runtime-runes	packages/svelte/tests/runtime-runes/samples/each-updates/	f33c1dcfeb5123c5e35b7a50d2c76767646b9bf1	sample-directory	blocked	BS1	BF2 must execute/classify the sample and attach profile/product evidence.	-
SVELTE-F8A7384F7FDD319AC5E1	runtime-runes	packages/svelte/tests/runtime-runes/samples/each-was-empty/	2d0bf7014096865c505fb946652c05d39aabc806	sample-directory	blocked	BS1	BF2 must execute/classify the sample and attach profile/product evidence.	-
SVELTE-C9641DEF93E03EB28987	runtime-runes	packages/svelte/tests/runtime-runes/samples/each-whitespace/	61331b077987b50032527ed026f052a240c11ae1	sample-directory	blocked	BS1	BF2 must execute/classify the sample and attach profile/product evidence.	-
SVELTE-D9E375FF7CA11C68930D	runtime-runes	packages/svelte/tests/runtime-runes/samples/each-without-as/	af45ade125ab9bd6115565ae36c96d6a75b5ee5f	sample-directory	blocked	BS1	BF2 must execute/classify the sample and attach profile/product evidence.	-
SVELTE-BAD278D987CBD112E2E5	runtime-runes	packages/svelte/tests/runtime-runes/samples/effect-active-derived/	dfb470cb5e3ca99827e88e5a6b8c8fabd09e1504	sample-directory	blocked	BS1	BF2 must execute/classify the sample and attach profile/product evidence.	-
SVELTE-796D58A61186FE545331	runtime-runes	packages/svelte/tests/runtime-runes/samples/effect-cleanup/	b31d820590c9e936aeefc3297ee03458150eea48	sample-directory	blocked	BS1	BF2 must execute/classify the sample and attach profile/product evidence.	-
SVELTE-78509193D6867659F40A	runtime-runes	packages/svelte/tests/runtime-runes/samples/effect-dependencies/	34494a31ec69ef6cfbcaeebef2e4cea16ce7b005	sample-directory	blocked	BS1	BF2 must execute/classify the sample and attach profile/product evidence.	-
SVELTE-D1F7964996FF74863669	runtime-runes	packages/svelte/tests/runtime-runes/samples/effect-in-pending-boundary/	3842955d40ae7541ac743e7790380030218783f4	sample-directory	blocked	BS1	BF2 must execute/classify the sample and attach profile/product evidence.	-
SVELTE-857B35DA16D8D87BF591	runtime-runes	packages/svelte/tests/runtime-runes/samples/effect-inside-derived-frozen/	49943059ab0ade57a903e688ccb67d2405befb2d	sample-directory	blocked	BS1	BF2 must execute/classify the sample and attach profile/product evidence.	-
SVELTE-6BF37EE30C2A69C94DA5	runtime-runes	packages/svelte/tests/runtime-runes/samples/effect-inside-derived/	75b5eff317fcd05f103a6134edab38601c2acb04	sample-directory	blocked	BS1	BF2 must execute/classify the sample and attach profile/product evidence.	-
SVELTE-6BAEBD0DD81DAB20D37F	runtime-runes	packages/svelte/tests/runtime-runes/samples/effect-loop-2/	f3767c035fc2e3f7dfbb93a5f9c06d864320587a	sample-directory	blocked	BS1	BF2 must execute/classify the sample and attach profile/product evidence.	-
SVELTE-E62C9261002CE547BD4F	runtime-runes	packages/svelte/tests/runtime-runes/samples/effect-loop-3/	1d330ebb0e5be66792b9daf0efaf3ec87d5cb4c5	sample-directory	blocked	BS1	BF2 must execute/classify the sample and attach profile/product evidence.	-
SVELTE-5671BE12C9C1054EE413	runtime-runes	packages/svelte/tests/runtime-runes/samples/effect-loop-infinite/	bac44f400b3bf506c8e93e1799248c0560c6f894	sample-directory	blocked	BS1	BF2 must execute/classify the sample and attach profile/product evidence.	-
SVELTE-28956B48D0B1BB8C55B5	runtime-runes	packages/svelte/tests/runtime-runes/samples/effect-loop/	0dddb90eaf2f384d1ef454f0958c9407cc324b22	sample-directory	blocked	BS1	BF2 must execute/classify the sample and attach profile/product evidence.	-
SVELTE-476709C187298C2F3C2D	runtime-runes	packages/svelte/tests/runtime-runes/samples/effect-order-2/	817b82967d10ed112003c1b933c01bd5c68835c4	sample-directory	blocked	BS1	BF2 must execute/classify the sample and attach profile/product evidence.	-
SVELTE-A06CE83B5BE795594CE0	runtime-runes	packages/svelte/tests/runtime-runes/samples/effect-order-3/	e765e09932ef21393643a16c73453af0afd0c287	sample-directory	blocked	BS1	BF2 must execute/classify the sample and attach profile/product evidence.	-
SVELTE-CB044EF7DF8C52E5FDF9	runtime-runes	packages/svelte/tests/runtime-runes/samples/effect-order-4/	344599c737feed23f026df36d78f75c07c14dc00	sample-directory	blocked	BS1	BF2 must execute/classify the sample and attach profile/product evidence.	-
SVELTE-D08552AF8B3F3ADC179F	runtime-runes	packages/svelte/tests/runtime-runes/samples/effect-order-5/	bd75ac9d3bfe568863027d8ddd4bf5c5a02c60e5	sample-directory	blocked	BS1	BF2 must execute/classify the sample and attach profile/product evidence.	-
SVELTE-E28DA6C7D7E4FB992F9E	runtime-runes	packages/svelte/tests/runtime-runes/samples/effect-order-6/	a953890cfb907780869bfb455227f4f48b3d5930	sample-directory	blocked	BS1	BF2 must execute/classify the sample and attach profile/product evidence.	-
SVELTE-5252C0D819D1AD2F1E48	runtime-runes	packages/svelte/tests/runtime-runes/samples/effect-order-7/	3774842bf821b4f61947b0f477d30d838adaf934	sample-directory	blocked	BS1	BF2 must execute/classify the sample and attach profile/product evidence.	-
SVELTE-67E8BB868ED1C024735C	runtime-runes	packages/svelte/tests/runtime-runes/samples/effect-order/	29c999a1fc1854ccadee097aaf96d4e232342253	sample-directory	blocked	BS1	BF2 must execute/classify the sample and attach profile/product evidence.	-
SVELTE-1ADAF321EA5D019F5C42	runtime-runes	packages/svelte/tests/runtime-runes/samples/effect-root-2/	8038b0cc2459fb7fda0314db926573e8ef1a12de	sample-directory	blocked	BS1	BF2 must execute/classify the sample and attach profile/product evidence.	-
SVELTE-745E9A151FA79FB504A5	runtime-runes	packages/svelte/tests/runtime-runes/samples/effect-root-3/	d22f875b5d5fc24fa4cf8c582b1fad8fbd673e16	sample-directory	blocked	BS1	BF2 must execute/classify the sample and attach profile/product evidence.	-
SVELTE-0C19D521119AFF748690	runtime-runes	packages/svelte/tests/runtime-runes/samples/effect-root-4/	fb4cadcc1d03497ff60705cde33004ea77a6b930	sample-directory	blocked	BS1	BF2 must execute/classify the sample and attach profile/product evidence.	-
SVELTE-3002FB78D6C43947AC96	runtime-runes	packages/svelte/tests/runtime-runes/samples/effect-root-5/	aec716dbee86d57232a04723d617113ea8589b31	sample-directory	blocked	BS1	BF2 must execute/classify the sample and attach profile/product evidence.	-
SVELTE-85184708457FD0B7D6C4	runtime-runes	packages/svelte/tests/runtime-runes/samples/effect-root-6/	e14d06ad77ac80099f0cddfffde86424897f4935	sample-directory	blocked	BS1	BF2 must execute/classify the sample and attach profile/product evidence.	-
SVELTE-ABE00418F398A2DF6D52	runtime-runes	packages/svelte/tests/runtime-runes/samples/effect-root/	ef2015f8cd544e62f8abdaddacf963690697a244	sample-directory	blocked	BS1	BF2 must execute/classify the sample and attach profile/product evidence.	-
SVELTE-C9311EFD71A5BC050F81	runtime-runes	packages/svelte/tests/runtime-runes/samples/effect-self-scheduling/	5e28a917364f3e88b73db0e9072d4ab3fb1c92e2	sample-directory	blocked	BS1	BF2 must execute/classify the sample and attach profile/product evidence.	-
SVELTE-B55BC5AC7CBE6013084B	runtime-runes	packages/svelte/tests/runtime-runes/samples/effect-teardown-derived/	44fa5ac021323142ed42e3464d4b0c3ae099ba5d	sample-directory	blocked	BS1	BF2 must execute/classify the sample and attach profile/product evidence.	-
SVELTE-0DC140EE2A05FE01F9C9	runtime-runes	packages/svelte/tests/runtime-runes/samples/effect-teardown-multiple-writes/	01562b84052d361e6ea07e51a17577d6ea751376	sample-directory	blocked	BS1	BF2 must execute/classify the sample and attach profile/product evidence.	-
SVELTE-E3FD5ACB9831F660D480	runtime-runes	packages/svelte/tests/runtime-runes/samples/effect-teardown-stale-value/	acf29195ccd05a2b91bd659a99ab46b8697666a7	sample-directory	blocked	BS1	BF2 must execute/classify the sample and attach profile/product evidence.	-
SVELTE-B62503319102DFD25ECE	runtime-runes	packages/svelte/tests/runtime-runes/samples/effect-tracking-binding-set/	029c09d88ae56585e70f049b0497f626e16fbd0c	sample-directory	blocked	BS1	BF2 must execute/classify the sample and attach profile/product evidence.	-
SVELTE-00841A11BF35A577412D	runtime-runes	packages/svelte/tests/runtime-runes/samples/effect-tracking-transition/	6ad789c89ac5ee8b7b06375f891f1d24db02960e	sample-directory	blocked	BS1	BF2 must execute/classify the sample and attach profile/product evidence.	-
SVELTE-BEC999DAB012F4099189	runtime-runes	packages/svelte/tests/runtime-runes/samples/effect-tracking-unowned/	298a58fd9854a0478ee6580a7bc62b3987ca088d	sample-directory	blocked	BS1	BF2 must execute/classify the sample and attach profile/product evidence.	-
SVELTE-CC28C690CD757E73F178	runtime-runes	packages/svelte/tests/runtime-runes/samples/effect-tracking/	b4666b58ef1e1c24aee6ed60f1bf5acd196e4526	sample-directory	blocked	BS1	BF2 must execute/classify the sample and attach profile/product evidence.	-
SVELTE-0E859F77218A44B84C03	runtime-runes	packages/svelte/tests/runtime-runes/samples/effect-untrack-teardown/	acfdc8bb280dc7f1a22d70594defd86fa64c5775	sample-directory	blocked	BS1	BF2 must execute/classify the sample and attach profile/product evidence.	-
SVELTE-C8E25215E7792C514418	runtime-runes	packages/svelte/tests/runtime-runes/samples/effect/	c66ea55b85bc8656686709ae997fc094df5bee3b	sample-directory	blocked	BS1	BF2 must execute/classify the sample and attach profile/product evidence.	-
SVELTE-49AF396CB26DD2B1D838	runtime-runes	packages/svelte/tests/runtime-runes/samples/effects-order/	9dd75844a2bce86796e46d4f38466e2cae72d699	sample-directory	blocked	BS1	BF2 must execute/classify the sample and attach profile/product evidence.	-
SVELTE-AE9B00BFF6CBE37D60FA	runtime-runes	packages/svelte/tests/runtime-runes/samples/element-is-attribute/	6e2a8bdcc056591874b27714d74b846596a0a091	sample-directory	blocked	BS1	BF2 must execute/classify the sample and attach profile/product evidence.	-
SVELTE-36A2B42C1E2DB20C482B	runtime-runes	packages/svelte/tests/runtime-runes/samples/empty-class-attribute-template/	4629e3ea4ef53fa078e1e6862755228ca7aa147e	sample-directory	blocked	BS1	BF2 must execute/classify the sample and attach profile/product evidence.	-
SVELTE-A11FCEC230F75717E335	runtime-runes	packages/svelte/tests/runtime-runes/samples/error-boundary-10/	4e52309280abb76f935a3d8eacaaf7f93dce838c	sample-directory	blocked	BS1	BF2 must execute/classify the sample and attach profile/product evidence.	-
SVELTE-DB210DFD01873E0A5823	runtime-runes	packages/svelte/tests/runtime-runes/samples/error-boundary-11/	93f43d9ff344d07573dfeee0d2e675d839700336	sample-directory	blocked	BS1	BF2 must execute/classify the sample and attach profile/product evidence.	-
SVELTE-EA8D9E16906E9A5E6953	runtime-runes	packages/svelte/tests/runtime-runes/samples/error-boundary-12/	68e0525e9d3061bcca58eb863b42954f5f4dfa39	sample-directory	blocked	BS1	BF2 must execute/classify the sample and attach profile/product evidence.	-
SVELTE-24C1DA82AA9893A8652C	runtime-runes	packages/svelte/tests/runtime-runes/samples/error-boundary-13/	82d90f1ca784e60792b27c8714eff4657b34dd39	sample-directory	blocked	BS1	BF2 must execute/classify the sample and attach profile/product evidence.	-
SVELTE-FF00AF317250FA83AFFA	runtime-runes	packages/svelte/tests/runtime-runes/samples/error-boundary-14/	8ebe887622d101a08a6df5b251b1b0220dc5fa7e	sample-directory	blocked	BS1	BF2 must execute/classify the sample and attach profile/product evidence.	-
SVELTE-3FD6846B40FFCFBD30B0	runtime-runes	packages/svelte/tests/runtime-runes/samples/error-boundary-15/	5f9c7c6f1eb75a5821b20a69a0abb4e1f51ad5d8	sample-directory	blocked	BS1	BF2 must execute/classify the sample and attach profile/product evidence.	-
SVELTE-EBB42CDAA6A1FF7294D4	runtime-runes	packages/svelte/tests/runtime-runes/samples/error-boundary-16/	be95962f62b26f4736a9412a4578be015892dac7	sample-directory	blocked	BS1	BF2 must execute/classify the sample and attach profile/product evidence.	-
SVELTE-09240802CF4BCFA500D5	runtime-runes	packages/svelte/tests/runtime-runes/samples/error-boundary-17/	a3def8ebf1b7e85f78d92f13efa8e416371c9bf7	sample-directory	blocked	BS1	BF2 must execute/classify the sample and attach profile/product evidence.	-
SVELTE-71CD1B3F0A25DB0F51D3	runtime-runes	packages/svelte/tests/runtime-runes/samples/error-boundary-18/	eb4f2ed56b816c9883d26e953ce856f709180e76	sample-directory	blocked	BS1	BF2 must execute/classify the sample and attach profile/product evidence.	-
SVELTE-C700AD0A6940A68EE743	runtime-runes	packages/svelte/tests/runtime-runes/samples/error-boundary-19/	303dd191775382c444bf23798fc80d4cc00d63ba	sample-directory	blocked	BS1	BF2 must execute/classify the sample and attach profile/product evidence.	-
SVELTE-60E18B5ABE8CECE74331	runtime-runes	packages/svelte/tests/runtime-runes/samples/error-boundary-2/	f0945125053205f943e71a8d27280b57dc88300d	sample-directory	blocked	BS1	BF2 must execute/classify the sample and attach profile/product evidence.	-
SVELTE-42A1D81329E2D096F7F6	runtime-runes	packages/svelte/tests/runtime-runes/samples/error-boundary-20/	293bb8d9c24be278af223ca62fb73a48b73e7b30	sample-directory	blocked	BS1	BF2 must execute/classify the sample and attach profile/product evidence.	-
SVELTE-4D79FC98C8A3BAE592CF	runtime-runes	packages/svelte/tests/runtime-runes/samples/error-boundary-21/	3060033655ba210fbd1101b2e6cca2daf9024c61	sample-directory	blocked	BS1	BF2 must execute/classify the sample and attach profile/product evidence.	-
SVELTE-B221D86F1EDC2D8A7DF4	runtime-runes	packages/svelte/tests/runtime-runes/samples/error-boundary-22/	b4f11300b093bb78b27ff6bef3c320db2bc1e6d9	sample-directory	blocked	BS1	BF2 must execute/classify the sample and attach profile/product evidence.	-
SVELTE-569218831B0C5A9C31C7	runtime-runes	packages/svelte/tests/runtime-runes/samples/error-boundary-23/	3c3484e28e1cbfe05c02a0cf059c6a58a081f6a1	sample-directory	blocked	BS1	BF2 must execute/classify the sample and attach profile/product evidence.	-
SVELTE-BB4EF904BF7BC1C45653	runtime-runes	packages/svelte/tests/runtime-runes/samples/error-boundary-24/	fdbd8b79de3e63920db90ba3f78dcf82e538e6f1	sample-directory	blocked	BS1	BF2 must execute/classify the sample and attach profile/product evidence.	-
SVELTE-209833423E793326C20B	runtime-runes	packages/svelte/tests/runtime-runes/samples/error-boundary-25/	aa002ef5ed65f54fba0120816b36e9b468070cef	sample-directory	blocked	BS1	BF2 must execute/classify the sample and attach profile/product evidence.	-
SVELTE-983A589C30E1182AA30C	runtime-runes	packages/svelte/tests/runtime-runes/samples/error-boundary-26/	5f4962509b739d19a2c4aff41795d39af0b1bf94	sample-directory	blocked	BS1	BF2 must execute/classify the sample and attach profile/product evidence.	-
SVELTE-3830DFFF91C814508DEA	runtime-runes	packages/svelte/tests/runtime-runes/samples/error-boundary-27/	6caeae41bd03067af7b2d7626e3a892122f5dcab	sample-directory	blocked	BS1	BF2 must execute/classify the sample and attach profile/product evidence.	-
SVELTE-626E10FAE54C2F8023E3	runtime-runes	packages/svelte/tests/runtime-runes/samples/error-boundary-3/	ddaae169689a9bf86d5e7aaf183b3b930c48222e	sample-directory	blocked	BS1	BF2 must execute/classify the sample and attach profile/product evidence.	-
SVELTE-DEDF4BC1B005F289D842	runtime-runes	packages/svelte/tests/runtime-runes/samples/error-boundary-4/	be55b230a35350ab84fdb1afe49cd05d50bb8b11	sample-directory	blocked	BS1	BF2 must execute/classify the sample and attach profile/product evidence.	-
SVELTE-121892CF631E2E84C5EB	runtime-runes	packages/svelte/tests/runtime-runes/samples/error-boundary-5/	5950abf9df55e53c813e7cb3f7fd3245ba436088	sample-directory	blocked	BS1	BF2 must execute/classify the sample and attach profile/product evidence.	-
SVELTE-E926432DA7258C49FFCF	runtime-runes	packages/svelte/tests/runtime-runes/samples/error-boundary-6/	1d13c661663f2619c22cac83c71a79d004adc6fc	sample-directory	blocked	BS1	BF2 must execute/classify the sample and attach profile/product evidence.	-
SVELTE-036A9B6D373808F909A0	runtime-runes	packages/svelte/tests/runtime-runes/samples/error-boundary-7/	6fad0955f47093f3d204372626fb5f9fcb449a94	sample-directory	blocked	BS1	BF2 must execute/classify the sample and attach profile/product evidence.	-
SVELTE-277B79614F94A01E936C	runtime-runes	packages/svelte/tests/runtime-runes/samples/error-boundary-8/	670624dac85c9ece031281c81ec8a5a5fe94c43b	sample-directory	blocked	BS1	BF2 must execute/classify the sample and attach profile/product evidence.	-
SVELTE-C5B0F67378CB467EFF2A	runtime-runes	packages/svelte/tests/runtime-runes/samples/error-boundary-9/	df8a1f3f2dda2cca309a7f0bfb7a244e409cb7cf	sample-directory	blocked	BS1	BF2 must execute/classify the sample and attach profile/product evidence.	-
SVELTE-83160438897671E3F0B1	runtime-runes	packages/svelte/tests/runtime-runes/samples/error-boundary-hydrate-1/	5e0d50895cabb46fc1866eb221e137ffb47e8175	sample-directory	blocked	BS1	BF2 must execute/classify the sample and attach profile/product evidence.	-
SVELTE-A91F7CF643C173C1F6CC	runtime-runes	packages/svelte/tests/runtime-runes/samples/error-boundary-hydrate-2/	31c2ec7b57104ec4e7baad0681cb1da9c4988c53	sample-directory	blocked	BS1	BF2 must execute/classify the sample and attach profile/product evidence.	-
SVELTE-BC4AF6E7B4719663D8B1	runtime-runes	packages/svelte/tests/runtime-runes/samples/error-boundary-reset-onerror/	c42f45c4aaae58147c79937201928bb44c1ff29b	sample-directory	blocked	BS1	BF2 must execute/classify the sample and attach profile/product evidence.	-
SVELTE-ECB91DDC298A52D80761	runtime-runes	packages/svelte/tests/runtime-runes/samples/error-boundary-reset-premature/	28497625dec2c197a25720ee262baa27abda7fb1	sample-directory	blocked	BS1	BF2 must execute/classify the sample and attach profile/product evidence.	-
SVELTE-E1F9E99F019544299E5E	runtime-runes	packages/svelte/tests/runtime-runes/samples/error-boundary-reset-with-error/	21efedb37265a674b16c5dfbcc13936be0745984	sample-directory	blocked	BS1	BF2 must execute/classify the sample and attach profile/product evidence.	-
SVELTE-A362BF7D165AE2A2DF83	runtime-runes	packages/svelte/tests/runtime-runes/samples/error-boundary/	f916ea26242a829b75c2ae1a4eca033108510ab2	sample-directory	blocked	BS1	BF2 must execute/classify the sample and attach profile/product evidence.	-
SVELTE-29C398673B9711F8BB1B	runtime-runes	packages/svelte/tests/runtime-runes/samples/error-recovery/	c9a9fd44ff0f7da54393347b55edf939b36d3d9c	sample-directory	blocked	BS1	BF2 must execute/classify the sample and attach profile/product evidence.	-
SVELTE-28D2D989A5FEC0DADB5A	runtime-runes	packages/svelte/tests/runtime-runes/samples/event-arguments-2/	bab9a44a16624865bf742ffdcbc456b98277b05b	sample-directory	blocked	BS1	BF2 must execute/classify the sample and attach profile/product evidence.	-
SVELTE-0228284B76BB97450832	runtime-runes	packages/svelte/tests/runtime-runes/samples/event-arguments/	00a1389ecb4e82f5cb05542690a92f960bca7f78	sample-directory	blocked	BS1	BF2 must execute/classify the sample and attach profile/product evidence.	-
SVELTE-AC6F151045FBA02BF50D	runtime-runes	packages/svelte/tests/runtime-runes/samples/event-attribute-after-binding/	239bde5c3b3f3ba1016b2e9b1e69d784d26c3a59	sample-directory	blocked	BS1	BF2 must execute/classify the sample and attach profile/product evidence.	-
SVELTE-1B618A5E41618ACBB2EA	runtime-runes	packages/svelte/tests/runtime-runes/samples/event-attribute-after-spread-2/	f4505d722ced6ae287b2178bff0fe7a7b58197cf	sample-directory	blocked	BS1	BF2 must execute/classify the sample and attach profile/product evidence.	-
SVELTE-A88D4FDD068638465ED3	runtime-runes	packages/svelte/tests/runtime-runes/samples/event-attribute-after-spread/	6f6358ed2082f26056435eba3418180f78773f8e	sample-directory	blocked	BS1	BF2 must execute/classify the sample and attach profile/product evidence.	-
SVELTE-077A0F5189C53CE70F2D	runtime-runes	packages/svelte/tests/runtime-runes/samples/event-attribute-bubble/	fc5c200b86518a08d7fe9c99056fa3d450b58771	sample-directory	blocked	BS1	BF2 must execute/classify the sample and attach profile/product evidence.	-
SVELTE-0555967B42D8C5D2ADD4	runtime-runes	packages/svelte/tests/runtime-runes/samples/event-attribute-capture/	ba3afdd13eef7c2af9845c6f8f32779ffcdfa3e3	sample-directory	blocked	BS1	BF2 must execute/classify the sample and attach profile/product evidence.	-
SVELTE-0FA5C087FC845ACE7461	runtime-runes	packages/svelte/tests/runtime-runes/samples/event-attribute-delegation-2/	8fb6c84454b7b370c2442bda653d8f9548d21133	sample-directory	blocked	BS1	BF2 must execute/classify the sample and attach profile/product evidence.	-
SVELTE-AED3F2C659787EEAA7F9	runtime-runes	packages/svelte/tests/runtime-runes/samples/event-attribute-delegation-3/	a307f659d4539f890644188c159c0f0c627ac78f	sample-directory	blocked	BS1	BF2 must execute/classify the sample and attach profile/product evidence.	-
SVELTE-4017512869E339CFF7A2	runtime-runes	packages/svelte/tests/runtime-runes/samples/event-attribute-delegation-4/	0c3f481e8f0af78f70db2b44548fff0dba0c63fc	sample-directory	blocked	BS1	BF2 must execute/classify the sample and attach profile/product evidence.	-
SVELTE-D3437667069C7043FAD0	runtime-runes	packages/svelte/tests/runtime-runes/samples/event-attribute-delegation-5/	afc375ed2d41f32813ffb858b9e07999dae2433a	sample-directory	blocked	BS1	BF2 must execute/classify the sample and attach profile/product evidence.	-
SVELTE-4571CCF8D0F147148C79	runtime-runes	packages/svelte/tests/runtime-runes/samples/event-attribute-delegation-6/	96ee151f0cc6349181c2ea1ea9b09d22e9d77f00	sample-directory	blocked	BS1	BF2 must execute/classify the sample and attach profile/product evidence.	-
SVELTE-B8B62BEA20E1902D6F25	runtime-runes	packages/svelte/tests/runtime-runes/samples/event-attribute-delegation-7/	93ef07f0f793fb36af9ef144bb3285d8539e1c7b	sample-directory	blocked	BS1	BF2 must execute/classify the sample and attach profile/product evidence.	-
SVELTE-5F8EA96CFD9F7DCC3E43	runtime-runes	packages/svelte/tests/runtime-runes/samples/event-attribute-delegation-8/	559ad554516cf41baecb716e822f205c911397bb	sample-directory	blocked	BS1	BF2 must execute/classify the sample and attach profile/product evidence.	-
SVELTE-8D01802C81AE15CAFCCA	runtime-runes	packages/svelte/tests/runtime-runes/samples/event-attribute-delegation/	ccaefe0da9bb0313aa6c12bcae89e7f5f55b7a9f	sample-directory	blocked	BS1	BF2 must execute/classify the sample and attach profile/product evidence.	-
SVELTE-680D78D2B9F61A82675F	runtime-runes	packages/svelte/tests/runtime-runes/samples/event-attribute-import/	c1d26fa192a2cc654116561ddb173f291999b4a1	sample-directory	blocked	BS1	BF2 must execute/classify the sample and attach profile/product evidence.	-
SVELTE-62BB2659AF54DF40826F	runtime-runes	packages/svelte/tests/runtime-runes/samples/event-attribute-not-hoistable/	576f6671ccf27133d850d8089d16898830757f02	sample-directory	blocked	BS1	BF2 must execute/classify the sample and attach profile/product evidence.	-
SVELTE-4B35919B5192C8584950	runtime-runes	packages/svelte/tests/runtime-runes/samples/event-attribute-not-reactive/	d21fee51511ad3e34b8c12f27d1a4d4ae2afbe0e	sample-directory	blocked	BS1	BF2 must execute/classify the sample and attach profile/product evidence.	-
SVELTE-D2E496711E65818E2C05	runtime-runes	packages/svelte/tests/runtime-runes/samples/event-attribute-rest-prop/	5a72b801d13ce9437dab39c331867f515d64be59	sample-directory	blocked	BS1	BF2 must execute/classify the sample and attach profile/product evidence.	-
SVELTE-EE821C927192563B6FBA	runtime-runes	packages/svelte/tests/runtime-runes/samples/event-attribute-spread-capture/	45b3cd3cfaf5fdf342590fc36e74ba01f3b713b2	sample-directory	blocked	BS1	BF2 must execute/classify the sample and attach profile/product evidence.	-
SVELTE-1FDB6731F0369DC436CE	runtime-runes	packages/svelte/tests/runtime-runes/samples/event-attribute-spread-collision/	2baa3e9823ea9501c2408a213efd2cf91db272e2	sample-directory	blocked	BS1	BF2 must execute/classify the sample and attach profile/product evidence.	-
SVELTE-0137D15B6AE9359599D1	runtime-runes	packages/svelte/tests/runtime-runes/samples/event-attribute-spread-update/	c603c56867df93f67a38e9a721856b4329469ef6	sample-directory	blocked	BS1	BF2 must execute/classify the sample and attach profile/product evidence.	-
SVELTE-EF8B967EC443A881022B	runtime-runes	packages/svelte/tests/runtime-runes/samples/event-attribute-spread/	c17bc9bd79f0141d8694e8db362452c6c833ed07	sample-directory	blocked	BS1	BF2 must execute/classify the sample and attach profile/product evidence.	-
SVELTE-DB8F345959A7F438EAA2	runtime-runes	packages/svelte/tests/runtime-runes/samples/event-attribute-template/	af1fb2dfedef3f6418fb7f9ef4bb4d3b2268dc76	sample-directory	blocked	BS1	BF2 must execute/classify the sample and attach profile/product evidence.	-
SVELTE-E1E1E460C4242A4F2530	runtime-runes	packages/svelte/tests/runtime-runes/samples/event-attribute-window/	fd6b0e2186b2e6eb0edc756de062dc52382fe7cb	sample-directory	blocked	BS1	BF2 must execute/classify the sample and attach profile/product evidence.	-
SVELTE-14278DECEF0C62E0E096	runtime-runes	packages/svelte/tests/runtime-runes/samples/event-attribute/	a35db9ca4446a963412691aa9f51a6f7df94d024	sample-directory	blocked	BS1	BF2 must execute/classify the sample and attach profile/product evidence.	-
SVELTE-FBF2E184E19697FA827B	runtime-runes	packages/svelte/tests/runtime-runes/samples/event-context/	2c44c2d8de1983c050faee0a094df89ff99f99f8	sample-directory	blocked	BS1	BF2 must execute/classify the sample and attach profile/product evidence.	-
SVELTE-1C2C41AA9B9EBF048D5D	runtime-runes	packages/svelte/tests/runtime-runes/samples/event-exported/	71c1ce40ac08e451125d1adb644c2ee824eca002	sample-directory	blocked	BS1	BF2 must execute/classify the sample and attach profile/product evidence.	-
SVELTE-EB5DB934EFD70D5FED45	runtime-runes	packages/svelte/tests/runtime-runes/samples/event-global-hydration-error-cleanup/	478483ad5024ae4f1a2995d63b3a4b5418802541	sample-directory	blocked	BS1	BF2 must execute/classify the sample and attach profile/product evidence.	-
SVELTE-EC6BB6046C6D83158955	runtime-runes	packages/svelte/tests/runtime-runes/samples/event-global-mount-error-cleanup/	d169c58ea218b30a15b8319a21460a0cace0c3b6	sample-directory	blocked	BS1	BF2 must execute/classify the sample and attach profile/product evidence.	-
SVELTE-1BCED9B539202854A420	runtime-runes	packages/svelte/tests/runtime-runes/samples/event-handler-async-delegated/	a95bdf2e2e33ba4512c2f072aef8dd629cc01872	sample-directory	blocked	BS1	BF2 must execute/classify the sample and attach profile/product evidence.	-
SVELTE-1F9E0A5DDE2970869836	runtime-runes	packages/svelte/tests/runtime-runes/samples/event-handler-component-invalid-warning/	4e1ec67177babaf45852c048a757bc1a0f1d7362	sample-directory	blocked	BS1	BF2 must execute/classify the sample and attach profile/product evidence.	-
SVELTE-E4EACCEAE35EA14BD5BD	runtime-runes	packages/svelte/tests/runtime-runes/samples/event-handler-invalid-values/	89636f8c3023624fb6bd5b98d09b2f5624fa0432	sample-directory	blocked	BS1	BF2 must execute/classify the sample and attach profile/product evidence.	-
SVELTE-C6D5E95D698315E61B65	runtime-runes	packages/svelte/tests/runtime-runes/samples/event-handler-invalid-warning/	d681fab505498ebfa2f0eb620d2da08ca7e0acb1	sample-directory	blocked	BS1	BF2 must execute/classify the sample and attach profile/product evidence.	-
SVELTE-41746EF869CB694A7238	runtime-runes	packages/svelte/tests/runtime-runes/samples/event-import-no-param-hoisting/	f953482b425e909d246910141ceffd1463665d71	sample-directory	blocked	BS1	BF2 must execute/classify the sample and attach profile/product evidence.	-
SVELTE-FD7A06F7AB927EEDA2B3	runtime-runes	packages/svelte/tests/runtime-runes/samples/event-listener-moved-outside-container/	b4f72f53670d0322c6fbe1ba62f10c0f364349d9	sample-directory	blocked	BS1	BF2 must execute/classify the sample and attach profile/product evidence.	-
SVELTE-6114D1675369DF14B830	runtime-runes	packages/svelte/tests/runtime-runes/samples/event-listener-spread/	6b6a71460be1ef31ec596f27fa9c842fb64ab74b	sample-directory	blocked	BS1	BF2 must execute/classify the sample and attach profile/product evidence.	-
SVELTE-094DE99EADCD04FD97D6	runtime-runes	packages/svelte/tests/runtime-runes/samples/event-media-element-cleanup/	1a878971c82d13d776adb25e2f10c4012b23752b	sample-directory	blocked	BS1	BF2 must execute/classify the sample and attach profile/product evidence.	-
SVELTE-8709E17360FB8CE016A9	runtime-runes	packages/svelte/tests/runtime-runes/samples/event-on-2/	b5b296721a21c07487ac069f99320ccc5c347f71	sample-directory	blocked	BS1	BF2 must execute/classify the sample and attach profile/product evidence.	-
SVELTE-A0C80EE95DF6CA29E0F6	runtime-runes	packages/svelte/tests/runtime-runes/samples/event-on-3/	32d734ff13a2a7254c80dc871d82513c71c054bc	sample-directory	blocked	BS1	BF2 must execute/classify the sample and attach profile/product evidence.	-
SVELTE-200EB7B1526B40D7661E	runtime-runes	packages/svelte/tests/runtime-runes/samples/event-on/	479e2dae078bd44529e49ca0ce149c2a9b4f5510	sample-directory	blocked	BS1	BF2 must execute/classify the sample and attach profile/product evidence.	-
SVELTE-AB747DD51B79E600DB4A	runtime-runes	packages/svelte/tests/runtime-runes/samples/event-prop-current-target/	ee04697e3a6df7c387244449b09899042900517b	sample-directory	blocked	BS1	BF2 must execute/classify the sample and attach profile/product evidence.	-
SVELTE-262E16C2679E35D5FED4	runtime-runes	packages/svelte/tests/runtime-runes/samples/event-prop-reference/	e7d260bd7b67a1ea5baa1560c16bc48905cb759e	sample-directory	blocked	BS1	BF2 must execute/classify the sample and attach profile/product evidence.	-
SVELTE-2FB1754966FCB2E1277C	runtime-runes	packages/svelte/tests/runtime-runes/samples/event-propagation-with-error/	c25677363f78111a2c1ae745c24887226c9c04d7	sample-directory	blocked	BS1	BF2 must execute/classify the sample and attach profile/product evidence.	-
SVELTE-00E6B0E9C58B31CB710A	runtime-runes	packages/svelte/tests/runtime-runes/samples/event-spread-rerun/	6d62f71ec8bb68208c8913520cbbc1864b97c08e	sample-directory	blocked	BS1	BF2 must execute/classify the sample and attach profile/product evidence.	-
SVELTE-1AB7418A9B4603DC2B50	runtime-runes	packages/svelte/tests/runtime-runes/samples/event-spread-timing/	a7320655c6ab9997ac65ce78f757b3fca908333b	sample-directory	blocked	BS1	BF2 must execute/classify the sample and attach profile/product evidence.	-
SVELTE-38E8A1CC953E3AC87027	runtime-runes	packages/svelte/tests/runtime-runes/samples/event-store-no-hoisting/	e03aab9fd79b2670bc3e8d92c9999818441bbc1a	sample-directory	blocked	BS1	BF2 must execute/classify the sample and attach profile/product evidence.	-
SVELTE-BE51108EB1333CA65A73	runtime-runes	packages/svelte/tests/runtime-runes/samples/event-used-in-component-and-element/	c8a47d1f7c207129066bdc8e2fb663d0a10b6025	sample-directory	blocked	BS1	BF2 must execute/classify the sample and attach profile/product evidence.	-
SVELTE-D3849A9B14779103CB70	runtime-runes	packages/svelte/tests/runtime-runes/samples/event-without-params-clash/	6fb7c90a82bf6bd3cb1bb394eda8ebb98e8160bc	sample-directory	blocked	BS1	BF2 must execute/classify the sample and attach profile/product evidence.	-
SVELTE-10C910EDBE5607A5DC99	runtime-runes	packages/svelte/tests/runtime-runes/samples/exports-1/	cf9877a6b8b13d88065005a40f18ad916596afe9	sample-directory	blocked	BS1	BF2 must execute/classify the sample and attach profile/product evidence.	-
SVELTE-1FF1132261BCED6FE2DC	runtime-runes	packages/svelte/tests/runtime-runes/samples/exports-2/	086c85ca6f64520496f937a9f68c05e15e250fdd	sample-directory	blocked	BS1	BF2 must execute/classify the sample and attach profile/product evidence.	-
SVELTE-158795282D269036E8BA	runtime-runes	packages/svelte/tests/runtime-runes/samples/exports-3/	bf4a89c083e6d3c34ded6f43a11c993c81086351	sample-directory	blocked	BS1	BF2 must execute/classify the sample and attach profile/product evidence.	-
SVELTE-DCA451F3E1B395F6BE9F	runtime-runes	packages/svelte/tests/runtime-runes/samples/exports-4/	51468a996d5363b3fe34ad341d3de6af91fd971c	sample-directory	blocked	BS1	BF2 must execute/classify the sample and attach profile/product evidence.	-
SVELTE-58311F434E66850D27EB	runtime-runes	packages/svelte/tests/runtime-runes/samples/fine-grained-prop-reactive-statement/	87a5b84608517fd869d2f94965f6077d03f879d3	sample-directory	blocked	BS1	BF2 must execute/classify the sample and attach profile/product evidence.	-
SVELTE-37D693721DBFF111A471	runtime-runes	packages/svelte/tests/runtime-runes/samples/flush-sync-inside-attachment/	def80e4747af938a739245f140bfa983852e24b0	sample-directory	blocked	BS1	BF2 must execute/classify the sample and attach profile/product evidence.	-
SVELTE-A72B2DA3954D6AAB61AF	runtime-runes	packages/svelte/tests/runtime-runes/samples/flush-sync-no-scheduled/	545d2c20e4ac53cd1aad8f490bf5faba4e23aa4b	sample-directory	blocked	BS1	BF2 must execute/classify the sample and attach profile/product evidence.	-
SVELTE-33139BD3CA001E5230C5	runtime-runes	packages/svelte/tests/runtime-runes/samples/fork-derived-class-instance/	a6ea2e753dc5b19db34a4e84bc8ce49d67da122e	sample-directory	blocked	BS1	BF2 must execute/classify the sample and attach profile/product evidence.	-
SVELTE-923AF9CEF46AD90DEF67	runtime-runes	packages/svelte/tests/runtime-runes/samples/fork-derived-dependency-rollback/	db1bdb070f7732f257114c4228bced60e4e17b86	sample-directory	blocked	BS1	BF2 must execute/classify the sample and attach profile/product evidence.	-
SVELTE-5F2C3BB385D13E7E4E55	runtime-runes	packages/svelte/tests/runtime-runes/samples/fork-derived-uncached-1/	7cd04f4e463defd0eac788ddacd8ed4bb9c0b0ee	sample-directory	blocked	BS1	BF2 must execute/classify the sample and attach profile/product evidence.	-
SVELTE-B52872ED23A7E9502D1E	runtime-runes	packages/svelte/tests/runtime-runes/samples/fork-derived-uncached-2/	9a735a4c4488e3cb834ebd8b387ed637683ce6aa	sample-directory	blocked	BS1	BF2 must execute/classify the sample and attach profile/product evidence.	-
SVELTE-14C0E25407F745688515	runtime-runes	packages/svelte/tests/runtime-runes/samples/fork-derived-uncached-3/	35a969434936c17bf26cd062a619f0a7d1f3fdcf	sample-directory	blocked	BS1	BF2 must execute/classify the sample and attach profile/product evidence.	-
SVELTE-9F1E8336C1E77ED321E2	runtime-runes	packages/svelte/tests/runtime-runes/samples/fork-derived-value-immediate/	205dd1995db44acb01fc20f1d481d59ee4186bfe	sample-directory	blocked	BS1	BF2 must execute/classify the sample and attach profile/product evidence.	-
SVELTE-70DAFB69533E91437CB9	runtime-runes	packages/svelte/tests/runtime-runes/samples/fork-derived-value/	74fc0c59a38007f1a95cb10370b2f5aa36b29cc1	sample-directory	blocked	BS1	BF2 must execute/classify the sample and attach profile/product evidence.	-
SVELTE-B339DB34BA550E95FE3B	runtime-runes	packages/svelte/tests/runtime-runes/samples/form-default-value-from-spread/	e885d44540c423e7abf120fb188142954443716f	sample-directory	blocked	BS1	BF2 must execute/classify the sample and attach profile/product evidence.	-
SVELTE-92886DCD6ED80DB7E8D6	runtime-runes	packages/svelte/tests/runtime-runes/samples/form-default-value-spread/	c5b7a6e47618c8e0f2b92e7f650475747d2a516d	sample-directory	blocked	BS1	BF2 must execute/classify the sample and attach profile/product evidence.	-
SVELTE-B15E51E84D4118EE1B92	runtime-runes	packages/svelte/tests/runtime-runes/samples/form-default-value/	b76c53e37e9408663a065340e9e8b1e79645bd8a	sample-directory	blocked	BS1	BF2 must execute/classify the sample and attach profile/product evidence.	-
SVELTE-061E3E7495BB319EBB42	runtime-runes	packages/svelte/tests/runtime-runes/samples/form-novalidate-casing/	3135a76e8253f79ea9a7fd6e8daec5b2704ab168	sample-directory	blocked	BS1	BF2 must execute/classify the sample and attach profile/product evidence.	-
SVELTE-048C8E1F3A57DC4C0B5D	runtime-runes	packages/svelte/tests/runtime-runes/samples/function-parameter-shadowing/	5a488741c3d224ec76f74b0701a8d988ec6864ee	sample-directory	blocked	BS1	BF2 must execute/classify the sample and attach profile/product evidence.	-
SVELTE-FDD237AC6FBE3951B274	runtime-runes	packages/svelte/tests/runtime-runes/samples/functional-templating/	601e31af46541da5939fa441c8b8b81b9d3a8e1f	sample-directory	blocked	BS1	BF2 must execute/classify the sample and attach profile/product evidence.	-
SVELTE-5E6C3057BA3F3FCC150F	runtime-runes	packages/svelte/tests/runtime-runes/samples/get-abort-signal/	b42294ec7cfc396b2e2647103101885cc9490a4e	sample-directory	blocked	BS1	BF2 must execute/classify the sample and attach profile/product evidence.	-
SVELTE-5FAE3155D98A774435C1	runtime-runes	packages/svelte/tests/runtime-runes/samples/global-variable-assignment/	54f1ab10ef1d8f97fc1cd23b7484f8e9aaf3d789	sample-directory	blocked	BS1	BF2 must execute/classify the sample and attach profile/product evidence.	-
SVELTE-1916EB66FEF3B3975384	runtime-runes	packages/svelte/tests/runtime-runes/samples/globals-deconflicted/	c642e8bfbe756593598ae81e5352b15354883a59	sample-directory	blocked	BS1	BF2 must execute/classify the sample and attach profile/product evidence.	-
SVELTE-EC4B42920A5C57DB0E98	runtime-runes	packages/svelte/tests/runtime-runes/samples/guard-else-effect/	49b5302f2bdd102d4542a4c4443526b7e846fdbc	sample-directory	blocked	BS1	BF2 must execute/classify the sample and attach profile/product evidence.	-
SVELTE-8DCDB52CC83FEC139814	runtime-runes	packages/svelte/tests/runtime-runes/samples/guard-if-nested/	acab043448f1b49f2c37a4d5745b17d4e38d21e5	sample-directory	blocked	BS1	BF2 must execute/classify the sample and attach profile/product evidence.	-
SVELTE-5247B316BBCBD3267B13	runtime-runes	packages/svelte/tests/runtime-runes/samples/guard-nested-if-pre/	a96487ded65311c11532a8cfce30dc2c3f2309d8	sample-directory	blocked	BS1	BF2 must execute/classify the sample and attach profile/product evidence.	-
SVELTE-B40DE18A91E15852F001	runtime-runes	packages/svelte/tests/runtime-runes/samples/head-payload-validation/	564c5a917e7a158dbfbb916ba2ea9b8c7fe34787	sample-directory	blocked	BS1	BF2 must execute/classify the sample and attach profile/product evidence.	-
SVELTE-0A69E91AACC8FED63524	runtime-runes	packages/svelte/tests/runtime-runes/samples/hmr-dynamic-component/	ae4caf89dcd8f0c5072f857d5481215364e8dc07	sample-directory	blocked	BS1	BF2 must execute/classify the sample and attach profile/product evidence.	-
SVELTE-7144DC9EB4959F03F713	runtime-runes	packages/svelte/tests/runtime-runes/samples/hmr-each-keyed-unshift/	3a597de732444d285e9d39de7f6de27d6eb7a866	sample-directory	blocked	BS1	BF2 must execute/classify the sample and attach profile/product evidence.	-
SVELTE-21807CAA5071AB76236E	runtime-runes	packages/svelte/tests/runtime-runes/samples/hmr-removal/	88990902254102a85494406d6366a3baa0fa3de9	sample-directory	blocked	BS1	BF2 must execute/classify the sample and attach profile/product evidence.	-
SVELTE-B345F92E286874619F13	runtime-runes	packages/svelte/tests/runtime-runes/samples/html-namespace-infer-a-tag/	ad83a38844a2b868236d5361f5f89c168b344789	sample-directory	blocked	BS1	BF2 must execute/classify the sample and attach profile/product evidence.	-
SVELTE-393ABB61B9DF7A1E3327	runtime-runes	packages/svelte/tests/runtime-runes/samples/html-tag-contenteditable/	af1f549ad9a63f0942a6ffc4086414c5439e84d7	sample-directory	blocked	BS1	BF2 must execute/classify the sample and attach profile/product evidence.	-
SVELTE-EB2F1E0A91C7800C4DB7	runtime-runes	packages/svelte/tests/runtime-runes/samples/html-tag-empty/	26622af9fe93cf1e75179508dfd7f944a77e2a23	sample-directory	blocked	BS1	BF2 must execute/classify the sample and attach profile/product evidence.	-
SVELTE-967CF58BA1C926E6E0F4	runtime-runes	packages/svelte/tests/runtime-runes/samples/html-tag-escaping/	e9bc34330317b57ceb7bb64f9df977c4c1496465	sample-directory	blocked	BS1	BF2 must execute/classify the sample and attach profile/product evidence.	-
SVELTE-9684797094E45A72F78E	runtime-runes	packages/svelte/tests/runtime-runes/samples/hydratable-complex-nesting/	dd3a6abae6ef3c2cb56dda1b8ebcd0b91bc0c35d	sample-directory	blocked	BS1	BF2 must execute/classify the sample and attach profile/product evidence.	-
SVELTE-98CC29C59C7296DBBD91	runtime-runes	packages/svelte/tests/runtime-runes/samples/hydratable-error-on-missing/	8e1fc17cdbe6e6dd0939171706c3a224188fef90	sample-directory	blocked	BS1	BF2 must execute/classify the sample and attach profile/product evidence.	-
SVELTE-79C9F587C9327E07D121	runtime-runes	packages/svelte/tests/runtime-runes/samples/hydratable-script-escape/	c8b48483e8b936229b6a4a986a02b2beea3e3ee9	sample-directory	blocked	BS1	BF2 must execute/classify the sample and attach profile/product evidence.	-
SVELTE-58188EA466B4DE2C15C1	runtime-runes	packages/svelte/tests/runtime-runes/samples/hydratable-unused-keys-nesting-partial/	6ad5db3b8316adfe637699c279cd3a4d79059e6a	sample-directory	blocked	BS1	BF2 must execute/classify the sample and attach profile/product evidence.	-
SVELTE-DAC4E057A9D8531A5924	runtime-runes	packages/svelte/tests/runtime-runes/samples/hydratable-unused-keys/	40ee08b542ad3360323f37abe542e0977bcad24a	sample-directory	blocked	BS1	BF2 must execute/classify the sample and attach profile/product evidence.	-
SVELTE-93483D99A2E090548E34	runtime-runes	packages/svelte/tests/runtime-runes/samples/hydratable/	241f18996a5e6dd6f3a41c19095472ddfcc86620	sample-directory	blocked	BS1	BF2 must execute/classify the sample and attach profile/product evidence.	-
SVELTE-BE9B3280B3F39A4A6EAB	runtime-runes	packages/svelte/tests/runtime-runes/samples/hydrate-modified-input-group/	8f1e5eb88ca2c7e0e5dbf57775cc47f225929572	sample-directory	blocked	BS1	BF2 must execute/classify the sample and attach profile/product evidence.	-
SVELTE-49A44565352E5F805B98	runtime-runes	packages/svelte/tests/runtime-runes/samples/hydrate-modified-input-numeric/	3e12f971e47bfa7404d3d5b08ecf8891668c8031	sample-directory	blocked	BS1	BF2 must execute/classify the sample and attach profile/product evidence.	-
SVELTE-E821334BD9769FEDE4AC	runtime-runes	packages/svelte/tests/runtime-runes/samples/hydrate-modified-input/	7dd7f66d205ed5f4a24a16b62c5b198cfbeb8390	sample-directory	blocked	BS1	BF2 must execute/classify the sample and attach profile/product evidence.	-
SVELTE-7D5356F27AD9049B44A2	runtime-runes	packages/svelte/tests/runtime-runes/samples/hydration-attribute-changed-ignored/	e6d4702132de284ccc3c2233730dabbd64f60ec6	sample-directory	blocked	BS1	BF2 must execute/classify the sample and attach profile/product evidence.	-
SVELTE-98B93A9606A2D7E87847	runtime-runes	packages/svelte/tests/runtime-runes/samples/hydration-html-changed-ignored/	186a94ec2ab5d7d83c95e5da672a0ca8984ae005	sample-directory	blocked	BS1	BF2 must execute/classify the sample and attach profile/product evidence.	-
SVELTE-AA8172585E7C9F278C2A	runtime-runes	packages/svelte/tests/runtime-runes/samples/if-block-dependencies/	a10057ddfa7321e3593176adb986d18b94e262e7	sample-directory	blocked	BS1	BF2 must execute/classify the sample and attach profile/product evidence.	-
SVELTE-79A1C657188B10610585	runtime-runes	packages/svelte/tests/runtime-runes/samples/if-dependency-order-2/	11e45a4cceb13e18e939bbcf0a2b309515594165	sample-directory	blocked	BS1	BF2 must execute/classify the sample and attach profile/product evidence.	-
SVELTE-0AC32478D51275429A0D	runtime-runes	packages/svelte/tests/runtime-runes/samples/if-dependency-order/	546ac71d12a347c9b2a27761854a49f5e4ba5145	sample-directory	blocked	BS1	BF2 must execute/classify the sample and attach profile/product evidence.	-
SVELTE-FC2BFB02D0A0DD420F1C	runtime-runes	packages/svelte/tests/runtime-runes/samples/if-nested-template/	124195da17de2a3e6ce086bbf36cf8c4d5926aca	sample-directory	blocked	BS1	BF2 must execute/classify the sample and attach profile/product evidence.	-
SVELTE-20E147613EFCE941A706	runtime-runes	packages/svelte/tests/runtime-runes/samples/if-transition-inert/	4afc9474c3b78f49cf32502860f729682c82d469	sample-directory	blocked	BS1	BF2 must execute/classify the sample and attach profile/product evidence.	-
SVELTE-3EDCE631647B76085D7D	runtime-runes	packages/svelte/tests/runtime-runes/samples/if-transition-undefined/	b74ad0770596e562dadf10730b09fe810e2e2137	sample-directory	blocked	BS1	BF2 must execute/classify the sample and attach profile/product evidence.	-
SVELTE-66C5D09AF33B75D04B26	runtime-runes	packages/svelte/tests/runtime-runes/samples/image-loading-attribute/	8076bbd7cdd4a8757749585035e54374b04a328e	sample-directory	blocked	BS1	BF2 must execute/classify the sample and attach profile/product evidence.	-
SVELTE-1E0C48C998085F404C48	runtime-runes	packages/svelte/tests/runtime-runes/samples/img-loading-lazy-no-static/	cb5582ac729299cb65e626fb6518f8cea2f84f38	sample-directory	blocked	BS1	BF2 must execute/classify the sample and attach profile/product evidence.	-
SVELTE-A2D0CE56EA77E45F37C9	runtime-runes	packages/svelte/tests/runtime-runes/samples/increment-and-decrement-strings/	694dec9715333e7ce57a79c8834e34e8a2567fcb	sample-directory	blocked	BS1	BF2 must execute/classify the sample and attach profile/product evidence.	-
SVELTE-45B7C08FDF8CD9DD8C79	runtime-runes	packages/svelte/tests/runtime-runes/samples/inline-expressions/	4e8cae1fa540ef77ba79817ed92254e30bf7e9e8	sample-directory	blocked	BS1	BF2 must execute/classify the sample and attach profile/product evidence.	-
SVELTE-A4730711246F20EC9020	runtime-runes	packages/svelte/tests/runtime-runes/samples/input-type-before-value-spread/	ac4d2e8ca831b82ae74b8cea4d6f7ebd58063466	sample-directory	blocked	BS1	BF2 must execute/classify the sample and attach profile/product evidence.	-
SVELTE-7828426F31DDDEE15D2F	runtime-runes	packages/svelte/tests/runtime-runes/samples/inspect-console-trace/	b8cfac402e9c352e2bc0bd00d8bcb8e76781488a	sample-directory	blocked	BS1	BF2 must execute/classify the sample and attach profile/product evidence.	-
SVELTE-06E86D9042E82BA29FBF	runtime-runes	packages/svelte/tests/runtime-runes/samples/inspect-deep-array/	b5e25572b5b557371431c46f77dd95a696aeca17	sample-directory	blocked	BS1	BF2 must execute/classify the sample and attach profile/product evidence.	-
SVELTE-B17A82F5C0B7DF5D70F1	runtime-runes	packages/svelte/tests/runtime-runes/samples/inspect-deep/	85efa0087d7d2393067bbe48626b726976895424	sample-directory	blocked	BS1	BF2 must execute/classify the sample and attach profile/product evidence.	-
SVELTE-11E593BC87066CA64505	runtime-runes	packages/svelte/tests/runtime-runes/samples/inspect-derived-2/	7899ea2ad6ec01ef1cc161805194c84ac5bda1f3	sample-directory	blocked	BS1	BF2 must execute/classify the sample and attach profile/product evidence.	-
SVELTE-DED5C98B8999F7C236D7	runtime-runes	packages/svelte/tests/runtime-runes/samples/inspect-derived-3/	8d4cf1a1197ca9feedb7e994b2779a5e42b0ad45	sample-directory	blocked	BS1	BF2 must execute/classify the sample and attach profile/product evidence.	-
SVELTE-5870F15D355276E9FB5B	runtime-runes	packages/svelte/tests/runtime-runes/samples/inspect-derived-4/	f9b545fa8074f2f578be2bf3c0391490fd9b91b5	sample-directory	blocked	BS1	BF2 must execute/classify the sample and attach profile/product evidence.	-
SVELTE-086A3C675F4BDF8F480D	runtime-runes	packages/svelte/tests/runtime-runes/samples/inspect-derived-if-destroy/	bad3ad796a0b407dd381a15a58176ee9a5dfc22f	sample-directory	blocked	BS1	BF2 must execute/classify the sample and attach profile/product evidence.	-
SVELTE-0BDA536252ADFC92CB3D	runtime-runes	packages/svelte/tests/runtime-runes/samples/inspect-derived/	92c30110073a8463f7175a98e879548f5878dd54	sample-directory	blocked	BS1	BF2 must execute/classify the sample and attach profile/product evidence.	-
SVELTE-9D2E0C0C439F868F9DAA	runtime-runes	packages/svelte/tests/runtime-runes/samples/inspect-exception/	121dd7e17e6e145dd784cb91d2b28d05c60481ad	sample-directory	blocked	BS1	BF2 must execute/classify the sample and attach profile/product evidence.	-
SVELTE-F3637DFF784A9DC28DAE	runtime-runes	packages/svelte/tests/runtime-runes/samples/inspect-map-set/	3dce75108b5ab0e68a6da75c57a6a7b99ebfd7a7	sample-directory	blocked	BS1	BF2 must execute/classify the sample and attach profile/product evidence.	-
SVELTE-C6E1A9B0CF29E5084EF9	runtime-runes	packages/svelte/tests/runtime-runes/samples/inspect-multiple/	63905cf7ed4248b717c8db6eb2018349063e6fc2	sample-directory	blocked	BS1	BF2 must execute/classify the sample and attach profile/product evidence.	-
SVELTE-D852B771A37CE64CCB96	runtime-runes	packages/svelte/tests/runtime-runes/samples/inspect-nested-effect/	424d40102443139bcbc4f541845aaa8c8c6e0585	sample-directory	blocked	BS1	BF2 must execute/classify the sample and attach profile/product evidence.	-
SVELTE-06A6CCE4F0C5B523FB66	runtime-runes	packages/svelte/tests/runtime-runes/samples/inspect-nested-state/	0533f29933111adde2430f2bd9f46136126cd8df	sample-directory	blocked	BS1	BF2 must execute/classify the sample and attach profile/product evidence.	-
SVELTE-AECBA9C2B3112C8F18DA	runtime-runes	packages/svelte/tests/runtime-runes/samples/inspect-new-property/	68bda729c8ec4be87da1eda12264e72bfe4fdd2d	sample-directory	blocked	BS1	BF2 must execute/classify the sample and attach profile/product evidence.	-
SVELTE-CAE3D9500A0CFF3E9AEF	runtime-runes	packages/svelte/tests/runtime-runes/samples/inspect-recursive-2/	7ca52e95f784ca0bb173023457c9392ad9884da7	sample-directory	blocked	BS1	BF2 must execute/classify the sample and attach profile/product evidence.	-
SVELTE-A8AC07DB653624888848	runtime-runes	packages/svelte/tests/runtime-runes/samples/inspect-recursive/	a646f875c76f85aaebf124354a53fcf799c8303c	sample-directory	blocked	BS1	BF2 must execute/classify the sample and attach profile/product evidence.	-
SVELTE-3C31707F0738B8773BFF	runtime-runes	packages/svelte/tests/runtime-runes/samples/inspect-state-unsafe-mutation/	52388370edf21837631e4c400b4b77fdeadd3606	sample-directory	blocked	BS1	BF2 must execute/classify the sample and attach profile/product evidence.	-
SVELTE-A6B60D4C9BDA8AFF1D35	runtime-runes	packages/svelte/tests/runtime-runes/samples/inspect-trace-circular-reference/	3cfcc59c9f5ac1081ef3db56920640a31586f3bb	sample-directory	blocked	BS1	BF2 must execute/classify the sample and attach profile/product evidence.	-
SVELTE-903E56B263D785C5D10A	runtime-runes	packages/svelte/tests/runtime-runes/samples/inspect-trace-class/	f7fc2ac83df728f7d5b5548e2354ea000447617e	sample-directory	blocked	BS1	BF2 must execute/classify the sample and attach profile/product evidence.	-
SVELTE-F16E4E70FA0AF7A855DB	runtime-runes	packages/svelte/tests/runtime-runes/samples/inspect-trace-each/	57ba964e263c3b4924f57d9f191fccac39bbdb95	sample-directory	blocked	BS1	BF2 must execute/classify the sample and attach profile/product evidence.	-
SVELTE-B4E85A48BAF8C4003397	runtime-runes	packages/svelte/tests/runtime-runes/samples/inspect-trace-nested/	ff0d366d91766e217a3cd42d93d785d1b0780c25	sample-directory	blocked	BS1	BF2 must execute/classify the sample and attach profile/product evidence.	-
SVELTE-7C8854B41B78FFD6FD78	runtime-runes	packages/svelte/tests/runtime-runes/samples/inspect-trace-null/	0c9f516fba5929421dc49a0ec5da32b7361e1ee1	sample-directory	blocked	BS1	BF2 must execute/classify the sample and attach profile/product evidence.	-
SVELTE-0D28067B94B6B0212236	runtime-runes	packages/svelte/tests/runtime-runes/samples/inspect-trace-reassignment/	8435415ee18c7d9c26c77a54396254578fe85e83	sample-directory	blocked	BS1	BF2 must execute/classify the sample and attach profile/product evidence.	-
SVELTE-235FC5285DB3ABADB0C0	runtime-runes	packages/svelte/tests/runtime-runes/samples/inspect-trace-store/	8f749e5876d6ef8e213b6dca49277871f2a1afad	sample-directory	blocked	BS1	BF2 must execute/classify the sample and attach profile/product evidence.	-
SVELTE-003C2C02E33346C65EF2	runtime-runes	packages/svelte/tests/runtime-runes/samples/inspect-trace/	9195195f0b2dd5d0871f6e1f2d2d0f7439c51699	sample-directory	blocked	BS1	BF2 must execute/classify the sample and attach profile/product evidence.	-
SVELTE-5B2581D3B8350C0314D6	runtime-runes	packages/svelte/tests/runtime-runes/samples/inspect-with-untracked/	929588ee9f0e32fb7d83cb6c5876dff2bfda1988	sample-directory	blocked	BS1	BF2 must execute/classify the sample and attach profile/product evidence.	-
SVELTE-17FBC25D145F3B73D8E3	runtime-runes	packages/svelte/tests/runtime-runes/samples/inspect/	47f532ff02aac1b657ab1ef31a9ee6c36de47008	sample-directory	blocked	BS1	BF2 must execute/classify the sample and attach profile/product evidence.	-
SVELTE-14E206EB4C0D184CECAC	runtime-runes	packages/svelte/tests/runtime-runes/samples/invalid-html-ssr-ancestor/	0da846b2c9d0c561c0aae02a15e59742677525d7	sample-directory	blocked	BS1	BF2 must execute/classify the sample and attach profile/product evidence.	-
SVELTE-5A555E95C9A69904802E	runtime-runes	packages/svelte/tests/runtime-runes/samples/invalid-html-ssr/	8922fb30197b399b00c0fc821733da9cf07441ed	sample-directory	blocked	BS1	BF2 must execute/classify the sample and attach profile/product evidence.	-
SVELTE-C76669002CC984B9CD33	runtime-runes	packages/svelte/tests/runtime-runes/samples/invalidate-effect/	5ee46f770335040eefe38da5ae5a4cf9d631a425	sample-directory	blocked	BS1	BF2 must execute/classify the sample and attach profile/product evidence.	-
SVELTE-69A1E95CC5653FA6F52F	runtime-runes	packages/svelte/tests/runtime-runes/samples/key-nan/	25f5f91861d67cf857a0a1ea2e700c729434db41	sample-directory	blocked	BS1	BF2 must execute/classify the sample and attach profile/product evidence.	-
SVELTE-234E840633EF464AE772	runtime-runes	packages/svelte/tests/runtime-runes/samples/key-unchanged-value/	403ab980b75ec7f2c77722089b61aadc4ffa0554	sample-directory	blocked	BS1	BF2 must execute/classify the sample and attach profile/product evidence.	-
SVELTE-27C0B8F2ED156F6B7768	runtime-runes	packages/svelte/tests/runtime-runes/samples/labeled-statement-derived/	e0a43cf2c2c2a5b2f5923459634635f049f219e1	sample-directory	blocked	BS1	BF2 must execute/classify the sample and attach profile/product evidence.	-
SVELTE-09D18490047FCB1025CE	runtime-runes	packages/svelte/tests/runtime-runes/samples/legacy-class-transformation/	8001e2d59fd97ce44f1bb646441d32ea4431a075	sample-directory	blocked	BS1	BF2 must execute/classify the sample and attach profile/product evidence.	-
SVELTE-74B73E1EB033CD0637E0	runtime-runes	packages/svelte/tests/runtime-runes/samples/legacy-recursive-reactive-block/	eff6da5b5346f511579adcf279e8e7d144758245	sample-directory	blocked	BS1	BF2 must execute/classify the sample and attach profile/product evidence.	-
SVELTE-7970EEBDE02D94CB1893	runtime-runes	packages/svelte/tests/runtime-runes/samples/legacy-runes-ambiguous-explicit-false/	753df0bc2403ded9fd4b15abbdcea63cac1b0def	sample-directory	blocked	BS1	BF2 must execute/classify the sample and attach profile/product evidence.	-
SVELTE-2A9BD54CB4324A84B6AA	runtime-runes	packages/svelte/tests/runtime-runes/samples/legacy-runes-ambiguous-export-$$props/	d3431e4639284bc909241b5d8d3e77715ef5e2d4	sample-directory	blocked	BS1	BF2 must execute/classify the sample and attach profile/product evidence.	-
SVELTE-EEF5FF465FFCAFD5E22C	runtime-runes	packages/svelte/tests/runtime-runes/samples/legacy-runes-ambiguous-export-$$restProps/	bc6cc00ee7023845309fcdadf432e564c68d09d2	sample-directory	blocked	BS1	BF2 must execute/classify the sample and attach profile/product evidence.	-
SVELTE-77E4EC400F07949D13B9	runtime-runes	packages/svelte/tests/runtime-runes/samples/legacy-runes-ambiguous-export-const/	4049f647e49ebc8ee4d38ca2a3e53f6920d42aca	sample-directory	blocked	BS1	BF2 must execute/classify the sample and attach profile/product evidence.	-
SVELTE-3BF56A5A84BAD5428264	runtime-runes	packages/svelte/tests/runtime-runes/samples/legacy-runes-ambiguous-export-labeled/	4ae808034398616b0ba212ea096a4ab56ede1c5a	sample-directory	blocked	BS1	BF2 must execute/classify the sample and attach profile/product evidence.	-
SVELTE-0E0CD21CDECA0EDEB0F6	runtime-runes	packages/svelte/tests/runtime-runes/samples/legacy-runes-ambiguous-export-let-2/	c7622077280c71f1fbd8c5044265d46e37850f58	sample-directory	blocked	BS1	BF2 must execute/classify the sample and attach profile/product evidence.	-
SVELTE-9FBA8F9E1C4D1D166058	runtime-runes	packages/svelte/tests/runtime-runes/samples/legacy-runes-ambiguous-export-let/	6c21d733e0b3ea5f5d77c56a7db5285b0bd6fec3	sample-directory	blocked	BS1	BF2 must execute/classify the sample and attach profile/product evidence.	-
SVELTE-61C91101904C05F3094C	runtime-runes	packages/svelte/tests/runtime-runes/samples/legacy-runes-ambiguous/	0641d3768540dd5ed43b7619b88b1e7d022906bb	sample-directory	blocked	BS1	BF2 must execute/classify the sample and attach profile/product evidence.	-
SVELTE-998B5C4047F7CACD9860	runtime-runes	packages/svelte/tests/runtime-runes/samples/lifecycle-render-order-for-children-2/	37a7d67913e4171d61ab4238c93f905676e2c85e	sample-directory	blocked	BS1	BF2 must execute/classify the sample and attach profile/product evidence.	-
SVELTE-38C53F924960E7B061A2	runtime-runes	packages/svelte/tests/runtime-runes/samples/lifecycle-render-order-for-children-3/	a58fa3c2e60b75aab9d06b6dd1a8bc1536ea6a87	sample-directory	blocked	BS1	BF2 must execute/classify the sample and attach profile/product evidence.	-
SVELTE-12E86E4AD898FB2B961C	runtime-runes	packages/svelte/tests/runtime-runes/samples/lifecycle-render-order-for-children-4/	7b6c6ea579088209d81c1b2a4155abb427cc953c	sample-directory	blocked	BS1	BF2 must execute/classify the sample and attach profile/product evidence.	-
SVELTE-BB00CF2A16C365CA46CB	runtime-runes	packages/svelte/tests/runtime-runes/samples/lifecycle-render-order-for-children-5/	30a3242d661e3ae5245dccd189fe3b3bcded5b65	sample-directory	blocked	BS1	BF2 must execute/classify the sample and attach profile/product evidence.	-
SVELTE-8FA02C80DAE3B4EA6EBF	runtime-runes	packages/svelte/tests/runtime-runes/samples/lifecycle-render-order-for-children-6/	95802c6f28a9d523f46f543465c468627f0227e2	sample-directory	blocked	BS1	BF2 must execute/classify the sample and attach profile/product evidence.	-
SVELTE-5F4FA6E6753620508B5D	runtime-runes	packages/svelte/tests/runtime-runes/samples/lifecycle-render-order-for-children/	d886232083f9344443e06644107549973e9f18a5	sample-directory	blocked	BS1	BF2 must execute/classify the sample and attach profile/product evidence.	-
SVELTE-B6CBB94B362F246AE221	runtime-runes	packages/svelte/tests/runtime-runes/samples/manual-mount/	7e30b5fa7e52b5539b7f4028e8f445927d6d681c	sample-directory	blocked	BS1	BF2 must execute/classify the sample and attach profile/product evidence.	-
SVELTE-5C0346CAE9CEC90A4958	runtime-runes	packages/svelte/tests/runtime-runes/samples/mathml-namespace-infer/	103c651fe11aa11204db7128897f40f641540128	sample-directory	blocked	BS1	BF2 must execute/classify the sample and attach profile/product evidence.	-
SVELTE-0865FB8E24352B2B7204	runtime-runes	packages/svelte/tests/runtime-runes/samples/media-query/	2ce18de4b28ef64ebfa217e7bb68c64a7a1406fb	sample-directory	blocked	BS1	BF2 must execute/classify the sample and attach profile/product evidence.	-
SVELTE-5565DD25358BF74A3A56	runtime-runes	packages/svelte/tests/runtime-runes/samples/member-expression-component/	c74ef2220359b910d1900a91be59900d08d35585	sample-directory	blocked	BS1	BF2 must execute/classify the sample and attach profile/product evidence.	-
SVELTE-18C4874FF388DD94D172	runtime-runes	packages/svelte/tests/runtime-runes/samples/member-mutation/	4df37aab91dc0a6dd6875aeff1edea69f4ed0732	sample-directory	blocked	BS1	BF2 must execute/classify the sample and attach profile/product evidence.	-
SVELTE-53A8636244AB01B66425	runtime-runes	packages/svelte/tests/runtime-runes/samples/module-context-export/	1b6833cfc56df1d77b1f97df7bba0f805e9ca75c	sample-directory	blocked	BS1	BF2 must execute/classify the sample and attach profile/product evidence.	-
SVELTE-849A9123C91DC5771A94	runtime-runes	packages/svelte/tests/runtime-runes/samples/mount-intro-transition/	96e31acccf018e2a8ba19a97cfd2c84a58a0594d	sample-directory	blocked	BS1	BF2 must execute/classify the sample and attach profile/product evidence.	-
SVELTE-839F579B22E56B007F7A	runtime-runes	packages/svelte/tests/runtime-runes/samples/mount-props-updates/	0743f6cfdfdf5c058ccf5761607e7efb1143b33a	sample-directory	blocked	BS1	BF2 must execute/classify the sample and attach profile/product evidence.	-
SVELTE-884D01930BAD61C9CBD8	runtime-runes	packages/svelte/tests/runtime-runes/samples/mount-unmount-anchor/	dc1e53fa102e3f45f5dee26f1035d3e971906b5b	sample-directory	blocked	BS1	BF2 must execute/classify the sample and attach profile/product evidence.	-
SVELTE-FD699C6A7EF4EC8FAA5E	runtime-runes	packages/svelte/tests/runtime-runes/samples/multiple-head/	7b916eb9b9899e5d2ed0639d2029c69d551e317b	sample-directory	blocked	BS1	BF2 must execute/classify the sample and attach profile/product evidence.	-
SVELTE-A3271CF91BE2EF0AF486	runtime-runes	packages/svelte/tests/runtime-runes/samples/mutate-state-in-context-dev/	ecf5c65fa6e3a88f3165c1cb43b7c850a2ebef60	sample-directory	blocked	BS1	BF2 must execute/classify the sample and attach profile/product evidence.	-
SVELTE-2121DEBC9CE1EE5CB7FE	runtime-runes	packages/svelte/tests/runtime-runes/samples/mutation-both/	c59e6760cd6e6c017a04bb6c04fda91123ad453c	sample-directory	blocked	BS1	BF2 must execute/classify the sample and attach profile/product evidence.	-
SVELTE-47BD8DE492E4C5F193F9	runtime-runes	packages/svelte/tests/runtime-runes/samples/mutation-local/	89166092f7f244f09d65977fd199b933c1b9c974	sample-directory	blocked	BS1	BF2 must execute/classify the sample and attach profile/product evidence.	-
SVELTE-9BF62E4165AFAEFDB8AD	runtime-runes	packages/svelte/tests/runtime-runes/samples/mutation/	898fb3ce03c2a82c9a04b471889cac1b5d0bb9e6	sample-directory	blocked	BS1	BF2 must execute/classify the sample and attach profile/product evidence.	-
SVELTE-CEC54676824C6D472493	runtime-runes	packages/svelte/tests/runtime-runes/samples/muted-without-bind-works/	628d1d82b898bc418fc06e2ea1cdc38cb142c89f	sample-directory	blocked	BS1	BF2 must execute/classify the sample and attach profile/product evidence.	-
SVELTE-A6B8D2AE92F2E25C3399	runtime-runes	packages/svelte/tests/runtime-runes/samples/name-clash-hoisting/	c4aff97357ed4d68d31469369b05dcff0fb61d99	sample-directory	blocked	BS1	BF2 must execute/classify the sample and attach profile/product evidence.	-
SVELTE-287EE684E949AFF03897	runtime-runes	packages/svelte/tests/runtime-runes/samples/nested-destructure-assignment/	e51838d38b46f744cf9a57280bc34e89189f0d16	sample-directory	blocked	BS1	BF2 must execute/classify the sample and attach profile/product evidence.	-
SVELTE-A2C657E9B9A3A0BDF995	runtime-runes	packages/svelte/tests/runtime-runes/samples/nested-effect-conflict/	f6229951af7aebad5a5af8b17ca317278d4df33a	sample-directory	blocked	BS1	BF2 must execute/classify the sample and attach profile/product evidence.	-
SVELTE-32E3AE89014AFB01EE93	runtime-runes	packages/svelte/tests/runtime-runes/samples/nested-script-tag/	832cd555781932fd289654f7d84aa94a1fb615b9	sample-directory	blocked	BS1	BF2 must execute/classify the sample and attach profile/product evidence.	-
SVELTE-49CC40C7CFC2786B243C	runtime-runes	packages/svelte/tests/runtime-runes/samples/new-branch-reschedule-2/	ab556d79f9d256d9090275d5a2607dca42e55e84	sample-directory	blocked	BS1	BF2 must execute/classify the sample and attach profile/product evidence.	-
SVELTE-583859D890B140853B41	runtime-runes	packages/svelte/tests/runtime-runes/samples/new-branch-reschedule/	16c748c5ee0ed276d7bcdf768e19417627bbf7a5	sample-directory	blocked	BS1	BF2 must execute/classify the sample and attach profile/product evidence.	-
SVELTE-553E64C3671FDBDAA4AA	runtime-runes	packages/svelte/tests/runtime-runes/samples/non-configurable-errors/	92b1c8693f4c1f9aa633489789cae504220ec21a	sample-directory	blocked	BS1	BF2 must execute/classify the sample and attach profile/product evidence.	-
SVELTE-4E557FDD8FDA1720E358	runtime-runes	packages/svelte/tests/runtime-runes/samples/non-error-boundary-preserve-on-error/	26e097278d538adfbae9ccf2ce1e3b3636b28fb4	sample-directory	blocked	BS1	BF2 must execute/classify the sample and attach profile/product evidence.	-
SVELTE-467508466FAFB14D9FD8	runtime-runes	packages/svelte/tests/runtime-runes/samples/non-local-mutation-discouraged/	d2d418b271c840587060a68eb156695879e62dac	sample-directory	blocked	BS1	BF2 must execute/classify the sample and attach profile/product evidence.	-
SVELTE-D522A20CD154A82242B5	runtime-runes	packages/svelte/tests/runtime-runes/samples/non-local-mutation-global/	7a3a4cc966406d80a550cabaf6825e90d56fb5ba	sample-directory	blocked	BS1	BF2 must execute/classify the sample and attach profile/product evidence.	-
SVELTE-F6C8F94894907ED51FD8	runtime-runes	packages/svelte/tests/runtime-runes/samples/non-local-mutation-inherited-owner-1/	6eabcd9b67ed693ce197ef6ccd2570033b7da780	sample-directory	blocked	BS1	BF2 must execute/classify the sample and attach profile/product evidence.	-
SVELTE-056F6B96F306426B5CCB	runtime-runes	packages/svelte/tests/runtime-runes/samples/non-local-mutation-inherited-owner-2/	87c640167da705536764401255551aab25ef1627	sample-directory	blocked	BS1	BF2 must execute/classify the sample and attach profile/product evidence.	-
SVELTE-7A90048D0D8791BDC181	runtime-runes	packages/svelte/tests/runtime-runes/samples/non-local-mutation-inherited-owner-3/	1812529b418b80bd212895e0f8013b1bff7a9a97	sample-directory	blocked	BS1	BF2 must execute/classify the sample and attach profile/product evidence.	-
SVELTE-4A36BBF65A895AFD3532	runtime-runes	packages/svelte/tests/runtime-runes/samples/non-local-mutation-ok/	3409c2844370fe12cfe0cf496cbacc372c6d6187	sample-directory	blocked	BS1	BF2 must execute/classify the sample and attach profile/product evidence.	-
SVELTE-7F49AAE09092C4A9C145	runtime-runes	packages/svelte/tests/runtime-runes/samples/non-local-mutation-with-binding-2/	cdd8ba21b92f901e7285d98fb04918eab2653ec5	sample-directory	blocked	BS1	BF2 must execute/classify the sample and attach profile/product evidence.	-
SVELTE-971B527EFE9FD31CC7CF	runtime-runes	packages/svelte/tests/runtime-runes/samples/non-local-mutation-with-binding-3/	4c4ea64e8e54429893a914416187dc25eba87d27	sample-directory	blocked	BS1	BF2 must execute/classify the sample and attach profile/product evidence.	-
SVELTE-1DFAE787F680F179EF8C	runtime-runes	packages/svelte/tests/runtime-runes/samples/non-local-mutation-with-binding-4/	0337d4ff711b3ac9cd8a5264c085835fdb76221a	sample-directory	blocked	BS1	BF2 must execute/classify the sample and attach profile/product evidence.	-
SVELTE-CCD6AD5B079BD10CD1DC	runtime-runes	packages/svelte/tests/runtime-runes/samples/non-local-mutation-with-binding-5/	fa3f4b1420b4ab7d2d9fc6614233f0237822b961	sample-directory	blocked	BS1	BF2 must execute/classify the sample and attach profile/product evidence.	-
SVELTE-78CA91469F242B738A26	runtime-runes	packages/svelte/tests/runtime-runes/samples/non-local-mutation-with-binding-6/	6d525232c2cdf75dd5842536d8dd36d3f9e19cf1	sample-directory	blocked	BS1	BF2 must execute/classify the sample and attach profile/product evidence.	-
SVELTE-9BE3B7D8A4BB94922BB0	runtime-runes	packages/svelte/tests/runtime-runes/samples/non-local-mutation-with-binding-7/	14a916f49843e2dc537d7aaf3af297a8fcb8c49c	sample-directory	blocked	BS1	BF2 must execute/classify the sample and attach profile/product evidence.	-
SVELTE-754782E468813E4A02E5	runtime-runes	packages/svelte/tests/runtime-runes/samples/non-local-mutation-with-binding/	b41c2ead6f8197f0d14bb03c9773c2d9a23e183d	sample-directory	blocked	BS1	BF2 must execute/classify the sample and attach profile/product evidence.	-
SVELTE-F5CC6B4114B295A6D699	runtime-runes	packages/svelte/tests/runtime-runes/samples/not-actual-runes/	a577e5187300d25ce710ad2f1415f189cb823ade	sample-directory	blocked	BS1	BF2 must execute/classify the sample and attach profile/product evidence.	-
SVELTE-96822B7922F5E5587ACC	runtime-runes	packages/svelte/tests/runtime-runes/samples/nullish-actions/	8e084f500661bd8111d93728e48f586488af9f39	sample-directory	blocked	BS1	BF2 must execute/classify the sample and attach profile/product evidence.	-
SVELTE-79F3AE310C644C973CDC	runtime-runes	packages/svelte/tests/runtime-runes/samples/nullish-empty-string/	4f727cf02d516d953dab4c1173ed165eead478b6	sample-directory	blocked	BS1	BF2 must execute/classify the sample and attach profile/product evidence.	-
SVELTE-3F0200E7FF56254AAB32	runtime-runes	packages/svelte/tests/runtime-runes/samples/nullish-operator/	d976c73f162471ad5712256924c34bf1014a190c	sample-directory	blocked	BS1	BF2 must execute/classify the sample and attach profile/product evidence.	-
SVELTE-1379D88BD00AD2216DF3	runtime-runes	packages/svelte/tests/runtime-runes/samples/onmount-prop-access/	64f1fac42c9bf1e467339a00b9aacd73935c67b6	sample-directory	blocked	BS1	BF2 must execute/classify the sample and attach profile/product evidence.	-
SVELTE-61DE2E6609720C12E771	runtime-runes	packages/svelte/tests/runtime-runes/samples/optgroup-rich-content/	8a8e68a4a5275a3edd8171724d441baf6176c1f9	sample-directory	blocked	BS1	BF2 must execute/classify the sample and attach profile/product evidence.	-
SVELTE-EAE7AB9D604A4AE0451E	runtime-runes	packages/svelte/tests/runtime-runes/samples/option-rich-content/	1c8b9442d643151bbaff5f408f92fd499565b8ac	sample-directory	blocked	BS1	BF2 must execute/classify the sample and attach profile/product evidence.	-
SVELTE-BD229691EB09936E2041	runtime-runes	packages/svelte/tests/runtime-runes/samples/ownership-function-bindings/	b2ab89024cf9fc49d243af193a564d8d3866c66d	sample-directory	blocked	BS1	BF2 must execute/classify the sample and attach profile/product evidence.	-
SVELTE-E58D18604A4A88041C8F	runtime-runes	packages/svelte/tests/runtime-runes/samples/ownership-invalid-binding-bindable-fallback/	0ee941d5d7a17897fa6764c4bdfa619bcc379c37	sample-directory	blocked	BS1	BF2 must execute/classify the sample and attach profile/product evidence.	-
SVELTE-98DF330913CC6916E8D3	runtime-runes	packages/svelte/tests/runtime-runes/samples/ownership-invalid-binding-ignored/	d2ae8768975cad181581beb91d77207089e03360	sample-directory	blocked	BS1	BF2 must execute/classify the sample and attach profile/product evidence.	-
SVELTE-44063CDCAB66E9DFBE1A	runtime-runes	packages/svelte/tests/runtime-runes/samples/ownership-invalid-mutation-bindable-fallback/	639ccaaa9434ffce6467f114128e589ace7af2b6	sample-directory	blocked	BS1	BF2 must execute/classify the sample and attach profile/product evidence.	-
SVELTE-9CD71684478BA9915E1D	runtime-runes	packages/svelte/tests/runtime-runes/samples/ownership-invalid-mutation-ignored/	dc1d00e17ce8fb779ef2af360ac8dfc3ec787bea	sample-directory	blocked	BS1	BF2 must execute/classify the sample and attach profile/product evidence.	-
SVELTE-6BEBCE24409778E7BF49	runtime-runes	packages/svelte/tests/runtime-runes/samples/ownership-invalid-mutation-use-transform/	bf3dcf500e4b1e4d333d9d308876f31c25e81f5f	sample-directory	blocked	BS1	BF2 must execute/classify the sample and attach profile/product evidence.	-
SVELTE-967B9C8A64BEB10330FA	runtime-runes	packages/svelte/tests/runtime-runes/samples/ownership-with-proxy/	dbde174db46edd3aabe5ece7426f48851aec0811	sample-directory	blocked	BS1	BF2 must execute/classify the sample and attach profile/product evidence.	-
SVELTE-A598B652D3E04E5793BA	runtime-runes	packages/svelte/tests/runtime-runes/samples/pre-effect-ordering/	691dd1abc6943887fbfe4ba18de13ec47f60010b	sample-directory	blocked	BS1	BF2 must execute/classify the sample and attach profile/product evidence.	-
SVELTE-F065C28140F04ADBB34A	runtime-runes	packages/svelte/tests/runtime-runes/samples/pre-effect/	2c7c9e9c86e7f4d2007e73f0f5f9fee2ad4bfc0e	sample-directory	blocked	BS1	BF2 must execute/classify the sample and attach profile/product evidence.	-
SVELTE-6DC7CD59E7BBB44964FD	runtime-runes	packages/svelte/tests/runtime-runes/samples/pre-no-content/	0f18e2e251ebd3536e2ca03b801868ad56d6b578	sample-directory	blocked	BS1	BF2 must execute/classify the sample and attach profile/product evidence.	-
SVELTE-D6808987F8E3F16B1565	runtime-runes	packages/svelte/tests/runtime-runes/samples/private-identifiers-not-this/	58c75c5fcaab430ed5920be0a11ab7ca6fe6fb7b	sample-directory	blocked	BS1	BF2 must execute/classify the sample and attach profile/product evidence.	-
SVELTE-633AE2B12694BF7284B0	runtime-runes	packages/svelte/tests/runtime-runes/samples/props-alias-weird/	4a17ba172b2488d6b51270d6ec651135b2ded888	sample-directory	blocked	BS1	BF2 must execute/classify the sample and attach profile/product evidence.	-
SVELTE-4223EC077C699E4726B2	runtime-runes	packages/svelte/tests/runtime-runes/samples/props-alias/	bf66161c465996188cd50cd52721c9d7e3347931	sample-directory	blocked	BS1	BF2 must execute/classify the sample and attach profile/product evidence.	-
SVELTE-B640FA08281C204E2BE8	runtime-runes	packages/svelte/tests/runtime-runes/samples/props-and-slots/	0f44ad7f392d2a0e2480a617a51ca048eea499a9	sample-directory	blocked	BS1	BF2 must execute/classify the sample and attach profile/product evidence.	-
SVELTE-A0FBA0E97F69D69B42AB	runtime-runes	packages/svelte/tests/runtime-runes/samples/props-array-each/	c40b753e0f28305b0b5caa2431e20d48cc70b3e1	sample-directory	blocked	BS1	BF2 must execute/classify the sample and attach profile/product evidence.	-
SVELTE-CDF27671B5750CA46EEE	runtime-runes	packages/svelte/tests/runtime-runes/samples/props-assignment-tracking/	3c6bf4aee742ee1888068df59faf39c65ff01ec0	sample-directory	blocked	BS1	BF2 must execute/classify the sample and attach profile/product evidence.	-
SVELTE-070C4E72BD1A07DDEBE5	runtime-runes	packages/svelte/tests/runtime-runes/samples/props-bound-fallback/	458cf310436801ab8d9acf8362be427681a2dcf7	sample-directory	blocked	BS1	BF2 must execute/classify the sample and attach profile/product evidence.	-
SVELTE-7CCB6014F699D6BDA8F4	runtime-runes	packages/svelte/tests/runtime-runes/samples/props-bound-to-normal/	a5eeb2e003527e5f9a70d0afeec9bc3f01a21c36	sample-directory	blocked	BS1	BF2 must execute/classify the sample and attach profile/product evidence.	-
SVELTE-27015DF1EC580498609B	runtime-runes	packages/svelte/tests/runtime-runes/samples/props-bound/	fc5bba93b73a11e47b8757b3867dbdace27ff4b8	sample-directory	blocked	BS1	BF2 must execute/classify the sample and attach profile/product evidence.	-
SVELTE-C5F9C86FD9541474F1CF	runtime-runes	packages/svelte/tests/runtime-runes/samples/props-default-reactivity/	5b378fe8781a20ef9d170c1e7204f00b2e69709c	sample-directory	blocked	BS1	BF2 must execute/classify the sample and attach profile/product evidence.	-
SVELTE-8B86F43FEEE58A2F8799	runtime-runes	packages/svelte/tests/runtime-runes/samples/props-default-value-behavior/	967d183518de837bcf581f63236feeb6e05a058d	sample-directory	blocked	BS1	BF2 must execute/classify the sample and attach profile/product evidence.	-
SVELTE-D2D41D95E92424D21E34	runtime-runes	packages/svelte/tests/runtime-runes/samples/props-default-value-function/	a5df1106fa161ec6e1166f202fb5541ac81a1553	sample-directory	blocked	BS1	BF2 must execute/classify the sample and attach profile/product evidence.	-
SVELTE-286C5A2BE03AA231E69C	runtime-runes	packages/svelte/tests/runtime-runes/samples/props-default-value-lazy-accessors/	ca43ad08cd41a6c8a7c777ba9f2b65444c4c0df9	sample-directory	blocked	BS1	BF2 must execute/classify the sample and attach profile/product evidence.	-
SVELTE-0D3E3E2B3502F9A363D8	runtime-runes	packages/svelte/tests/runtime-runes/samples/props-default-value-lazy/	f903bd19b292c74c01d62411a7ab63e5dc840c3a	sample-directory	blocked	BS1	BF2 must execute/classify the sample and attach profile/product evidence.	-
SVELTE-DA77E1734F5B7D4D4171	runtime-runes	packages/svelte/tests/runtime-runes/samples/props-default-value-reactivity/	cd4fa28100fa449d6df396c4a130373301333f20	sample-directory	blocked	BS1	BF2 must execute/classify the sample and attach profile/product evidence.	-
SVELTE-9121DF51133068D9298C	runtime-runes	packages/svelte/tests/runtime-runes/samples/props-default-value-rest/	ac07af674f90f452edcfb7cd6fdb96f262c9d479	sample-directory	blocked	BS1	BF2 must execute/classify the sample and attach profile/product evidence.	-
SVELTE-207B070ADE7A6559ABC0	runtime-runes	packages/svelte/tests/runtime-runes/samples/props-derived-2/	c69c5406272e21855751373f44569e66459b1407	sample-directory	blocked	BS1	BF2 must execute/classify the sample and attach profile/product evidence.	-
SVELTE-63E5D505F44BEC321AF2	runtime-runes	packages/svelte/tests/runtime-runes/samples/props-derived-teardown/	693221b9c300194b0ea8ab09271006ad4ba938d2	sample-directory	blocked	BS1	BF2 must execute/classify the sample and attach profile/product evidence.	-
SVELTE-F8C3FAEE40F01E0FB924	runtime-runes	packages/svelte/tests/runtime-runes/samples/props-derived/	ad284b07ce503b3aae654116def35b0ccb6d6b0b	sample-directory	blocked	BS1	BF2 must execute/classify the sample and attach profile/product evidence.	-
SVELTE-B9F047BE78D620BAEE71	runtime-runes	packages/svelte/tests/runtime-runes/samples/props-equality/	02b8ca2370c41744dc95e165a90f1003f86915c5	sample-directory	blocked	BS1	BF2 must execute/classify the sample and attach profile/product evidence.	-
SVELTE-B6BDF4FE2CCA23DC2681	runtime-runes	packages/svelte/tests/runtime-runes/samples/props-id-prefix/	e20d0523762d6d0b40dee7ed0c26907a341d62f4	sample-directory	blocked	BS1	BF2 must execute/classify the sample and attach profile/product evidence.	-
SVELTE-BC6580F3ED6C9CFE6DDD	runtime-runes	packages/svelte/tests/runtime-runes/samples/props-id/	7e3b3e69a143f12e570c5ed976c25aa653d616f8	sample-directory	blocked	BS1	BF2 must execute/classify the sample and attach profile/product evidence.	-
SVELTE-75C5C59164420DB1539E	runtime-runes	packages/svelte/tests/runtime-runes/samples/props-local-teardown/	4ff73a0b02575f5fcda956857d4a367d7d391124	sample-directory	blocked	BS1	BF2 must execute/classify the sample and attach profile/product evidence.	-
SVELTE-1382E68D7B4C2BEC8CEC	runtime-runes	packages/svelte/tests/runtime-runes/samples/props-quoted/	6ae80b699d1fa067f30315d631619421534e82ea	sample-directory	blocked	BS1	BF2 must execute/classify the sample and attach profile/product evidence.	-
SVELTE-3852A2FB14C1FF1E39CB	runtime-runes	packages/svelte/tests/runtime-runes/samples/props-reactive-destroy/	3f6c78c3ad1ad2d8561d9b4e76b4a0d8a0823f4b	sample-directory	blocked	BS1	BF2 must execute/classify the sample and attach profile/product evidence.	-
SVELTE-D3E2F1CA71F5515F8AED	runtime-runes	packages/svelte/tests/runtime-runes/samples/props-rest-2/	f96f9cd5131a46d9f3e54ab268db019b31360aaf	sample-directory	blocked	BS1	BF2 must execute/classify the sample and attach profile/product evidence.	-
SVELTE-5BC2BAB839CDAC94158C	runtime-runes	packages/svelte/tests/runtime-runes/samples/props-rest/	d0255fd440a5ea3cfee07e6c684bbe05007cd3df	sample-directory	blocked	BS1	BF2 must execute/classify the sample and attach profile/product evidence.	-
SVELTE-2D1F442B1E2AB679DDA5	runtime-runes	packages/svelte/tests/runtime-runes/samples/props-spread-fallback/	4591089fbc208da35f1168d08b29d3b20b48fb6f	sample-directory	blocked	BS1	BF2 must execute/classify the sample and attach profile/product evidence.	-
SVELTE-30F55CFF91B9483EA637	runtime-runes	packages/svelte/tests/runtime-runes/samples/props-spread-operator/	3cb26bd0dccbcb7b1c520a8cbcbb6ac98d3f09df	sample-directory	blocked	BS1	BF2 must execute/classify the sample and attach profile/product evidence.	-
SVELTE-236B8E6A2C2031E4FD16	runtime-runes	packages/svelte/tests/runtime-runes/samples/props/	7ff80ae5849df3d6f6cc75b1381fa53446815df1	sample-directory	blocked	BS1	BF2 must execute/classify the sample and attach profile/product evidence.	-
SVELTE-D0D91C2AFD287F55E836	runtime-runes	packages/svelte/tests/runtime-runes/samples/proxied-state-property-access/	6311b8bec0447e282381c6639ad8f8e8d28f4b27	sample-directory	blocked	BS1	BF2 must execute/classify the sample and attach profile/product evidence.	-
SVELTE-A844BAEC0A2C1503EA87	runtime-runes	packages/svelte/tests/runtime-runes/samples/proxy-array-length/	fe9dd29e9f1d406a033469949220a2c9d4ea2569	sample-directory	blocked	BS1	BF2 must execute/classify the sample and attach profile/product evidence.	-
SVELTE-E81FA8FBBBFEDCD7E4C4	runtime-runes	packages/svelte/tests/runtime-runes/samples/proxy-array/	6fa2e2e1a41c7d4c7a97644fc32a0c592e8c557c	sample-directory	blocked	BS1	BF2 must execute/classify the sample and attach profile/product evidence.	-
SVELTE-410F0702368A388E87B8	runtime-runes	packages/svelte/tests/runtime-runes/samples/proxy-coercive-assignment-warning/	def55262ee8298a74a96331daf74982f78d79b9f	sample-directory	blocked	BS1	BF2 must execute/classify the sample and attach profile/product evidence.	-
SVELTE-33CB00EB23B889F50C5F	runtime-runes	packages/svelte/tests/runtime-runes/samples/proxy-coercive-assignment/	1a191819e67ef03c0c59e79bb63aee145078279f	sample-directory	blocked	BS1	BF2 must execute/classify the sample and attach profile/product evidence.	-
SVELTE-8128116F6DF036FC1C23	runtime-runes	packages/svelte/tests/runtime-runes/samples/proxy-cyclical/	800b93c28b2ef56eb63e7946d653a03bd6ad6749	sample-directory	blocked	BS1	BF2 must execute/classify the sample and attach profile/product evidence.	-
SVELTE-DD8F8257925268AECFD5	runtime-runes	packages/svelte/tests/runtime-runes/samples/proxy-deep/	6e2296f61f1a5aa2bd277bf62dbc06b9e8506e8e	sample-directory	blocked	BS1	BF2 must execute/classify the sample and attach profile/product evidence.	-
SVELTE-C7F99818553E701CE330	runtime-runes	packages/svelte/tests/runtime-runes/samples/proxy-nested/	c8b8f998ebf5f0cd3c5d28ee104a88517fb3d377	sample-directory	blocked	BS1	BF2 must execute/classify the sample and attach profile/product evidence.	-
SVELTE-AC62E7D39BCE9BD40B33	runtime-runes	packages/svelte/tests/runtime-runes/samples/proxy-not-shared/	3b4c791b66de565c8ab036d35d2d56a0c84713e1	sample-directory	blocked	BS1	BF2 must execute/classify the sample and attach profile/product evidence.	-
SVELTE-DA4C243CA7DB341B62DA	runtime-runes	packages/svelte/tests/runtime-runes/samples/proxy-prop-bound/	57be9605e9bfbcdf8441f9ed2c4c85dd5722c037	sample-directory	blocked	BS1	BF2 must execute/classify the sample and attach profile/product evidence.	-
SVELTE-6555CE85B40EA72E6A02	runtime-runes	packages/svelte/tests/runtime-runes/samples/proxy-set-accessor/	b3b1a78da3229095401c6915635a72de7d796723	sample-directory	blocked	BS1	BF2 must execute/classify the sample and attach profile/product evidence.	-
SVELTE-67F32DDFF1537147E31D	runtime-runes	packages/svelte/tests/runtime-runes/samples/proxy-set-with-parent/	ea6b5110de3917f27efa52782355a616a8e90892	sample-directory	blocked	BS1	BF2 must execute/classify the sample and attach profile/product evidence.	-
SVELTE-C9406D9EC437DF399F69	runtime-runes	packages/svelte/tests/runtime-runes/samples/proxy/	245ec4c564929b4d867f5e871da2e491a05cfaa6	sample-directory	blocked	BS1	BF2 must execute/classify the sample and attach profile/product evidence.	-
SVELTE-BC04954C8879C99ABFC7	runtime-runes	packages/svelte/tests/runtime-runes/samples/random/	2f065e22f32996b8edd04491dcfcd4c58f45a06b	sample-directory	blocked	BS1	BF2 must execute/classify the sample and attach profile/product evidence.	-
SVELTE-54359450B528B3942C20	runtime-runes	packages/svelte/tests/runtime-runes/samples/reactive-date/	805946d5f12a7e4c7f1d4cbf582929314243cbcf	sample-directory	blocked	BS1	BF2 must execute/classify the sample and attach profile/product evidence.	-
SVELTE-38E35F83D918280685A0	runtime-runes	packages/svelte/tests/runtime-runes/samples/reactive-identifier/	bda589af280b094f3386d1d8163d6d9c3f862458	sample-directory	blocked	BS1	BF2 must execute/classify the sample and attach profile/product evidence.	-
SVELTE-8505CAF41CBEFC289889	runtime-runes	packages/svelte/tests/runtime-runes/samples/reactive-map/	c4d75546fe94fcb69b8b9a12cd318a3505588ca2	sample-directory	blocked	BS1	BF2 must execute/classify the sample and attach profile/product evidence.	-
SVELTE-4BA712501BAB3767B4EF	runtime-runes	packages/svelte/tests/runtime-runes/samples/reactive-set/	55a493ca03e9f35afcb10c760172108dbcb8485d	sample-directory	blocked	BS1	BF2 must execute/classify the sample and attach profile/product evidence.	-
SVELTE-F4264D1F27629F3D2D2F	runtime-runes	packages/svelte/tests/runtime-runes/samples/reactive-to-string/	7496f8ce17184667bfd00a5d75e021e85a98f01b	sample-directory	blocked	BS1	BF2 must execute/classify the sample and attach profile/product evidence.	-
SVELTE-3955EC60EC44E1555D10	runtime-runes	packages/svelte/tests/runtime-runes/samples/reactive-url/	69e31b8f2acb7acf8f4d079c05315b4e7452c910	sample-directory	blocked	BS1	BF2 must execute/classify the sample and attach profile/product evidence.	-
SVELTE-B79FA6A9ED7A24C69091	runtime-runes	packages/svelte/tests/runtime-runes/samples/read-version-previous-reaction/	6149722fc06d2335481c2e9ace66e6fecb936ebd	sample-directory	blocked	BS1	BF2 must execute/classify the sample and attach profile/product evidence.	-
SVELTE-E38AE8011F97C6794E85	runtime-runes	packages/svelte/tests/runtime-runes/samples/readonly-state-push/	4c16d42b94e8d6fc6b155b1ecb48fa57f0f64499	sample-directory	blocked	BS1	BF2 must execute/classify the sample and attach profile/product evidence.	-
SVELTE-63473A6B8D4F7FE90DC1	runtime-runes	packages/svelte/tests/runtime-runes/samples/readonly-state-replace/	f065d5ecb9d7c7c0773fcedc433a2768a28b375a	sample-directory	blocked	BS1	BF2 must execute/classify the sample and attach profile/product evidence.	-
SVELTE-F64B00526111B585E256	runtime-runes	packages/svelte/tests/runtime-runes/samples/readonly-state/	06e784f60e66260e0e2e94b2d3fef32a1fdca2c0	sample-directory	blocked	BS1	BF2 must execute/classify the sample and attach profile/product evidence.	-
SVELTE-4C0D859275376C8FFB99	runtime-runes	packages/svelte/tests/runtime-runes/samples/reassigned-store-not-state/	fbcda148d027be9e06f3808f6fcc1e4f8d14e4b6	sample-directory	blocked	BS1	BF2 must execute/classify the sample and attach profile/product evidence.	-
SVELTE-288E59D48147A0AEDAD5	runtime-runes	packages/svelte/tests/runtime-runes/samples/remove-spreaded-handlers/	dd71da134731b0593ebd52b1784140756c5ee6c0	sample-directory	blocked	BS1	BF2 must execute/classify the sample and attach profile/product evidence.	-
SVELTE-ABF51474196F454D36F0	runtime-runes	packages/svelte/tests/runtime-runes/samples/rest-props-excludes-properties/	9e28c87d9144e5817c870d9b34e9bdc65822ca97	sample-directory	blocked	BS1	BF2 must execute/classify the sample and attach profile/product evidence.	-
SVELTE-DF82138E50482EFA6C1A	runtime-runes	packages/svelte/tests/runtime-runes/samples/rich-option-component/	0f07a100777c64a2bc0c79ca16deeda2fbee8bf9	sample-directory	blocked	BS1	BF2 must execute/classify the sample and attach profile/product evidence.	-
SVELTE-5AC5A979269B97B45336	runtime-runes	packages/svelte/tests/runtime-runes/samples/rune-name-used-by-rune/	a420c5ba76025e3fc59ffdc8eb5af048019b051d	sample-directory	blocked	BS1	BF2 must execute/classify the sample and attach profile/product evidence.	-
SVELTE-9E5AD1D462F21CB87F08	runtime-runes	packages/svelte/tests/runtime-runes/samples/runes-from-func/	47b60564e0af14f9221670fdca0d1c3f1e223aae	sample-directory	blocked	BS1	BF2 must execute/classify the sample and attach profile/product evidence.	-
SVELTE-A8F48ADC1D070800B1F9	runtime-runes	packages/svelte/tests/runtime-runes/samples/runes-in-module-context/	27c7b57c2a7d64cc3f29f1a6c2d534eb6a7acf6e	sample-directory	blocked	BS1	BF2 must execute/classify the sample and attach profile/product evidence.	-
SVELTE-3D273CD38904A192A46E	runtime-runes	packages/svelte/tests/runtime-runes/samples/select-falsy-value/	4d10a6d2a612044f1fbf060690e3e4cf14355086	sample-directory	blocked	BS1	BF2 must execute/classify the sample and attach profile/product evidence.	-
SVELTE-5F9F901AF6A43FDC2D88	runtime-runes	packages/svelte/tests/runtime-runes/samples/select-multiple-invalid-value/	4699e2d70e3fc1858d8cf01a846a84bb5dc624fb	sample-directory	blocked	BS1	BF2 must execute/classify the sample and attach profile/product evidence.	-
SVELTE-CC72393AB80052A5570E	runtime-runes	packages/svelte/tests/runtime-runes/samples/select-option-added/	3c3d092d2c82e807ee32ee304b90d183c895365a	sample-directory	blocked	BS1	BF2 must execute/classify the sample and attach profile/product evidence.	-
SVELTE-2D50CC2FEFB6586EC290	runtime-runes	packages/svelte/tests/runtime-runes/samples/select-spread-option-selected/	c09f418e59d2729760e06c6b8d46f00aaa977417	sample-directory	blocked	BS1	BF2 must execute/classify the sample and attach profile/product evidence.	-
SVELTE-3FCD0546C65092928EC0	runtime-runes	packages/svelte/tests/runtime-runes/samples/select-value-with-call/	789e98b0e0243fe5e0856af19d7bafd9c6535a01	sample-directory	blocked	BS1	BF2 must execute/classify the sample and attach profile/product evidence.	-
SVELTE-0BA271CBF3F6EA5DE07D	runtime-runes	packages/svelte/tests/runtime-runes/samples/set-context-after-await/	8f682fa72a6a570ab8f178f972382bdbcab2751a	sample-directory	blocked	BS1	BF2 must execute/classify the sample and attach profile/product evidence.	-
SVELTE-F6FC599FA6B3FB20404F	runtime-runes	packages/svelte/tests/runtime-runes/samples/set-context-after-mount/	0f75d0a75c171c6fe9601b75f05b40df8ecaf271	sample-directory	blocked	BS1	BF2 must execute/classify the sample and attach profile/product evidence.	-
SVELTE-30F3F4DE4780B4CCCCC8	runtime-runes	packages/svelte/tests/runtime-runes/samples/set-text-stable-coercion/	4e718d78c33c201ac17069944c01414a5e6eb194	sample-directory	blocked	BS1	BF2 must execute/classify the sample and attach profile/product evidence.	-
SVELTE-F661A320F2EE2A40D670	runtime-runes	packages/svelte/tests/runtime-runes/samples/side-effect-derived-array/	8a9df18a36699e0987cf3b92dc6cd86ded71793a	sample-directory	blocked	BS1	BF2 must execute/classify the sample and attach profile/product evidence.	-
SVELTE-3869A1FF5F39E65D3E94	runtime-runes	packages/svelte/tests/runtime-runes/samples/side-effect-derived-date/	7be695aa4b59af82464f659ee8c832626ef9a831	sample-directory	blocked	BS1	BF2 must execute/classify the sample and attach profile/product evidence.	-
SVELTE-67F09648520CC326425F	runtime-runes	packages/svelte/tests/runtime-runes/samples/side-effect-derived-map/	15c0c42124d9e99d3abacf1ce285eaf4ff7aca36	sample-directory	blocked	BS1	BF2 must execute/classify the sample and attach profile/product evidence.	-
SVELTE-90894D5DA0F407592452	runtime-runes	packages/svelte/tests/runtime-runes/samples/side-effect-derived-object/	462d0258b1c467e6cebb657b648d0d4091c8e63a	sample-directory	blocked	BS1	BF2 must execute/classify the sample and attach profile/product evidence.	-
SVELTE-742E896288933B8CA53D	runtime-runes	packages/svelte/tests/runtime-runes/samples/side-effect-derived-primitive/	81098c4be247fbc7c5dce0f97dd284f4a79ffaee	sample-directory	blocked	BS1	BF2 must execute/classify the sample and attach profile/product evidence.	-
SVELTE-8B17916B79FDC99B5EEF	runtime-runes	packages/svelte/tests/runtime-runes/samples/side-effect-derived-set/	90837fc857769f2ae12cf81404abfa8fad592949	sample-directory	blocked	BS1	BF2 must execute/classify the sample and attach profile/product evidence.	-
SVELTE-B0572318BCFDE45542CE	runtime-runes	packages/svelte/tests/runtime-runes/samples/side-effect-derived-spring/	05208ea8a650eb957b5862050c027e57705a8825	sample-directory	blocked	BS1	BF2 must execute/classify the sample and attach profile/product evidence.	-
SVELTE-77CD68250F19F1C1AEE5	runtime-runes	packages/svelte/tests/runtime-runes/samples/side-effect-derived-tween/	17f2337b9ac67211fca51a6c4c292f56fcbcf9cf	sample-directory	blocked	BS1	BF2 must execute/classify the sample and attach profile/product evidence.	-
SVELTE-B7FB6667BB6BD3F95778	runtime-runes	packages/svelte/tests/runtime-runes/samples/side-effect-derived-url-search-params/	66aa80d274de13e24c64272b3768d95760580c0f	sample-directory	blocked	BS1	BF2 must execute/classify the sample and attach profile/product evidence.	-
SVELTE-7B85D5C87E504D5138FD	runtime-runes	packages/svelte/tests/runtime-runes/samples/side-effect-derived-url/	f31973c87f14f7f323e6f6824c679a7c0687440e	sample-directory	blocked	BS1	BF2 must execute/classify the sample and attach profile/product evidence.	-
SVELTE-A1319122F9111096C121	runtime-runes	packages/svelte/tests/runtime-runes/samples/side-effect-each/	ed347890b96851ac642704b4b9c5b8ce5d87b33a	sample-directory	blocked	BS1	BF2 must execute/classify the sample and attach profile/product evidence.	-
SVELTE-7A53CD42A5393A72318D	runtime-runes	packages/svelte/tests/runtime-runes/samples/side-effect-template/	7dc8c5fbac15a269c18c4891f1cab8920337337b	sample-directory	blocked	BS1	BF2 must execute/classify the sample and attach profile/product evidence.	-
SVELTE-2BCA0CC2659061F5EF7F	runtime-runes	packages/svelte/tests/runtime-runes/samples/slot-static/	28f029cff1da6442464f39bb78d44b7815d83d29	sample-directory	blocked	BS1	BF2 must execute/classify the sample and attach profile/product evidence.	-
SVELTE-8ED2571F6CCBB92E446F	runtime-runes	packages/svelte/tests/runtime-runes/samples/slot-svelte-fragment-render-tag/	4fb0f404fade076786f30685892b649391bd385b	sample-directory	blocked	BS1	BF2 must execute/classify the sample and attach profile/product evidence.	-
SVELTE-E2E81E37E7DD5C09A6A3	runtime-runes	packages/svelte/tests/runtime-runes/samples/slot/	d4959fdc7042a113cbdd32dbf02ecea8c1feade3	sample-directory	blocked	BS1	BF2 must execute/classify the sample and attach profile/product evidence.	-
SVELTE-B85E07556AA0A5DD697B	runtime-runes	packages/svelte/tests/runtime-runes/samples/snippet-access-in-script/	6185cfb1e69f30a7c5d450433631d2a26e7901d5	sample-directory	blocked	BS1	BF2 must execute/classify the sample and attach profile/product evidence.	-
SVELTE-B21007165474A5C41B03	runtime-runes	packages/svelte/tests/runtime-runes/samples/snippet-after-text/	81631355b90d2e9b773cca8cca5fd8794bd08a69	sample-directory	blocked	BS1	BF2 must execute/classify the sample and attach profile/product evidence.	-
SVELTE-3240A824A3E5C7887D66	runtime-runes	packages/svelte/tests/runtime-runes/samples/snippet-argument-call-expression/	285018bcbf97e14dcc28fc5eef4bdeb21753739c	sample-directory	blocked	BS1	BF2 must execute/classify the sample and attach profile/product evidence.	-
SVELTE-360EF5D7E852CF106B46	runtime-runes	packages/svelte/tests/runtime-runes/samples/snippet-argument-destructured-multiple/	6772d17307c96829996fd92859349c360a76ec87	sample-directory	blocked	BS1	BF2 must execute/classify the sample and attach profile/product evidence.	-
SVELTE-C5860B85A4D2082689DF	runtime-runes	packages/svelte/tests/runtime-runes/samples/snippet-argument-destructured/	377c755a52464f7482ee79e33190146adfc71298	sample-directory	blocked	BS1	BF2 must execute/classify the sample and attach profile/product evidence.	-
SVELTE-EF2C07827A15E0126836	runtime-runes	packages/svelte/tests/runtime-runes/samples/snippet-argument-multiple/	0f01ff52cafa5e9fd3a2b94b5799a7fb9d102118	sample-directory	blocked	BS1	BF2 must execute/classify the sample and attach profile/product evidence.	-
SVELTE-766033C7CCE0D8094577	runtime-runes	packages/svelte/tests/runtime-runes/samples/snippet-argument/	c8865290ecc7ae835d1a23dc559eb304bb567673	sample-directory	blocked	BS1	BF2 must execute/classify the sample and attach profile/product evidence.	-
SVELTE-B916577404CFC4FF0D1A	runtime-runes	packages/svelte/tests/runtime-runes/samples/snippet-block-without-render-tag-dev/	9f04e62eb22029c22765d6a1e3f22b85c02830c7	sample-directory	blocked	BS1	BF2 must execute/classify the sample and attach profile/product evidence.	-
SVELTE-9B5A80478B8EE4CC915B	runtime-runes	packages/svelte/tests/runtime-runes/samples/snippet-block-without-render-tag-prod/	20b3257f6584b0989ea470ab333ab6fa4d845430	sample-directory	blocked	BS1	BF2 must execute/classify the sample and attach profile/product evidence.	-
SVELTE-E831E5C948C8E88D77A0	runtime-runes	packages/svelte/tests/runtime-runes/samples/snippet-children-without-render-tag-dev-prod/	d61666493836528da312daac5492602f2ef13f89	sample-directory	blocked	BS1	BF2 must execute/classify the sample and attach profile/product evidence.	-
SVELTE-16F7A93B61C5C6AC9C5A	runtime-runes	packages/svelte/tests/runtime-runes/samples/snippet-children-without-render-tag-dev/	7a8d5deab717c16d723342c77216c2241c65fc33	sample-directory	blocked	BS1	BF2 must execute/classify the sample and attach profile/product evidence.	-
SVELTE-04B09BA86C66581C398B	runtime-runes	packages/svelte/tests/runtime-runes/samples/snippet-comment-sibling/	0af81eda49ccb990c14bd53d5fc43d3038558fa5	sample-directory	blocked	BS1	BF2 must execute/classify the sample and attach profile/product evidence.	-
SVELTE-18727D8E358589165DD3	runtime-runes	packages/svelte/tests/runtime-runes/samples/snippet-complicated-defaults/	a55cb56464b8f28e960b2760e12382e0cd809e4f	sample-directory	blocked	BS1	BF2 must execute/classify the sample and attach profile/product evidence.	-
SVELTE-D095FB4CB677EDF66B09	runtime-runes	packages/svelte/tests/runtime-runes/samples/snippet-const-same-block/	24a94d454d829d6ae18a95ffd05794af85da2a50	sample-directory	blocked	BS1	BF2 must execute/classify the sample and attach profile/product evidence.	-
SVELTE-9F5545385CF2BA98F10C	runtime-runes	packages/svelte/tests/runtime-runes/samples/snippet-const/	fb359422240d4c7428a27fa94e9b2e1bb2cb8e2c	sample-directory	blocked	BS1	BF2 must execute/classify the sample and attach profile/product evidence.	-
SVELTE-91A1E66A065663D5384F	runtime-runes	packages/svelte/tests/runtime-runes/samples/snippet-deconflict/	e51f2152ddcb32b6a5f7bbc4e02e38d7b40915ea	sample-directory	blocked	BS1	BF2 must execute/classify the sample and attach profile/product evidence.	-
SVELTE-B7675A88EDA25A07C0A3	runtime-runes	packages/svelte/tests/runtime-runes/samples/snippet-default-arg/	582460496edbf4efedc7009050f378944e565a9e	sample-directory	blocked	BS1	BF2 must execute/classify the sample and attach profile/product evidence.	-
SVELTE-859374DF9F13C66F0E15	runtime-runes	packages/svelte/tests/runtime-runes/samples/snippet-destructure-array/	98e2dac6d6cdabddae8de72e35b20f012c1725a4	sample-directory	blocked	BS1	BF2 must execute/classify the sample and attach profile/product evidence.	-
SVELTE-6A9844AB44C06BA9612F	runtime-runes	packages/svelte/tests/runtime-runes/samples/snippet-duplicate-children/	82258992bfe51d0acb9bc8e7cd864340940fea1f	sample-directory	blocked	BS1	BF2 must execute/classify the sample and attach profile/product evidence.	-
SVELTE-FBF8F30FD7A1B11679EB	runtime-runes	packages/svelte/tests/runtime-runes/samples/snippet-dynamic-children/	ba64df4ec4fee9589319555561a8287ed8e522d6	sample-directory	blocked	BS1	BF2 must execute/classify the sample and attach profile/product evidence.	-
SVELTE-2D41AFD0BCD087F1FD5A	runtime-runes	packages/svelte/tests/runtime-runes/samples/snippet-expressions/	6d1374ce511e606e2f3aa5f50d569e2494e8e3eb	sample-directory	blocked	BS1	BF2 must execute/classify the sample and attach profile/product evidence.	-
SVELTE-D299A326270913E360EB	runtime-runes	packages/svelte/tests/runtime-runes/samples/snippet-hoisted-module-2/	503ebe2273f58ca675a30dabb02e21a8850bde1a	sample-directory	blocked	BS1	BF2 must execute/classify the sample and attach profile/product evidence.	-
SVELTE-DB396E199408C9729500	runtime-runes	packages/svelte/tests/runtime-runes/samples/snippet-hoisted-module/	b625efbf363a4f01731da15f7ef8efa261b668ea	sample-directory	blocked	BS1	BF2 must execute/classify the sample and attach profile/product evidence.	-
SVELTE-FC1B36AD27321F0B0BEB	runtime-runes	packages/svelte/tests/runtime-runes/samples/snippet-hoisting-2/	7c64f7173df611d395779d2d45347e0ee19e4739	sample-directory	blocked	BS1	BF2 must execute/classify the sample and attach profile/product evidence.	-
SVELTE-37DBFA2D063B2AD9D635	runtime-runes	packages/svelte/tests/runtime-runes/samples/snippet-hoisting-3/	78be384136d4eccfb3b93d88b982c82d59d42712	sample-directory	blocked	BS1	BF2 must execute/classify the sample and attach profile/product evidence.	-
SVELTE-4386777944DAD098A90A	runtime-runes	packages/svelte/tests/runtime-runes/samples/snippet-hoisting-4/	ca996c5814420279000b5bfb75f7b5605fe3f80a	sample-directory	blocked	BS1	BF2 must execute/classify the sample and attach profile/product evidence.	-
SVELTE-F7861D61A35FD89ED32B	runtime-runes	packages/svelte/tests/runtime-runes/samples/snippet-hoisting/	27ac42038ea66502baacd5df613a8c75b6f3b0bc	sample-directory	blocked	BS1	BF2 must execute/classify the sample and attach profile/product evidence.	-
SVELTE-F3E2DA3A0936BEDC25BC	runtime-runes	packages/svelte/tests/runtime-runes/samples/snippet-invalid-call/	9f101967cf9eb05868db7884c0a8c38e016d2bb8	sample-directory	blocked	BS1	BF2 must execute/classify the sample and attach profile/product evidence.	-
SVELTE-D930F18F948998DEE32E	runtime-runes	packages/svelte/tests/runtime-runes/samples/snippet-namespace-1/	c87936e58b6ead10217faa3f7f1f1c855fb334d8	sample-directory	blocked	BS1	BF2 must execute/classify the sample and attach profile/product evidence.	-
SVELTE-7C9DB38721E41AC8F46A	runtime-runes	packages/svelte/tests/runtime-runes/samples/snippet-namespace-2/	a6c81d7d38d2cb985619304257f9b974a1f9bc52	sample-directory	blocked	BS1	BF2 must execute/classify the sample and attach profile/product evidence.	-
SVELTE-A0CF7D024CA3353BB83B	runtime-runes	packages/svelte/tests/runtime-runes/samples/snippet-optional-arguments-defaults/	3de3e5853b980d4754e49af928a28688302fe451	sample-directory	blocked	BS1	BF2 must execute/classify the sample and attach profile/product evidence.	-
SVELTE-D20F8E6AFAA2B042D122	runtime-runes	packages/svelte/tests/runtime-runes/samples/snippet-optional-arguments/	2680f8b7a0090f9ebc528804cbc1f9ab83b82caa	sample-directory	blocked	BS1	BF2 must execute/classify the sample and attach profile/product evidence.	-
SVELTE-E6E8598528858E5F2321	runtime-runes	packages/svelte/tests/runtime-runes/samples/snippet-prop-explicit-no-args/	b5b71278cd89ca41b126b14291f13afbbbb2e27f	sample-directory	blocked	BS1	BF2 must execute/classify the sample and attach profile/product evidence.	-
SVELTE-62ED207A8723C5824D09	runtime-runes	packages/svelte/tests/runtime-runes/samples/snippet-prop-explicit/	1d950cddbbcf27fceee9feb4f1dff90cd7a58049	sample-directory	blocked	BS1	BF2 must execute/classify the sample and attach profile/product evidence.	-
SVELTE-2E57A271313CC73B593D	runtime-runes	packages/svelte/tests/runtime-runes/samples/snippet-prop-implicit/	e6f63c07a2987c8b9d39da910d1bbc310d447ce4	sample-directory	blocked	BS1	BF2 must execute/classify the sample and attach profile/product evidence.	-
SVELTE-08C0A8B36D0079E3A624	runtime-runes	packages/svelte/tests/runtime-runes/samples/snippet-prop-reactive/	15a08abc623afa4f657ba78895a69cad68f7a690	sample-directory	blocked	BS1	BF2 must execute/classify the sample and attach profile/product evidence.	-
SVELTE-D039FDC51681BA56CCCA	runtime-runes	packages/svelte/tests/runtime-runes/samples/snippet-raw-component-ssr-dev/	5e470a22cf06186c0223bda283ece77512ce60fc	sample-directory	blocked	BS1	BF2 must execute/classify the sample and attach profile/product evidence.	-
SVELTE-51C5BB49E3771962F62A	runtime-runes	packages/svelte/tests/runtime-runes/samples/snippet-raw-component/	8055075a722af41da786e06e46fb620a58a88e82	sample-directory	blocked	BS1	BF2 must execute/classify the sample and attach profile/product evidence.	-
SVELTE-B01E7B6D067C2594F808	runtime-runes	packages/svelte/tests/runtime-runes/samples/snippet-raw-teardown/	53434920cc2960cd16f041e0e13ab4cd8f1670e5	sample-directory	blocked	BS1	BF2 must execute/classify the sample and attach profile/product evidence.	-
SVELTE-42AA316E338F37ECE2B0	runtime-runes	packages/svelte/tests/runtime-runes/samples/snippet-raw/	26c64bfafdac3de5e2e8b4a020e501848f5e4e66	sample-directory	blocked	BS1	BF2 must execute/classify the sample and attach profile/product evidence.	-
SVELTE-086D6F9ABE87964E86F6	runtime-runes	packages/svelte/tests/runtime-runes/samples/snippet-reactive-args/	4d8db624cbb40e04137dbbfe08c7da2a005a943a	sample-directory	blocked	BS1	BF2 must execute/classify the sample and attach profile/product evidence.	-
SVELTE-482AA0FDD86ADBA7300F	runtime-runes	packages/svelte/tests/runtime-runes/samples/snippet-reactive/	d37038fb58f08825123da5a5d193619795d78e10	sample-directory	blocked	BS1	BF2 must execute/classify the sample and attach profile/product evidence.	-
SVELTE-AC464B2AE4E72F4902A4	runtime-runes	packages/svelte/tests/runtime-runes/samples/snippet-ref/	26e3e979caaf25840eb3da6839d922acc7cf9f4c	sample-directory	blocked	BS1	BF2 must execute/classify the sample and attach profile/product evidence.	-
SVELTE-40AF27D4B0296DB50AC3	runtime-runes	packages/svelte/tests/runtime-runes/samples/snippet-scope/	7edc9e3d7452ff568505338c3b055b6eb145e88d	sample-directory	blocked	BS1	BF2 must execute/classify the sample and attach profile/product evidence.	-
SVELTE-343C0B322B105A235FBA	runtime-runes	packages/svelte/tests/runtime-runes/samples/snippet-select/	9d0d819c986ee7fdc1676f97060134dfbbfa1b44	sample-directory	blocked	BS1	BF2 must execute/classify the sample and attach profile/product evidence.	-
SVELTE-E71E78C778B112596FDB	runtime-runes	packages/svelte/tests/runtime-runes/samples/snippet-slot-let-error/	7e4683a2f4371f9c663f9456487965e6a969ff3a	sample-directory	blocked	BS1	BF2 must execute/classify the sample and attach profile/product evidence.	-
SVELTE-1E11366DF3BA1C743272	runtime-runes	packages/svelte/tests/runtime-runes/samples/snippet-slot-let-renamed-children-error/	b4cb220593e12fec42b259ab992eaa8446286d93	sample-directory	blocked	BS1	BF2 must execute/classify the sample and attach profile/product evidence.	-
SVELTE-6083F6E9776A9B257768	runtime-runes	packages/svelte/tests/runtime-runes/samples/snippet-slot-no-error/	7ae256a6657db8b77cace1a2b3710092820b27bb	sample-directory	blocked	BS1	BF2 must execute/classify the sample and attach profile/product evidence.	-
SVELTE-93E5C92D91F8B44AE9B8	runtime-runes	packages/svelte/tests/runtime-runes/samples/snippet-spread/	236a3088f9b65a055b4c45dd8bb0d07c840ac3d9	sample-directory	blocked	BS1	BF2 must execute/classify the sample and attach profile/product evidence.	-
SVELTE-AF330DF8E277764564A6	runtime-runes	packages/svelte/tests/runtime-runes/samples/snippet-store/	ca03bf5de0ebd4cac53bf7cae471a242d49a81ae	sample-directory	blocked	BS1	BF2 must execute/classify the sample and attach profile/product evidence.	-
SVELTE-509B5F085B95ECA4DCC0	runtime-runes	packages/svelte/tests/runtime-runes/samples/snippet-top-level/	01e3ca2442932711cda18e5e358f122dfa1bd645	sample-directory	blocked	BS1	BF2 must execute/classify the sample and attach profile/product evidence.	-
SVELTE-6E2B55869AB0F00E0C07	runtime-runes	packages/svelte/tests/runtime-runes/samples/snippet-typescript/	fa52bb3b221295a214999fe0cd3d900d6e35a441	sample-directory	blocked	BS1	BF2 must execute/classify the sample and attach profile/product evidence.	-
SVELTE-965C9E053F36E43450BD	runtime-runes	packages/svelte/tests/runtime-runes/samples/snippet-undefined/	91f5d4e133d7fd00ecce30f4777c6329c29038f0	sample-directory	blocked	BS1	BF2 must execute/classify the sample and attach profile/product evidence.	-
SVELTE-ADC51841F9BE84108D8D	runtime-runes	packages/svelte/tests/runtime-runes/samples/snippet-whitespace/	2b77512418998004c1b12d30ec6916b6ca059134	sample-directory	blocked	BS1	BF2 must execute/classify the sample and attach profile/product evidence.	-
SVELTE-308CD9342674EB4BC56F	runtime-runes	packages/svelte/tests/runtime-runes/samples/snippet/	be48e4365939983c6eb4333c704dca71034654d9	sample-directory	blocked	BS1	BF2 must execute/classify the sample and attach profile/product evidence.	-
SVELTE-476EED5755F4AEB4DD6B	runtime-runes	packages/svelte/tests/runtime-runes/samples/snippets-as-slots/	1b85045d46f1f5495491ece6fe4cc8c32e80d7c7	sample-directory	blocked	BS1	BF2 must execute/classify the sample and attach profile/product evidence.	-
SVELTE-0C92EC5DD4A80EAAA1BB	runtime-runes	packages/svelte/tests/runtime-runes/samples/spread-element-input-select/	409900375a5d84c2908e03b68d8072da7a712ce6	sample-directory	blocked	BS1	BF2 must execute/classify the sample and attach profile/product evidence.	-
SVELTE-463C95BFA777A3D35947	runtime-runes	packages/svelte/tests/runtime-runes/samples/spread-props-2/	6c6bc2f7e2135046fb0baa3aae06ecafbec18bfc	sample-directory	blocked	BS1	BF2 must execute/classify the sample and attach profile/product evidence.	-
SVELTE-4C3707AA7EDF28AFDA45	runtime-runes	packages/svelte/tests/runtime-runes/samples/spread-props/	8b8d9b31e57d6bfce9138022595268ea4eeb66f9	sample-directory	blocked	BS1	BF2 must execute/classify the sample and attach profile/product evidence.	-
SVELTE-63C6091AAF23DD230255	runtime-runes	packages/svelte/tests/runtime-runes/samples/state-bind-group/	cd6ada571ce8a0f7defc461476de6f9aed97e9f1	sample-directory	blocked	BS1	BF2 must execute/classify the sample and attach profile/product evidence.	-
SVELTE-8C7AA8255F960A558292	runtime-runes	packages/svelte/tests/runtime-runes/samples/state-delete-property/	47d07cf88b0a91fef873954b142a613370f5fded	sample-directory	blocked	BS1	BF2 must execute/classify the sample and attach profile/product evidence.	-
SVELTE-EB525B5BAC637D8C08FF	runtime-runes	packages/svelte/tests/runtime-runes/samples/state-each-bind-this/	65c7d8a40ae426e5d48f8aa6f1dbd4aeeddffa22	sample-directory	blocked	BS1	BF2 must execute/classify the sample and attach profile/product evidence.	-
SVELTE-A5891B1D873FE409C3E8	runtime-runes	packages/svelte/tests/runtime-runes/samples/state-in-template/	1ae46b23a34b98b6420ac5156f9cc664d7019790	sample-directory	blocked	BS1	BF2 must execute/classify the sample and attach profile/product evidence.	-
SVELTE-E91C21BAB86BAF575ABD	runtime-runes	packages/svelte/tests/runtime-runes/samples/state-proxy-equality-mismatch/	f0afc433b7bb0c84ab928b465b147c0eaaec6ba8	sample-directory	blocked	BS1	BF2 must execute/classify the sample and attach profile/product evidence.	-
SVELTE-D51D169F206A331958EC	runtime-runes	packages/svelte/tests/runtime-runes/samples/state-proxy-version/	0881f0915e5f035002e89be9118273bea859219f	sample-directory	blocked	BS1	BF2 must execute/classify the sample and attach profile/product evidence.	-
SVELTE-2F5BD347829AD31D8E36	runtime-runes	packages/svelte/tests/runtime-runes/samples/state-raw-bindable/	5bff723b73e7c46a406e53523b32b321189b95b6	sample-directory	blocked	BS1	BF2 must execute/classify the sample and attach profile/product evidence.	-
SVELTE-196322136CB005D63893	runtime-runes	packages/svelte/tests/runtime-runes/samples/state-readonly/	6a56ec657a7eed86e18d1d5406259f06e3fe1604	sample-directory	blocked	BS1	BF2 must execute/classify the sample and attach profile/product evidence.	-
SVELTE-891281995A60549AF4F5	runtime-runes	packages/svelte/tests/runtime-runes/samples/state-reuse/	ba7b048e6f77cc7c7f28f63ce3fcfbb268e0241c	sample-directory	blocked	BS1	BF2 must execute/classify the sample and attach profile/product evidence.	-
SVELTE-615D76926AF3A65A7ADF	runtime-runes	packages/svelte/tests/runtime-runes/samples/state-snapshot-array-holes/	6f04c55b13ccaf70d18cbb768a588b563185d2e5	sample-directory	blocked	BS1	BF2 must execute/classify the sample and attach profile/product evidence.	-
SVELTE-5E50A972DBDEF8EDAD90	runtime-runes	packages/svelte/tests/runtime-runes/samples/state-snapshot-date/	25f7cfd05131a973b6692526a709867f4da9d0ec	sample-directory	blocked	BS1	BF2 must execute/classify the sample and attach profile/product evidence.	-
SVELTE-2E590242190C826B1FA9	runtime-runes	packages/svelte/tests/runtime-runes/samples/state-snapshot-uncloneable-ignored/	12540529b5e730dbf222be02b641bec34b7b9019	sample-directory	blocked	BS1	BF2 must execute/classify the sample and attach profile/product evidence.	-
SVELTE-380D3EBB3B4D1319984D	runtime-runes	packages/svelte/tests/runtime-runes/samples/state-snapshot/	b9bc685197b8696db8af0fef84111f97bddeb086	sample-directory	blocked	BS1	BF2 must execute/classify the sample and attach profile/product evidence.	-
SVELTE-37A159FB1FD2E608C20B	runtime-runes	packages/svelte/tests/runtime-runes/samples/state-space/	03339a7029d41591531dabc55ecc7ee1dc5c27fc	sample-directory	blocked	BS1	BF2 must execute/classify the sample and attach profile/product evidence.	-
SVELTE-C3B1D2B8D03A924122D4	runtime-runes	packages/svelte/tests/runtime-runes/samples/state-store-props/	f3a5a9f217b05b7b0857744de49e34d8fa677cee	sample-directory	blocked	BS1	BF2 must execute/classify the sample and attach profile/product evidence.	-
SVELTE-B352E9FCFAB3423B6FAF	runtime-runes	packages/svelte/tests/runtime-runes/samples/state-store/	58f8e460d8893c92fbd0f99dd690af6485e5aa7b	sample-directory	blocked	BS1	BF2 must execute/classify the sample and attach profile/product evidence.	-
SVELTE-5659B4F876B8018575D8	runtime-runes	packages/svelte/tests/runtime-runes/samples/state-undefined/	f9012b739a2f7f5f3d8a55057d3df9558cd79bc7	sample-directory	blocked	BS1	BF2 must execute/classify the sample and attach profile/product evidence.	-
SVELTE-A2C7269D23518BD47A5A	runtime-runes	packages/svelte/tests/runtime-runes/samples/state-update/	77e4ba41315e54c49d1bd2fc229bbc31be3e93ef	sample-directory	blocked	BS1	BF2 must execute/classify the sample and attach profile/product evidence.	-
SVELTE-D20E11D6999D26173C32	runtime-runes	packages/svelte/tests/runtime-runes/samples/static-boundary/	4fb6f413c0f8a4f553bd236d12bf3aa7b6c29f46	sample-directory	blocked	BS1	BF2 must execute/classify the sample and attach profile/product evidence.	-
SVELTE-E33991C4688B28CDAA10	runtime-runes	packages/svelte/tests/runtime-runes/samples/store-assignments/	ef284cece8ae0247b46b701cc4aaf11c71fa3ca9	sample-directory	blocked	BS1	BF2 must execute/classify the sample and attach profile/product evidence.	-
SVELTE-989FBFA1FDF401C6885A	runtime-runes	packages/svelte/tests/runtime-runes/samples/store-async-first-value/	f54041b6cc1282b9fdd48388d27566ef1e152400	sample-directory	blocked	BS1	BF2 must execute/classify the sample and attach profile/product evidence.	-
SVELTE-F870C1791F0463755853	runtime-runes	packages/svelte/tests/runtime-runes/samples/store-directive/	d2d8d02e9e43006f79af80d3d63be8fe4cecc1c6	sample-directory	blocked	BS1	BF2 must execute/classify the sample and attach profile/product evidence.	-
SVELTE-7512D20B639D5D8D2DDB	runtime-runes	packages/svelte/tests/runtime-runes/samples/store-from-derived/	1f98327b1e095021c584435dd9e2d852a0cd7850	sample-directory	blocked	BS1	BF2 must execute/classify the sample and attach profile/product evidence.	-
SVELTE-79B61C2F994D4EDAC322	runtime-runes	packages/svelte/tests/runtime-runes/samples/store-from-props-hoisting/	75bc9b5510907bc329af286b43b27076d856e073	sample-directory	blocked	BS1	BF2 must execute/classify the sample and attach profile/product evidence.	-
SVELTE-23EAE7A37F2006180BB1	runtime-runes	packages/svelte/tests/runtime-runes/samples/store-from-props-runelike/	29ef008074a05406e107b2547e8110533123539d	sample-directory	blocked	BS1	BF2 must execute/classify the sample and attach profile/product evidence.	-
SVELTE-85974AF3376610FAAB7F	runtime-runes	packages/svelte/tests/runtime-runes/samples/store-from-state-2/	9537814946c58fe7334b629749dfa4fd900192c2	sample-directory	blocked	BS1	BF2 must execute/classify the sample and attach profile/product evidence.	-
SVELTE-7C6D09DC467ECB87B568	runtime-runes	packages/svelte/tests/runtime-runes/samples/store-from-state/	5e099251ab8744fc074f6c0d86dfc80da3e5ccf5	sample-directory	blocked	BS1	BF2 must execute/classify the sample and attach profile/product evidence.	-
SVELTE-0A968937D736DAD0B420	runtime-runes	packages/svelte/tests/runtime-runes/samples/store-increment-decrement/	73244794354399491f7439aa6dc5149752a31ca6	sample-directory	blocked	BS1	BF2 must execute/classify the sample and attach profile/product evidence.	-
SVELTE-B2103653D92E11C533A6	runtime-runes	packages/svelte/tests/runtime-runes/samples/store-inside-derived/	2ca10a9ee850f612e764788f8579119261cc3367	sample-directory	blocked	BS1	BF2 must execute/classify the sample and attach profile/product evidence.	-
SVELTE-9983BD7B2F60E71082FE	runtime-runes	packages/svelte/tests/runtime-runes/samples/store-no-mutation-validation/	fab8983bca538eb098694ba58fe237b49a6ed7b8	sample-directory	blocked	BS1	BF2 must execute/classify the sample and attach profile/product evidence.	-
SVELTE-0E3A52AF6EBDBCEBECBB	runtime-runes	packages/svelte/tests/runtime-runes/samples/store-reassign-object/	9e757a76a90afba5880800c865e6d5f650ca35de	sample-directory	blocked	BS1	BF2 must execute/classify the sample and attach profile/product evidence.	-
SVELTE-E33EB3EFD42055D624A0	runtime-runes	packages/svelte/tests/runtime-runes/samples/store-subscribe-effect-init/	54c03567e3070a745b96a27ecc234c04b8167840	sample-directory	blocked	BS1	BF2 must execute/classify the sample and attach profile/product evidence.	-
SVELTE-24DC67542DBDBA4D449B	runtime-runes	packages/svelte/tests/runtime-runes/samples/store-unsubscribe-not-referenced-after-2/	8c4e55eca0ac77f9d9cad788e3c062b72ce3700f	sample-directory	blocked	BS1	BF2 must execute/classify the sample and attach profile/product evidence.	-
SVELTE-13CEA5B4610BEA010C43	runtime-runes	packages/svelte/tests/runtime-runes/samples/store-unsubscribe-not-referenced-after/	bc850720a953f6d4857bc008fc0c0ff44d18596f	sample-directory	blocked	BS1	BF2 must execute/classify the sample and attach profile/product evidence.	-
SVELTE-C6A079A915D2395F7FD0	runtime-runes	packages/svelte/tests/runtime-runes/samples/store-update-on-destroy/	e738aeb87aba0fb3f94963be77583a93341bdec5	sample-directory	blocked	BS1	BF2 must execute/classify the sample and attach profile/product evidence.	-
SVELTE-068574CED77EFA80D5A0	runtime-runes	packages/svelte/tests/runtime-runes/samples/style-directive-mutations/	5cdc7a7e07fba0273e2e23e2800497141e8b699a	sample-directory	blocked	BS1	BF2 must execute/classify the sample and attach profile/product evidence.	-
SVELTE-F60FF6FFE48F723232E9	runtime-runes	packages/svelte/tests/runtime-runes/samples/style-update/	1201e13069d549e930946317b025ff87b8a34304	sample-directory	blocked	BS1	BF2 must execute/classify the sample and attach profile/product evidence.	-
SVELTE-A99D2BE6D3F2DFD5E5CE	runtime-runes	packages/svelte/tests/runtime-runes/samples/svelte-boundary-dev-const/	f1e354c5ec24748f3f11fb03401c04d068f11106	sample-directory	blocked	BS1	BF2 must execute/classify the sample and attach profile/product evidence.	-
SVELTE-6241F5AD7E08B003F144	runtime-runes	packages/svelte/tests/runtime-runes/samples/svelte-component-props-update/	b9abe189ff3a2208bb6e60fd200b1c961d9992b3	sample-directory	blocked	BS1	BF2 must execute/classify the sample and attach profile/product evidence.	-
SVELTE-FA3621DF8DF8DF648866	runtime-runes	packages/svelte/tests/runtime-runes/samples/svelte-component-switch-dev/	bb025ea969465a5967791c544706a34386ae1969	sample-directory	blocked	BS1	BF2 must execute/classify the sample and attach profile/product evidence.	-
SVELTE-A1C7AF7011EB008E7A21	runtime-runes	packages/svelte/tests/runtime-runes/samples/svelte-element-css-hash/	a832d7075798954c47ebd1b645aded322fca895b	sample-directory	blocked	BS1	BF2 must execute/classify the sample and attach profile/product evidence.	-
SVELTE-2BC302FD8837B40AA768	runtime-runes	packages/svelte/tests/runtime-runes/samples/svelte-element-custom-element-css-hash/	d3ec1e32652e2059ada21a3a7117cc19f183eeba	sample-directory	blocked	BS1	BF2 must execute/classify the sample and attach profile/product evidence.	-
SVELTE-C698407B8039D99F32FA	runtime-runes	packages/svelte/tests/runtime-runes/samples/svelte-element-draggable/	5fd1606144131ff4b7023aa98375d6137d5ed0f8	sample-directory	blocked	BS1	BF2 must execute/classify the sample and attach profile/product evidence.	-
SVELTE-99339AED4BDCEF10BCF5	runtime-runes	packages/svelte/tests/runtime-runes/samples/svelte-meta-css-wrapper/	f499fa43b059cae464fabdeabafe9c7cad10ebf9	sample-directory	blocked	BS1	BF2 must execute/classify the sample and attach profile/product evidence.	-
SVELTE-43022729A576E956729C	runtime-runes	packages/svelte/tests/runtime-runes/samples/svelte-meta-dynamic/	522562cfbaaa564a9cc1e2fd691be142a229b705	sample-directory	blocked	BS1	BF2 must execute/classify the sample and attach profile/product evidence.	-
SVELTE-9C324495E3728E414879	runtime-runes	packages/svelte/tests/runtime-runes/samples/svelte-meta-if-else/	173bd59765897696a74a84d1bc6d0d59ab12ce8c	sample-directory	blocked	BS1	BF2 must execute/classify the sample and attach profile/product evidence.	-
SVELTE-FB851ABA59B3508138CE	runtime-runes	packages/svelte/tests/runtime-runes/samples/svelte-meta-parent/	a167363e73736809d50faf1afdef7a4067ac0a65	sample-directory	blocked	BS1	BF2 must execute/classify the sample and attach profile/product evidence.	-
SVELTE-EA83330F946C9B5022D8	runtime-runes	packages/svelte/tests/runtime-runes/samples/svelte-meta/	a7160c7fc03375fbbd584c74eac8820b6c1fa267	sample-directory	blocked	BS1	BF2 must execute/classify the sample and attach profile/product evidence.	-
SVELTE-BF25ED3C5BD55A101D67	runtime-runes	packages/svelte/tests/runtime-runes/samples/svelte-set-generators/	0c427f13be15905884311697cd6a07f2911c6c62	sample-directory	blocked	BS1	BF2 must execute/classify the sample and attach profile/product evidence.	-
SVELTE-FC4CC9EE41575977CFCA	runtime-runes	packages/svelte/tests/runtime-runes/samples/svg-attribute-case/	bdc83b0ca0e4ddddb55141fbfffb365cab656419	sample-directory	blocked	BS1	BF2 must execute/classify the sample and attach profile/product evidence.	-
SVELTE-F630B495B5A6AFDA3B08	runtime-runes	packages/svelte/tests/runtime-runes/samples/svg-element-attribute-serialize/	035c578af976973b81789f25e2c1dd9ec5e3c0a9	sample-directory	blocked	BS1	BF2 must execute/classify the sample and attach profile/product evidence.	-
SVELTE-36E7E5FAD7893B6DE61B	runtime-runes	packages/svelte/tests/runtime-runes/samples/svg-namespace-if-block-2/	13c20889f6a2ae59a28ad78e4565d3d88ebde11d	sample-directory	blocked	BS1	BF2 must execute/classify the sample and attach profile/product evidence.	-
SVELTE-78A703401DBFC99A6325	runtime-runes	packages/svelte/tests/runtime-runes/samples/svg-namespace-if-block-3/	f9f126533d08ad5f2cc22ed8232fbcc78b361a40	sample-directory	blocked	BS1	BF2 must execute/classify the sample and attach profile/product evidence.	-
SVELTE-BC361D5D4EC589DD6A6A	runtime-runes	packages/svelte/tests/runtime-runes/samples/svg-namespace-if-block/	0af152171cf42af469da145cf1fa53e377688f59	sample-directory	blocked	BS1	BF2 must execute/classify the sample and attach profile/product evidence.	-
SVELTE-567E43BA3A12A892D410	runtime-runes	packages/svelte/tests/runtime-runes/samples/svg-namespace-infer-a-tag/	7883fc21f978624a3cec5a0c65eb7a12c8a7d792	sample-directory	blocked	BS1	BF2 must execute/classify the sample and attach profile/product evidence.	-
SVELTE-2F4342E3D9AA6EAED85E	runtime-runes	packages/svelte/tests/runtime-runes/samples/svg-namespace-infer/	d09d7886821254457ba451088ab83358a1241088	sample-directory	blocked	BS1	BF2 must execute/classify the sample and attach profile/product evidence.	-
SVELTE-F7BA7E77028FF9306819	runtime-runes	packages/svelte/tests/runtime-runes/samples/tagged-template-literal-reactive/	13ad5eb6374eaa360c66ddd540842f970562cc25	sample-directory	blocked	BS1	BF2 must execute/classify the sample and attach profile/product evidence.	-
SVELTE-B9C21089B2CB73AFD5A9	runtime-runes	packages/svelte/tests/runtime-runes/samples/text-effect-multi-deps/	6a451d00e35c66f8778b3a5c7ec3bf37af788b88	sample-directory	blocked	BS1	BF2 must execute/classify the sample and attach profile/product evidence.	-
SVELTE-AD0C58485D2DFA135AAC	runtime-runes	packages/svelte/tests/runtime-runes/samples/text-multiple-call-expression/	81412f350119b1d0555bb6ec7c60120025fc98bd	sample-directory	blocked	BS1	BF2 must execute/classify the sample and attach profile/product evidence.	-
SVELTE-02BFA9EED0CBABCAD4A0	runtime-runes	packages/svelte/tests/runtime-runes/samples/text-multiple-nullish-expression/	1af7e7efce59cd083f935b3d8f715e686eca7a1f	sample-directory	blocked	BS1	BF2 must execute/classify the sample and attach profile/product evidence.	-
SVELTE-3B360499599A9A2D99EA	runtime-runes	packages/svelte/tests/runtime-runes/samples/tick-timing/	5b3b212ed0cc06d5040d0940cb35d851d0172d90	sample-directory	blocked	BS1	BF2 must execute/classify the sample and attach profile/product evidence.	-
SVELTE-74CE5A2B23BC4EA824C7	runtime-runes	packages/svelte/tests/runtime-runes/samples/title-nullish/	b6e44abbe4b10bae4930573a5fe34ea5cf514d7a	sample-directory	blocked	BS1	BF2 must execute/classify the sample and attach profile/product evidence.	-
SVELTE-56B809F05B383A4BD2A9	runtime-runes	packages/svelte/tests/runtime-runes/samples/toStore-subscribe/	cca4c9e1bda36d697081d9a7c8ca9694ed8d6556	sample-directory	blocked	BS1	BF2 must execute/classify the sample and attach profile/product evidence.	-
SVELTE-77D42052F866A156ACC9	runtime-runes	packages/svelte/tests/runtime-runes/samples/toStore-subscribe2/	f7a49e9b3f09b7824b5fbb4d199b5cb73d9459a1	sample-directory	blocked	BS1	BF2 must execute/classify the sample and attach profile/product evidence.	-
SVELTE-68224F52141CF1E127EF	runtime-runes	packages/svelte/tests/runtime-runes/samples/toStore-teardown/	87ea454954845983b7d83790eae6a2759eb53ce1	sample-directory	blocked	BS1	BF2 must execute/classify the sample and attach profile/product evidence.	-
SVELTE-4FFCF78411AB81EA8350	runtime-runes	packages/svelte/tests/runtime-runes/samples/transition-component/	e56f79d861ac93e92406419e15da4484417f18a7	sample-directory	blocked	BS1	BF2 must execute/classify the sample and attach profile/product evidence.	-
SVELTE-1FFB0661881E12EF7947	runtime-runes	packages/svelte/tests/runtime-runes/samples/transition-delayed-events-css/	1654f51f3b3bd30294e6c74e023b0b429830b432	sample-directory	blocked	BS1	BF2 must execute/classify the sample and attach profile/product evidence.	-
SVELTE-87FB2536773083454C00	runtime-runes	packages/svelte/tests/runtime-runes/samples/transition-delayed-events-js/	667792be7668fc0cb5bf1f39f7b453bf653b407c	sample-directory	blocked	BS1	BF2 must execute/classify the sample and attach profile/product evidence.	-
SVELTE-4A1E3995AD53A86F4FEA	runtime-runes	packages/svelte/tests/runtime-runes/samples/transition-delayed/	dcad857c767a22d57ceb7ac8c9f435444b191234	sample-directory	blocked	BS1	BF2 must execute/classify the sample and attach profile/product evidence.	-
SVELTE-7824236A2B64AE8903D9	runtime-runes	packages/svelte/tests/runtime-runes/samples/transition-derived-uninitialized/	7ae272a9ef4ea54f5bf70cea180d58c60e0a9937	sample-directory	blocked	BS1	BF2 must execute/classify the sample and attach profile/product evidence.	-
SVELTE-5A63E3B03E8AEE797C46	runtime-runes	packages/svelte/tests/runtime-runes/samples/transition-each-2/	ff70911df399196661ec28abf9859fe8478795ef	sample-directory	blocked	BS1	BF2 must execute/classify the sample and attach profile/product evidence.	-
SVELTE-5A926324F26343B65C8A	runtime-runes	packages/svelte/tests/runtime-runes/samples/transition-each-3/	d336de0ec3066a8ee1cf6c0436ed1b6de40e0bea	sample-directory	blocked	BS1	BF2 must execute/classify the sample and attach profile/product evidence.	-
SVELTE-CDDE8D81F536F6ED845E	runtime-runes	packages/svelte/tests/runtime-runes/samples/transition-each-4/	13b694e209acbe13dabc4e28610f542bcf10078f	sample-directory	blocked	BS1	BF2 must execute/classify the sample and attach profile/product evidence.	-
SVELTE-A5064B343A1A796B6A0D	runtime-runes	packages/svelte/tests/runtime-runes/samples/transition-each/	f42dd250c8906319f7cf55a919cd528b20776724	sample-directory	blocked	BS1	BF2 must execute/classify the sample and attach profile/product evidence.	-
SVELTE-A4E78FAA07AC8CC10851	runtime-runes	packages/svelte/tests/runtime-runes/samples/transition-evaluation/	4522b2c4b50cdca3caa6b3781392787d32ca069c	sample-directory	blocked	BS1	BF2 must execute/classify the sample and attach profile/product evidence.	-
SVELTE-6A37D15E68E385287D23	runtime-runes	packages/svelte/tests/runtime-runes/samples/transition-if-nested-access-property/	340ae33786a1308c05148f953f9be6fcd829ed02	sample-directory	blocked	BS1	BF2 must execute/classify the sample and attach profile/product evidence.	-
SVELTE-362BC69704E4FE1C2765	runtime-runes	packages/svelte/tests/runtime-runes/samples/transition-if-nested-static/	5e554fd42911d16d4fd66b89da73fe6f7ede0db6	sample-directory	blocked	BS1	BF2 must execute/classify the sample and attach profile/product evidence.	-
SVELTE-298213228D04CDE4339E	runtime-runes	packages/svelte/tests/runtime-runes/samples/transition-if/	8b6dca2b7725c420c96f05f49c24a5c6cca34751	sample-directory	blocked	BS1	BF2 must execute/classify the sample and attach profile/product evidence.	-
SVELTE-673D914B3A2B7FEC2518	runtime-runes	packages/svelte/tests/runtime-runes/samples/transition-snippet/	03133f42045420a274c2cd66d79e72eda9972d94	sample-directory	blocked	BS1	BF2 must execute/classify the sample and attach profile/product evidence.	-
SVELTE-7E9244CB4ADE00B587CB	runtime-runes	packages/svelte/tests/runtime-runes/samples/transition-static-subtree/	8e6fa2dd0944ad87bf7d5f4f85835a62ea71115a	sample-directory	blocked	BS1	BF2 must execute/classify the sample and attach profile/product evidence.	-
SVELTE-8F5DADF98E3B37938D29	runtime-runes	packages/svelte/tests/runtime-runes/samples/typescript-as-expression/	20c779ca710b9cffeaabddadd7124f7380df117f	sample-directory	blocked	BS1	BF2 must execute/classify the sample and attach profile/product evidence.	-
SVELTE-3DFA32776DFBA19385C5	runtime-runes	packages/svelte/tests/runtime-runes/samples/typescript-const1/	7ccf82ae95f900977c965a523a1645efde49ae81	sample-directory	blocked	BS1	BF2 must execute/classify the sample and attach profile/product evidence.	-
SVELTE-7BEE2EAA9BE47DE3A99B	runtime-runes	packages/svelte/tests/runtime-runes/samples/typescript-each-indexed/	0ad0edd38fcc14484ee5b4bd0b38aed5854bf64b	sample-directory	blocked	BS1	BF2 must execute/classify the sample and attach profile/product evidence.	-
SVELTE-B74F0FE96E5B9981C138	runtime-runes	packages/svelte/tests/runtime-runes/samples/typescript-non-null-expression/	2d3a3438380cdc60a3d7eb7d7eefe61dea38d03f	sample-directory	blocked	BS1	BF2 must execute/classify the sample and attach profile/product evidence.	-
SVELTE-B72DB6B7E720E4ACB2FA	runtime-runes	packages/svelte/tests/runtime-runes/samples/typescript/	549cf34405dcac392fcd2282eb18bb6cdf0078d5	sample-directory	blocked	BS1	BF2 must execute/classify the sample and attach profile/product evidence.	-
SVELTE-CF5A8EABAFCA0E59B99A	runtime-runes	packages/svelte/tests/runtime-runes/samples/undefined-event-handler/	aca9c2ad158c436e18c3532f7aaf776596922aa8	sample-directory	blocked	BS1	BF2 must execute/classify the sample and attach profile/product evidence.	-
SVELTE-9C3F3A6BF67C8631C418	runtime-runes	packages/svelte/tests/runtime-runes/samples/unhoist-function-accessing-snippet/	a50fc7a3546f5a75951fcf4a9abdf571f890474f	sample-directory	blocked	BS1	BF2 must execute/classify the sample and attach profile/product evidence.	-
SVELTE-AA231CDEBBDC0BDE8A99	runtime-runes	packages/svelte/tests/runtime-runes/samples/untrack-allows-writes/	804076ba58f5ffa8dc425a3da78cf5fe8388560d	sample-directory	blocked	BS1	BF2 must execute/classify the sample and attach profile/product evidence.	-
SVELTE-86E9E64BC474364AD526	runtime-runes	packages/svelte/tests/runtime-runes/samples/untrack-own-deriveds/	9cd04c370265dae4754e7ecdb74877276bdce68c	sample-directory	blocked	BS1	BF2 must execute/classify the sample and attach profile/product evidence.	-
SVELTE-1FD4CD02B03603DBBE84	runtime-runes	packages/svelte/tests/runtime-runes/samples/untracked-derived-local/	b6276dbe51c856fc82d1ec96045e2da4f5736b1c	sample-directory	blocked	BS1	BF2 must execute/classify the sample and attach profile/product evidence.	-
SVELTE-E1A38675697BDB29D266	runtime-runes	packages/svelte/tests/runtime-runes/samples/untracked-write-pre/	fff88d418a843d500c78b6e3f364243bbd724790	sample-directory	blocked	BS1	BF2 must execute/classify the sample and attach profile/product evidence.	-
SVELTE-D90C64A45B802571DD7E	runtime-runes	packages/svelte/tests/runtime-runes/samples/untracked/	4ff69df01758742fb75843546d31d2cd779d86f3	sample-directory	blocked	BS1	BF2 must execute/classify the sample and attach profile/product evidence.	-
SVELTE-FFE02EB4CC325C6FEDA4	runtime-runes	packages/svelte/tests/runtime-runes/samples/validate-undefined-snippet-default-arg/	b181bd448fad9eaae59e8f4a0d384cf5fdfb64db	sample-directory	blocked	BS1	BF2 must execute/classify the sample and attach profile/product evidence.	-
SVELTE-0A477293247C16FEF4A0	runtime-runes	packages/svelte/tests/runtime-runes/samples/value-attribute-isolated-update-spread/	163f40facb9aa0839d57f5d4ecfa59db5d92fa76	sample-directory	blocked	BS1	BF2 must execute/classify the sample and attach profile/product evidence.	-
SVELTE-B1E2B5AB10D4D273F0F4	runtime-runes	packages/svelte/tests/runtime-runes/samples/value-attribute-isolated-update/	b1b10079ba1fe28b23ddb27f9ff55206ae28863e	sample-directory	blocked	BS1	BF2 must execute/classify the sample and attach profile/product evidence.	-
SVELTE-584388685972D54C99F8	runtime-runes	packages/svelte/tests/runtime-runes/samples/value-attribute-null-undefined/	56b7dbc04858cf85930d09c9bb78e2d2bb892cba	sample-directory	blocked	BS1	BF2 must execute/classify the sample and attach profile/product evidence.	-
SVELTE-E6B75E59F802525AD43F	runtime-runes	packages/svelte/tests/runtime-runes/samples/var-declarations/	d48d72875cb637208ddba07ae22595b28ea39139	sample-directory	blocked	BS1	BF2 must execute/classify the sample and attach profile/product evidence.	-
SVELTE-43C5ABF26AD77B9D02B1	runtime-runes	packages/svelte/tests/runtime-runes/samples/video-src-object/	f9592faf5d2cd25b14768b849106d8ad795083e3	sample-directory	blocked	BS1	BF2 must execute/classify the sample and attach profile/product evidence.	-
SVELTE-598851E971CDFBBAA7B3	runtime-runes	packages/svelte/tests/runtime-runes/samples/wrapped-$state-2/	46f382c28ff63a19e52ceda3670a81be819dd15e	sample-directory	blocked	BS1	BF2 must execute/classify the sample and attach profile/product evidence.	-
SVELTE-B649A1B36822E1D99743	runtime-runes	packages/svelte/tests/runtime-runes/samples/wrapped-$state/	f0161885281d6b74c138d38198413050d4b3cf5d	sample-directory	blocked	BS1	BF2 must execute/classify the sample and attach profile/product evidence.	-
SVELTE-624BC184E582FA1E8A0E	runtime-runes	packages/svelte/tests/runtime-runes/samples/writable-derived-2/	1a9a9f00cbb051b37eff0e347dd952a7512c3eee	sample-directory	blocked	BS1	BF2 must execute/classify the sample and attach profile/product evidence.	-
SVELTE-AD15E0743E4E4C5BF2DF	runtime-runes	packages/svelte/tests/runtime-runes/samples/writable-derived-3/	724ff9a5148c241795301946c859f0cb761f6461	sample-directory	blocked	BS1	BF2 must execute/classify the sample and attach profile/product evidence.	-
SVELTE-2ACBD744FB4D7EB198A6	runtime-runes	packages/svelte/tests/runtime-runes/samples/writable-derived-4/	672b2ed3d368476e3ff0c00e2a8d1f5ee4686c81	sample-directory	blocked	BS1	BF2 must execute/classify the sample and attach profile/product evidence.	-
SVELTE-FC5B67622EBF7BF6B114	runtime-runes	packages/svelte/tests/runtime-runes/samples/writable-derived/	57b34f843a865a037b98cf3ff3f61bf5cfbf826a	sample-directory	blocked	BS1	BF2 must execute/classify the sample and attach profile/product evidence.	-
SVELTE-622EFAE9446BA2B994A2	runtime-xhtml	packages/svelte/tests/runtime-xhtml/samples/attribute-quotes/	8eedf0d547ae504044c3848a519ebc442008bfab	sample-directory	blocked	BS1	BF2 must execute/classify the sample and attach profile/product evidence.	-
SVELTE-44C534F48B8C93D49549	runtime-xhtml	packages/svelte/tests/runtime-xhtml/samples/autoclosed-tags/	82f7170f5e60ff2e2fa265b90ac1f92f9d699b86	sample-directory	blocked	BS1	BF2 must execute/classify the sample and attach profile/product evidence.	-
SVELTE-6540BBB39AA1F8697C24	runtime-xhtml	packages/svelte/tests/runtime-xhtml/samples/bind-value-input-type-dynamic/	18d74e569e840b9a52389effcf43b36d2fbed08a	sample-directory	blocked	BS1	BF2 must execute/classify the sample and attach profile/product evidence.	-
SVELTE-EAFA1A746E65CA27B3F3	runtime-xhtml	packages/svelte/tests/runtime-xhtml/samples/boolean-attributes/	80514cc730d4aca902d7f0067cc2edc3d339d756	sample-directory	blocked	BS1	BF2 must execute/classify the sample and attach profile/product evidence.	-
SVELTE-7186B8EEA6D1BA56DC85	runtime-xhtml	packages/svelte/tests/runtime-xhtml/samples/comment-marker/	7503eee44a03672dbcde05afe0eb4b185fc4a797	sample-directory	blocked	BS1	BF2 must execute/classify the sample and attach profile/product evidence.	-
SVELTE-8B0BFCF8163B62622597	runtime-xhtml	packages/svelte/tests/runtime-xhtml/samples/form-default-value-spread/	c5b7a6e47618c8e0f2b92e7f650475747d2a516d	sample-directory	blocked	BS1	BF2 must execute/classify the sample and attach profile/product evidence.	-
SVELTE-AEA3F0055CA6A7BB81A2	runtime-xhtml	packages/svelte/tests/runtime-xhtml/samples/ignore-mismatched-href/	87f0d3ee5e9f34ac1dcc6db1072f2c3611cb05c3	sample-directory	blocked	BS1	BF2 must execute/classify the sample and attach profile/product evidence.	-
SVELTE-8A6238FAEA74F134C3B1	runtime-xhtml	packages/svelte/tests/runtime-xhtml/samples/is-xhtml/	5168b3feb6a20ff6b6d6fd39e33e8fc887d7969e	sample-directory	blocked	BS1	BF2 must execute/classify the sample and attach profile/product evidence.	-
SVELTE-0EF8C70ABFADA6BF3291	runtime-xhtml	packages/svelte/tests/runtime-xhtml/samples/lowercase-tags/	5c128cdecc310a9f0541b20f03aa578f6c72ee11	sample-directory	blocked	BS1	BF2 must execute/classify the sample and attach profile/product evidence.	-
SVELTE-1F994EEE1E0B9B789C7E	runtime-xhtml	packages/svelte/tests/runtime-xhtml/samples/select-falsy-value/	4d10a6d2a612044f1fbf060690e3e4cf14355086	sample-directory	blocked	BS1	BF2 must execute/classify the sample and attach profile/product evidence.	-
SVELTE-D9FB137EC28EC2DDD90A	runtime-xhtml	packages/svelte/tests/runtime-xhtml/samples/select-multiple-spread/	8cbf0f928c955e7b406d19b492674f5712f55bea	sample-directory	blocked	BS1	BF2 must execute/classify the sample and attach profile/product evidence.	-
SVELTE-1C289093D00DC1F09408	runtime-xhtml	packages/svelte/tests/runtime-xhtml/samples/spread-element-input-select-multiple/	864765dc81cde604aebcbe6e7073c92d6dd0c1df	sample-directory	blocked	BS1	BF2 must execute/classify the sample and attach profile/product evidence.	-
SVELTE-A2531E1F4CD466AA8BF1	runtime-xhtml	packages/svelte/tests/runtime-xhtml/samples/void-tags/	7c85e4cceaa0f37f9740917a1e87a1f43b22a0b7	sample-directory	blocked	BS1	BF2 must execute/classify the sample and attach profile/product evidence.	-
SVELTE-02257BCF98C0457AC391	server-side-rendering	packages/svelte/tests/server-side-rendering/samples/async-children/	6d489b756fc304f09ccb4d99d3ffc4968eba890c	sample-directory	blocked	BS1	BF2 must execute/classify the sample and attach profile/product evidence.	-
SVELTE-58ED08D58CF66DD471F8	server-side-rendering	packages/svelte/tests/server-side-rendering/samples/async-context-throws-after-await/	323b388651f9e16ad32325a5fd0f994973391e91	sample-directory	blocked	BS1	BF2 must execute/classify the sample and attach profile/product evidence.	-
SVELTE-D62AF48F2C390EC32381	server-side-rendering	packages/svelte/tests/server-side-rendering/samples/async-directive-with-spreading/	fd6021ceabaccda7c1f64a23cf4a8da3c1eaf234	sample-directory	blocked	BS1	BF2 must execute/classify the sample and attach profile/product evidence.	-
SVELTE-AB0490F7D3309D229E15	server-side-rendering	packages/svelte/tests/server-side-rendering/samples/async-each-fallback-hoisting/	020391630759d535cecbd66eb5b08e89fc52755e	sample-directory	blocked	BS1	BF2 must execute/classify the sample and attach profile/product evidence.	-
SVELTE-05660FE02DBE06CE4BA4	server-side-rendering	packages/svelte/tests/server-side-rendering/samples/async-each-hoisting/	b2963a62982f27cf837ec6c395423973adcc485d	sample-directory	blocked	BS1	BF2 must execute/classify the sample and attach profile/product evidence.	-
SVELTE-57D6C7783A8B953E13CA	server-side-rendering	packages/svelte/tests/server-side-rendering/samples/async-head-multiple-title-order-preserved/	160922fa0bef7aaec24a7c6f4a4c9c1e4eb0fe4f	sample-directory	blocked	BS1	BF2 must execute/classify the sample and attach profile/product evidence.	-
SVELTE-342105CBB3A2E33AEE69	server-side-rendering	packages/svelte/tests/server-side-rendering/samples/async-html-tag/	45b8895562dae84d9ef197440e4902b0dbfee418	sample-directory	blocked	BS1	BF2 must execute/classify the sample and attach profile/product evidence.	-
SVELTE-151F1BB3D37DD9439DF6	server-side-rendering	packages/svelte/tests/server-side-rendering/samples/async-if-alternate-hoisting/	db1f20dda967e9e5297a26e71c2708f0c64d5a9e	sample-directory	blocked	BS1	BF2 must execute/classify the sample and attach profile/product evidence.	-
SVELTE-355720A6655186B964D9	server-side-rendering	packages/svelte/tests/server-side-rendering/samples/async-if-const/	5cd77fa4015f73a95c0cb2ddfc9e6860eae82aa8	sample-directory	blocked	BS1	BF2 must execute/classify the sample and attach profile/product evidence.	-
SVELTE-325AE8B493206A14BD67	server-side-rendering	packages/svelte/tests/server-side-rendering/samples/async-if-hoisting/	efbbe5d1123502f7a00a2c34cf65270e56a1aff3	sample-directory	blocked	BS1	BF2 must execute/classify the sample and attach profile/product evidence.	-
SVELTE-5D3DA592FF80600CC910	server-side-rendering	packages/svelte/tests/server-side-rendering/samples/async-multiple-attrs/	0615708d02ec0d33fcd4eee321058779202f3080	sample-directory	blocked	BS1	BF2 must execute/classify the sample and attach profile/product evidence.	-
SVELTE-5C79EC1852F85F01CDF9	server-side-rendering	packages/svelte/tests/server-side-rendering/samples/async-nullish-pending-snippet/	a9ea6c216de382804733f7d3735ffd3584a6c798	sample-directory	blocked	BS1	BF2 must execute/classify the sample and attach profile/product evidence.	-
SVELTE-CC48ADE843B27472EEA6	server-side-rendering	packages/svelte/tests/server-side-rendering/samples/async-option-implicit-complex-value/	2a3f8b4c5876909dd94a6718fc34f2c962f58323	sample-directory	blocked	BS1	BF2 must execute/classify the sample and attach profile/product evidence.	-
SVELTE-AE3D7A39AF16CEDB9B66	server-side-rendering	packages/svelte/tests/server-side-rendering/samples/async-option-implicit-simple-value/	af037e992e84e30e618f3ff0615bed12f008471d	sample-directory	blocked	BS1	BF2 must execute/classify the sample and attach profile/product evidence.	-
SVELTE-FA618D63FBF0D3FFA591	server-side-rendering	packages/svelte/tests/server-side-rendering/samples/async-select-value-component/	bd640c1ef2e117c821faa08f28fe264eb78cc4eb	sample-directory	blocked	BS1	BF2 must execute/classify the sample and attach profile/product evidence.	-
SVELTE-B76349FDE0D7F0F0892F	server-side-rendering	packages/svelte/tests/server-side-rendering/samples/async-select-value-implicit-value-complex/	8d5aa0222d7ea9988f0bd54be482867c6b0842ff	sample-directory	blocked	BS1	BF2 must execute/classify the sample and attach profile/product evidence.	-
SVELTE-105519176908B704937B	server-side-rendering	packages/svelte/tests/server-side-rendering/samples/async-select-value-implicit-value/	ecbe45d42f83e1868c42aa88af4446a6e495c392	sample-directory	blocked	BS1	BF2 must execute/classify the sample and attach profile/product evidence.	-
SVELTE-3527C76E91987734AAA6	server-side-rendering	packages/svelte/tests/server-side-rendering/samples/async-snippet/	584bb754e817b83e298932adeb8c3338c5de158f	sample-directory	blocked	BS1	BF2 must execute/classify the sample and attach profile/product evidence.	-
SVELTE-2BB4AA6E0441BADFED8C	server-side-rendering	packages/svelte/tests/server-side-rendering/samples/async-svelte-boundary/	ad56be80e494e9619e25417a59a635a22d9aedf6	sample-directory	blocked	BS1	BF2 must execute/classify the sample and attach profile/product evidence.	-
SVELTE-54EEA01621631F431123	server-side-rendering	packages/svelte/tests/server-side-rendering/samples/attribute-boolean/	b7cc79422a2a4ebc5b4cf8b161d391af675e6eff	sample-directory	blocked	BS1	BF2 must execute/classify the sample and attach profile/product evidence.	-
SVELTE-06136761BB5178F7AFF5	server-side-rendering	packages/svelte/tests/server-side-rendering/samples/attribute-dynamic/	0dc43e3b772b59f98766bb7a87a3bf1d1eaf7d52	sample-directory	blocked	BS1	BF2 must execute/classify the sample and attach profile/product evidence.	-
SVELTE-78389A7D9DE815470382	server-side-rendering	packages/svelte/tests/server-side-rendering/samples/attribute-escape-quotes-spread-2/	f5b25771bf774cda78dc3d62b142ba6a565408fa	sample-directory	blocked	BS1	BF2 must execute/classify the sample and attach profile/product evidence.	-
SVELTE-BE70921FEAC8CC41EEAA	server-side-rendering	packages/svelte/tests/server-side-rendering/samples/attribute-escaped-quotes-spread/	4e1397d1096a1d2355a80d665b4150edd96aab6c	sample-directory	blocked	BS1	BF2 must execute/classify the sample and attach profile/product evidence.	-
SVELTE-7E8F72D36D775E42B091	server-side-rendering	packages/svelte/tests/server-side-rendering/samples/attribute-escaped-quotes/	53b8c3454afcceb4c0b8026bdcd4335c8dc48a4c	sample-directory	blocked	BS1	BF2 must execute/classify the sample and attach profile/product evidence.	-
SVELTE-53419D30B32D39998BD7	server-side-rendering	packages/svelte/tests/server-side-rendering/samples/attribute-spread-hidden/	148863d4b5c45fd354592ebda9f1fb8e8fb8f19b	sample-directory	blocked	BS1	BF2 must execute/classify the sample and attach profile/product evidence.	-
SVELTE-445489F2BC56317AAA00	server-side-rendering	packages/svelte/tests/server-side-rendering/samples/attribute-spread-with-null/	a4b12751d5f99f02a5ff64b88c82fd28de86d380	sample-directory	blocked	BS1	BF2 must execute/classify the sample and attach profile/product evidence.	-
SVELTE-62D35AC15A1185E36AB1	server-side-rendering	packages/svelte/tests/server-side-rendering/samples/attribute-static/	7f0acb88c36cdfae8992eb3c5db8519dea2cbd5f	sample-directory	blocked	BS1	BF2 must execute/classify the sample and attach profile/product evidence.	-
SVELTE-758BCFB868C81F80E4EF	server-side-rendering	packages/svelte/tests/server-side-rendering/samples/attribute-strip-svg-mathml-ce/	84e4615036804c0d8fe8435919348ac067cef5cd	sample-directory	blocked	BS1	BF2 must execute/classify the sample and attach profile/product evidence.	-
SVELTE-F7F117EE3DD4947A814C	server-side-rendering	packages/svelte/tests/server-side-rendering/samples/attribute-template-literal-sanitization/	b970ea11ddc909cea70bbdfad40ae57fac25ded7	sample-directory	blocked	BS1	BF2 must execute/classify the sample and attach profile/product evidence.	-
SVELTE-F8D04B27CC9AFFCF745B	server-side-rendering	packages/svelte/tests/server-side-rendering/samples/bindings-empty-string/	a7e82a08048e114f104dac95da44449b76e61d8e	sample-directory	blocked	BS1	BF2 must execute/classify the sample and attach profile/product evidence.	-
SVELTE-EFED953297118E21F100	server-side-rendering	packages/svelte/tests/server-side-rendering/samples/bindings-group/	c086926bbdac24891ae1c8c6b03ee56c971dd6c4	sample-directory	blocked	BS1	BF2 must execute/classify the sample and attach profile/product evidence.	-
SVELTE-030D139B60175B963DC9	server-side-rendering	packages/svelte/tests/server-side-rendering/samples/bindings-readonly/	ec2ab45b4956babb48fb5d7f7c8a0829b8fff7b9	sample-directory	blocked	BS1	BF2 must execute/classify the sample and attach profile/product evidence.	-
SVELTE-41D1F3E3B9B4F81B1970	server-side-rendering	packages/svelte/tests/server-side-rendering/samples/bindings-zero/	b77a45f8a176262fa351dd0ec2dec03e12fc9113	sample-directory	blocked	BS1	BF2 must execute/classify the sample and attach profile/product evidence.	-
SVELTE-B4685B01F95C65EDD554	server-side-rendering	packages/svelte/tests/server-side-rendering/samples/bindings/	f9f700e9bf7f2e54fd5a47819e2895c2fd6c1e85	sample-directory	blocked	BS1	BF2 must execute/classify the sample and attach profile/product evidence.	-
SVELTE-0E9D2ED0E148E6558ED9	server-side-rendering	packages/svelte/tests/server-side-rendering/samples/boundary-error-failed-prop/	90c3691f1cc0b8a1782830315e8d181baf126365	sample-directory	blocked	BS1	BF2 must execute/classify the sample and attach profile/product evidence.	-
SVELTE-B7CA2FD2D19043570E9E	server-side-rendering	packages/svelte/tests/server-side-rendering/samples/boundary-error-html-comment-close-bang-escape/	0871d0eb386101a5489869f1bd72de487ba08a58	sample-directory	blocked	BS1	BF2 must execute/classify the sample and attach profile/product evidence.	-
SVELTE-8B2343A27253F82A6376	server-side-rendering	packages/svelte/tests/server-side-rendering/samples/boundary-error-html-comment-escape/	911d0a5f5770974739aaeb4913867cea835e022d	sample-directory	blocked	BS1	BF2 must execute/classify the sample and attach profile/product evidence.	-
SVELTE-C1A73BCE997C9F425587	server-side-rendering	packages/svelte/tests/server-side-rendering/samples/boundary-error-html-comment-open-escape/	81c9a76c614bf3f45c12b5b1f867804304596d4e	sample-directory	blocked	BS1	BF2 must execute/classify the sample and attach profile/product evidence.	-
SVELTE-F440A578F4FAE3D79122	server-side-rendering	packages/svelte/tests/server-side-rendering/samples/boundary-error-html-comment-overlap-escape/	15e148aaca84b9ff545856714319e509b26c2e6c	sample-directory	blocked	BS1	BF2 must execute/classify the sample and attach profile/product evidence.	-
SVELTE-0F003B7A0A062A8AEE18	server-side-rendering	packages/svelte/tests/server-side-rendering/samples/boundary-error-no-failed-snippet/	e1f0fae47223b322bf43f1677f7e1939bbf9727a	sample-directory	blocked	BS1	BF2 must execute/classify the sample and attach profile/product evidence.	-
SVELTE-DEBEE77797090BDAD2DF	server-side-rendering	packages/svelte/tests/server-side-rendering/samples/boundary-error-no-onerror/	8a537f3cc3b0716fc2d8b5695834d3e042facf5d	sample-directory	blocked	BS1	BF2 must execute/classify the sample and attach profile/product evidence.	-
SVELTE-619C3C03A7E3133FEAC8	server-side-rendering	packages/svelte/tests/server-side-rendering/samples/boundary-error-with-onerror/	957707d2d8c50284b730007d9687a6650ba57b12	sample-directory	blocked	BS1	BF2 must execute/classify the sample and attach profile/product evidence.	-
SVELTE-C05D549D70F8915596BF	server-side-rendering	packages/svelte/tests/server-side-rendering/samples/boundary-pending-prop-async/	f9d3c981c7a2732105b899a36c78d68047033c52	sample-directory	blocked	BS1	BF2 must execute/classify the sample and attach profile/product evidence.	-
SVELTE-3B4661146DE7183016FD	server-side-rendering	packages/svelte/tests/server-side-rendering/samples/comment-preserve/	0ae317059ff6b9f6cbf9f5b21143686fe96d8d31	sample-directory	blocked	BS1	BF2 must execute/classify the sample and attach profile/product evidence.	-
SVELTE-A1BC76F581D7F471B032	server-side-rendering	packages/svelte/tests/server-side-rendering/samples/comment/	5a07291a255029789e96e3167c46291823d9996f	sample-directory	blocked	BS1	BF2 must execute/classify the sample and attach profile/product evidence.	-
SVELTE-F2DFD5A489D5151D945C	server-side-rendering	packages/svelte/tests/server-side-rendering/samples/component-binding-renamed/	b9f070239cfa3df336d0d1ebb2281c0fbece289e	sample-directory	blocked	BS1	BF2 must execute/classify the sample and attach profile/product evidence.	-
SVELTE-112498CEEA9A02033666	server-side-rendering	packages/svelte/tests/server-side-rendering/samples/component-binding/	f00b7191fbc247f43075a16590e3fd9300b094fc	sample-directory	blocked	BS1	BF2 must execute/classify the sample and attach profile/product evidence.	-
SVELTE-73DC5FBF3FA59388356A	server-side-rendering	packages/svelte/tests/server-side-rendering/samples/component-data-dynamic/	cbb4d6680102414453c1a75d140763a8fb6a7f75	sample-directory	blocked	BS1	BF2 must execute/classify the sample and attach profile/product evidence.	-
SVELTE-EA26E42816C5E05A8566	server-side-rendering	packages/svelte/tests/server-side-rendering/samples/component-data-empty/	40992e3353ee562f5d7af8c04cf30b22b32f6238	sample-directory	blocked	BS1	BF2 must execute/classify the sample and attach profile/product evidence.	-
SVELTE-4E2BA533860371DC8DBA	server-side-rendering	packages/svelte/tests/server-side-rendering/samples/component-refs-and-attributes/	2cce7040b6063af0cbfc29d8dc067ee43d99a0f2	sample-directory	blocked	BS1	BF2 must execute/classify the sample and attach profile/product evidence.	-
SVELTE-5E13E2F60072B162AE17	server-side-rendering	packages/svelte/tests/server-side-rendering/samples/component-refs/	4a9c1a31e2cf863ec34cb0993114a29a0cbba06a	sample-directory	blocked	BS1	BF2 must execute/classify the sample and attach profile/product evidence.	-
SVELTE-1588EFE607E9EDF23733	server-side-rendering	packages/svelte/tests/server-side-rendering/samples/component-with-different-extension/	d373c273e167602501f6260dca5f4b7786babebc	sample-directory	blocked	BS1	BF2 must execute/classify the sample and attach profile/product evidence.	-
SVELTE-A9DE629A336B86A5B300	server-side-rendering	packages/svelte/tests/server-side-rendering/samples/component-yield/	b6fbf4dde1c963b84a74ba399ed4f720d32571be	sample-directory	blocked	BS1	BF2 must execute/classify the sample and attach profile/product evidence.	-
SVELTE-5FDC4EBC12D7BC657F6F	server-side-rendering	packages/svelte/tests/server-side-rendering/samples/component/	d373c273e167602501f6260dca5f4b7786babebc	sample-directory	blocked	BS1	BF2 must execute/classify the sample and attach profile/product evidence.	-
SVELTE-B4921266EBD938D71486	server-side-rendering	packages/svelte/tests/server-side-rendering/samples/computed/	e6b4915abacfd5781f16d5f2b5c4f84df57d17b8	sample-directory	blocked	BS1	BF2 must execute/classify the sample and attach profile/product evidence.	-
SVELTE-B8E18C08E479BFF9BF18	server-side-rendering	packages/svelte/tests/server-side-rendering/samples/constructor-prefer-passed-context/	2a528d2cee32c8f27372706c218f03a54b1a92ca	sample-directory	blocked	BS1	BF2 must execute/classify the sample and attach profile/product evidence.	-
SVELTE-CD0DDF96573928B5889B	server-side-rendering	packages/svelte/tests/server-side-rendering/samples/contenteditable-bindings-escaped/	8ba4e43a3c8fbd9c4a5711038ebf6d1e5e948458	sample-directory	blocked	BS1	BF2 must execute/classify the sample and attach profile/product evidence.	-
SVELTE-69CA8DECB62E6DD966A8	server-side-rendering	packages/svelte/tests/server-side-rendering/samples/context-not-set-throws/	1f395d545540ab0a4f0704232c83f6eeeab8164d	sample-directory	blocked	BS1	BF2 must execute/classify the sample and attach profile/product evidence.	-
SVELTE-BAE440E2968D7F4875CB	server-side-rendering	packages/svelte/tests/server-side-rendering/samples/context/	e27a7635f647752dda75aa3c353ffc765afe6623	sample-directory	blocked	BS1	BF2 must execute/classify the sample and attach profile/product evidence.	-
SVELTE-90DE70F7983BEA616DF7	server-side-rendering	packages/svelte/tests/server-side-rendering/samples/csp-config-error/	22af664199b637f412989c5ca1e0c733f94bcb8c	sample-directory	blocked	BS1	BF2 must execute/classify the sample and attach profile/product evidence.	-
SVELTE-95174D6D3A4A502666FD	server-side-rendering	packages/svelte/tests/server-side-rendering/samples/csp-hash/	93fde517ee8760395a1c5b18b2cdcbd8416e910e	sample-directory	blocked	BS1	BF2 must execute/classify the sample and attach profile/product evidence.	-
SVELTE-B569F8153917E371CA3F	server-side-rendering	packages/svelte/tests/server-side-rendering/samples/csp-nonce/	5ebb999e498d10ca6c3bdf931a4e3fd4515b99b7	sample-directory	blocked	BS1	BF2 must execute/classify the sample and attach profile/product evidence.	-
SVELTE-313693BBD4CAF32FC1E5	server-side-rendering	packages/svelte/tests/server-side-rendering/samples/css-empty/	ce87433ece1b6ed9544965a7705c57691362d4db	sample-directory	blocked	BS1	BF2 must execute/classify the sample and attach profile/product evidence.	-
SVELTE-90C7B0BE49D34E2D0FED	server-side-rendering	packages/svelte/tests/server-side-rendering/samples/css-injected-options-minify/	ea225f957ee26b17ac6382710a8ba2b08f1d2932	sample-directory	blocked	BS1	BF2 must execute/classify the sample and attach profile/product evidence.	-
SVELTE-2D49686EDCCD46DE7EE5	server-side-rendering	packages/svelte/tests/server-side-rendering/samples/css-injected-options-nested/	f094a81365a7540c324d6c2b2463e29fedef2744	sample-directory	blocked	BS1	BF2 must execute/classify the sample and attach profile/product evidence.	-
SVELTE-F76BE278873B99382309	server-side-rendering	packages/svelte/tests/server-side-rendering/samples/css-injected-options/	94a2d9d9ba4ca7f013f66e32a29b3ad9d656a18a	sample-directory	blocked	BS1	BF2 must execute/classify the sample and attach profile/product evidence.	-
SVELTE-4F3F90A4248F9A6162BD	server-side-rendering	packages/svelte/tests/server-side-rendering/samples/css/	73c1e71e1dcf9d4aa6cc8f9abb18dbfc2cf58cf8	sample-directory	blocked	BS1	BF2 must execute/classify the sample and attach profile/product evidence.	-
SVELTE-FF5F4F17F796F08BC941	server-side-rendering	packages/svelte/tests/server-side-rendering/samples/declaration-tags-transform/	9ef48e670cc138ea0b969bd76fe405d460e1c675	sample-directory	blocked	BS1	BF2 must execute/classify the sample and attach profile/product evidence.	-
SVELTE-EFE0B17C604B526DD845	server-side-rendering	packages/svelte/tests/server-side-rendering/samples/default-data-override/	8be6d2dea270189f7596e131f5ff62aa9d915416	sample-directory	blocked	BS1	BF2 must execute/classify the sample and attach profile/product evidence.	-
SVELTE-C624F7FFF2102DF61E92	server-side-rendering	packages/svelte/tests/server-side-rendering/samples/default-data/	ab4c394fb36d9ddf582ce8cf0f0699993e534e39	sample-directory	blocked	BS1	BF2 must execute/classify the sample and attach profile/product evidence.	-
SVELTE-00CAEEEC6E216B5C64AA	server-side-rendering	packages/svelte/tests/server-side-rendering/samples/destructure-state-iterable/	399330c3cce5a25c443dcfd2c3a97c8f2fb9554c	sample-directory	blocked	BS1	BF2 must execute/classify the sample and attach profile/product evidence.	-
SVELTE-62E35FB95E89FC1A5726	server-side-rendering	packages/svelte/tests/server-side-rendering/samples/destructure-state/	3cc56f72784c7e094ca0138518c39698844b82ab	sample-directory	blocked	BS1	BF2 must execute/classify the sample and attach profile/product evidence.	-
SVELTE-83C837A1C18CFE0A5310	server-side-rendering	packages/svelte/tests/server-side-rendering/samples/directives/	4bb82cd377cebbee1208d22c88293e12d03f62e7	sample-directory	blocked	BS1	BF2 must execute/classify the sample and attach profile/product evidence.	-
SVELTE-5402D5FC3C437CCA8CF6	server-side-rendering	packages/svelte/tests/server-side-rendering/samples/dynamic-element-string/	c29cdee74ec3bb9c428596ce41aee240ad10d211	sample-directory	blocked	BS1	BF2 must execute/classify the sample and attach profile/product evidence.	-
SVELTE-B758447A4B824A1665DD	server-side-rendering	packages/svelte/tests/server-side-rendering/samples/dynamic-element-variable/	8c98f4d8dcdf31a6359dc45ced62e51d730d886e	sample-directory	blocked	BS1	BF2 must execute/classify the sample and attach profile/product evidence.	-
SVELTE-1FCF142CE5161336B969	server-side-rendering	packages/svelte/tests/server-side-rendering/samples/dynamic-element-xss-prevention/	d3fc192244928ada150f15a9d989af2dfc82d6e1	sample-directory	blocked	BS1	BF2 must execute/classify the sample and attach profile/product evidence.	-
SVELTE-E1E9EB789A56BBED4187	server-side-rendering	packages/svelte/tests/server-side-rendering/samples/dynamic-text-escaped/	f06804b37fb76e7f9b88da931d7a1b1938004513	sample-directory	blocked	BS1	BF2 must execute/classify the sample and attach profile/product evidence.	-
SVELTE-11CA2E0A2756C71F950E	server-side-rendering	packages/svelte/tests/server-side-rendering/samples/dynamic-text/	c4b858957d9c4e59b3b15b0a9198e1e59aeda384	sample-directory	blocked	BS1	BF2 must execute/classify the sample and attach profile/product evidence.	-
SVELTE-099227E4A3BFECE44297	server-side-rendering	packages/svelte/tests/server-side-rendering/samples/each-block/	3d3c968b250b7214713fcfd4379fe9dda89a3e2f	sample-directory	blocked	BS1	BF2 must execute/classify the sample and attach profile/product evidence.	-
SVELTE-216C89956D47E6CC22F5	server-side-rendering	packages/svelte/tests/server-side-rendering/samples/each-body-async/	4ec153a7593fee5ac47f65c29270a4499026bbb4	sample-directory	blocked	BS1	BF2 must execute/classify the sample and attach profile/product evidence.	-
SVELTE-04D35C67D379F05B4313	server-side-rendering	packages/svelte/tests/server-side-rendering/samples/empty-elements-closed/	16ea3ed8f27f6182423831591abe6d64a5701f71	sample-directory	blocked	BS1	BF2 must execute/classify the sample and attach profile/product evidence.	-
SVELTE-863647BD1AAA26EBE01B	server-side-rendering	packages/svelte/tests/server-side-rendering/samples/entities/	11fc7ae1337178b649841e686b4c3618ef2a79c2	sample-directory	blocked	BS1	BF2 must execute/classify the sample and attach profile/product evidence.	-
SVELTE-B33C9D58AD79ABB95448	server-side-rendering	packages/svelte/tests/server-side-rendering/samples/falsy-dynamic-component/	3da8918f021f164757ba0b90c843f243372eb6e4	sample-directory	blocked	BS1	BF2 must execute/classify the sample and attach profile/product evidence.	-
SVELTE-BF09F66C3CF18356D940	server-side-rendering	packages/svelte/tests/server-side-rendering/samples/head-component-props-id/	e9dcdbabbe1a31881b08936e27e62af495fd8fcb	sample-directory	blocked	BS1	BF2 must execute/classify the sample and attach profile/product evidence.	-
SVELTE-FC2A0A78A43E50E216EB	server-side-rendering	packages/svelte/tests/server-side-rendering/samples/head-html-and-component/	a62ba1a48c0f9f52c8cd715194f859b9a29341aa	sample-directory	blocked	BS1	BF2 must execute/classify the sample and attach profile/product evidence.	-
SVELTE-E10E7FD7E8F3FD8343B4	server-side-rendering	packages/svelte/tests/server-side-rendering/samples/head-meta-hydrate-duplicate/	70bf565bf2bcaedc79233c5f549d596591277936	sample-directory	blocked	BS1	BF2 must execute/classify the sample and attach profile/product evidence.	-
SVELTE-A3FFBF5C8BD65A1EA0E9	server-side-rendering	packages/svelte/tests/server-side-rendering/samples/head-multiple-title/	584764b277894821e47eefbeb3fd331f3fb0b4d1	sample-directory	blocked	BS1	BF2 must execute/classify the sample and attach profile/product evidence.	-
SVELTE-D8CEDDCBD5896A51BBCE	server-side-rendering	packages/svelte/tests/server-side-rendering/samples/head-no-duplicates-with-binding/	de3103bb12164fb3ae4957c2ab2b70e6db97d017	sample-directory	blocked	BS1	BF2 must execute/classify the sample and attach profile/product evidence.	-
SVELTE-0F874F973CA8E475C809	server-side-rendering	packages/svelte/tests/server-side-rendering/samples/head-raw-elements-content/	e00719fc7aefd771425738641d41eb3da856deb1	sample-directory	blocked	BS1	BF2 must execute/classify the sample and attach profile/product evidence.	-
SVELTE-1D0779AAFA1C5E367F66	server-side-rendering	packages/svelte/tests/server-side-rendering/samples/head-svelte-components-raw-content/	2770e9fae90a495c6e161f634d7290ee259c571a	sample-directory	blocked	BS1	BF2 must execute/classify the sample and attach profile/product evidence.	-
SVELTE-F704D618BA495773CD97	server-side-rendering	packages/svelte/tests/server-side-rendering/samples/head-title/	14ba45079ed04d67428f480e8d0ce41c86d8d1d2	sample-directory	blocked	BS1	BF2 must execute/classify the sample and attach profile/product evidence.	-
SVELTE-057D4848B2B2EC705A33	server-side-rendering	packages/svelte/tests/server-side-rendering/samples/head-with-multiple-binding-components/	9f432708f98aa0452c0287f6d17647a87345575f	sample-directory	blocked	BS1	BF2 must execute/classify the sample and attach profile/product evidence.	-
SVELTE-78EA5DB29EDF3550793A	server-side-rendering	packages/svelte/tests/server-side-rendering/samples/helpers/	8cfca3cca3088a076dd1e40555751d3a0da750d2	sample-directory	blocked	BS1	BF2 must execute/classify the sample and attach profile/product evidence.	-
SVELTE-9BAF35410F88D65A5879	server-side-rendering	packages/svelte/tests/server-side-rendering/samples/hydratable-clobbering-but-ok/	9e8779fb82be7c0a8ceeed7c7faaec5bd7fe43a5	sample-directory	blocked	BS1	BF2 must execute/classify the sample and attach profile/product evidence.	-
SVELTE-6F5A6630DFD26EE1A3D4	server-side-rendering	packages/svelte/tests/server-side-rendering/samples/hydratable-clobbering-complicated/	93c03963e8afc971e4887945642e040950242f8c	sample-directory	blocked	BS1	BF2 must execute/classify the sample and attach profile/product evidence.	-
SVELTE-CF1468892E4E47F28785	server-side-rendering	packages/svelte/tests/server-side-rendering/samples/hydratable-clobbering/	79227d238013a9062ed9ec596404fdfb54e78caa	sample-directory	blocked	BS1	BF2 must execute/classify the sample and attach profile/product evidence.	-
SVELTE-011A3D69EC621BA8086C	server-side-rendering	packages/svelte/tests/server-side-rendering/samples/hydratable-unserializable/	1e49b77941b81b1d533aea2c0a6e42fbb8f15050	sample-directory	blocked	BS1	BF2 must execute/classify the sample and attach profile/product evidence.	-
SVELTE-2949D164A0712C8E40D4	server-side-rendering	packages/svelte/tests/server-side-rendering/samples/if-block-false/	b7005157ce6c2ae9447c2522e8502062ccfad4c6	sample-directory	blocked	BS1	BF2 must execute/classify the sample and attach profile/product evidence.	-
SVELTE-633C4F25B1B0F1AC4F92	server-side-rendering	packages/svelte/tests/server-side-rendering/samples/if-block-true/	8ad0ea36332b7b65f40a741a75dbb07d43d75bea	sample-directory	blocked	BS1	BF2 must execute/classify the sample and attach profile/product evidence.	-
SVELTE-DECD56483AD1D1A3C3C5	server-side-rendering	packages/svelte/tests/server-side-rendering/samples/import-non-component/	8c0c7df8836364f04343a31c46a13693aa943606	sample-directory	blocked	BS1	BF2 must execute/classify the sample and attach profile/product evidence.	-
SVELTE-EBCD21C060323A503325	server-side-rendering	packages/svelte/tests/server-side-rendering/samples/invalid-nested-svelte-element/	1df86e38ad3c89451d320c884ce4b3ae19f8d8b3	sample-directory	blocked	BS1	BF2 must execute/classify the sample and attach profile/product evidence.	-
SVELTE-B6D18E22B751E55DB6E7	server-side-rendering	packages/svelte/tests/server-side-rendering/samples/legacy-imports/	592018fdfc140256842431c6af08ed2fe85f357c	sample-directory	blocked	BS1	BF2 must execute/classify the sample and attach profile/product evidence.	-
SVELTE-9A36368C8AAC59B91259	server-side-rendering	packages/svelte/tests/server-side-rendering/samples/option-body-escaped/	1f1ba0ca08ff3eabd70977623df20fd71ed18d72	sample-directory	blocked	BS1	BF2 must execute/classify the sample and attach profile/product evidence.	-
SVELTE-1AFA1FE08938091D2348	server-side-rendering	packages/svelte/tests/server-side-rendering/samples/option-scoped-class/	1fa5f40b167e85f965efd38a4a3324d6a86a0452	sample-directory	blocked	BS1	BF2 must execute/classify the sample and attach profile/product evidence.	-
SVELTE-4E776D17B3C4262C6712	server-side-rendering	packages/svelte/tests/server-side-rendering/samples/raw-mustaches/	a228d215312b90e9726955fd3dc4d4705aface32	sample-directory	blocked	BS1	BF2 must execute/classify the sample and attach profile/product evidence.	-
SVELTE-95AFC91D32DA77275C7C	server-side-rendering	packages/svelte/tests/server-side-rendering/samples/reactivity-window/	7c87e2faed2e3387187b903141dae397bfd579d4	sample-directory	blocked	BS1	BF2 must execute/classify the sample and attach profile/product evidence.	-
SVELTE-C01CD0539D2625EFA4D0	server-side-rendering	packages/svelte/tests/server-side-rendering/samples/sanitize-name/	6d849739c5db92071badfea5ab0336796cc77833	sample-directory	blocked	BS1	BF2 must execute/classify the sample and attach profile/product evidence.	-
SVELTE-0FB4C33A1FB7745A9297	server-side-rendering	packages/svelte/tests/server-side-rendering/samples/select-option-store-implicit-value/	35ba41be2bde9d50660dc9e9a0836c737d20ff1d	sample-directory	blocked	BS1	BF2 must execute/classify the sample and attach profile/product evidence.	-
SVELTE-47C7FA9431A589F858EC	server-side-rendering	packages/svelte/tests/server-side-rendering/samples/select-option-store-text-content/	655fed29b44e93dbaf8e6f48c461d4fd838a0d7d	sample-directory	blocked	BS1	BF2 must execute/classify the sample and attach profile/product evidence.	-
SVELTE-78D31F158587E8A64DFF	server-side-rendering	packages/svelte/tests/server-side-rendering/samples/select-value-bind-store/	c87f2e062c120d915345767f33bc1f92afcb5965	sample-directory	blocked	BS1	BF2 must execute/classify the sample and attach profile/product evidence.	-
SVELTE-2DE6DEDDE5071EA33780	server-side-rendering	packages/svelte/tests/server-side-rendering/samples/select-value-component/	140bce0b91eb281c28aa49aa57065065d19be82c	sample-directory	blocked	BS1	BF2 must execute/classify the sample and attach profile/product evidence.	-
SVELTE-098C8B07E3CFCA465D8A	server-side-rendering	packages/svelte/tests/server-side-rendering/samples/select-value-implicit-value-complex/	cea421fa6205ef558a909594867d1d865fe16bd6	sample-directory	blocked	BS1	BF2 must execute/classify the sample and attach profile/product evidence.	-
SVELTE-43D1E2243E05D0130695	server-side-rendering	packages/svelte/tests/server-side-rendering/samples/select-value-implicit-value/	3d4be04a0fe64b6783bdbabc10475966c6d38215	sample-directory	blocked	BS1	BF2 must execute/classify the sample and attach profile/product evidence.	-
SVELTE-E92A0B68224B98E07A73	server-side-rendering	packages/svelte/tests/server-side-rendering/samples/select-value-scoped-class/	4a6c4854c5609232423c0a4d45be298c15d45616	sample-directory	blocked	BS1	BF2 must execute/classify the sample and attach profile/product evidence.	-
SVELTE-6368A2EA7295D4FB877A	server-side-rendering	packages/svelte/tests/server-side-rendering/samples/select-value/	e07678d01a24f545e74664ed227e5bca60f03884	sample-directory	blocked	BS1	BF2 must execute/classify the sample and attach profile/product evidence.	-
SVELTE-6CFF7015E06F7DFC4BD7	server-side-rendering	packages/svelte/tests/server-side-rendering/samples/spread-attributes-boolean/	d20cb5dbfe92affd80623ed97d335afbd024527a	sample-directory	blocked	BS1	BF2 must execute/classify the sample and attach profile/product evidence.	-
SVELTE-7F128AD3E1ECA1D8AF14	server-side-rendering	packages/svelte/tests/server-side-rendering/samples/spread-attributes-event-handler-xss/	a47668ded697760288b968212fffeb797eba96db	sample-directory	blocked	BS1	BF2 must execute/classify the sample and attach profile/product evidence.	-
SVELTE-C130C553F17D6E3268DA	server-side-rendering	packages/svelte/tests/server-side-rendering/samples/spread-attributes-white-space/	0ac5ede10bfebd67d23e5750d048c6bf18d317bc	sample-directory	blocked	BS1	BF2 must execute/classify the sample and attach profile/product evidence.	-
SVELTE-57D098A757C300FDCFEA	server-side-rendering	packages/svelte/tests/server-side-rendering/samples/spread-attributes/	9de6faa7764239f941478c0ed2ee2ffd11f033ed	sample-directory	blocked	BS1	BF2 must execute/classify the sample and attach profile/product evidence.	-
SVELTE-4B117E0521E53D55F5E8	server-side-rendering	packages/svelte/tests/server-side-rendering/samples/state-eager/	94a7ef938b815e8f540d3b6acff7523c19b1b115	sample-directory	blocked	BS1	BF2 must execute/classify the sample and attach profile/product evidence.	-
SVELTE-20115C21331E5193575B	server-side-rendering	packages/svelte/tests/server-side-rendering/samples/static-div/	18baf836d06c34dfd06f30d6fe17ddc1e502a478	sample-directory	blocked	BS1	BF2 must execute/classify the sample and attach profile/product evidence.	-
SVELTE-8AFD8AE3C3F534DB4C0C	server-side-rendering	packages/svelte/tests/server-side-rendering/samples/static-text/	02b699d2ed2dbad061f6fda455f09f804ff14109	sample-directory	blocked	BS1	BF2 must execute/classify the sample and attach profile/product evidence.	-
SVELTE-044F05E9AE6E242A67ED	server-side-rendering	packages/svelte/tests/server-side-rendering/samples/store-init-props/	096f16dbafa729269904e9b4dd4246a00065ba2c	sample-directory	blocked	BS1	BF2 must execute/classify the sample and attach profile/product evidence.	-
SVELTE-D3A1923A5F55A5E8610C	server-side-rendering	packages/svelte/tests/server-side-rendering/samples/text-area-bind/	c6af37633f932c53842c520c6bc9c8add89fe38c	sample-directory	blocked	BS1	BF2 must execute/classify the sample and attach profile/product evidence.	-
SVELTE-44FA0B2EF83B696373E9	server-side-rendering	packages/svelte/tests/server-side-rendering/samples/textarea-children/	75a61049641d5e9a5f3ab6306f43107d22019ab1	sample-directory	blocked	BS1	BF2 must execute/classify the sample and attach profile/product evidence.	-
SVELTE-0FD00AF6658247788344	server-side-rendering	packages/svelte/tests/server-side-rendering/samples/textarea-value/	3d1bfb0e67432d4d45df18f03645bc35d5a885a1	sample-directory	blocked	BS1	BF2 must execute/classify the sample and attach profile/product evidence.	-
SVELTE-DBD1170C0C3A17A364C0	server-side-rendering	packages/svelte/tests/server-side-rendering/samples/triple/	ac8a8a00ae5d18bd62e0fb0b0b902c20e32040f9	sample-directory	blocked	BS1	BF2 must execute/classify the sample and attach profile/product evidence.	-
SVELTE-7A98A7EC1CFB019D89CF	signals	packages/svelte/tests/signals/	cf3b23b10e6350b5c8bdf0df954a527a4e3d89e2	suite-sentinel	not_applicable	BF1	Official runtime signals tests are outside compiler-output conformance.	-
SVELTE-131EE4F6A6E4F8DF89BF	snapshot	packages/svelte/tests/snapshot/samples/async-const/	56cb202357e4d60d055d238f3d4316b263888569	sample-directory	blocked	BS1	BF2 must execute/classify the sample and attach profile/product evidence.	-
SVELTE-4CC07F47C0495A6080A5	snapshot	packages/svelte/tests/snapshot/samples/async-each-fallback-hoisting/	1b607eae0b37b22b3f0430bc305a3fbc5675b207	sample-directory	blocked	BS1	BF2 must execute/classify the sample and attach profile/product evidence.	-
SVELTE-7FE2CCF7CF69BE7521D7	snapshot	packages/svelte/tests/snapshot/samples/async-each-hoisting/	f08a9e171aa42b86f4536085d9f972644b349eee	sample-directory	blocked	BS1	BF2 must execute/classify the sample and attach profile/product evidence.	-
SVELTE-CF20C2EA6AF4DE3CF03D	snapshot	packages/svelte/tests/snapshot/samples/async-if-alternate-hoisting/	9c3f059d82eecd17b3b9a24a95ba9ccd058d292f	sample-directory	blocked	BS1	BF2 must execute/classify the sample and attach profile/product evidence.	-
SVELTE-1CE7E8B1D5A49A437237	snapshot	packages/svelte/tests/snapshot/samples/async-if-chain/	cb556170ae05b19edfef57ef56b97643b95c3f0b	sample-directory	blocked	BS1	BF2 must execute/classify the sample and attach profile/product evidence.	-
SVELTE-FFE8813F1B2FF410635C	snapshot	packages/svelte/tests/snapshot/samples/async-if-hoisting/	b7721c4b86996375d63be3f4f45e053e452bc372	sample-directory	blocked	BS1	BF2 must execute/classify the sample and attach profile/product evidence.	-
SVELTE-DF51C47E66A33BD589FE	snapshot	packages/svelte/tests/snapshot/samples/async-in-derived/	de8cf21836e510d170b00a959b73f12abf981c2b	sample-directory	blocked	BS1	BF2 must execute/classify the sample and attach profile/product evidence.	-
SVELTE-81F930E5E550EF9FCEAE	snapshot	packages/svelte/tests/snapshot/samples/async-top-level-group-sync-run/	3eb059baf48c9f69e9a6396778d5da6c8212bf66	sample-directory	blocked	BS1	BF2 must execute/classify the sample and attach profile/product evidence.	-
SVELTE-EA318B7E19031F0C6C5E	snapshot	packages/svelte/tests/snapshot/samples/async-top-level-inspect-server/	62defd42b0afddcbd90b1e79865621f7b2ea58dc	sample-directory	blocked	BS1	BF2 must execute/classify the sample and attach profile/product evidence.	-
SVELTE-831465EF118097E89BA0	snapshot	packages/svelte/tests/snapshot/samples/await-block-scope/	955151c80cd24cfcc945d98a885a21369af7934a	sample-directory	blocked	BS1	BF2 must execute/classify the sample and attach profile/product evidence.	-
SVELTE-5CBBE610E3CB627064CD	snapshot	packages/svelte/tests/snapshot/samples/bind-component-snippet/	6b7eae904cc77dd521d1eabae32d22f4e4488c34	sample-directory	blocked	BS1	BF2 must execute/classify the sample and attach profile/product evidence.	-
SVELTE-AD3F7D51A18506A08990	snapshot	packages/svelte/tests/snapshot/samples/bind-this/	103675231e16e2817cc1dfc704166b1990506afe	sample-directory	blocked	BS1	BF2 must execute/classify the sample and attach profile/product evidence.	-
SVELTE-7B32F3915331F0E5AC29	snapshot	packages/svelte/tests/snapshot/samples/class-state-field-constructor-assignment/	688d81c4dcad92c8e3b9e6ce52bd898874ec3503	sample-directory	blocked	BS1	BF2 must execute/classify the sample and attach profile/product evidence.	-
SVELTE-7226616006F2B8FB721F	snapshot	packages/svelte/tests/snapshot/samples/dedupe-templates/	3c3f8cc9e559661ab6cfb5f5cd27e2c2b95c12b2	sample-directory	blocked	BS1	BF2 must execute/classify the sample and attach profile/product evidence.	-
SVELTE-B8662635A435776E12CD	snapshot	packages/svelte/tests/snapshot/samples/delegated-locally-declared-shadowed/	77669c80b9770061ede9ecbfd44240bfae13c16f	sample-directory	blocked	BS1	BF2 must execute/classify the sample and attach profile/product evidence.	-
SVELTE-48396292C0BAD5489D44	snapshot	packages/svelte/tests/snapshot/samples/destructured-assignments/	20e5c62cf8ebfb3b7774d3c402ae5597bfd3a61c	sample-directory	blocked	BS1	BF2 must execute/classify the sample and attach profile/product evidence.	-
SVELTE-24DD806C407D446702C7	snapshot	packages/svelte/tests/snapshot/samples/dynamic-attributes-casing/	820cdaf11f893bcafc26b09d250a70ef2ceccde2	sample-directory	blocked	BS1	BF2 must execute/classify the sample and attach profile/product evidence.	-
SVELTE-F95733C9F352D695A8F8	snapshot	packages/svelte/tests/snapshot/samples/each-index-non-null/	c12b4181125fb1d311451300a826cdd63912e80c	sample-directory	blocked	BS1	BF2 must execute/classify the sample and attach profile/product evidence.	-
SVELTE-65C0E3DB8E66B01A1773	snapshot	packages/svelte/tests/snapshot/samples/each-string-template/	85b422b1ad8f934c701cfe42f1ee9b9115f94a1e	sample-directory	blocked	BS1	BF2 must execute/classify the sample and attach profile/product evidence.	-
SVELTE-B1722C4406071AACD505	snapshot	packages/svelte/tests/snapshot/samples/export-state/	c734a0f593793f417e503c251d0ce5db92496102	sample-directory	blocked	BS1	BF2 must execute/classify the sample and attach profile/product evidence.	-
SVELTE-CD5E537F46018019581E	snapshot	packages/svelte/tests/snapshot/samples/function-prop-no-getter/	e8d64a5be50035ca4746bfae9603a27063d5a380	sample-directory	blocked	BS1	BF2 must execute/classify the sample and attach profile/product evidence.	-
SVELTE-2ACF0319B9455C646115	snapshot	packages/svelte/tests/snapshot/samples/functional-templating/	76b6a5e77c37e565dd93ed599b9af2bd52025dac	sample-directory	blocked	BS1	BF2 must execute/classify the sample and attach profile/product evidence.	-
SVELTE-B9C07628FCCDE3FF5081	snapshot	packages/svelte/tests/snapshot/samples/hello-world/	340047193b0458737ca0793e55deebe7aeb61df6	sample-directory	blocked	BS1	BF2 must execute/classify the sample and attach profile/product evidence.	-
SVELTE-4AF966AFD4FA81541B22	snapshot	packages/svelte/tests/snapshot/samples/hmr/	a4b769860fb22d680ed3839778d166fb0e2588a4	sample-directory	blocked	BS1	BF2 must execute/classify the sample and attach profile/product evidence.	-
SVELTE-F5645ED0885616D0BE82	snapshot	packages/svelte/tests/snapshot/samples/imports-in-modules/	2a34949dc0661bf1dc7050866371199580ec3517	sample-directory	blocked	BS1	BF2 must execute/classify the sample and attach profile/product evidence.	-
SVELTE-338951BBA735B370157C	snapshot	packages/svelte/tests/snapshot/samples/nullish-coallescence-omittance/	040141625ec5eb3d88142c53f56b5dd7dbc89487	sample-directory	blocked	BS1	BF2 must execute/classify the sample and attach profile/product evidence.	-
SVELTE-FE51870A8ACB92DDE3E7	snapshot	packages/svelte/tests/snapshot/samples/props-identifier/	ba82da30fb0d8602d052bea3001f4b76a2be611e	sample-directory	blocked	BS1	BF2 must execute/classify the sample and attach profile/product evidence.	-
SVELTE-B55662763B9602AD94BC	snapshot	packages/svelte/tests/snapshot/samples/purity/	a6df3fb839f9c5f40c24de9d8dda3d96cae797c0	sample-directory	blocked	BS1	BF2 must execute/classify the sample and attach profile/product evidence.	-
SVELTE-9A89A6832C65194D27D8	snapshot	packages/svelte/tests/snapshot/samples/select-with-rich-content/	29a8dbe234dc3202fb744b983b65f80f261ed5a4	sample-directory	blocked	BS1	BF2 must execute/classify the sample and attach profile/product evidence.	-
SVELTE-4EA87B6BF2790202022C	snapshot	packages/svelte/tests/snapshot/samples/skip-static-subtree/	93d3c080c1ebca69a5031ec0cc41ab0b65a7f137	sample-directory	blocked	BS1	BF2 must execute/classify the sample and attach profile/product evidence.	-
SVELTE-4037552E11064B00583A	snapshot	packages/svelte/tests/snapshot/samples/state-proxy-literal/	01016c5477423f77d6ed5378f4dcd2dde27be7c1	sample-directory	blocked	BS1	BF2 must execute/classify the sample and attach profile/product evidence.	-
SVELTE-71B772C697B6E7A2460F	snapshot	packages/svelte/tests/snapshot/samples/svelte-element/	d14bad0e44dff8b6983c1ea953a75ceff1d46a74	sample-directory	blocked	BS1	BF2 must execute/classify the sample and attach profile/product evidence.	-
SVELTE-82A517AD792AABFDA7C9	snapshot	packages/svelte/tests/snapshot/samples/text-nodes-deriveds/	ecf3ee29dfa2156e0233b0bd1e6606cb780e6e47	sample-directory	blocked	BS1	BF2 must execute/classify the sample and attach profile/product evidence.	-
SVELTE-ACC76C2B5656402DC417	snapshot	packages/svelte/tests/snapshot/samples/typescript-optional-parameter/	b6760de7be451cc98dccbd2a4c0caa879dc25f4d	sample-directory	blocked	BS1	BF2 must execute/classify the sample and attach profile/product evidence.	-
SVELTE-F656B43E068BC37A1E14	sourcemaps	packages/svelte/tests/sourcemaps/samples/attached-sourcemap/	ae89d8e76508c40c08a7122aa4bc3afba87803aa	sample-directory	blocked	BS1/B4	BF2 must execute/classify the sample and attach profile/product evidence.	-
SVELTE-034AF9B163EA3A801525	sourcemaps	packages/svelte/tests/sourcemaps/samples/basic/	5bc0fe9f31fe82c9e1af103907f0956b54e82ce6	sample-directory	blocked	BS1/B4	BF2 must execute/classify the sample and attach profile/product evidence.	-
SVELTE-30F4865C84CF5AA9CD1F	sourcemaps	packages/svelte/tests/sourcemaps/samples/binding-shorthand/	25e7c9c11d6bba0c5ce4d0bcc735e2caa9a054a5	sample-directory	blocked	BS1/B4	BF2 must execute/classify the sample and attach profile/product evidence.	-
SVELTE-CC80913BDA2B2C34E8FE	sourcemaps	packages/svelte/tests/sourcemaps/samples/binding/	6b05c95f2de4cd771e9dbf9de38640adca7d7cd2	sample-directory	blocked	BS1/B4	BF2 must execute/classify the sample and attach profile/product evidence.	-
SVELTE-EE9175E67CC6BF01B4FF	sourcemaps	packages/svelte/tests/sourcemaps/samples/css-injected-map/	368daa18943e90509cd2f658c80fb356fda8984d	sample-directory	blocked	BS1/B4	BF2 must execute/classify the sample and attach profile/product evidence.	-
SVELTE-E60D75965887EB8C20D7	sourcemaps	packages/svelte/tests/sourcemaps/samples/css/	5394a9f855d746250ac430116986fd120e00c01a	sample-directory	blocked	BS1/B4	BF2 must execute/classify the sample and attach profile/product evidence.	-
SVELTE-29748F721EBF8A452A10	sourcemaps	packages/svelte/tests/sourcemaps/samples/decoded-sourcemap/	c1e8a46c09b87880a804e761fdefefdbda1ce1e2	sample-directory	blocked	BS1/B4	BF2 must execute/classify the sample and attach profile/product evidence.	-
SVELTE-B582D76268E60566751D	sourcemaps	packages/svelte/tests/sourcemaps/samples/each-block/	581486fed6c53d1f7e5686deba7b08b50b8017e5	sample-directory	blocked	BS1/B4	BF2 must execute/classify the sample and attach profile/product evidence.	-
SVELTE-A3BB22A1CFD25624CF3F	sourcemaps	packages/svelte/tests/sourcemaps/samples/effects/	a2fd9de935445504b253774d8d16a10fb7d837e8	sample-directory	blocked	BS1/B4	BF2 must execute/classify the sample and attach profile/product evidence.	-
SVELTE-732EF3EFDB85CE07764A	sourcemaps	packages/svelte/tests/sourcemaps/samples/external/	b2aea946591ca77dd4d20317a433207a09e7593f	sample-directory	blocked	BS1/B4	BF2 must execute/classify the sample and attach profile/product evidence.	-
SVELTE-19F5744C09A18C2CCBA8	sourcemaps	packages/svelte/tests/sourcemaps/samples/markup/	f4c6e93ff41bc7dfbd9766831fd076f452fc8a9f	sample-directory	blocked	BS1/B4	BF2 must execute/classify the sample and attach profile/product evidence.	-
SVELTE-044C397DD891B6F5EFD5	sourcemaps	packages/svelte/tests/sourcemaps/samples/preprocessed-markup/	c58aa859cb46058630a312695cedabc3e6208880	sample-directory	blocked	BS1/B4	BF2 must execute/classify the sample and attach profile/product evidence.	-
SVELTE-35E7A47E7CC2B69DC496	sourcemaps	packages/svelte/tests/sourcemaps/samples/preprocessed-multiple/	34bc9759326e843f2adfac28f0433be3c14b08cb	sample-directory	blocked	BS1/B4	BF2 must execute/classify the sample and attach profile/product evidence.	-
SVELTE-2DAF626F814E7FF91901	sourcemaps	packages/svelte/tests/sourcemaps/samples/preprocessed-no-map/	ad5fe64d272042e40c4731bdec7aab938e437def	sample-directory	blocked	BS1/B4	BF2 must execute/classify the sample and attach profile/product evidence.	-
SVELTE-6091FE408D214569901A	sourcemaps	packages/svelte/tests/sourcemaps/samples/preprocessed-script/	e45a733823fe9c009d67096b144986e7741ba7cf	sample-directory	blocked	BS1/B4	BF2 must execute/classify the sample and attach profile/product evidence.	-
SVELTE-697232DD95EB038A4E19	sourcemaps	packages/svelte/tests/sourcemaps/samples/preprocessed-styles/	01a763e0165b70f2bd6fe04d8ce04fedcfc0cd3c	sample-directory	blocked	BS1/B4	BF2 must execute/classify the sample and attach profile/product evidence.	-
SVELTE-F90AA4826932BD51530D	sourcemaps	packages/svelte/tests/sourcemaps/samples/script-after-comment/	24c1dafd9ff472a3d54a9597b343633716938a96	sample-directory	blocked	BS1/B4	BF2 must execute/classify the sample and attach profile/product evidence.	-
SVELTE-9A04C0754CD6CD69C7B3	sourcemaps	packages/svelte/tests/sourcemaps/samples/script/	fbc7150b6e2a26bcd7549cb7b9d15a0343dab526	sample-directory	blocked	BS1/B4	BF2 must execute/classify the sample and attach profile/product evidence.	-
SVELTE-40E08AAA96D068B2A70E	sourcemaps	packages/svelte/tests/sourcemaps/samples/source-map-generator/	d3d8ecc79dd5cbcc29b8210992707e0d31a251eb	sample-directory	blocked	BS1/B4	BF2 must execute/classify the sample and attach profile/product evidence.	-
SVELTE-D5A56478F70B47E630AC	sourcemaps	packages/svelte/tests/sourcemaps/samples/sourcemap-basename-without-outputname/	6645a92d0a394f26608e9ad43b134c3d96fcec2d	sample-directory	blocked	BS1/B4	BF2 must execute/classify the sample and attach profile/product evidence.	-
SVELTE-4A1D5D19919A1A2948E7	sourcemaps	packages/svelte/tests/sourcemaps/samples/sourcemap-basename/	40ca94cca5c1e3e3a98572b7fce92e9d5361898c	sample-directory	blocked	BS1/B4	BF2 must execute/classify the sample and attach profile/product evidence.	-
SVELTE-2D265B29DB713B5EF5B7	sourcemaps	packages/svelte/tests/sourcemaps/samples/sourcemap-concat/	e0237b26a55b25147488d746efc816a1061e18eb	sample-directory	blocked	BS1/B4	BF2 must execute/classify the sample and attach profile/product evidence.	-
SVELTE-805470A73A8CEA4700B0	sourcemaps	packages/svelte/tests/sourcemaps/samples/sourcemap-empty-source/	c3190147fad5cce691d0a268f91514a3c9b653c6	sample-directory	blocked	BS1/B4	BF2 must execute/classify the sample and attach profile/product evidence.	-
SVELTE-DAFF6FF10426323D8FB5	sourcemaps	packages/svelte/tests/sourcemaps/samples/sourcemap-names/	cc871a881d32fac4a468de510c5eb9867f8a8700	sample-directory	blocked	BS1/B4	BF2 must execute/classify the sample and attach profile/product evidence.	-
SVELTE-6BAAA932E50E67BD0C70	sourcemaps	packages/svelte/tests/sourcemaps/samples/sourcemap-offsets/	e81998a453b7f77806617a232a0b8a58b91fb065	sample-directory	blocked	BS1/B4	BF2 must execute/classify the sample and attach profile/product evidence.	-
SVELTE-4A296B34638D6C0533E3	sourcemaps	packages/svelte/tests/sourcemaps/samples/sourcemap-sources/	993c81c4bbc78f82d7513fbab0c6c2e97ecc6f41	sample-directory	blocked	BS1/B4	BF2 must execute/classify the sample and attach profile/product evidence.	-
SVELTE-16575EA117C095593AD4	sourcemaps	packages/svelte/tests/sourcemaps/samples/static-no-script/	b857a40276362cb5c07e39d0a835927758ec0e85	sample-directory	blocked	BS1/B4	BF2 must execute/classify the sample and attach profile/product evidence.	-
SVELTE-739E8DA14E05243F892C	sourcemaps	packages/svelte/tests/sourcemaps/samples/two-scripts/	7eaf7d38db5917c311218468ea485dc24a5bd220	sample-directory	blocked	BS1/B4	BF2 must execute/classify the sample and attach profile/product evidence.	-
SVELTE-72C9CF908BBFE9411F1E	sourcemaps	packages/svelte/tests/sourcemaps/samples/typescript/	c90dfec93e54abc5cab96d580cf876407fa584ae	sample-directory	blocked	BS1/B4	BF2 must execute/classify the sample and attach profile/product evidence.	-
SVELTE-9805D6FE3672757DC105	store	packages/svelte/tests/store/	ee376dd7546ddc1c2e1cdc003677b7875990f84e	suite-sentinel	not_applicable	BF1	Official runtime store package tests are outside compiler-output conformance.	-
SVELTE-CDCCA20D4E51416D849F	types	packages/svelte/tests/types/	f45fe336df1bd20a51aeb13e6ae007913d569182	suite-sentinel	not_applicable	BF1	Official package API type tests are outside Verter SFC TypeScript-product cases.	-
SVELTE-819CD7B8B4576C35FCFA	validator	packages/svelte/tests/validator/samples/a11y-alt-text/	a4c0909b0f43cf1ea295cedfc8a06541f40045df	sample-directory	blocked	B2/BS1	BF2 must execute/classify the sample and attach profile/product evidence.	B2-parse-facet-svelte.md#svelte-819cd7b8b4576c35fcfa:pass
SVELTE-2E719E6428B88A2B4409	validator	packages/svelte/tests/validator/samples/a11y-anchor-aria-label-has-no-content/	a23347a8b1b11e48d4be665270fed30b5a1d0947	sample-directory	blocked	B2/BS1	BF2 must execute/classify the sample and attach profile/product evidence.	B2-parse-facet-svelte.md#svelte-2e719e6428b88a2b4409:pass
SVELTE-FED77818C3D967FB3006	validator	packages/svelte/tests/validator/samples/a11y-anchor-has-content/	962619d8eaba0930da50dd174172926c72e42982	sample-directory	blocked	B2/BS1	BF2 must execute/classify the sample and attach profile/product evidence.	B2-parse-facet-svelte.md#svelte-fed77818c3d967fb3006:pass
SVELTE-EA66749FD34AF552C5C3	validator	packages/svelte/tests/validator/samples/a11y-anchor-in-svg-is-valid/	eda822552145c6f99682d63d8699602537e35735	sample-directory	blocked	B2/BS1	BF2 must execute/classify the sample and attach profile/product evidence.	B2-parse-facet-svelte.md#svelte-ea66749fd34af552c5c3:pass
SVELTE-384487D054788D668B65	validator	packages/svelte/tests/validator/samples/a11y-anchor-is-valid/	fcdbd06804bc10b74331fac9f547dea228a6768a	sample-directory	blocked	B2/BS1	BF2 must execute/classify the sample and attach profile/product evidence.	B2-parse-facet-svelte.md#svelte-384487d054788d668b65:pass
SVELTE-2F00D1405C4835DA88DE	validator	packages/svelte/tests/validator/samples/a11y-aria-activedescendant/	63ca3bfcea9c0898c5cb05d791e21ddb56621565	sample-directory	blocked	B2/BS1	BF2 must execute/classify the sample and attach profile/product evidence.	B2-parse-facet-svelte.md#svelte-2f00d1405c4835da88de:pass
SVELTE-0228D5B3FF00F7D1B13D	validator	packages/svelte/tests/validator/samples/a11y-aria-props/	b31ea2bac5a2419f1a8c434d34feaad4f6e71f3d	sample-directory	blocked	B2/BS1	BF2 must execute/classify the sample and attach profile/product evidence.	B2-parse-facet-svelte.md#svelte-0228d5b3ff00f7d1b13d:pass
SVELTE-3A6C92EB61D3C9DABC0B	validator	packages/svelte/tests/validator/samples/a11y-aria-proptypes-boolean/	16c2ec7e2e9a989683fcfc30ade6da705f98308d	sample-directory	blocked	B2/BS1	BF2 must execute/classify the sample and attach profile/product evidence.	B2-parse-facet-svelte.md#svelte-3a6c92eb61d3c9dabc0b:pass
SVELTE-4FED01E537272005EA8C	validator	packages/svelte/tests/validator/samples/a11y-aria-proptypes-integer/	5493afa429b3c7ee5708865c78bb56864122bce3	sample-directory	blocked	B2/BS1	BF2 must execute/classify the sample and attach profile/product evidence.	B2-parse-facet-svelte.md#svelte-4fed01e537272005ea8c:pass
SVELTE-6F369BD3FBE8F8A25196	validator	packages/svelte/tests/validator/samples/a11y-aria-proptypes-number/	db6e0825e7764cfe232b810632d71339f82032a1	sample-directory	blocked	B2/BS1	BF2 must execute/classify the sample and attach profile/product evidence.	B2-parse-facet-svelte.md#svelte-6f369bd3fbe8f8a25196:pass
SVELTE-DF93549D923C9310086D	validator	packages/svelte/tests/validator/samples/a11y-aria-proptypes-string/	3c1cf2eb477535d3e6cad1b8a262ffb54cdcfca3	sample-directory	blocked	B2/BS1	BF2 must execute/classify the sample and attach profile/product evidence.	B2-parse-facet-svelte.md#svelte-df93549d923c9310086d:pass
SVELTE-DD02040FED79FBACD47A	validator	packages/svelte/tests/validator/samples/a11y-aria-proptypes-token/	3c657e4e7b5fd9a80bb24229cef4c810fd4ad80b	sample-directory	blocked	B2/BS1	BF2 must execute/classify the sample and attach profile/product evidence.	B2-parse-facet-svelte.md#svelte-dd02040fed79fbacd47a:pass
SVELTE-88AF8D0E578A49008467	validator	packages/svelte/tests/validator/samples/a11y-aria-proptypes-tokenlist/	63acfcf6598bf2019e2031edbfdb054da082cf87	sample-directory	blocked	B2/BS1	BF2 must execute/classify the sample and attach profile/product evidence.	B2-parse-facet-svelte.md#svelte-88af8d0e578a49008467:pass
SVELTE-AE59F0CB8973E3C4950E	validator	packages/svelte/tests/validator/samples/a11y-aria-proptypes-tristate/	af4e713a92692683713bf317fdab8e8b9b3aad43	sample-directory	blocked	B2/BS1	BF2 must execute/classify the sample and attach profile/product evidence.	B2-parse-facet-svelte.md#svelte-ae59f0cb8973e3c4950e:pass
SVELTE-5B9174E2BC9782DD1D83	validator	packages/svelte/tests/validator/samples/a11y-aria-role/	426579f9c6fec6148fd1229acebfbc09d8349ff0	sample-directory	blocked	B2/BS1	BF2 must execute/classify the sample and attach profile/product evidence.	B2-parse-facet-svelte.md#svelte-5b9174e2bc9782dd1d83:pass
SVELTE-A502BF186ACDF735C13B	validator	packages/svelte/tests/validator/samples/a11y-aria-unsupported-element/	a22fd13f6fe7c8aab27d272f4b9af9cb359a70cb	sample-directory	blocked	B2/BS1	BF2 must execute/classify the sample and attach profile/product evidence.	B2-parse-facet-svelte.md#svelte-a502bf186acdf735c13b:pass
SVELTE-2743C98D9079C184829A	validator	packages/svelte/tests/validator/samples/a11y-autocomplete-valid/	919504d85fb18e787fc7100be58dde9fe5dd6318	sample-directory	blocked	B2/BS1	BF2 must execute/classify the sample and attach profile/product evidence.	B2-parse-facet-svelte.md#svelte-2743c98d9079c184829a:pass
SVELTE-D97004F651ED17B12F9C	validator	packages/svelte/tests/validator/samples/a11y-click-events-have-key-events/	935908cad38e29ecf7e7ac3eb27fefbff5f202d4	sample-directory	blocked	B2/BS1	BF2 must execute/classify the sample and attach profile/product evidence.	B2-parse-facet-svelte.md#svelte-d97004f651ed17b12f9c:pass
SVELTE-5D70EA0854DF4F3876DE	validator	packages/svelte/tests/validator/samples/a11y-consider-explicit-label/	6c5131c52e65505175588c3b118c976af6e65a72	sample-directory	blocked	B2/BS1	BF2 must execute/classify the sample and attach profile/product evidence.	B2-parse-facet-svelte.md#svelte-5d70ea0854df4f3876de:pass
SVELTE-E012DF5994A45449D624	validator	packages/svelte/tests/validator/samples/a11y-contenteditable-element-without-child/	66c330a044e24d821127e25ded719fccc25fc486	sample-directory	blocked	B2/BS1	BF2 must execute/classify the sample and attach profile/product evidence.	B2-parse-facet-svelte.md#svelte-e012df5994a45449d624:pass
SVELTE-FFB0ED878DC19A2AFDE4	validator	packages/svelte/tests/validator/samples/a11y-figcaption-in-non-element-block/	0cd59b07e08f23e98f43f07698b1714386b72328	sample-directory	blocked	B2/BS1	BF2 must execute/classify the sample and attach profile/product evidence.	B2-parse-facet-svelte.md#svelte-ffb0ed878dc19a2afde4:pass
SVELTE-43015DD724B24631032F	validator	packages/svelte/tests/validator/samples/a11y-figcaption-right-place/	1ca9906788bf9ff265852e96870dd83f68afdd05	sample-directory	blocked	B2/BS1	BF2 must execute/classify the sample and attach profile/product evidence.	B2-parse-facet-svelte.md#svelte-43015dd724b24631032f:pass
SVELTE-5316E0F511274297CD07	validator	packages/svelte/tests/validator/samples/a11y-figcaption-wrong-place/	6024ff9f5e32de1bd2f10e3e03398bbff7717d00	sample-directory	blocked	B2/BS1	BF2 must execute/classify the sample and attach profile/product evidence.	B2-parse-facet-svelte.md#svelte-5316e0f511274297cd07:pass
SVELTE-7745EB7CDF6C1139BE1E	validator	packages/svelte/tests/validator/samples/a11y-heading-has-content/	49a468fe9a390b28cf7a8770e41df9c711fce102	sample-directory	blocked	B2/BS1	BF2 must execute/classify the sample and attach profile/product evidence.	B2-parse-facet-svelte.md#svelte-7745eb7cdf6c1139be1e:pass
SVELTE-D24EEB2EAE1A30F6601A	validator	packages/svelte/tests/validator/samples/a11y-html-has-lang/	a2dad081a39725c94cb6442bce608c684f7765ec	sample-directory	blocked	B2/BS1	BF2 must execute/classify the sample and attach profile/product evidence.	B2-parse-facet-svelte.md#svelte-d24eeb2eae1a30f6601a:pass
SVELTE-B2357EE286BAE9B6ADA9	validator	packages/svelte/tests/validator/samples/a11y-iframe-has-title/	23ace4c7d79f1460d48ce58cf2a81473bedc32bb	sample-directory	blocked	B2/BS1	BF2 must execute/classify the sample and attach profile/product evidence.	B2-parse-facet-svelte.md#svelte-b2357ee286bae9b6ada9:pass
SVELTE-DBD9F3B62FB8A8F56C09	validator	packages/svelte/tests/validator/samples/a11y-img-redundant-alt/	0d565fd1cc0efd1f16275f185970c6bb7fd5b901	sample-directory	blocked	B2/BS1	BF2 must execute/classify the sample and attach profile/product evidence.	B2-parse-facet-svelte.md#svelte-dbd9f3b62fb8a8f56c09:pass
SVELTE-064B6E954C6BF384F580	validator	packages/svelte/tests/validator/samples/a11y-interactive-supports-focus/	3759cc7a1876f2884c790f20dca5ebc679169bbf	sample-directory	blocked	B2/BS1	BF2 must execute/classify the sample and attach profile/product evidence.	B2-parse-facet-svelte.md#svelte-064b6e954c6bf384f580:pass
SVELTE-8A2167B6B0CBBC0E1FB3	validator	packages/svelte/tests/validator/samples/a11y-label-has-associated-control-2/	c86b0d74698f106ce72dd930ee4e70857ae6a7ca	sample-directory	blocked	B2/BS1	BF2 must execute/classify the sample and attach profile/product evidence.	B2-parse-facet-svelte.md#svelte-8a2167b6b0cbbc0e1fb3:pass
SVELTE-C3310CD0B720601A3D55	validator	packages/svelte/tests/validator/samples/a11y-label-has-associated-control-3/	7473302b55c2891a6033c5785594e95488c61873	sample-directory	blocked	B2/BS1	BF2 must execute/classify the sample and attach profile/product evidence.	B2-parse-facet-svelte.md#svelte-c3310cd0b720601a3d55:pass
SVELTE-9C9849A038ED6BEAF756	validator	packages/svelte/tests/validator/samples/a11y-label-has-associated-control/	e3d939d9cca9e138581eef188d2c577c48bb3bd8	sample-directory	blocked	B2/BS1	BF2 must execute/classify the sample and attach profile/product evidence.	B2-parse-facet-svelte.md#svelte-9c9849a038ed6beaf756:pass
SVELTE-777052261D9C3E87B2E6	validator	packages/svelte/tests/validator/samples/a11y-media-has-caption/	1b64d21e4753e09b0a77df49ea50f011223c20a5	sample-directory	blocked	B2/BS1	BF2 must execute/classify the sample and attach profile/product evidence.	B2-parse-facet-svelte.md#svelte-777052261d9c3e87b2e6:pass
SVELTE-5887177BEA1664C8A014	validator	packages/svelte/tests/validator/samples/a11y-missing-attribute-href-aria-disabled/	d740df190e4ac18382e81b1c120cc60a5dc0ce6c	sample-directory	blocked	B2/BS1	BF2 must execute/classify the sample and attach profile/product evidence.	B2-parse-facet-svelte.md#svelte-5887177bea1664c8a014:pass
SVELTE-C37BC8FA408785E9ABA9	validator	packages/svelte/tests/validator/samples/a11y-mouse-events-have-key-events/	160c0e84a45849e020cf28457f40338f96a901cc	sample-directory	blocked	B2/BS1	BF2 must execute/classify the sample and attach profile/product evidence.	B2-parse-facet-svelte.md#svelte-c37bc8fa408785e9aba9:pass
SVELTE-5C22435BB566CE70CD9D	validator	packages/svelte/tests/validator/samples/a11y-no-abstract-roles/	1061f8317a8005799057bdcdfc4039e6c4211c35	sample-directory	blocked	B2/BS1	BF2 must execute/classify the sample and attach profile/product evidence.	B2-parse-facet-svelte.md#svelte-5c22435bb566ce70cd9d:pass
SVELTE-6350CA654E92461CBD59	validator	packages/svelte/tests/validator/samples/a11y-no-access-key/	8b9e50b0af46ca50812170d6da4f50fcd6f9bd0d	sample-directory	blocked	B2/BS1	BF2 must execute/classify the sample and attach profile/product evidence.	B2-parse-facet-svelte.md#svelte-6350ca654e92461cbd59:pass
SVELTE-BB3F93549FCA993D849E	validator	packages/svelte/tests/validator/samples/a11y-no-autofocus/	186c77fd7ce8581eedcc4fac1d18dd04a6df4cb9	sample-directory	blocked	B2/BS1	BF2 must execute/classify the sample and attach profile/product evidence.	B2-parse-facet-svelte.md#svelte-bb3f93549fca993d849e:pass
SVELTE-07775810A20FBC83D0B7	validator	packages/svelte/tests/validator/samples/a11y-no-distracting-elements/	0620b9f8f38c20ca9ba480d1864552f2b3aed2d7	sample-directory	blocked	B2/BS1	BF2 must execute/classify the sample and attach profile/product evidence.	B2-parse-facet-svelte.md#svelte-07775810a20fbc83d0b7:pass
SVELTE-F7E2F1BE9F6171B4527A	validator	packages/svelte/tests/validator/samples/a11y-no-interactive-element-to-noninteractive-role/	716dff7e9ca4f02407a5fa2ba8f579e0e645d516	sample-directory	blocked	B2/BS1	BF2 must execute/classify the sample and attach profile/product evidence.	B2-parse-facet-svelte.md#svelte-f7e2f1be9f6171b4527a:pass
SVELTE-25AF06DF70CCF6E42F53	validator	packages/svelte/tests/validator/samples/a11y-no-noninteractive-element-interactions/	90f9e613613a4c0911ecafd332ea581811b18fe8	sample-directory	blocked	B2/BS1	BF2 must execute/classify the sample and attach profile/product evidence.	B2-parse-facet-svelte.md#svelte-25af06df70ccf6e42f53:pass
SVELTE-906FA1FC80D4331F1F39	validator	packages/svelte/tests/validator/samples/a11y-no-noninteractive-element-to-interactive-role/	a5906eae80fb9507e2d4f375cc5ad63ca27f4c51	sample-directory	blocked	B2/BS1	BF2 must execute/classify the sample and attach profile/product evidence.	B2-parse-facet-svelte.md#svelte-906fa1fc80d4331f1f39:pass
SVELTE-021031EE4CB7CF7D7316	validator	packages/svelte/tests/validator/samples/a11y-no-noninteractive-tabindex/	cdc37b7656d37cba0aa172f2f1f64cdff0349047	sample-directory	blocked	B2/BS1	BF2 must execute/classify the sample and attach profile/product evidence.	B2-parse-facet-svelte.md#svelte-021031ee4cb7cf7d7316:pass
SVELTE-644A89E85BE0FA7854AA	validator	packages/svelte/tests/validator/samples/a11y-no-redundant-roles/	7023cba8e031d0ff7f5eb964aa8048267270d513	sample-directory	blocked	B2/BS1	BF2 must execute/classify the sample and attach profile/product evidence.	B2-parse-facet-svelte.md#svelte-644a89e85be0fa7854aa:pass
SVELTE-4E431C3B8D8051FEF33E	validator	packages/svelte/tests/validator/samples/a11y-no-static-element-interactions/	6fa00364961196ac7db270b9f97237a412ddef5e	sample-directory	blocked	B2/BS1	BF2 must execute/classify the sample and attach profile/product evidence.	B2-parse-facet-svelte.md#svelte-4e431c3b8d8051fef33e:pass
SVELTE-6B79ED28446369C03BF2	validator	packages/svelte/tests/validator/samples/a11y-not-on-components/	181c1ff47b49a0f60eca8ae1b859d2e971c86692	sample-directory	blocked	B2/BS1	BF2 must execute/classify the sample and attach profile/product evidence.	B2-parse-facet-svelte.md#svelte-6b79ed28446369c03bf2:pass
SVELTE-268C6191B73C013C3CC2	validator	packages/svelte/tests/validator/samples/a11y-popover-label/	d273c88feecc2353f976da34a09fca25eb452e23	sample-directory	blocked	B2/BS1	BF2 must execute/classify the sample and attach profile/product evidence.	B2-parse-facet-svelte.md#svelte-268c6191b73c013c3cc2:pass
SVELTE-4A9176620949C8DB9006	validator	packages/svelte/tests/validator/samples/a11y-role-has-required-aria-props/	76238c0a89a7d1002681de3604719404b8e64446	sample-directory	blocked	B2/BS1	BF2 must execute/classify the sample and attach profile/product evidence.	B2-parse-facet-svelte.md#svelte-4a9176620949c8db9006:pass
SVELTE-434E6519E2CB77C75F24	validator	packages/svelte/tests/validator/samples/a11y-role-supports-aria-props/	0388a150c56493a934d3bb5588d3b9a3220da82d	sample-directory	blocked	B2/BS1	BF2 must execute/classify the sample and attach profile/product evidence.	B2-parse-facet-svelte.md#svelte-434e6519e2cb77c75f24:pass
SVELTE-C43CFEA9798926745D74	validator	packages/svelte/tests/validator/samples/a11y-scope/	67af157fe842d04b575252a7eacd5edd41e7f95d	sample-directory	blocked	B2/BS1	BF2 must execute/classify the sample and attach profile/product evidence.	B2-parse-facet-svelte.md#svelte-c43cfea9798926745d74:pass
SVELTE-003BC3ABF0A44A75789B	validator	packages/svelte/tests/validator/samples/a11y-tabindex-no-positive/	faa84659b91f07d666c35bcee0c79c3b992d3906	sample-directory	blocked	B2/BS1	BF2 must execute/classify the sample and attach profile/product evidence.	B2-parse-facet-svelte.md#svelte-003bc3abf0a44a75789b:pass
SVELTE-0FE104827972ABE4D3C1	validator	packages/svelte/tests/validator/samples/action-on-component/	ef3f73225427f8bcba050bae7b506f783b3d5c58	sample-directory	blocked	B2/BS1	BF2 must execute/classify the sample and attach profile/product evidence.	B2-parse-facet-svelte.md#svelte-0fe104827972abe4d3c1:pass
SVELTE-49443C359E166E4D8907	validator	packages/svelte/tests/validator/samples/animation-comment-siblings/	1315d52518fe9011013f5af2cfae93273ca7003d	sample-directory	blocked	B2/BS1	BF2 must execute/classify the sample and attach profile/product evidence.	B2-parse-facet-svelte.md#svelte-49443c359e166e4d8907:pass
SVELTE-B37024102427D9F32733	validator	packages/svelte/tests/validator/samples/animation-duplicate/	b2742fa2b3e9c66e91aa27b34494249252cdb5df	sample-directory	blocked	B2/BS1	BF2 must execute/classify the sample and attach profile/product evidence.	B2-parse-facet-svelte.md#svelte-b37024102427d9f32733:pass
SVELTE-9A681F895F946BDFB8BB	validator	packages/svelte/tests/validator/samples/animation-each-with-const/	2f984737fa872d6ec581eda4a21fa003eb021d6e	sample-directory	blocked	B2/BS1	BF2 must execute/classify the sample and attach profile/product evidence.	B2-parse-facet-svelte.md#svelte-9a681f895f946bdfb8bb:pass
SVELTE-C3EF613D0652C62F838A	validator	packages/svelte/tests/validator/samples/animation-each-with-declaration-tag/	d1568d7d1a33da67738a466a51db2df1de0a9e3e	sample-directory	blocked	B2/BS1	BF2 must execute/classify the sample and attach profile/product evidence.	B2-parse-facet-svelte.md#svelte-c3ef613d0652c62f838a:pass
SVELTE-D76F9821387AFEE28BF3	validator	packages/svelte/tests/validator/samples/animation-each-with-whitespace/	799b78f78f1bf2d66fb29a1d4a2076f3b8051c78	sample-directory	blocked	B2/BS1	BF2 must execute/classify the sample and attach profile/product evidence.	B2-parse-facet-svelte.md#svelte-d76f9821387afee28bf3:pass
SVELTE-8BF4A88BECF0ECDAE426	validator	packages/svelte/tests/validator/samples/animation-not-in-each/	6ee85a7b2d3b9add8ac3eec1136f91577d265638	sample-directory	blocked	B2/BS1	BF2 must execute/classify the sample and attach profile/product evidence.	B2-parse-facet-svelte.md#svelte-8bf4a88becf0ecdae426:pass
SVELTE-BD5A8E7D68FAAFDD4E13	validator	packages/svelte/tests/validator/samples/animation-not-in-keyed-each/	3c5a64e3812fe6cb1f61508e38a29cb1dacf7c2b	sample-directory	blocked	B2/BS1	BF2 must execute/classify the sample and attach profile/product evidence.	B2-parse-facet-svelte.md#svelte-bd5a8e7d68faafdd4e13:pass
SVELTE-37D7C4036452DED1B4E6	validator	packages/svelte/tests/validator/samples/animation-on-component/	491cf4d424bed62bf8b7b39b8f6fca734c0fa424	sample-directory	blocked	B2/BS1	BF2 must execute/classify the sample and attach profile/product evidence.	B2-parse-facet-svelte.md#svelte-37d7c4036452ded1b4e6:pass
SVELTE-561BC98CACEF0FC3389F	validator	packages/svelte/tests/validator/samples/animation-siblings/	5a89d6bb6cede33d1cb26915a2497a91db6eb68f	sample-directory	blocked	B2/BS1	BF2 must execute/classify the sample and attach profile/product evidence.	B2-parse-facet-svelte.md#svelte-561bc98cacef0fc3389f:pass
SVELTE-7CF70E32B25DF9FBF09D	validator	packages/svelte/tests/validator/samples/anonymous-declarations/	18be55794a7c3f11cefe5610d24cb5803fec0c45	sample-directory	blocked	B2/BS1	BF2 must execute/classify the sample and attach profile/product evidence.	B2-parse-facet-svelte.md#svelte-7cf70e32b25df9fbf09d:pass
SVELTE-4B76552CF0516A2BDED4	validator	packages/svelte/tests/validator/samples/assignment-to-const-2/	d12ae395b3f166c52d47a91db64cb0f1c1408db5	sample-directory	blocked	B2/BS1	BF2 must execute/classify the sample and attach profile/product evidence.	B2-parse-facet-svelte.md#svelte-4b76552cf0516a2bded4:pass
SVELTE-25E0F0D1381BBC6BB417	validator	packages/svelte/tests/validator/samples/assignment-to-const-3/	cfd64c886ae9306184ac26bd553c241a0d1d4d13	sample-directory	blocked	B2/BS1	BF2 must execute/classify the sample and attach profile/product evidence.	B2-parse-facet-svelte.md#svelte-25e0f0d1381bbc6bb417:pass
SVELTE-3241E56353DEBBA0B672	validator	packages/svelte/tests/validator/samples/assignment-to-const-4/	199585380b5fc4355e54f4855c7a5e75035bcd29	sample-directory	blocked	B2/BS1	BF2 must execute/classify the sample and attach profile/product evidence.	B2-parse-facet-svelte.md#svelte-3241e56353debba0b672:pass
SVELTE-19C7305EF316AE6468F5	validator	packages/svelte/tests/validator/samples/assignment-to-const-5/	274252111995f6bb9a0b46f71f66010637af89cf	sample-directory	blocked	B2/BS1	BF2 must execute/classify the sample and attach profile/product evidence.	B2-parse-facet-svelte.md#svelte-19c7305ef316ae6468f5:pass
SVELTE-1F9347F6FC5ACAF8F391	validator	packages/svelte/tests/validator/samples/assignment-to-const-6/	5f86d5f1838207e277c9b9fa08017ba4d0164011	sample-directory	blocked	B2/BS1	BF2 must execute/classify the sample and attach profile/product evidence.	B2-parse-facet-svelte.md#svelte-1f9347f6fc5acaf8f391:pass
SVELTE-0D48B544345EB531498F	validator	packages/svelte/tests/validator/samples/assignment-to-const-7/	a3926076fce5f559b5493a323943598368d1442b	sample-directory	blocked	B2/BS1	BF2 must execute/classify the sample and attach profile/product evidence.	B2-parse-facet-svelte.md#svelte-0d48b544345eb531498f:pass
SVELTE-B0E3BE3DB953FA8EB7A9	validator	packages/svelte/tests/validator/samples/assignment-to-const-8/	bcf0b1d4c211e48b47b8878213117d8a1e9ed6c4	sample-directory	blocked	B2/BS1	BF2 must execute/classify the sample and attach profile/product evidence.	B2-parse-facet-svelte.md#svelte-b0e3be3db953fa8eb7a9:pass
SVELTE-5BDBAC180716CFBC841B	validator	packages/svelte/tests/validator/samples/assignment-to-const/	97e037b677ff734a60d9a540cb041f3294acfc3b	sample-directory	blocked	B2/BS1	BF2 must execute/classify the sample and attach profile/product evidence.	B2-parse-facet-svelte.md#svelte-5bdbac180716cfbc841b:pass
SVELTE-1C169CEFEB9EA33F6ED3	validator	packages/svelte/tests/validator/samples/attribute-expected-equals/	592021655783ff73fd686f99c35dc7c05eecd062	sample-directory	blocked	B2/BS1	BF2 must execute/classify the sample and attach profile/product evidence.	B2-parse-facet-svelte.md#svelte-1c169cefeb9ea33f6ed3:pass
SVELTE-20A761AB9B756060A85F	validator	packages/svelte/tests/validator/samples/attribute-invalid-name-2/	7b4f240e39870ad97cdc62473ff79539087831d6	sample-directory	blocked	B2/BS1	BF2 must execute/classify the sample and attach profile/product evidence.	B2-parse-facet-svelte.md#svelte-20a761ab9b756060a85f:pass
SVELTE-ABCA967F372AA8251CCC	validator	packages/svelte/tests/validator/samples/attribute-invalid-name-3/	afb3989a367b9c3e9818160b2e1bef5fa7ce4af3	sample-directory	blocked	B2/BS1	BF2 must execute/classify the sample and attach profile/product evidence.	B2-parse-facet-svelte.md#svelte-abca967f372aa8251ccc:pass
SVELTE-4B0C5B8B971F461B1F59	validator	packages/svelte/tests/validator/samples/attribute-invalid-name-4/	82db2bb10415edc9e04115ffc795cdeadb2b0764	sample-directory	blocked	B2/BS1	BF2 must execute/classify the sample and attach profile/product evidence.	B2-parse-facet-svelte.md#svelte-4b0c5b8b971f461b1f59:pass
SVELTE-69DF64ADFEDC87083005	validator	packages/svelte/tests/validator/samples/attribute-invalid-name-5/	28d527dbbaa506d0c856343b500efb0f95b2a3ed	sample-directory	blocked	B2/BS1	BF2 must execute/classify the sample and attach profile/product evidence.	B2-parse-facet-svelte.md#svelte-69df64adfedc87083005:pass
SVELTE-69312E457C89191E0698	validator	packages/svelte/tests/validator/samples/attribute-invalid-name/	cb998977a998134d9e462d639e98f579562eb72a	sample-directory	blocked	B2/BS1	BF2 must execute/classify the sample and attach profile/product evidence.	B2-parse-facet-svelte.md#svelte-69312e457c89191e0698:pass
SVELTE-55F9C6A8C9876B7E9F95	validator	packages/svelte/tests/validator/samples/attribute-quoted/	2125d690e09d868c01dd46c57b2b78a872a692a7	sample-directory	blocked	B2/BS1	BF2 must execute/classify the sample and attach profile/product evidence.	B2-parse-facet-svelte.md#svelte-55f9c6a8c9876b7e9f95:pass
SVELTE-6F8A2C8D462F07D59E6A	validator	packages/svelte/tests/validator/samples/attribute-unique-allowed/	334c3c805017ad22b07ecf0d7e7e2203e6b427b5	sample-directory	blocked	B2/BS1	BF2 must execute/classify the sample and attach profile/product evidence.	B2-parse-facet-svelte.md#svelte-6f8a2c8d462f07d59e6a:pass
SVELTE-6596205205C2B181FD75	validator	packages/svelte/tests/validator/samples/await-component-is-used/	be962a41e46743e605581a2e1ecac8a4843a2f8d	sample-directory	blocked	B2/BS1	BF2 must execute/classify the sample and attach profile/product evidence.	B2-parse-facet-svelte.md#svelte-6596205205c2b181fd75:pass
SVELTE-6FEE8A98326196D627B0	validator	packages/svelte/tests/validator/samples/await-no-catch/	d7dd90dbbc2aecc22021d27d4bdbcb319d8f6778	sample-directory	blocked	B2/BS1	BF2 must execute/classify the sample and attach profile/product evidence.	B2-parse-facet-svelte.md#svelte-6fee8a98326196d627b0:pass
SVELTE-BE4EACCAEA1D5128F43F	validator	packages/svelte/tests/validator/samples/await-shorthand-no-catch/	1eb3769df3dc6030aa8ebdc5664e4f62500514a4	sample-directory	blocked	B2/BS1	BF2 must execute/classify the sample and attach profile/product evidence.	B2-parse-facet-svelte.md#svelte-be4eaccaea1d5128f43f:pass
SVELTE-ED411270AAA5A9816725	validator	packages/svelte/tests/validator/samples/await-shorthand-no-then/	82a11b607083d7598e2bf1418ebfeb9165d8bb34	sample-directory	blocked	B2/BS1	BF2 must execute/classify the sample and attach profile/product evidence.	B2-parse-facet-svelte.md#svelte-ed411270aaa5a9816725:pass
SVELTE-2056B9407EA002360B3E	validator	packages/svelte/tests/validator/samples/bidirectional-control-characters/	017d43ed645497353effd050daca94e4e54fa63f	sample-directory	blocked	B2/BS1	BF2 must execute/classify the sample and attach profile/product evidence.	B2-parse-facet-svelte.md#svelte-2056b9407ea002360b3e:pass
SVELTE-E7847713AAE746BF2309	validator	packages/svelte/tests/validator/samples/bind_group_invalid_expression/	bff3c4fd3d81bbd32c642a6dc134e23f088a7e34	sample-directory	blocked	B2/BS1	BF2 must execute/classify the sample and attach profile/product evidence.	B2-parse-facet-svelte.md#svelte-e7847713aae746bf2309:pass
SVELTE-43ADB7ED2FC4CBD0D96A	validator	packages/svelte/tests/validator/samples/bind-group-snippet-parameter/	c56d7b50481875a767867e4f35a26e9f5c66ec74	sample-directory	blocked	B2/BS1	BF2 must execute/classify the sample and attach profile/product evidence.	B2-parse-facet-svelte.md#svelte-43adb7ed2fc4cbd0d96a:pass
SVELTE-B215676E1CCACA67E083	validator	packages/svelte/tests/validator/samples/binding-await-catch/	72a7c45b752e5eaa34259e2395545f107ab9f8e4	sample-directory	blocked	B2/BS1	BF2 must execute/classify the sample and attach profile/product evidence.	B2-parse-facet-svelte.md#svelte-b215676e1ccaca67e083:pass
SVELTE-1123950A0F61F82B593F	validator	packages/svelte/tests/validator/samples/binding-await-then-2/	d2e121f74733ea770d3a31d5083d972517f2254b	sample-directory	blocked	B2/BS1	BF2 must execute/classify the sample and attach profile/product evidence.	B2-parse-facet-svelte.md#svelte-1123950a0f61f82b593f:pass
SVELTE-25A486FB90145D55AA18	validator	packages/svelte/tests/validator/samples/binding-await-then/	e08f98abaa2a3f7a7527f142a70b826b0add848f	sample-directory	blocked	B2/BS1	BF2 must execute/classify the sample and attach profile/product evidence.	B2-parse-facet-svelte.md#svelte-25a486fb90145d55aa18:pass
SVELTE-947064A9A4D0054B371F	validator	packages/svelte/tests/validator/samples/binding-const-field/	5b020ac608dbd0bf37fba7e5626152ba4f28f632	sample-directory	blocked	B2/BS1	BF2 must execute/classify the sample and attach profile/product evidence.	B2-parse-facet-svelte.md#svelte-947064a9a4d0054b371f:pass
SVELTE-C5B6D29DC3A590C91F1A	validator	packages/svelte/tests/validator/samples/binding-const/	0dcefd7fc36d2ad8d3b0d6849f678aa6e45e8765	sample-directory	blocked	B2/BS1	BF2 must execute/classify the sample and attach profile/product evidence.	B2-parse-facet-svelte.md#svelte-c5b6d29dc3a590c91f1a:pass
SVELTE-1BBBC49990D8FF658394	validator	packages/svelte/tests/validator/samples/binding-dimensions-svg/	e8e7b5cfb6e2964056efde5806049ea8d4d47184	sample-directory	blocked	B2/BS1	BF2 must execute/classify the sample and attach profile/product evidence.	B2-parse-facet-svelte.md#svelte-1bbbc49990d8ff658394:pass
SVELTE-6F5E9032BB71AC159DC3	validator	packages/svelte/tests/validator/samples/binding-import-component/	b8a3cf87b6587bb3966fb3ae5e5f158893edde9f	sample-directory	blocked	B2/BS1	BF2 must execute/classify the sample and attach profile/product evidence.	B2-parse-facet-svelte.md#svelte-6f5e9032bb71ac159dc3:pass
SVELTE-A2481D43237982330BD5	validator	packages/svelte/tests/validator/samples/binding-import-element/	0a451271b9027563875196403da19d281551badf	sample-directory	blocked	B2/BS1	BF2 must execute/classify the sample and attach profile/product evidence.	B2-parse-facet-svelte.md#svelte-a2481d43237982330bd5:pass
SVELTE-DB843655925BFFC77371	validator	packages/svelte/tests/validator/samples/binding-input-checked/	1d34d787f4e3232b1d665f3b7798527764da18ea	sample-directory	blocked	B2/BS1	BF2 must execute/classify the sample and attach profile/product evidence.	B2-parse-facet-svelte.md#svelte-db843655925bffc77371:pass
SVELTE-3014459FE605C759E43F	validator	packages/svelte/tests/validator/samples/binding-input-type-boolean/	b180c0422b1012547e372b78b1a8a7802ec4e1f0	sample-directory	blocked	B2/BS1	BF2 must execute/classify the sample and attach profile/product evidence.	B2-parse-facet-svelte.md#svelte-3014459fe605c759e43f:pass
SVELTE-697F3913E0CED7272DF8	validator	packages/svelte/tests/validator/samples/binding-invalid-on-element-2/	19cbaacf4f15cc458135381eb7356a7cc1d06992	sample-directory	blocked	B2/BS1	BF2 must execute/classify the sample and attach profile/product evidence.	B2-parse-facet-svelte.md#svelte-697f3913e0ced7272df8:pass
SVELTE-442A5B779B46B60D787D	validator	packages/svelte/tests/validator/samples/binding-invalid-on-element/	c64bc8c4f1117c201a3bea4a3fa1d127b5e76204	sample-directory	blocked	B2/BS1	BF2 must execute/classify the sample and attach profile/product evidence.	B2-parse-facet-svelte.md#svelte-442a5b779b46b60d787d:pass
SVELTE-E447264F16356BD3C5CC	validator	packages/svelte/tests/validator/samples/binding-invalid-value-global/	a4160d7ca16e2e5e6f619dcc41ab501eb00ef531	sample-directory	blocked	B2/BS1	BF2 must execute/classify the sample and attach profile/product evidence.	B2-parse-facet-svelte.md#svelte-e447264f16356bd3c5cc:pass
SVELTE-D616323D41A1B0BC08DD	validator	packages/svelte/tests/validator/samples/binding-invalid-value/	9d053ba87da2c23c175f8bfa187200cf510ebbf7	sample-directory	blocked	B2/BS1	BF2 must execute/classify the sample and attach profile/product evidence.	B2-parse-facet-svelte.md#svelte-d616323d41a1b0bc08dd:pass
SVELTE-8367C0A0D6F1F5F2718D	validator	packages/svelte/tests/validator/samples/binding-invalid/	774bbc2ad238976a47b63c2b4281ddd2e6cc9be2	sample-directory	blocked	B2/BS1	BF2 must execute/classify the sample and attach profile/product evidence.	B2-parse-facet-svelte.md#svelte-8367c0a0d6f1f5f2718d:pass
SVELTE-2FF6855030101847BE54	validator	packages/svelte/tests/validator/samples/binding-let/	a142d0c0861084eec4250a82d7ff70f9b6012085	sample-directory	blocked	B2/BS1	BF2 must execute/classify the sample and attach profile/product evidence.	B2-parse-facet-svelte.md#svelte-2ff6855030101847be54:pass
SVELTE-9B80CFEC8AD703582209	validator	packages/svelte/tests/validator/samples/binding-radio-input-checked/	0690196515e39b19c38cc753c99e61f765d7fffd	sample-directory	blocked	B2/BS1	BF2 must execute/classify the sample and attach profile/product evidence.	B2-parse-facet-svelte.md#svelte-9b80cfec8ad703582209:pass
SVELTE-F99A26D39D7815C62C28	validator	packages/svelte/tests/validator/samples/binding-select-multiple-dynamic/	8b21793846b422bc7ed65a4b19edf409eba00b89	sample-directory	blocked	B2/BS1	BF2 must execute/classify the sample and attach profile/product evidence.	B2-parse-facet-svelte.md#svelte-f99a26d39d7815c62c28:pass
SVELTE-4ADE8AD8BA5FE6E20331	validator	packages/svelte/tests/validator/samples/binding-this-input-type-dynamic/	b5bf45faae112be678e431f0249811bba152849a	sample-directory	blocked	B2/BS1	BF2 must execute/classify the sample and attach profile/product evidence.	B2-parse-facet-svelte.md#svelte-4ade8ad8ba5fe6e20331:pass
SVELTE-066DA7E42CC71FA167E4	validator	packages/svelte/tests/validator/samples/catch-declares-error-variable/	bc603c17ed1459c1e21d6181bde599b1f38b05eb	sample-directory	blocked	B2/BS1	BF2 must execute/classify the sample and attach profile/product evidence.	B2-parse-facet-svelte.md#svelte-066da7e42cc71fa167e4:pass
SVELTE-12A66EAC0E7F690A2C06	validator	packages/svelte/tests/validator/samples/class-state-constructor-1/	a05c77f7c94d804aa10e1677bdd18000cec0f24f	sample-directory	blocked	B2/BS1	BF2 must execute/classify the sample and attach profile/product evidence. Parse-facet residual: sample contains no Svelte carrier input; retained for the co-owner.	B2-parse-facet-svelte.md#svelte-12a66eac0e7f690a2c06:unverifiable
SVELTE-6559EE4A8DAF548FD510	validator	packages/svelte/tests/validator/samples/class-state-constructor-10/	7e481ad246ef94fe60843d3ac015aaf22f66ea99	sample-directory	blocked	B2/BS1	BF2 must execute/classify the sample and attach profile/product evidence. Parse-facet residual: sample contains no Svelte carrier input; retained for the co-owner.	B2-parse-facet-svelte.md#svelte-6559ee4a8daf548fd510:unverifiable
SVELTE-283E8274323C09B9C94F	validator	packages/svelte/tests/validator/samples/class-state-constructor-2/	baaa58eb311998f1a8b5064b8af243ff4fda20ea	sample-directory	blocked	B2/BS1	BF2 must execute/classify the sample and attach profile/product evidence. Parse-facet residual: sample contains no Svelte carrier input; retained for the co-owner.	B2-parse-facet-svelte.md#svelte-283e8274323c09b9c94f:unverifiable
SVELTE-4364A812AA26CC7AA6EC	validator	packages/svelte/tests/validator/samples/class-state-constructor-3/	b7887e5aef268eb43923630d4fcd37a61213f2cb	sample-directory	blocked	B2/BS1	BF2 must execute/classify the sample and attach profile/product evidence. Parse-facet residual: sample contains no Svelte carrier input; retained for the co-owner.	B2-parse-facet-svelte.md#svelte-4364a812aa26cc7aa6ec:unverifiable
SVELTE-AF87B6768083161C7577	validator	packages/svelte/tests/validator/samples/class-state-constructor-4/	156ccc3c2d345f7fe336acd0603dd63b4561919b	sample-directory	blocked	B2/BS1	BF2 must execute/classify the sample and attach profile/product evidence. Parse-facet residual: sample contains no Svelte carrier input; retained for the co-owner.	B2-parse-facet-svelte.md#svelte-af87b6768083161c7577:unverifiable
SVELTE-41867DFD730F22F8A0B1	validator	packages/svelte/tests/validator/samples/class-state-constructor-5/	e290b00207ce098ec0fbd519b81aff06b710dc0b	sample-directory	blocked	B2/BS1	BF2 must execute/classify the sample and attach profile/product evidence. Parse-facet residual: sample contains no Svelte carrier input; retained for the co-owner.	B2-parse-facet-svelte.md#svelte-41867dfd730f22f8a0b1:unverifiable
SVELTE-7B868E03A68E495A9F0E	validator	packages/svelte/tests/validator/samples/class-state-constructor-6/	ca8bef0be8245ac84e03e24a08cb6acf4e3b65f8	sample-directory	blocked	B2/BS1	BF2 must execute/classify the sample and attach profile/product evidence. Parse-facet residual: sample contains no Svelte carrier input; retained for the co-owner.	B2-parse-facet-svelte.md#svelte-7b868e03a68e495a9f0e:unverifiable
SVELTE-C93C81CC1AE06A4FEA79	validator	packages/svelte/tests/validator/samples/class-state-constructor-7/	dd3d881516af5ecd7a8b7a85dbb8a3d145794687	sample-directory	blocked	B2/BS1	BF2 must execute/classify the sample and attach profile/product evidence. Parse-facet residual: sample contains no Svelte carrier input; retained for the co-owner.	B2-parse-facet-svelte.md#svelte-c93c81cc1ae06a4fea79:unverifiable
SVELTE-DD5A680F57CBBFBB35D6	validator	packages/svelte/tests/validator/samples/class-state-constructor-8/	622eb35b3f9eaa35bf9760c21ec2ba79799be302	sample-directory	blocked	B2/BS1	BF2 must execute/classify the sample and attach profile/product evidence. Parse-facet residual: sample contains no Svelte carrier input; retained for the co-owner.	B2-parse-facet-svelte.md#svelte-dd5a680f57cbbfbb35d6:unverifiable
SVELTE-5F4F0F8D6C25358E6C5C	validator	packages/svelte/tests/validator/samples/class-state-constructor-9/	9be32e56b114b5b2087c03f9956aea73764f281a	sample-directory	blocked	B2/BS1	BF2 must execute/classify the sample and attach profile/product evidence. Parse-facet residual: sample contains no Svelte carrier input; retained for the co-owner.	B2-parse-facet-svelte.md#svelte-5f4f0f8d6c25358e6c5c:unverifiable
SVELTE-F9697D10BB567822FED8	validator	packages/svelte/tests/validator/samples/comment-before-function-binding/	b28b5c6db17184d8e5a62c7cb0209e6e0fa6b3c7	sample-directory	blocked	B2/BS1	BF2 must execute/classify the sample and attach profile/product evidence.	B2-parse-facet-svelte.md#svelte-f9697d10bb567822fed8:pass
SVELTE-7E363873EECE13107B06	validator	packages/svelte/tests/validator/samples/component-event-modifiers-invalid/	98b7c18802aab857f05ec6ebeb69722790cf4dd2	sample-directory	blocked	B2/BS1	BF2 must execute/classify the sample and attach profile/product evidence.	B2-parse-facet-svelte.md#svelte-7e363873eece13107b06:pass
SVELTE-C72140D4B1CFDADF1268	validator	packages/svelte/tests/validator/samples/component-invalid-style-directive/	bf0e13c3d691e34246a7b4af8e5dbb128d9572bb	sample-directory	blocked	B2/BS1	BF2 must execute/classify the sample and attach profile/product evidence.	B2-parse-facet-svelte.md#svelte-c72140d4b1cfdadf1268:pass
SVELTE-CACCDE6881D391ED115E	validator	packages/svelte/tests/validator/samples/component-legacy-instantiation/	56318348d3573a3fd9544391f92635a724de3f17	sample-directory	blocked	B2/BS1	BF2 must execute/classify the sample and attach profile/product evidence.	B2-parse-facet-svelte.md#svelte-caccde6881d391ed115e:pass
SVELTE-CB6B1D1EAD9D270CFC91	validator	packages/svelte/tests/validator/samples/component-name-lowercase/	5d26664669f602364335755f4e5755274440e510	sample-directory	blocked	B2/BS1	BF2 must execute/classify the sample and attach profile/product evidence.	B2-parse-facet-svelte.md#svelte-cb6b1d1ead9d270cfc91:pass
SVELTE-25A9A4AE22912DAAEEA7	validator	packages/svelte/tests/validator/samples/component-namespaced/	be6312c49b9c998e5244b0cf41736cac18ea1c48	sample-directory	blocked	B2/BS1	BF2 must execute/classify the sample and attach profile/product evidence.	B2-parse-facet-svelte.md#svelte-25a9a4ae22912daaeea7:pass
SVELTE-E3AA978EA4AAAD83AC90	validator	packages/svelte/tests/validator/samples/component-slot-default-reserved/	2f54f5781fc3bfb93a5933f8a6247c3411604b4c	sample-directory	blocked	B2/BS1	BF2 must execute/classify the sample and attach profile/product evidence.	B2-parse-facet-svelte.md#svelte-e3aa978ea4aaad83ac90:pass
SVELTE-4D18FF5D55BBBC19FD4D	validator	packages/svelte/tests/validator/samples/component-slot-dynamic-attribute/	580b123fe072adad4acdb54e8b7bf85b60743eaf	sample-directory	blocked	B2/BS1	BF2 must execute/classify the sample and attach profile/product evidence.	B2-parse-facet-svelte.md#svelte-4d18ff5d55bbbc19fd4d:pass
SVELTE-CDD4B747DCAB69CB704D	validator	packages/svelte/tests/validator/samples/component-slot-dynamic/	11a309b7cdf8c952caf1415a7f695971a264ce34	sample-directory	blocked	B2/BS1	BF2 must execute/classify the sample and attach profile/product evidence.	B2-parse-facet-svelte.md#svelte-cdd4b747dcab69cb704d:pass
SVELTE-85ECF9790B74806FC29A	validator	packages/svelte/tests/validator/samples/component-slotted-custom-element-2/	6a17ded9dc1526d182d0a3545d1bdbae2b02b5ba	sample-directory	blocked	B2/BS1	BF2 must execute/classify the sample and attach profile/product evidence.	B2-parse-facet-svelte.md#svelte-85ecf9790b74806fc29a:pass
SVELTE-E57543ABFEC0B2F2956C	validator	packages/svelte/tests/validator/samples/component-slotted-custom-element/	0e1d8d065ee6a3fb1381ddd0c4f25da57638f6af	sample-directory	blocked	B2/BS1	BF2 must execute/classify the sample and attach profile/product evidence.	B2-parse-facet-svelte.md#svelte-e57543abfec0b2f2956c:pass
SVELTE-6BCD55742D0349D620D1	validator	packages/svelte/tests/validator/samples/component-slotted-each-block/	6dd467df5c27fcd3b6ecb3e337e772e7d1f8d642	sample-directory	blocked	B2/BS1	BF2 must execute/classify the sample and attach profile/product evidence.	B2-parse-facet-svelte.md#svelte-6bcd55742d0349d620d1:pass
SVELTE-73DCBEA80369596B9B5B	validator	packages/svelte/tests/validator/samples/component-slotted-if-block/	196b29d9763bcc7b3bc5555922c89fd47a9dca29	sample-directory	blocked	B2/BS1	BF2 must execute/classify the sample and attach profile/product evidence.	B2-parse-facet-svelte.md#svelte-73dcbea80369596b9b5b:pass
SVELTE-CC8C6162F4123094586D	validator	packages/svelte/tests/validator/samples/const-tag-conflict-1/	d314eabc71c341c25e6e6140a8e46065b99d0833	sample-directory	blocked	B2/BS1	BF2 must execute/classify the sample and attach profile/product evidence.	B2-parse-facet-svelte.md#svelte-cc8c6162f4123094586d:pass
SVELTE-87F8C5E361D754373BC0	validator	packages/svelte/tests/validator/samples/const-tag-conflict-2/	25eadf5b8c3994629f3619e90c3618d7ec0cf3c7	sample-directory	blocked	B2/BS1	BF2 must execute/classify the sample and attach profile/product evidence.	B2-parse-facet-svelte.md#svelte-87f8c5e361d754373bc0:pass
SVELTE-4A9AE061D2C687C71D99	validator	packages/svelte/tests/validator/samples/const-tag-inside-key-block/	4d92611a6bf1edba296f15533bd8e5ba1328c46a	sample-directory	blocked	B2/BS1	BF2 must execute/classify the sample and attach profile/product evidence.	B2-parse-facet-svelte.md#svelte-4a9ae061d2c687c71d99:pass
SVELTE-C8C8EBAB39F47C052943	validator	packages/svelte/tests/validator/samples/const-tag-invalid-rune-usage/	b709414737c193f0c3ffc97892b68a57feb33bdc	sample-directory	blocked	B2/BS1	BF2 must execute/classify the sample and attach profile/product evidence.	B2-parse-facet-svelte.md#svelte-c8c8ebab39f47c052943:pass
SVELTE-4A307837A59823230A1F	validator	packages/svelte/tests/validator/samples/const-tag-placement-1/	adf8c41b773e95baca5dc030afe03840050ac094	sample-directory	blocked	B2/BS1	BF2 must execute/classify the sample and attach profile/product evidence.	B2-parse-facet-svelte.md#svelte-4a307837a59823230a1f:pass
SVELTE-53095D7FF19AA1420187	validator	packages/svelte/tests/validator/samples/const-tag-placement-2/	310074a59fe69cc24e7752046f463aa0c25bf79f	sample-directory	blocked	B2/BS1	BF2 must execute/classify the sample and attach profile/product evidence.	B2-parse-facet-svelte.md#svelte-53095d7ff19aa1420187:pass
SVELTE-CD3DBDC395CA78E88CDB	validator	packages/svelte/tests/validator/samples/const-tag-placement-svelte-boundary/	13b8a7f59521d3f7c4e4d2ae221d33a01c6ba797	sample-directory	blocked	B2/BS1	BF2 must execute/classify the sample and attach profile/product evidence.	B2-parse-facet-svelte.md#svelte-cd3dbdc395ca78e88cdb:pass
SVELTE-5A93AB2C501A60F2397B	validator	packages/svelte/tests/validator/samples/const-tag-readonly-1/	e06a2554845a0d85b4a1b84a35651e7ac6a7f303	sample-directory	blocked	B2/BS1	BF2 must execute/classify the sample and attach profile/product evidence.	B2-parse-facet-svelte.md#svelte-5a93ab2c501a60f2397b:pass
SVELTE-3634AAF587C17E5830F1	validator	packages/svelte/tests/validator/samples/const-tag-readonly-2/	494983458b288ac97c093b2e1492199c37f94fbf	sample-directory	blocked	B2/BS1	BF2 must execute/classify the sample and attach profile/product evidence.	B2-parse-facet-svelte.md#svelte-3634aaf587c17e5830f1:pass
SVELTE-04B11CEB4A2A8D28BBC2	validator	packages/svelte/tests/validator/samples/contenteditable-dynamic/	b61d4c17b76dbec71fff06c355a1f68ab727f6c9	sample-directory	blocked	B2/BS1	BF2 must execute/classify the sample and attach profile/product evidence.	B2-parse-facet-svelte.md#svelte-04b11ceb4a2a8d28bbc2:pass
SVELTE-1D232DDE39445917A39C	validator	packages/svelte/tests/validator/samples/contenteditable-missing/	7972bfca5f12cd0304478cb93a686df6c7cb251c	sample-directory	blocked	B2/BS1	BF2 must execute/classify the sample and attach profile/product evidence.	B2-parse-facet-svelte.md#svelte-1d232dde39445917a39c:pass
SVELTE-BB7022BD287102E3CF35	validator	packages/svelte/tests/validator/samples/css-invalid-combinator-selector-1/	5c488456ac016a38912de35cce1d2d6ee4ed97cf	sample-directory	blocked	B2/BS1	BF2 must execute/classify the sample and attach profile/product evidence. Parse-facet residual: official style error css_selector_invalid is outside carrier parsing; retained for the co-owner.	B2-parse-facet-svelte.md#svelte-bb7022bd287102e3cf35:unverifiable
SVELTE-0FD21A9D540EA01500A3	validator	packages/svelte/tests/validator/samples/css-invalid-combinator-selector-2/	a25074513205cc4a9d7e3db5d77893671320bd2d	sample-directory	blocked	B2/BS1	BF2 must execute/classify the sample and attach profile/product evidence. Parse-facet residual: official style error css_selector_invalid is outside carrier parsing; retained for the co-owner.	B2-parse-facet-svelte.md#svelte-0fd21a9d540ea01500a3:unverifiable
SVELTE-59D78CA2B20391988F0E	validator	packages/svelte/tests/validator/samples/css-invalid-combinator-selector-3/	05da208af241475c8eeffd44addfad0ca965d481	sample-directory	blocked	B2/BS1	BF2 must execute/classify the sample and attach profile/product evidence. Parse-facet residual: official style error css_selector_invalid is outside carrier parsing; retained for the co-owner.	B2-parse-facet-svelte.md#svelte-59d78ca2b20391988f0e:unverifiable
SVELTE-EA4B8F34DD70DB67F8E2	validator	packages/svelte/tests/validator/samples/css-invalid-combinator-selector-4/	c19f74b462738c31692b1f6f196610ef2f7fb4c8	sample-directory	blocked	B2/BS1	BF2 must execute/classify the sample and attach profile/product evidence. Parse-facet residual: official style error css_selector_invalid is outside carrier parsing; retained for the co-owner.	B2-parse-facet-svelte.md#svelte-ea4b8f34dd70db67f8e2:unverifiable
SVELTE-565433DF32724A4B5F1C	validator	packages/svelte/tests/validator/samples/css-invalid-global-placement-2/	c2266dfa4a543a703d0f09ab1c7d42d87c41c40f	sample-directory	blocked	B2/BS1	BF2 must execute/classify the sample and attach profile/product evidence.	B2-parse-facet-svelte.md#svelte-565433df32724a4b5f1c:pass
SVELTE-6EE01177282639FA01B6	validator	packages/svelte/tests/validator/samples/css-invalid-global-placement-3/	9dfe23a9fd66e6601dd86603c4d841e7c9af2d0a	sample-directory	blocked	B2/BS1	BF2 must execute/classify the sample and attach profile/product evidence.	B2-parse-facet-svelte.md#svelte-6ee01177282639fa01b6:pass
SVELTE-8DA6892BAF7620FF1898	validator	packages/svelte/tests/validator/samples/css-invalid-global-placement-4/	1ba9c7765f01cd1ce9522a182a029645ac8da010	sample-directory	blocked	B2/BS1	BF2 must execute/classify the sample and attach profile/product evidence.	B2-parse-facet-svelte.md#svelte-8da6892baf7620ff1898:pass
SVELTE-32B73F20FEE5C25B5E22	validator	packages/svelte/tests/validator/samples/css-invalid-global-placement-5/	69ff55f7ca313f908a776b0bcbc650ae65514fc6	sample-directory	blocked	B2/BS1	BF2 must execute/classify the sample and attach profile/product evidence.	B2-parse-facet-svelte.md#svelte-32b73f20fee5c25b5e22:pass
SVELTE-82CDD4C118714334A024	validator	packages/svelte/tests/validator/samples/css-invalid-global-placement-6/	754a2c58b9bf844d4ce63156b7ec527b131f17ff	sample-directory	blocked	B2/BS1	BF2 must execute/classify the sample and attach profile/product evidence.	B2-parse-facet-svelte.md#svelte-82cdd4c118714334a024:pass
SVELTE-E65774F3B6A6F0C8F730	validator	packages/svelte/tests/validator/samples/css-invalid-global-placement/	b2243ed6a159cfadcfb904e404e58151917245ff	sample-directory	blocked	B2/BS1	BF2 must execute/classify the sample and attach profile/product evidence.	B2-parse-facet-svelte.md#svelte-e65774f3b6a6f0c8f730:pass
SVELTE-05E3F89FF00A656DF519	validator	packages/svelte/tests/validator/samples/css-invalid-global-selector-2/	776c901584288263bb503cbff7c064ebc17f85b0	sample-directory	blocked	B2/BS1	BF2 must execute/classify the sample and attach profile/product evidence.	B2-parse-facet-svelte.md#svelte-05e3f89ff00a656df519:pass
SVELTE-63E85FB445DE159FD354	validator	packages/svelte/tests/validator/samples/css-invalid-global-selector-3/	96474aabb56c1e3c9a6b8e4e5fd0cf9937e29182	sample-directory	blocked	B2/BS1	BF2 must execute/classify the sample and attach profile/product evidence.	B2-parse-facet-svelte.md#svelte-63e85fb445de159fd354:pass
SVELTE-D211D6F973393A7C8E20	validator	packages/svelte/tests/validator/samples/css-invalid-global-selector-4/	5d0ef0b47f5652bb84d1b65c7406d4fbf6412419	sample-directory	blocked	B2/BS1	BF2 must execute/classify the sample and attach profile/product evidence.	B2-parse-facet-svelte.md#svelte-d211d6f973393a7c8e20:pass
SVELTE-97320E5B0FC50F339E21	validator	packages/svelte/tests/validator/samples/css-invalid-global-selector-5/	92fcfe301a54297d912e967a83b946ea68ecdc1f	sample-directory	blocked	B2/BS1	BF2 must execute/classify the sample and attach profile/product evidence.	B2-parse-facet-svelte.md#svelte-97320e5b0fc50f339e21:pass
SVELTE-79C5739621BE0481CF78	validator	packages/svelte/tests/validator/samples/css-invalid-global-selector-6/	f0a999b7ca2905fe6075eb7fe2c083f51e97ddb9	sample-directory	blocked	B2/BS1	BF2 must execute/classify the sample and attach profile/product evidence.	B2-parse-facet-svelte.md#svelte-79c5739621be0481cf78:pass
SVELTE-4A42AA8295912A0127C7	validator	packages/svelte/tests/validator/samples/css-invalid-global-selector-list/	138a69c5c34e885099f9059f1b97de46e6371b8b	sample-directory	blocked	B2/BS1	BF2 must execute/classify the sample and attach profile/product evidence.	B2-parse-facet-svelte.md#svelte-4a42aa8295912a0127c7:pass
SVELTE-E6225933AA030260F1E8	validator	packages/svelte/tests/validator/samples/css-invalid-global-selector/	d0be588c6db2dc7b69eca69aaa38e90d0068af29	sample-directory	blocked	B2/BS1	BF2 must execute/classify the sample and attach profile/product evidence.	B2-parse-facet-svelte.md#svelte-e6225933aa030260f1e8:pass
SVELTE-E482A06BE79F414EF713	validator	packages/svelte/tests/validator/samples/css-invalid-type-selector-placement/	0c6fabdfe2ec3361c8e3d3594df769689fc96098	sample-directory	blocked	B2/BS1	BF2 must execute/classify the sample and attach profile/product evidence.	B2-parse-facet-svelte.md#svelte-e482a06be79f414ef713:pass
SVELTE-A3A239DC84F17B81C2FA	validator	packages/svelte/tests/validator/samples/css-mismatched-quotes/	d1b6df382bf510c8a238dc1e7df427736ee7aaf6	sample-directory	blocked	B2/BS1	BF2 must execute/classify the sample and attach profile/product evidence. Parse-facet residual: official style error unexpected_eof is outside carrier parsing; retained for the co-owner.	B2-parse-facet-svelte.md#svelte-a3a239dc84f17b81c2fa:unverifiable
SVELTE-DF763FA03AD27A8AFD20	validator	packages/svelte/tests/validator/samples/custom-element-props-identifier-props-option/	1ea59cdb6beac05fa6f806123210cc8810a11506	sample-directory	blocked	B2/BS1	BF2 must execute/classify the sample and attach profile/product evidence.	B2-parse-facet-svelte.md#svelte-df763fa03ad27a8afd20:pass
SVELTE-DC4C3E59BE8A963346A2	validator	packages/svelte/tests/validator/samples/custom-element-props-identifier-rest/	d385531114568d6a06e90386859b0f48f7e2d5c4	sample-directory	blocked	B2/BS1	BF2 must execute/classify the sample and attach profile/product evidence.	B2-parse-facet-svelte.md#svelte-dc4c3e59be8a963346a2:pass
SVELTE-52D5D51DFBB09188810C	validator	packages/svelte/tests/validator/samples/custom-element-props-identifier/	2596a92d7e2d2f20d823ed88479a876d4a4be2b1	sample-directory	blocked	B2/BS1	BF2 must execute/classify the sample and attach profile/product evidence.	B2-parse-facet-svelte.md#svelte-52d5d51dfbb09188810c:pass
SVELTE-822F5F699D6F2E12D256	validator	packages/svelte/tests/validator/samples/debug-invalid-args/	959516fc526ddd72b33a662b9443b103f71c63e1	sample-directory	blocked	B2/BS1	BF2 must execute/classify the sample and attach profile/product evidence.	B2-parse-facet-svelte.md#svelte-822f5f699d6f2e12d256:pass
SVELTE-2A0020D4FCC2FADBBAEC	validator	packages/svelte/tests/validator/samples/declaration-tag-already-declared/	b5241ca68e60ac6f91175837a016d45716feaaa5	sample-directory	blocked	B2/BS1	BF2 must execute/classify the sample and attach profile/product evidence.	B2-parse-facet-svelte.md#svelte-2a0020d4fcc2fadbbaec:pass
SVELTE-26950682C794E3F98788	validator	packages/svelte/tests/validator/samples/declaration-tag-invalid-function/	378b20690dd4e86bfc0d684c7d1bc005cb9cb895	sample-directory	blocked	B2/BS1	BF2 must execute/classify the sample and attach profile/product evidence.	B2-parse-facet-svelte.md#svelte-26950682c794e3f98788:pass
SVELTE-FBA0BBE4AD2AFA5BA92C	validator	packages/svelte/tests/validator/samples/declaration-tag-invalid-type-2/	e73c78df6adcf83ab4d0beaa8bb24d65cb3fc7c5	sample-directory	blocked	B2/BS1	BF2 must execute/classify the sample and attach profile/product evidence.	B2-parse-facet-svelte.md#svelte-fba0bbe4ad2afa5ba92c:pass
SVELTE-3FD2E1211116D35DD73D	validator	packages/svelte/tests/validator/samples/declaration-tag-invalid-type/	1d1afb4790019a6381e15f4fb35e345d8432ef28	sample-directory	blocked	B2/BS1	BF2 must execute/classify the sample and attach profile/product evidence.	B2-parse-facet-svelte.md#svelte-3fd2e1211116d35dd73d:pass
SVELTE-07B6285E03384FA7B4D9	validator	packages/svelte/tests/validator/samples/declaration-tag-legacy-mode/	0585f50dbc680bce3a0dc233248289a699154a00	sample-directory	blocked	B2/BS1	BF2 must execute/classify the sample and attach profile/product evidence.	B2-parse-facet-svelte.md#svelte-07b6285e03384fa7b4d9:pass
SVELTE-2F592B3F47B6DF4BA254	validator	packages/svelte/tests/validator/samples/declaration-tag-maybe-runes/	fc4192a7c318fafe1131a931251767d76c61f644	sample-directory	blocked	B2/BS1	BF2 must execute/classify the sample and attach profile/product evidence.	B2-parse-facet-svelte.md#svelte-2f592b3f47b6df4ba254:pass
SVELTE-DF261C672262A40AD78E	validator	packages/svelte/tests/validator/samples/declaration-tag-state-referenced-locally/	3cba238b30bab1318d817490c21f8f9a8c366352	sample-directory	blocked	B2/BS1	BF2 must execute/classify the sample and attach profile/product evidence.	B2-parse-facet-svelte.md#svelte-df261c672262a40ad78e:pass
SVELTE-6C55B3EB131DF4765411	validator	packages/svelte/tests/validator/samples/default-export-anonymous-class/	df9f2c188c82a7ff3aa96e6453d73ca4de900d90	sample-directory	blocked	B2/BS1	BF2 must execute/classify the sample and attach profile/product evidence.	B2-parse-facet-svelte.md#svelte-6c55b3eb131df4765411:pass
SVELTE-1F064352B705D40D9AC7	validator	packages/svelte/tests/validator/samples/default-export-anonymous-function/	43d0a73e9e185be834a568dee1a0a1a14b14e9e9	sample-directory	blocked	B2/BS1	BF2 must execute/classify the sample and attach profile/product evidence.	B2-parse-facet-svelte.md#svelte-1f064352b705d40d9ac7:pass
SVELTE-AD9E7663DC894E8F4E03	validator	packages/svelte/tests/validator/samples/default-export-indirect/	be9a747036d2a01fe0636a5b1f7eda5c131accad	sample-directory	blocked	B2/BS1	BF2 must execute/classify the sample and attach profile/product evidence.	B2-parse-facet-svelte.md#svelte-ad9e7663dc894e8f4e03:pass
SVELTE-50117F417B5DEBFC593E	validator	packages/svelte/tests/validator/samples/default-export-module/	0edbd2173722e895fb9d62b1dccdb419b0091d66	sample-directory	blocked	B2/BS1	BF2 must execute/classify the sample and attach profile/product evidence.	B2-parse-facet-svelte.md#svelte-50117f417b5debfc593e:pass
SVELTE-F987A1DF74E883B1561E	validator	packages/svelte/tests/validator/samples/default-export/	22e4e4406a9479565fa26140533ec882db98fb6e	sample-directory	blocked	B2/BS1	BF2 must execute/classify the sample and attach profile/product evidence.	B2-parse-facet-svelte.md#svelte-f987a1df74e883b1561e:pass
SVELTE-9C88743E17FEF1430CD1	validator	packages/svelte/tests/validator/samples/directive-non-expression/	2f72e9af2fbed40d627e931bc46c1890b2798ee8	sample-directory	blocked	B2/BS1	BF2 must execute/classify the sample and attach profile/product evidence.	B2-parse-facet-svelte.md#svelte-9c88743e17fef1430cd1:pass
SVELTE-60B11CE69B2A4FBAFF9A	validator	packages/svelte/tests/validator/samples/document-binding-invalid-dimensions/	bbe7139ce9f758859b252223d48a10361beee338	sample-directory	blocked	B2/BS1	BF2 must execute/classify the sample and attach profile/product evidence.	B2-parse-facet-svelte.md#svelte-60b11ce69b2a4fbaff9a:pass
SVELTE-31166D532A718CD53EFD	validator	packages/svelte/tests/validator/samples/dollar-dollar-global-in-markup/	e2e64cf31273a454b6d9f06324787ca21ca81696	sample-directory	blocked	B2/BS1	BF2 must execute/classify the sample and attach profile/product evidence.	B2-parse-facet-svelte.md#svelte-31166d532a718cd53efd:pass
SVELTE-EBF03945236ED26437BD	validator	packages/svelte/tests/validator/samples/dollar-dollar-global-in-script/	af5b202a9fbbc52cfc4eec0f777d77a24d00e474	sample-directory	blocked	B2/BS1	BF2 must execute/classify the sample and attach profile/product evidence.	B2-parse-facet-svelte.md#svelte-ebf03945236ed26437bd:pass
SVELTE-8CD104A210B84C865159	validator	packages/svelte/tests/validator/samples/dollar-global-in-markup/	3ccf10d42a53a931b7353c8ed39bc93b6d92af4a	sample-directory	blocked	B2/BS1	BF2 must execute/classify the sample and attach profile/product evidence.	B2-parse-facet-svelte.md#svelte-8cd104a210b84c865159:pass
SVELTE-66B44B4FF162156F06FD	validator	packages/svelte/tests/validator/samples/dollar-global-in-script/	753a363a56ba7b8290c30cec7951b00e2a9c76c8	sample-directory	blocked	B2/BS1	BF2 must execute/classify the sample and attach profile/product evidence.	B2-parse-facet-svelte.md#svelte-66b44b4ff162156f06fd:pass
SVELTE-4B670A57B2E1542FC5EF	validator	packages/svelte/tests/validator/samples/dynamic-element-invalid-tag/	90cb6845a059bd08cc3e83c4ff6b04054812ffdb	sample-directory	blocked	B2/BS1	BF2 must execute/classify the sample and attach profile/product evidence.	B2-parse-facet-svelte.md#svelte-4b670a57b2e1542fc5ef:pass
SVELTE-CE97D8A78ADBE4B32BF3	validator	packages/svelte/tests/validator/samples/dynamic-element-missing-tag/	7f2fda48c1411f00ede8356bf8cb95fbe1fe94f5	sample-directory	blocked	B2/BS1	BF2 must execute/classify the sample and attach profile/product evidence.	B2-parse-facet-svelte.md#svelte-ce97d8a78adbe4b32bf3:pass
SVELTE-34E81CD4CE305A48597F	validator	packages/svelte/tests/validator/samples/dynamic-element-this/	e2905472c020c87f88d7951f3dd5f24cfab5878a	sample-directory	blocked	B2/BS1	BF2 must execute/classify the sample and attach profile/product evidence.	B2-parse-facet-svelte.md#svelte-34e81cd4ce305a48597f:pass
SVELTE-CC8839809F8E21645235	validator	packages/svelte/tests/validator/samples/each-block-destructured-object-rest-comma-after/	9dd174a2f931949039ad4f81fcf953752dbbe16c	sample-directory	blocked	B2/BS1	BF2 must execute/classify the sample and attach profile/product evidence.	B2-parse-facet-svelte.md#svelte-cc8839809f8e21645235:pass
SVELTE-C356BD3E4726914E3B91	validator	packages/svelte/tests/validator/samples/each-block-invalid-context-destructured-object/	60c2e0de2ce4f8e7b1e4e969d75c9b5f636b1fe2	sample-directory	blocked	B2/BS1	BF2 must execute/classify the sample and attach profile/product evidence.	B2-parse-facet-svelte.md#svelte-c356bd3e4726914e3b91:pass
SVELTE-400B778FE4407589639D	validator	packages/svelte/tests/validator/samples/each-block-invalid-context-destructured/	327cdc31d179f383cbb01ca80dcb4c33a383d1a7	sample-directory	blocked	B2/BS1	BF2 must execute/classify the sample and attach profile/product evidence.	B2-parse-facet-svelte.md#svelte-400b778fe4407589639d:pass
SVELTE-1E41065247CC97A4E4D9	validator	packages/svelte/tests/validator/samples/each-block-invalid-context/	b830b929349c1b2ccc4a9712709793ac8cb79f6a	sample-directory	blocked	B2/BS1	BF2 must execute/classify the sample and attach profile/product evidence.	B2-parse-facet-svelte.md#svelte-1e41065247cc97a4e4d9:pass
SVELTE-BA8392A7FB7F61CAAA36	validator	packages/svelte/tests/validator/samples/each-block-multiple-children/	3b3d41107aa09eab23777165062956a7573702b9	sample-directory	blocked	B2/BS1	BF2 must execute/classify the sample and attach profile/product evidence.	B2-parse-facet-svelte.md#svelte-ba8392a7fb7f61caaa36:pass
SVELTE-F5E19B3D55CD137B7F90	validator	packages/svelte/tests/validator/samples/empty-block/	337c663ea5224be2d8134a9d8ea3ced7c7126424	sample-directory	blocked	B2/BS1	BF2 must execute/classify the sample and attach profile/product evidence.	B2-parse-facet-svelte.md#svelte-f5e19b3d55cd137b7f90:pass
SVELTE-5B53D0C094CD9838797D	validator	packages/svelte/tests/validator/samples/error-mode-warn/	5ba64ee6d55261ea058411dad9ce53d2f2c89ed8	sample-directory	blocked	B2/BS1	BF2 must execute/classify the sample and attach profile/product evidence.	B2-parse-facet-svelte.md#svelte-5b53d0c094cd9838797d:pass
SVELTE-C14060DBF15D64988BC5	validator	packages/svelte/tests/validator/samples/event-attribute/	bdff7b856df5095328082d43a7ed4c3a4ef0daf6	sample-directory	blocked	B2/BS1	BF2 must execute/classify the sample and attach profile/product evidence.	B2-parse-facet-svelte.md#svelte-c14060dbf15d64988bc5:pass
SVELTE-A0C6D2867043D04872F4	validator	packages/svelte/tests/validator/samples/event-modifiers-invalid-nonpassive/	1fb2afa4992629f9c79a20130ee58f8a01251a06	sample-directory	blocked	B2/BS1	BF2 must execute/classify the sample and attach profile/product evidence.	B2-parse-facet-svelte.md#svelte-a0c6d2867043d04872f4:pass
SVELTE-48C7FA81C69281B84A3D	validator	packages/svelte/tests/validator/samples/event-modifiers-invalid-passive/	5c2d59fc42813587e5cce742c814f00ca3171fd2	sample-directory	blocked	B2/BS1	BF2 must execute/classify the sample and attach profile/product evidence.	B2-parse-facet-svelte.md#svelte-48c7fa81c69281b84a3d:pass
SVELTE-8C2F9BFCC4B4EB171091	validator	packages/svelte/tests/validator/samples/event-modifiers-invalid/	115512eb82a0f8f4b4f18bee25b8fd46f5bc7417	sample-directory	blocked	B2/BS1	BF2 must execute/classify the sample and attach profile/product evidence.	B2-parse-facet-svelte.md#svelte-8c2f9bfcc4b4eb171091:pass
SVELTE-8D7ACE037636BBF8A0B7	validator	packages/svelte/tests/validator/samples/export-let-unused-svelte-component/	ef55443cd4cdea1282df3da5c335186d55b4aed2	sample-directory	blocked	B2/BS1	BF2 must execute/classify the sample and attach profile/product evidence.	B2-parse-facet-svelte.md#svelte-8d7ace037636bbf8a0b7:pass
SVELTE-0BF4BC58A73B5CB03F06	validator	packages/svelte/tests/validator/samples/export-not-defined-module-with-source/	f09f9c987efa8c17c2388f2e3dbe49614dce924a	sample-directory	blocked	B2/BS1	BF2 must execute/classify the sample and attach profile/product evidence.	B2-parse-facet-svelte.md#svelte-0bf4bc58a73b5cb03f06:pass
SVELTE-F48E6F82B93F79100169	validator	packages/svelte/tests/validator/samples/general-siblings-combinator-in-custom-element-selects-slot-fallback/	e2d131e21777cc15d9be12b28c3abee533f6546f	sample-directory	blocked	B2/BS1	BF2 must execute/classify the sample and attach profile/product evidence.	B2-parse-facet-svelte.md#svelte-f48e6f82b93f79100169:pass
SVELTE-D25CDD531945619496BD	validator	packages/svelte/tests/validator/samples/global-event-reference/	ca4c4e8b644965954a49809015f1c118930c47e8	sample-directory	blocked	B2/BS1	BF2 must execute/classify the sample and attach profile/product evidence.	B2-parse-facet-svelte.md#svelte-d25cdd531945619496bd:pass
SVELTE-36918C48E55559E9FCF5	validator	packages/svelte/tests/validator/samples/html-block-in-attribute/	06b030f5a19410d3df05b3e7f0c1368afe5da066	sample-directory	blocked	B2/BS1	BF2 must execute/classify the sample and attach profile/product evidence.	B2-parse-facet-svelte.md#svelte-36918c48e55559e9fcf5:pass
SVELTE-E16A6F6019B624C74E87	validator	packages/svelte/tests/validator/samples/html-block-in-textarea/	8b17b3add40ded4eb1c5d22c5ea46793939e7fa0	sample-directory	blocked	B2/BS1	BF2 must execute/classify the sample and attach profile/product evidence.	B2-parse-facet-svelte.md#svelte-e16a6f6019b624c74e87:pass
SVELTE-9E19543612E578973503	validator	packages/svelte/tests/validator/samples/if-block-whitespace-legacy/	508a5e5b3b90519a18ebc9a45fc96db8bab0df0e	sample-directory	blocked	B2/BS1	BF2 must execute/classify the sample and attach profile/product evidence.	B2-parse-facet-svelte.md#svelte-9e19543612e578973503:pass
SVELTE-7A0A992889697CB9ED6A	validator	packages/svelte/tests/validator/samples/if-block-whitespace-runes/	35493dacaa7567f7dfdddc796ec7cff2440c12a2	sample-directory	blocked	B2/BS1	BF2 must execute/classify the sample and attach profile/product evidence.	B2-parse-facet-svelte.md#svelte-7a0a992889697cb9ed6a:pass
SVELTE-67DC37DB690ECDC6C5D1	validator	packages/svelte/tests/validator/samples/ignore-warning-compiler-option/	dc5737719f850935ac36e79503dfa849080a44fc	sample-directory	blocked	B2/BS1	BF2 must execute/classify the sample and attach profile/product evidence.	B2-parse-facet-svelte.md#svelte-67dc37db690ecdc6c5d1:pass
SVELTE-0BC6AB2F0B7BCE2D65CB	validator	packages/svelte/tests/validator/samples/ignore-warning-dash-backwards-compat/	068084b17f33be98cdbdf6bb4486f28b391c8259	sample-directory	blocked	B2/BS1	BF2 must execute/classify the sample and attach profile/product evidence.	B2-parse-facet-svelte.md#svelte-0bc6ab2f0b7bce2d65cb:pass
SVELTE-C89FF54F185EDF234EF5	validator	packages/svelte/tests/validator/samples/ignore-warning/	1e09ac1f1ba70f12ff98dbb331a16511d28f4031	sample-directory	blocked	B2/BS1	BF2 must execute/classify the sample and attach profile/product evidence.	B2-parse-facet-svelte.md#svelte-c89ff54f185edf234ef5:pass
SVELTE-257C343E96ED3187572A	validator	packages/svelte/tests/validator/samples/ignore-warnings-cumulative/	96f1ced08336f5f7ba70d5338b0bb4f034e4fc04	sample-directory	blocked	B2/BS1	BF2 must execute/classify the sample and attach profile/product evidence.	B2-parse-facet-svelte.md#svelte-257c343e96ed3187572a:pass
SVELTE-06617E0ECDA0EB453D1E	validator	packages/svelte/tests/validator/samples/ignore-warnings-newline/	161a8f529d752369c6a8cecb9415797f0ebf9ba4	sample-directory	blocked	B2/BS1	BF2 must execute/classify the sample and attach profile/product evidence.	B2-parse-facet-svelte.md#svelte-06617e0ecda0eb453d1e:pass
SVELTE-A99D962FBE0EAE3E98AC	validator	packages/svelte/tests/validator/samples/ignore-warnings-stacked/	8f60ebed5d8496615b7e79bcb9c5ab9b8e8c45d3	sample-directory	blocked	B2/BS1	BF2 must execute/classify the sample and attach profile/product evidence.	B2-parse-facet-svelte.md#svelte-a99d962fbe0eae3e98ac:pass
SVELTE-773F5613FCFAA6963EFB	validator	packages/svelte/tests/validator/samples/ignore-warnings/	00961cd68d58dbbdb69b923b470cff451fb17d64	sample-directory	blocked	B2/BS1	BF2 must execute/classify the sample and attach profile/product evidence.	B2-parse-facet-svelte.md#svelte-773f5613fcfaa6963efb:pass
SVELTE-AB8B3D254E30F210032F	validator	packages/svelte/tests/validator/samples/illegal_spread_element-document/	03c088861569e056a9d0bef2cd44d6741c2e57d5	sample-directory	blocked	B2/BS1	BF2 must execute/classify the sample and attach profile/product evidence.	B2-parse-facet-svelte.md#svelte-ab8b3d254e30f210032f:pass
SVELTE-81842806139596A6DBB0	validator	packages/svelte/tests/validator/samples/illegal_spread_element-window/	a07b1a5522861f95dd62953f7f55db47d5106d97	sample-directory	blocked	B2/BS1	BF2 must execute/classify the sample and attach profile/product evidence.	B2-parse-facet-svelte.md#svelte-81842806139596a6dbb0:pass
SVELTE-FC8CD0BAEE0B38228C7A	validator	packages/svelte/tests/validator/samples/illegal-attribute-character/	ce4e185b582832a4487c07edf18498215e519421	sample-directory	blocked	B2/BS1	BF2 must execute/classify the sample and attach profile/product evidence.	B2-parse-facet-svelte.md#svelte-fc8cd0baee0b38228c7a:pass
SVELTE-AE51DBAD131804D4DD3C	validator	packages/svelte/tests/validator/samples/illegal-variable-declaration/	99151daa0193cdf42ab1e0cc7c46890adfd6806e	sample-directory	blocked	B2/BS1	BF2 must execute/classify the sample and attach profile/product evidence.	B2-parse-facet-svelte.md#svelte-ae51dbad131804d4dd3c:pass
SVELTE-818ED904C86D273B1010	validator	packages/svelte/tests/validator/samples/implicitly-closed-by-parent/	3e17650ee44cb83bdf0f711654f80b997d833585	sample-directory	blocked	B2/BS1	BF2 must execute/classify the sample and attach profile/product evidence.	B2-parse-facet-svelte.md#svelte-818ed904c86d273b1010:pass
SVELTE-E5806F47D0142231B828	validator	packages/svelte/tests/validator/samples/implicitly-closed-by-sibling/	c30cd4112b7e2c648c67f547f59ae62418ab46f8	sample-directory	blocked	B2/BS1	BF2 must execute/classify the sample and attach profile/product evidence.	B2-parse-facet-svelte.md#svelte-e5806f47d0142231b828:pass
SVELTE-AFD988F11B90B8B97B02	validator	packages/svelte/tests/validator/samples/import-meta/	e351a2d4b94f8a69d2ad4cd02f7523d257754c34	sample-directory	blocked	B2/BS1	BF2 must execute/classify the sample and attach profile/product evidence.	B2-parse-facet-svelte.md#svelte-afd988f11b90b8b97b02:pass
SVELTE-D23E5696AC52B46DBB0D	validator	packages/svelte/tests/validator/samples/inline-new-class-2/	f5507fe311569d50e008ed4d7a3258ff21afa877	sample-directory	blocked	B2/BS1	BF2 must execute/classify the sample and attach profile/product evidence.	B2-parse-facet-svelte.md#svelte-d23e5696ac52b46dbb0d:pass
SVELTE-43F86F8AA979257FFA70	validator	packages/svelte/tests/validator/samples/inline-new-class-3/	857965db3d63a07192f44b064b2417894dff50ca	sample-directory	blocked	B2/BS1	BF2 must execute/classify the sample and attach profile/product evidence.	B2-parse-facet-svelte.md#svelte-43f86f8aa979257ffa70:pass
SVELTE-252B70948DEB5173C7F9	validator	packages/svelte/tests/validator/samples/inline-new-class-4/	d5963e2f3b49648d28f6003507b28c2f3dee905e	sample-directory	blocked	B2/BS1	BF2 must execute/classify the sample and attach profile/product evidence.	B2-parse-facet-svelte.md#svelte-252b70948deb5173c7f9:pass
SVELTE-6A9EE25FDD3A90476CC9	validator	packages/svelte/tests/validator/samples/inline-new-class-5/	2122a9200d5b3d9bccdc865e5f3d6ddf97c2963c	sample-directory	blocked	B2/BS1	BF2 must execute/classify the sample and attach profile/product evidence.	B2-parse-facet-svelte.md#svelte-6a9ee25fdd3a90476cc9:pass
SVELTE-8BCF1A7783BBB630BAEC	validator	packages/svelte/tests/validator/samples/inline-new-class/	266e90e04c75b6eaaf581f4c91399ba9785ce882	sample-directory	blocked	B2/BS1	BF2 must execute/classify the sample and attach profile/product evidence.	B2-parse-facet-svelte.md#svelte-8bcf1a7783bbb630baec:pass
SVELTE-666DB228A8F60D1DB794	validator	packages/svelte/tests/validator/samples/invalid-empty-css-declaration/	03b53ec1876000614d6967ee9e9e2b2e5911c4e2	sample-directory	blocked	B2/BS1	BF2 must execute/classify the sample and attach profile/product evidence. Parse-facet residual: official style error css_empty_declaration is outside carrier parsing; retained for the co-owner.	B2-parse-facet-svelte.md#svelte-666db228a8f60d1db794:unverifiable
SVELTE-AF03E289F62CB219A526	validator	packages/svelte/tests/validator/samples/invalid-node-placement-2/	490bb956c5bd42a4fec11a7505458e0b082f1d84	sample-directory	blocked	B2/BS1	BF2 must execute/classify the sample and attach profile/product evidence.	B2-parse-facet-svelte.md#svelte-af03e289f62cb219a526:pass
SVELTE-234D8D39D2A741524490	validator	packages/svelte/tests/validator/samples/invalid-node-placement-3/	58ca7dd043eca1504641d456c1285d50213639a5	sample-directory	blocked	B2/BS1	BF2 must execute/classify the sample and attach profile/product evidence.	B2-parse-facet-svelte.md#svelte-234d8d39d2a741524490:pass
SVELTE-4C38EB63185EFED4D22D	validator	packages/svelte/tests/validator/samples/invalid-node-placement-4/	1fb9f3acd17df2d29c2a13324124106c0e8b56f0	sample-directory	blocked	B2/BS1	BF2 must execute/classify the sample and attach profile/product evidence.	B2-parse-facet-svelte.md#svelte-4c38eb63185efed4d22d:pass
SVELTE-2987C8F4DD079389DAED	validator	packages/svelte/tests/validator/samples/invalid-node-placement-5/	b7414e927a6b959d53b9c11449fdf859d7c80e3a	sample-directory	blocked	B2/BS1	BF2 must execute/classify the sample and attach profile/product evidence.	B2-parse-facet-svelte.md#svelte-2987c8f4dd079389daed:pass
SVELTE-23FC8E82B162E11D0038	validator	packages/svelte/tests/validator/samples/invalid-node-placement-6/	a683db78ac8244b569ceba4ccf987fb9bf54b77c	sample-directory	blocked	B2/BS1	BF2 must execute/classify the sample and attach profile/product evidence.	B2-parse-facet-svelte.md#svelte-23fc8e82b162e11d0038:pass
SVELTE-1F6CA78F3EE4B0BC4243	validator	packages/svelte/tests/validator/samples/invalid-node-placement-7/	ad09162c355c9dce18cb9e41696d7e43086951f3	sample-directory	blocked	B2/BS1	BF2 must execute/classify the sample and attach profile/product evidence.	B2-parse-facet-svelte.md#svelte-1f6ca78f3ee4b0bc4243:pass
SVELTE-2E8F196CEC10539EB365	validator	packages/svelte/tests/validator/samples/invalid-node-placement-8/	ac3dc03340443ea3d56ff6445d7ee36bda227a97	sample-directory	blocked	B2/BS1	BF2 must execute/classify the sample and attach profile/product evidence.	B2-parse-facet-svelte.md#svelte-2e8f196cec10539eb365:pass
SVELTE-B098301D582997CCD95E	validator	packages/svelte/tests/validator/samples/invalid-node-placement-template/	85d9b599c4911b5b266b20d29496265b51bd69c4	sample-directory	blocked	B2/BS1	BF2 must execute/classify the sample and attach profile/product evidence.	B2-parse-facet-svelte.md#svelte-b098301d582997ccd95e:pass
SVELTE-67CA79F2355DC28073F7	validator	packages/svelte/tests/validator/samples/invalid-node-placement/	a8cb0866c1ee3984a385c8c92f25caf57be328be	sample-directory	blocked	B2/BS1	BF2 must execute/classify the sample and attach profile/product evidence.	B2-parse-facet-svelte.md#svelte-67ca79f2355dc28073f7:pass
SVELTE-63BCDE65D3AE6463C91C	validator	packages/svelte/tests/validator/samples/invalid-self-closing-tag/	90071167d51b1d4e4e7e33c4a762ba992e6dc402	sample-directory	blocked	B2/BS1	BF2 must execute/classify the sample and attach profile/product evidence.	B2-parse-facet-svelte.md#svelte-63bcde65d3ae6463c91c:pass
SVELTE-E450A817AD032F0EDD68	validator	packages/svelte/tests/validator/samples/js-scope-catch-clause/	fff9079c46ab52e0e28eb1ea88bbbfd1e0055ee2	sample-directory	blocked	B2/BS1	BF2 must execute/classify the sample and attach profile/product evidence.	B2-parse-facet-svelte.md#svelte-e450a817ad032f0edd68:pass
SVELTE-677842FC0049802B4428	validator	packages/svelte/tests/validator/samples/let-directive/	14f429593be547d0c32263e6f282f4dd07e0e9c3	sample-directory	blocked	B2/BS1	BF2 must execute/classify the sample and attach profile/product evidence.	B2-parse-facet-svelte.md#svelte-677842fc0049802b4428:pass
SVELTE-75C77F0F377CEF78F7F4	validator	packages/svelte/tests/validator/samples/logic-block-in-attribute/	171e459a42fc92752de14b5c85e20e3d9c2f7f17	sample-directory	blocked	B2/BS1	BF2 must execute/classify the sample and attach profile/product evidence.	B2-parse-facet-svelte.md#svelte-75c77f0f377cef78f7f4:pass
SVELTE-A09F599D687DEF86822F	validator	packages/svelte/tests/validator/samples/logic-block-in-textarea/	f2fd318036387a625b7322c0b372f6f1bcfc9f94	sample-directory	blocked	B2/BS1	BF2 must execute/classify the sample and attach profile/product evidence.	B2-parse-facet-svelte.md#svelte-a09f599d687def86822f:pass
SVELTE-D63D9AB70C2C8DC7C1B8	validator	packages/svelte/tests/validator/samples/module-script-reactive-declaration/	b0fad40452849e5af42e24b6d1cac02eea238512	sample-directory	blocked	B2/BS1	BF2 must execute/classify the sample and attach profile/product evidence.	B2-parse-facet-svelte.md#svelte-d63d9ab70c2c8dc7c1b8:pass
SVELTE-E5F2A55B59806AECB54C	validator	packages/svelte/tests/validator/samples/multiple-script-default-context/	1d38b049d5df11f3b4e2d614bdffd266ee5f7f76	sample-directory	blocked	B2/BS1	BF2 must execute/classify the sample and attach profile/product evidence.	B2-parse-facet-svelte.md#svelte-e5f2a55b59806aecb54c:pass
SVELTE-31363E5C79D6F10E1860	validator	packages/svelte/tests/validator/samples/multiple-script-module-context/	2a274ba9428f5ff2b049a55029940f8ceb8b72bc	sample-directory	blocked	B2/BS1	BF2 must execute/classify the sample and attach profile/product evidence.	B2-parse-facet-svelte.md#svelte-31363e5c79d6f10e1860:pass
SVELTE-0B147A800E4D2D570523	validator	packages/svelte/tests/validator/samples/multiple-var-same-name/	c855c42cebd805b3cebacb0d994aca4b90cacc75	sample-directory	blocked	B2/BS1	BF2 must execute/classify the sample and attach profile/product evidence.	B2-parse-facet-svelte.md#svelte-0b147a800e4d2d570523:pass
SVELTE-71EDFBCF15AB2F430706	validator	packages/svelte/tests/validator/samples/mutate-derived-private-field/	d63e0ee8c4beaa6461906ac140e5230e72afd758	sample-directory	blocked	B2/BS1	BF2 must execute/classify the sample and attach profile/product evidence.	B2-parse-facet-svelte.md#svelte-71edfbcf15ab2f430706:pass
SVELTE-C141EEA7FADB01FFB6BB	validator	packages/svelte/tests/validator/samples/namespace-invalid/	60f6d77c352a9ae9278fd36b1d60502c89790c92	sample-directory	blocked	B2/BS1	BF2 must execute/classify the sample and attach profile/product evidence.	B2-parse-facet-svelte.md#svelte-c141eea7fadb01ffb6bb:pass
SVELTE-D1A6B2F341708F7B5888	validator	packages/svelte/tests/validator/samples/namespace-non-literal/	ec43b91eafb86c002946d2d82c76e50fbfcbe84b	sample-directory	blocked	B2/BS1	BF2 must execute/classify the sample and attach profile/product evidence.	B2-parse-facet-svelte.md#svelte-d1a6b2f341708f7b5888:pass
SVELTE-3150847014AD961DDE2E	validator	packages/svelte/tests/validator/samples/no-missing-declarations-for-same-node-let-variable/	6e4d2822fd7c6b4651d7e5388b3334a03487bab3	sample-directory	blocked	B2/BS1	BF2 must execute/classify the sample and attach profile/product evidence.	B2-parse-facet-svelte.md#svelte-3150847014ad961dde2e:pass
SVELTE-24BBB8918CBBBB3BE8E0	validator	packages/svelte/tests/validator/samples/no-runes-mode/	325075ef416c422e6a13f0966437e9b6478c8cac	sample-directory	blocked	B2/BS1	BF2 must execute/classify the sample and attach profile/product evidence.	B2-parse-facet-svelte.md#svelte-24bbb8918cbbbb3be8e0:pass
SVELTE-2209C9CFEDB577CA2C9D	validator	packages/svelte/tests/validator/samples/non-empty-block-dev/	7f3b2edd692ced3b846e61e5f3d34ee3c6cff711	sample-directory	blocked	B2/BS1	BF2 must execute/classify the sample and attach profile/product evidence.	B2-parse-facet-svelte.md#svelte-2209c9cfedb577ca2c9d:pass
SVELTE-5E2BD31CE4EA07176CFC	validator	packages/svelte/tests/validator/samples/non-invalid-node-placement-if-snippet/	16d52db7de476c6b722f91e9fa59562108b65cfb	sample-directory	blocked	B2/BS1	BF2 must execute/classify the sample and attach profile/product evidence.	B2-parse-facet-svelte.md#svelte-5e2bd31ce4ea07176cfc:pass
SVELTE-78F622944A5E9E11D2D8	validator	packages/svelte/tests/validator/samples/reactive-declaration-cyclical/	f233c652d095b919d55f271a9011ad69af5faf7f	sample-directory	blocked	B2/BS1	BF2 must execute/classify the sample and attach profile/product evidence.	B2-parse-facet-svelte.md#svelte-78f622944a5e9e11d2d8:pass
SVELTE-635369EEC5F32EE971BE	validator	packages/svelte/tests/validator/samples/reactive-declaration-non-top-level/	af175695286fc3aa2cc30757ca9043bed8c2a67a	sample-directory	blocked	B2/BS1	BF2 must execute/classify the sample and attach profile/product evidence.	B2-parse-facet-svelte.md#svelte-635369eec5f32ee971be:pass
SVELTE-BEC64DCEB50E98F7B3A9	validator	packages/svelte/tests/validator/samples/reactive-module-const-variable/	d316914e35453c2bfb2f16cc0f970e372f291e54	sample-directory	blocked	B2/BS1	BF2 must execute/classify the sample and attach profile/product evidence.	B2-parse-facet-svelte.md#svelte-bec64dceb50e98f7b3a9:pass
SVELTE-4C3D087DF3DD69BF6AE2	validator	packages/svelte/tests/validator/samples/reactive-module-variable-2/	e33fd994c53dac3bd1b97992f3975cee3a9e7f79	sample-directory	blocked	B2/BS1	BF2 must execute/classify the sample and attach profile/product evidence.	B2-parse-facet-svelte.md#svelte-4c3d087df3dd69bf6ae2:pass
SVELTE-5FD08479D771144A5FFE	validator	packages/svelte/tests/validator/samples/reactive-module-variable/	f12a1bce3b8d914e354b5788b231511db905f56c	sample-directory	blocked	B2/BS1	BF2 must execute/classify the sample and attach profile/product evidence.	B2-parse-facet-svelte.md#svelte-5fd08479d771144a5ffe:pass
SVELTE-11130C1A75989C63DB9E	validator	packages/svelte/tests/validator/samples/reactive-statement-non-reactive-self-declaration/	e0099f1b4830df5134c56924f513543cf7f890d0	sample-directory	blocked	B2/BS1	BF2 must execute/classify the sample and attach profile/product evidence.	B2-parse-facet-svelte.md#svelte-11130c1a75989c63db9e:pass
SVELTE-3190D09C1B8436E37715	validator	packages/svelte/tests/validator/samples/reassign-derived-private-public-field/	0d794de026293fc7edf9e026582f4a4c73be7e85	sample-directory	blocked	B2/BS1	BF2 must execute/classify the sample and attach profile/product evidence.	B2-parse-facet-svelte.md#svelte-3190d09c1b8436e37715:pass
SVELTE-82A1CA5A282C5FC25964	validator	packages/svelte/tests/validator/samples/rest-eachblock-binding-2/	8037d443ed086a0111935435f76814266c63bbc6	sample-directory	blocked	B2/BS1	BF2 must execute/classify the sample and attach profile/product evidence.	B2-parse-facet-svelte.md#svelte-82a1ca5a282c5fc25964:pass
SVELTE-14C6A84D3F780B9BD3ED	validator	packages/svelte/tests/validator/samples/rest-eachblock-binding-3/	4b35dea9da1a54c5a3e9545b240385a5498ed4b6	sample-directory	blocked	B2/BS1	BF2 must execute/classify the sample and attach profile/product evidence.	B2-parse-facet-svelte.md#svelte-14c6a84d3f780b9bd3ed:pass
SVELTE-21E5ABEE784F3F9321E3	validator	packages/svelte/tests/validator/samples/rest-eachblock-binding-nested-rest/	0b2476fe891d9bd1a7eb20a0238f95f667226c9b	sample-directory	blocked	B2/BS1	BF2 must execute/classify the sample and attach profile/product evidence.	B2-parse-facet-svelte.md#svelte-21e5abee784f3f9321e3:pass
SVELTE-3FABFB013AB2CBAE5737	validator	packages/svelte/tests/validator/samples/rest-eachblock-binding/	4d259fd69663b3dc81e24fd5980eacba7993d2a6	sample-directory	blocked	B2/BS1	BF2 must execute/classify the sample and attach profile/product evidence.	B2-parse-facet-svelte.md#svelte-3fabfb013ab2cbae5737:pass
SVELTE-5C67CB17CA21B5240E51	validator	packages/svelte/tests/validator/samples/rune-invalid-spread-derived-by/	19359f6ac28f6a0985acc1852052c0db5df4bd69	sample-directory	blocked	B2/BS1	BF2 must execute/classify the sample and attach profile/product evidence.	B2-parse-facet-svelte.md#svelte-5c67cb17ca21b5240e51:pass
SVELTE-94C5C430EF1516277D23	validator	packages/svelte/tests/validator/samples/rune-invalid-spread-derived/	9323fd6e1e05eb5e7f6b6b204a2809e686b6457b	sample-directory	blocked	B2/BS1	BF2 must execute/classify the sample and attach profile/product evidence.	B2-parse-facet-svelte.md#svelte-94c5c430ef1516277d23:pass
SVELTE-8D9CB3ECD45CD2B229BB	validator	packages/svelte/tests/validator/samples/rune-invalid-spread-state-raw/	c6325c75411cba5f321ef29f76ac372991a3e0e2	sample-directory	blocked	B2/BS1	BF2 must execute/classify the sample and attach profile/product evidence.	B2-parse-facet-svelte.md#svelte-8d9cb3ecd45cd2b229bb:pass
SVELTE-246A7B6E40552C91621F	validator	packages/svelte/tests/validator/samples/rune-invalid-spread-state/	964fde1c9984e44d5e2ea3f42c490d134c784c20	sample-directory	blocked	B2/BS1	BF2 must execute/classify the sample and attach profile/product evidence.	B2-parse-facet-svelte.md#svelte-246a7b6e40552c91621f:pass
SVELTE-65742597BCB441473152	validator	packages/svelte/tests/validator/samples/runes-conflicting-store-in-module/	2e98debc581dc9662fe7e223b1f0ed16e72cb86f	sample-directory	blocked	B2/BS1	BF2 must execute/classify the sample and attach profile/product evidence. Parse-facet residual: sample contains no Svelte carrier input; retained for the co-owner.	B2-parse-facet-svelte.md#svelte-65742597bcb441473152:unverifiable
SVELTE-6000DB3D5C668985E323	validator	packages/svelte/tests/validator/samples/runes-legacy-syntax-warnings-2/	4098b409ada4d25b99c0ce681c7527694e725751	sample-directory	blocked	B2/BS1	BF2 must execute/classify the sample and attach profile/product evidence.	B2-parse-facet-svelte.md#svelte-6000db3d5c668985e323:pass
SVELTE-FD342151F8AA7C69A159	validator	packages/svelte/tests/validator/samples/runes-legacy-syntax-warnings/	d0369109bd35bd1c7de90078f0cb6cee650a24e3	sample-directory	blocked	B2/BS1	BF2 must execute/classify the sample and attach profile/product evidence.	B2-parse-facet-svelte.md#svelte-fd342151f8aa7c69a159:pass
SVELTE-464825A75F4EEB4FE6BE	validator	packages/svelte/tests/validator/samples/runes-referenced-nonstate-2/	04d24ac988f49361293c12b4308a023877bddfd7	sample-directory	blocked	B2/BS1	BF2 must execute/classify the sample and attach profile/product evidence.	B2-parse-facet-svelte.md#svelte-464825a75f4eeb4fe6be:pass
SVELTE-5F909D4461CAB21A8313	validator	packages/svelte/tests/validator/samples/runes-referenced-nonstate-bind-this/	176715fef8ffa52b4139bef48cded7f1e38d1d71	sample-directory	blocked	B2/BS1	BF2 must execute/classify the sample and attach profile/product evidence.	B2-parse-facet-svelte.md#svelte-5f909d4461cab21a8313:pass
SVELTE-4EF775CF7BF4B7E376A6	validator	packages/svelte/tests/validator/samples/runes-referenced-nonstate/	9fc74df277e22e973c9f9f85c78db5d7a89812f9	sample-directory	blocked	B2/BS1	BF2 must execute/classify the sample and attach profile/product evidence.	B2-parse-facet-svelte.md#svelte-4ef775cf7bf4b7e376a6:pass
SVELTE-1A2F6DA64A90B9CFDFAB	validator	packages/svelte/tests/validator/samples/script-context-module-legacy/	746ad67fb250685fbdaa97f9b5d4f5c3b3ff7931	sample-directory	blocked	B2/BS1	BF2 must execute/classify the sample and attach profile/product evidence.	B2-parse-facet-svelte.md#svelte-1a2f6da64a90b9cfdfab:pass
SVELTE-9759CEB59F61DDACCC70	validator	packages/svelte/tests/validator/samples/script-context-module-runes-deprecated/	cb29a2a40c0e60fd84b0ec6f322de3e11e5565e4	sample-directory	blocked	B2/BS1	BF2 must execute/classify the sample and attach profile/product evidence.	B2-parse-facet-svelte.md#svelte-9759ceb59f61ddaccc70:pass
SVELTE-BDD4CE4000A95B2A66F2	validator	packages/svelte/tests/validator/samples/script-invalid-context/	68fb4a98719dab291c4d41cefd8a902a4a8fcf92	sample-directory	blocked	B2/BS1	BF2 must execute/classify the sample and attach profile/product evidence.	B2-parse-facet-svelte.md#svelte-bdd4ce4000a95b2a66f2:pass
SVELTE-FB9D42BB64189C584C26	validator	packages/svelte/tests/validator/samples/script-invalid-spread-attribute/	10665f13881b55b21f7a5f511af2e6db310b8a2c	sample-directory	blocked	B2/BS1	BF2 must execute/classify the sample and attach profile/product evidence.	B2-parse-facet-svelte.md#svelte-fb9d42bb64189c584c26:pass
SVELTE-9C9E6F3207AAAFF64EDE	validator	packages/svelte/tests/validator/samples/script-unknown-attribute/	144cd647aed78ad20dc746e8ed838d37a8027db7	sample-directory	blocked	B2/BS1	BF2 must execute/classify the sample and attach profile/product evidence.	B2-parse-facet-svelte.md#svelte-9c9e6f3207aaaff64ede:pass
SVELTE-840AF060530E4D0C7EFA	validator	packages/svelte/tests/validator/samples/security-anchor-rel-noreferer/	52a7ec0801fe409265e63a25d1ddd35e52a85315	sample-directory	blocked	B2/BS1	BF2 must execute/classify the sample and attach profile/product evidence.	B2-parse-facet-svelte.md#svelte-840af060530e4d0c7efa:pass
SVELTE-A0470559D569B7E8B394	validator	packages/svelte/tests/validator/samples/select-multiple/	2e30664a7f8182b79cf9063ce85f637e3d7a771c	sample-directory	blocked	B2/BS1	BF2 must execute/classify the sample and attach profile/product evidence.	B2-parse-facet-svelte.md#svelte-a0470559d569b7e8b394:pass
SVELTE-3A5BC8DCE24C9D7AC99A	validator	packages/svelte/tests/validator/samples/siblings-combinator-in-custom-element-selects-slot-fallback/	fd43b13c1040f406c16f5e0dd07143e6d5db11db	sample-directory	blocked	B2/BS1	BF2 must execute/classify the sample and attach profile/product evidence.	B2-parse-facet-svelte.md#svelte-3a5bc8dce24c9d7ac99a:pass
SVELTE-7353BB81C1FBBF0D95EA	validator	packages/svelte/tests/validator/samples/silence-warnings-2/	1ac92ce5970f08fa97309a55546d3b5d8c8c1152	sample-directory	blocked	B2/BS1	BF2 must execute/classify the sample and attach profile/product evidence.	B2-parse-facet-svelte.md#svelte-7353bb81c1fbbf0d95ea:pass
SVELTE-1868161AD9E8FA1A3035	validator	packages/svelte/tests/validator/samples/silence-warnings/	ed7a80199241f45104c609524784a0492d6528d6	sample-directory	blocked	B2/BS1	BF2 must execute/classify the sample and attach profile/product evidence.	B2-parse-facet-svelte.md#svelte-1868161ad9e8fa1a3035:pass
SVELTE-153E2507E142DA2FFF82	validator	packages/svelte/tests/validator/samples/slot-attribute-component/	9e9e544f2afe73e101b047bb84c07fa323c8e215	sample-directory	blocked	B2/BS1	BF2 must execute/classify the sample and attach profile/product evidence.	B2-parse-facet-svelte.md#svelte-153e2507e142da2fff82:pass
SVELTE-93BD14D49C63057485D0	validator	packages/svelte/tests/validator/samples/slot-attribute-invalid/	781f3762b4da769fd7c56665d01f8b15d521e8d0	sample-directory	blocked	B2/BS1	BF2 must execute/classify the sample and attach profile/product evidence.	B2-parse-facet-svelte.md#svelte-93bd14d49c63057485d0:pass
SVELTE-8F8ADEEF1E7AC994AC20	validator	packages/svelte/tests/validator/samples/slot-warning-ignore/	35964ff9fd271e96150513754e5ecfdcc46ae7a5	sample-directory	blocked	B2/BS1	BF2 must execute/classify the sample and attach profile/product evidence.	B2-parse-facet-svelte.md#svelte-8f8adeef1e7ac994ac20:pass
SVELTE-31C912363F016A8F47E6	validator	packages/svelte/tests/validator/samples/slot-warning/	32ca237a377f30cf7a81cf48aa000da5bd03dd7a	sample-directory	blocked	B2/BS1	BF2 must execute/classify the sample and attach profile/product evidence.	B2-parse-facet-svelte.md#svelte-31c912363f016a8f47e6:pass
SVELTE-2DA3D7B73C3CE15737F1	validator	packages/svelte/tests/validator/samples/slot-warning2/	9bd2c78051b5d143e2bc1d6148bef764ad81f69f	sample-directory	blocked	B2/BS1	BF2 must execute/classify the sample and attach profile/product evidence.	B2-parse-facet-svelte.md#svelte-2da3d7b73c3ce15737f1:pass
SVELTE-FAC6EE841CBDC882C587	validator	packages/svelte/tests/validator/samples/snippet-already-declared/	5ec7a2e0975bc50533f549f66fc45359383dc3bb	sample-directory	blocked	B2/BS1	BF2 must execute/classify the sample and attach profile/product evidence.	B2-parse-facet-svelte.md#svelte-fac6ee841cbdc882c587:pass
SVELTE-6B60D6329FA4765DFA31	validator	packages/svelte/tests/validator/samples/snippet-shadowing-prop/	1c6d7284cb71dabd1c21d6765ad5b825510ab3a8	sample-directory	blocked	B2/BS1	BF2 must execute/classify the sample and attach profile/product evidence.	B2-parse-facet-svelte.md#svelte-6b60d6329fa4765dfa31:pass
SVELTE-3F2A54A31BDE3B30840F	validator	packages/svelte/tests/validator/samples/snippet-whitespace-ok/	6dbc46351466f070a29c3672c7e9efd75f8d1f81	sample-directory	blocked	B2/BS1	BF2 must execute/classify the sample and attach profile/product evidence.	B2-parse-facet-svelte.md#svelte-3f2a54a31bde3b30840f:pass
SVELTE-1E213C7DF2425BE1B744	validator	packages/svelte/tests/validator/samples/state-referenced-locally-props-identifier/	cf62c8a79ba937f150c5041429a135b76d4f3205	sample-directory	blocked	B2/BS1	BF2 must execute/classify the sample and attach profile/product evidence.	B2-parse-facet-svelte.md#svelte-1e213c7df2425be1b744:pass
SVELTE-AF7C6A7C096357D59649	validator	packages/svelte/tests/validator/samples/state-referenced-locally-types/	f1faeda1a93458b5536f830ac0b3f92e39167e4b	sample-directory	blocked	B2/BS1	BF2 must execute/classify the sample and attach profile/product evidence.	B2-parse-facet-svelte.md#svelte-af7c6a7c096357d59649:pass
SVELTE-1D9AD93234B8B19B6B11	validator	packages/svelte/tests/validator/samples/static-state-reference/	6812e1e24b79298de841eac8d30ab54da91d82cd	sample-directory	blocked	B2/BS1	BF2 must execute/classify the sample and attach profile/product evidence.	B2-parse-facet-svelte.md#svelte-1d9ad93234b8b19b6b11:pass
SVELTE-8AE141F7E089B83C0B3C	validator	packages/svelte/tests/validator/samples/store-looking-like-rune/	9a6e115c4ed2fc732c7122429c53c10726e557ed	sample-directory	blocked	B2/BS1	BF2 must execute/classify the sample and attach profile/product evidence.	B2-parse-facet-svelte.md#svelte-8ae141f7e089b83c0b3c:pass
SVELTE-0BB678654B5625F9CC3B	validator	packages/svelte/tests/validator/samples/store-rune-conflic-from-props/	e27359e881c59a893df372698cff9ca0f1a68a6b	sample-directory	blocked	B2/BS1	BF2 must execute/classify the sample and attach profile/product evidence.	B2-parse-facet-svelte.md#svelte-0bb678654b5625f9cc3b:pass
SVELTE-3BDFB03C3F7142720553	validator	packages/svelte/tests/validator/samples/store-runes-conflict/	90cf4efd5d9e7ab333e9295ec42771569aeefbd7	sample-directory	blocked	B2/BS1	BF2 must execute/classify the sample and attach profile/product evidence.	B2-parse-facet-svelte.md#svelte-3bdfb03c3f7142720553:pass
SVELTE-69A0BEFC2C318186ACF5	validator	packages/svelte/tests/validator/samples/style-directive-modifiers-invalid/	3564673bc940a64e5f67ed34513f6d4fdc5d34ae	sample-directory	blocked	B2/BS1	BF2 must execute/classify the sample and attach profile/product evidence.	B2-parse-facet-svelte.md#svelte-69a0befc2c318186acf5:pass
SVELTE-CAA0B1086ADF7BFA2CB2	validator	packages/svelte/tests/validator/samples/style-directive-valid-reference/	67eaad94b42a0e2d313dcef2222b313065b183dd	sample-directory	blocked	B2/BS1	BF2 must execute/classify the sample and attach profile/product evidence.	B2-parse-facet-svelte.md#svelte-caa0b1086adf7bfa2cb2:pass
SVELTE-17507C7161CF9805A949	validator	packages/svelte/tests/validator/samples/svelte-component-deprecated/	63ad6b3a14ae266678eae5e6ee6cb6a5918b00f7	sample-directory	blocked	B2/BS1	BF2 must execute/classify the sample and attach profile/product evidence.	B2-parse-facet-svelte.md#svelte-17507c7161cf9805a949:pass
SVELTE-16F473E3C667CB1DBF48	validator	packages/svelte/tests/validator/samples/svelte-fragment-placement-2/	baf30888d71df03af640a42492dfc6bff75faf0d	sample-directory	blocked	B2/BS1	BF2 must execute/classify the sample and attach profile/product evidence.	B2-parse-facet-svelte.md#svelte-16f473e3c667cb1dbf48:pass
SVELTE-1B6542A2B8051FBCAFE1	validator	packages/svelte/tests/validator/samples/svelte-fragment-placement/	319fb295c9eb6922d4bdf58ad973aa8e4e0d44a1	sample-directory	blocked	B2/BS1	BF2 must execute/classify the sample and attach profile/product evidence.	B2-parse-facet-svelte.md#svelte-1b6542a2b8051fbcafe1:pass
SVELTE-2B2E46AF1EC25A554F69	validator	packages/svelte/tests/validator/samples/svelte-head-attributes/	93434906df71b78002512fb19795bdc82880f194	sample-directory	blocked	B2/BS1	BF2 must execute/classify the sample and attach profile/product evidence.	B2-parse-facet-svelte.md#svelte-2b2e46af1ec25a554f69:pass
SVELTE-B718DE5D3B245ACC8160	validator	packages/svelte/tests/validator/samples/svelte-ignore-export-let-unused/	8698a182e8b5af6ee1958164f1ff3907ff0b4410	sample-directory	blocked	B2/BS1	BF2 must execute/classify the sample and attach profile/product evidence.	B2-parse-facet-svelte.md#svelte-b718de5d3b245acc8160:pass
SVELTE-EA72EA8C3C76B7014462	validator	packages/svelte/tests/validator/samples/svelte-ignore-non-reactive-update/	d038b25a7ac4f79a223300c687b683bd86612a39	sample-directory	blocked	B2/BS1	BF2 must execute/classify the sample and attach profile/product evidence.	B2-parse-facet-svelte.md#svelte-ea72ea8c3c76b7014462:pass
SVELTE-45379BC702855C4442F5	validator	packages/svelte/tests/validator/samples/svelte-self-deprecated/	6216e296e28c1069615eaf4fc0b9d3911ce24941	sample-directory	blocked	B2/BS1	BF2 must execute/classify the sample and attach profile/product evidence.	B2-parse-facet-svelte.md#svelte-45379bc702855c4442f5:pass
SVELTE-84A00C23B8FE1F9B2284	validator	packages/svelte/tests/validator/samples/svg-child-component-declared-namespace/	8f53117618dfd11d635e05ffdfc27a7245b17025	sample-directory	blocked	B2/BS1	BF2 must execute/classify the sample and attach profile/product evidence.	B2-parse-facet-svelte.md#svelte-84a00c23b8fe1f9b2284:pass
SVELTE-C500E4615DAB891C703C	validator	packages/svelte/tests/validator/samples/tag-custom-element-options-missing/	11cfe006a6528550b78ac903c03e0f7d79240cda	sample-directory	blocked	B2/BS1	BF2 must execute/classify the sample and attach profile/product evidence.	B2-parse-facet-svelte.md#svelte-c500e4615dab891c703c:pass
SVELTE-08B8EB92E7635BDBC5B3	validator	packages/svelte/tests/validator/samples/tag-custom-element-options-true/	c7652ca4f0f6ed01a113599ae2c38ebb1edc94e6	sample-directory	blocked	B2/BS1	BF2 must execute/classify the sample and attach profile/product evidence.	B2-parse-facet-svelte.md#svelte-08b8eb92e7635bdbc5b3:pass
SVELTE-2A14621703C2FC2F9284	validator	packages/svelte/tests/validator/samples/tag-emoji/	d0e5419ce35006c5c83d8eb1a72d01fc611fdb8d	sample-directory	blocked	B2/BS1	BF2 must execute/classify the sample and attach profile/product evidence.	B2-parse-facet-svelte.md#svelte-2a14621703c2fc2f9284:pass
SVELTE-A8991266F5A5933D8D51	validator	packages/svelte/tests/validator/samples/tag-hyphen/	f4bfdf7a02900e74d9dccce6fa420183e2711d27	sample-directory	blocked	B2/BS1	BF2 must execute/classify the sample and attach profile/product evidence.	B2-parse-facet-svelte.md#svelte-a8991266f5a5933d8d51:pass
SVELTE-BE09EB630E21183C3E9F	validator	packages/svelte/tests/validator/samples/tag-invalid/	17bb328b43144905bd7ce253f5e5a105343174c9	sample-directory	blocked	B2/BS1	BF2 must execute/classify the sample and attach profile/product evidence.	B2-parse-facet-svelte.md#svelte-be09eb630e21183c3e9f:pass
SVELTE-E0272BF49E7F3EB8E9A5	validator	packages/svelte/tests/validator/samples/tag-non-string/	8f5837c00a76e42283ab6875d0d5942813eeca92	sample-directory	blocked	B2/BS1	BF2 must execute/classify the sample and attach profile/product evidence.	B2-parse-facet-svelte.md#svelte-e0272bf49e7f3eb8e9a5:pass
SVELTE-6AA04473314327E79FD4	validator	packages/svelte/tests/validator/samples/tag-reserved/	69475fee8545d20768f57dc3f34a10dbe37a5635	sample-directory	blocked	B2/BS1	BF2 must execute/classify the sample and attach profile/product evidence.	B2-parse-facet-svelte.md#svelte-6aa04473314327e79fd4:pass
SVELTE-EAE8052F844549504930	validator	packages/svelte/tests/validator/samples/textarea-value-children/	6a4ba137a704335d20c2907f86df2b8de53952e4	sample-directory	blocked	B2/BS1	BF2 must execute/classify the sample and attach profile/product evidence.	B2-parse-facet-svelte.md#svelte-eae8052f844549504930:pass
SVELTE-C4F5E241D6FCE0B29DCB	validator	packages/svelte/tests/validator/samples/title-no-attributes/	41603a1426825b0ff52c1fbcd9ac8dc97064ecd0	sample-directory	blocked	B2/BS1	BF2 must execute/classify the sample and attach profile/product evidence.	B2-parse-facet-svelte.md#svelte-c4f5e241d6fce0b29dcb:pass
SVELTE-5914DF63AFA9CCFDA2B8	validator	packages/svelte/tests/validator/samples/title-no-children/	a8f2730db489ea97b2acb229019cded492c76eef	sample-directory	blocked	B2/BS1	BF2 must execute/classify the sample and attach profile/product evidence.	B2-parse-facet-svelte.md#svelte-5914df63afa9ccfda2b8:pass
SVELTE-72CE1D61354AE1FC1DAF	validator	packages/svelte/tests/validator/samples/transition-duplicate-in-transition/	fc94d143f8df84bc6d8a8231a01162a75c67e27f	sample-directory	blocked	B2/BS1	BF2 must execute/classify the sample and attach profile/product evidence.	B2-parse-facet-svelte.md#svelte-72ce1d61354ae1fc1daf:pass
SVELTE-A93B1D351C28E8087663	validator	packages/svelte/tests/validator/samples/transition-duplicate-in/	21473088e303d5f19baf56c7bca37eececeba99a	sample-directory	blocked	B2/BS1	BF2 must execute/classify the sample and attach profile/product evidence.	B2-parse-facet-svelte.md#svelte-a93b1d351c28e8087663:pass
SVELTE-17119B439DE793242311	validator	packages/svelte/tests/validator/samples/transition-duplicate-out-transition/	62336bd0490f7925bec4233084653daa0801d686	sample-directory	blocked	B2/BS1	BF2 must execute/classify the sample and attach profile/product evidence.	B2-parse-facet-svelte.md#svelte-17119b439de793242311:pass
SVELTE-F9CB7E0B38CCD6FCE4CC	validator	packages/svelte/tests/validator/samples/transition-duplicate-out/	310fefd592e92df06db8b291a5bef07781909748	sample-directory	blocked	B2/BS1	BF2 must execute/classify the sample and attach profile/product evidence.	B2-parse-facet-svelte.md#svelte-f9cb7e0b38ccd6fce4cc:pass
SVELTE-8FCE6123366B6F021BBD	validator	packages/svelte/tests/validator/samples/transition-duplicate-transition-in/	9b4028a65a772a4565a7b31c6dddf0529bbfce38	sample-directory	blocked	B2/BS1	BF2 must execute/classify the sample and attach profile/product evidence.	B2-parse-facet-svelte.md#svelte-8fce6123366b6f021bbd:pass
SVELTE-C5D3F1226A999D7095E8	validator	packages/svelte/tests/validator/samples/transition-duplicate-transition-out/	722371e1a37f81f1b1409700c9922a800aba5326	sample-directory	blocked	B2/BS1	BF2 must execute/classify the sample and attach profile/product evidence.	B2-parse-facet-svelte.md#svelte-c5d3f1226a999d7095e8:pass
SVELTE-AE1974EE96939196C282	validator	packages/svelte/tests/validator/samples/transition-duplicate-transition/	63d1d4d5660def30c78315bb0f9f2e8b5f810688	sample-directory	blocked	B2/BS1	BF2 must execute/classify the sample and attach profile/product evidence.	B2-parse-facet-svelte.md#svelte-ae1974ee96939196c282:pass
SVELTE-374CE7B5812C3064C4E8	validator	packages/svelte/tests/validator/samples/transition-on-component/	647e80670b9ae0abc9a4b5fd461888c437e4375b	sample-directory	blocked	B2/BS1	BF2 must execute/classify the sample and attach profile/product evidence.	B2-parse-facet-svelte.md#svelte-374ce7b5812c3064c4e8:pass
SVELTE-4E56EC3BE2C6C47982C2	validator	packages/svelte/tests/validator/samples/ts-unsupported-accessor/	47022783a618ead3b7e593663c6c134652eb6fba	sample-directory	blocked	B2/BS1	BF2 must execute/classify the sample and attach profile/product evidence.	B2-parse-facet-svelte.md#svelte-4e56ec3be2c6c47982c2:pass
SVELTE-03A6ECF0F6B581503048	validator	packages/svelte/tests/validator/samples/ts-unsupported-decorator/	a5c6621f0b53dee9449174c32370059de2b183bb	sample-directory	blocked	B2/BS1	BF2 must execute/classify the sample and attach profile/product evidence.	B2-parse-facet-svelte.md#svelte-03a6ecf0f6b581503048:pass
SVELTE-E30AFE1E1E596E7C1D82	validator	packages/svelte/tests/validator/samples/ts-unsupported-enum/	0e03278bd42e9b24ca951f129862bbfde4a4beec	sample-directory	blocked	B2/BS1	BF2 must execute/classify the sample and attach profile/product evidence.	B2-parse-facet-svelte.md#svelte-e30afe1e1e596e7c1d82:pass
SVELTE-E018C35E548F6F442956	validator	packages/svelte/tests/validator/samples/ts-unsupported-modifier-readonly/	a1b46f5249c7f198d3be860d42edaa04c1301fc2	sample-directory	blocked	B2/BS1	BF2 must execute/classify the sample and attach profile/product evidence.	B2-parse-facet-svelte.md#svelte-e018c35e548f6f442956:pass
SVELTE-78296A40BE23AF74A507	validator	packages/svelte/tests/validator/samples/ts-unsupported-modifier/	fade1a1b593c69cd1548f05efa9241a12d72648a	sample-directory	blocked	B2/BS1	BF2 must execute/classify the sample and attach profile/product evidence.	B2-parse-facet-svelte.md#svelte-78296a40be23af74a507:pass
SVELTE-BA23DC33FD3569F19273	validator	packages/svelte/tests/validator/samples/ts-unsupported-namespace/	1090aad0526e92e33e504419e08af0f25c5d8fcf	sample-directory	blocked	B2/BS1	BF2 must execute/classify the sample and attach profile/product evidence.	B2-parse-facet-svelte.md#svelte-ba23dc33fd3569f19273:pass
SVELTE-16BC058C663B237AD2C6	validator	packages/svelte/tests/validator/samples/unknown-code/	334f503e4508cea64a173d2a150b97b2735822f3	sample-directory	blocked	B2/BS1	BF2 must execute/classify the sample and attach profile/product evidence.	B2-parse-facet-svelte.md#svelte-16bc058c663b237ad2c6:pass
SVELTE-AA264684FA4A6B02E333	validator	packages/svelte/tests/validator/samples/unreferenced-variables-each/	997b62000a2ae52d10b9beb41c220c58b21be873	sample-directory	blocked	B2/BS1	BF2 must execute/classify the sample and attach profile/product evidence.	B2-parse-facet-svelte.md#svelte-aa264684fa4a6b02e333:pass
SVELTE-A1362DA957810A021E5F	validator	packages/svelte/tests/validator/samples/unreferenced-variables/	dc91f5defe880e70e37b96989e58da45662e4678	sample-directory	blocked	B2/BS1	BF2 must execute/classify the sample and attach profile/product evidence.	B2-parse-facet-svelte.md#svelte-a1362da957810a021e5f:pass
SVELTE-953DA1BF23221A866470	validator	packages/svelte/tests/validator/samples/use-the-platform/	e24e01f0e2a02c28faf1eb8fddf1c6fd8f95375a	sample-directory	blocked	B2/BS1	BF2 must execute/classify the sample and attach profile/product evidence.	B2-parse-facet-svelte.md#svelte-953da1bf23221a866470:pass
SVELTE-5717F7BEEE17F6BC0B29	validator	packages/svelte/tests/validator/samples/valid-reactive-vars/	6b6a097d2c63fa7145a7b442e686aa74e5fe383e	sample-directory	blocked	B2/BS1	BF2 must execute/classify the sample and attach profile/product evidence.	B2-parse-facet-svelte.md#svelte-5717f7beee17f6bc0b29:pass
SVELTE-66A4A5EB2156AFB1FA4F	validator	packages/svelte/tests/validator/samples/window-binding-invalid-dimensions/	3cb9d484aab0537e50ccc60267f0b14eddb90bd9	sample-directory	blocked	B2/BS1	BF2 must execute/classify the sample and attach profile/product evidence.	B2-parse-facet-svelte.md#svelte-66a4a5eb2156afb1fa4f:pass
SVELTE-92522D1DEFED66C441F2	validator	packages/svelte/tests/validator/samples/window-binding-invalid-innerwidth/	ef84c698ab3887a461498621622afa882f47a743	sample-directory	blocked	B2/BS1	BF2 must execute/classify the sample and attach profile/product evidence.	B2-parse-facet-svelte.md#svelte-92522d1defed66c441f2:pass
SVELTE-1E09C604CDCB2868CD08	validator	packages/svelte/tests/validator/samples/window-binding-invalid/	53b6d3e540c608cf4b9b48727e82ef71dad02060	sample-directory	blocked	B2/BS1	BF2 must execute/classify the sample and attach profile/product evidence.	B2-parse-facet-svelte.md#svelte-1e09c604cdcb2868cd08:pass
SVELTE-3C4A5943D113763A0991	validator	packages/svelte/tests/validator/samples/window-binding-online/	107c4f1efa5401a34adb38f62e91729c954cd0b8	sample-directory	blocked	B2/BS1	BF2 must execute/classify the sample and attach profile/product evidence.	B2-parse-facet-svelte.md#svelte-3c4a5943d113763a0991:pass
