case_id	suite	source_locator	source_object	declaration_kind	title_kind	title_sha256	disposition	provisional_owner	reason	evidence_id
VUE-9C3FB0B7F7249D90FF4D	compiler-core	packages/compiler-core/__tests__/codegen.spec.ts:111:3	34386ce6930b81eeae3d9aec3a967a10b838ca44	single-declaration	StringLiteral	54a6faa431597486c8144789dc9e873c8da3a1ddf472c64113a46c55e9a3c3ae	blocked	BV1	BF2 must runner-enumerate profiles and attach imported/equivalent/not-applicable/unsupported evidence.	-
VUE-95F6A0F19976C7BD8B78	compiler-core	packages/compiler-core/__tests__/codegen.spec.ts:141:3	34386ce6930b81eeae3d9aec3a967a10b838ca44	single-declaration	StringLiteral	b42b0f6fdb430a0d2143758047ace28836463cf7b13cf31e9d791ac63061da89	blocked	BV1	BF2 must runner-enumerate profiles and attach imported/equivalent/not-applicable/unsupported evidence.	-
VUE-DE04C6BD47A2A4C89D1A	compiler-core	packages/compiler-core/__tests__/codegen.spec.ts:162:3	34386ce6930b81eeae3d9aec3a967a10b838ca44	single-declaration	StringLiteral	b5a2a1f05494d60d19fb6089200b6fd1dcfc8476395de1932fae49fa69e9fde3	blocked	BV1	BF2 must runner-enumerate profiles and attach imported/equivalent/not-applicable/unsupported evidence.	-
VUE-F688F8AC8E2CD556FE9A	compiler-core	packages/compiler-core/__tests__/codegen.spec.ts:171:3	34386ce6930b81eeae3d9aec3a967a10b838ca44	single-declaration	StringLiteral	9b3e12c41c70b5958f599a2b223e962545d50089577ee43688c13c9a9c4eeb7d	blocked	BV1	BF2 must runner-enumerate profiles and attach imported/equivalent/not-applicable/unsupported evidence.	-
VUE-26927CC4391937A1815A	compiler-core	packages/compiler-core/__tests__/codegen.spec.ts:185:3	34386ce6930b81eeae3d9aec3a967a10b838ca44	single-declaration	StringLiteral	ed707c99b8a6418c6e2c9c4a5ba8d62957ea84c1910377c49400f732edeb8db2	blocked	BV1	BF2 must runner-enumerate profiles and attach imported/equivalent/not-applicable/unsupported evidence.	-
VUE-CA94B6C21BC960F04BB2	compiler-core	packages/compiler-core/__tests__/codegen.spec.ts:195:3	34386ce6930b81eeae3d9aec3a967a10b838ca44	single-declaration	StringLiteral	61137a740d3149b9c8fe3d58920f9e0f3b0a30ca7b1b8016e46870d8a19d1c76	blocked	BV1	BF2 must runner-enumerate profiles and attach imported/equivalent/not-applicable/unsupported evidence.	-
VUE-652CD41590875B2CB148	compiler-core	packages/compiler-core/__tests__/codegen.spec.ts:209:3	34386ce6930b81eeae3d9aec3a967a10b838ca44	single-declaration	StringLiteral	169f84ea8e150bc7bbb7555a8cddb7222a13269dc3eb5f5c604f62c78698f267	blocked	BV1	BF2 must runner-enumerate profiles and attach imported/equivalent/not-applicable/unsupported evidence.	-
VUE-5DAD0600D2A89E7B25BA	compiler-core	packages/compiler-core/__tests__/codegen.spec.ts:232:3	34386ce6930b81eeae3d9aec3a967a10b838ca44	single-declaration	StringLiteral	82d56023754c9f028b50f9ef40445090e4e8317c6851e3097275559613cf84ff	blocked	BV1	BF2 must runner-enumerate profiles and attach imported/equivalent/not-applicable/unsupported evidence.	-
VUE-4FC08D39A342B80A1C45	compiler-core	packages/compiler-core/__tests__/codegen.spec.ts:251:3	34386ce6930b81eeae3d9aec3a967a10b838ca44	single-declaration	StringLiteral	9074893e9b7317cbcf83849b7a57346b2645b927f0e327f53849a4f510f26048	blocked	BV1	BF2 must runner-enumerate profiles and attach imported/equivalent/not-applicable/unsupported evidence.	-
VUE-79D6E6B9CF9796C2FAD4	compiler-core	packages/compiler-core/__tests__/codegen.spec.ts:282:3	34386ce6930b81eeae3d9aec3a967a10b838ca44	single-declaration	StringLiteral	7a45e914504e46a5e0143b2d2cc73384dde4011fcd97cd44da78ca6f61ecf665	blocked	BV1	BF2 must runner-enumerate profiles and attach imported/equivalent/not-applicable/unsupported evidence.	-
VUE-B486807792F8F5BD9861	compiler-core	packages/compiler-core/__tests__/codegen.spec.ts:318:3	34386ce6930b81eeae3d9aec3a967a10b838ca44	single-declaration	StringLiteral	329da5c011eac9bb2f02d6a7d76274cdfd5f36ac271dde043ad2b9ccc70636ad	blocked	BV1	BF2 must runner-enumerate profiles and attach imported/equivalent/not-applicable/unsupported evidence.	-
VUE-C6026DD8E610575FF69B	compiler-core	packages/compiler-core/__tests__/codegen.spec.ts:382:3	34386ce6930b81eeae3d9aec3a967a10b838ca44	single-declaration	StringLiteral	23c6b9b03fd34c758c5054a340448947f243af02a87d7f1c4aff2d1681591f30	blocked	BV1	BF2 must runner-enumerate profiles and attach imported/equivalent/not-applicable/unsupported evidence.	-
VUE-15D4FEF87B10B3CDB387	compiler-core	packages/compiler-core/__tests__/codegen.spec.ts:398:3	34386ce6930b81eeae3d9aec3a967a10b838ca44	single-declaration	StringLiteral	ed383199c07b42dd1791bca81393d12eb2e02b00511bb8484de2fd5c58a66447	blocked	BV1	BF2 must runner-enumerate profiles and attach imported/equivalent/not-applicable/unsupported evidence.	-
VUE-8FF26A5656DD9587A1DA	compiler-core	packages/compiler-core/__tests__/codegen.spec.ts:422:3	34386ce6930b81eeae3d9aec3a967a10b838ca44	single-declaration	StringLiteral	1624018ee58c41375ec39233b1d428242096f3b3cf7f4a38a7b6c540ca31ddf8	blocked	BV1	BF2 must runner-enumerate profiles and attach imported/equivalent/not-applicable/unsupported evidence.	-
VUE-E9BF2E90B4D0E13E2F4D	compiler-core	packages/compiler-core/__tests__/codegen.spec.ts:440:3	34386ce6930b81eeae3d9aec3a967a10b838ca44	single-declaration	StringLiteral	a7f2c9f608334b54ace5c6ab37485df6afdc27b8a471af16af22b620f902422e	blocked	BV1	BF2 must runner-enumerate profiles and attach imported/equivalent/not-applicable/unsupported evidence.	-
VUE-06C16B6390C266D6D3DE	compiler-core	packages/compiler-core/__tests__/codegen.spec.ts:468:3	34386ce6930b81eeae3d9aec3a967a10b838ca44	single-declaration	StringLiteral	9a7f21ca77f58024362f10b0fb9e2843eb73dd451dc8df4a0141209446a5c4f0	blocked	BV1	BF2 must runner-enumerate profiles and attach imported/equivalent/not-applicable/unsupported evidence.	-
VUE-88E06526002F2461275E	compiler-core	packages/compiler-core/__tests__/codegen.spec.ts:490:5	34386ce6930b81eeae3d9aec3a967a10b838ca44	single-declaration	StringLiteral	8daa5753e30416a8d11255df2ac6e300742258a22ab800c2c9163a7e5b27a7f2	blocked	BV1	BF2 must runner-enumerate profiles and attach imported/equivalent/not-applicable/unsupported evidence.	-
VUE-96B99CE1CC00E6539327	compiler-core	packages/compiler-core/__tests__/codegen.spec.ts:512:5	34386ce6930b81eeae3d9aec3a967a10b838ca44	single-declaration	StringLiteral	abe8c79c887aef540661213de77f6e1bb05eb53bebdd00bab4d755301940f2a7	blocked	BV1	BF2 must runner-enumerate profiles and attach imported/equivalent/not-applicable/unsupported evidence.	-
VUE-4FA76884D12A9C18C6CA	compiler-core	packages/compiler-core/__tests__/codegen.spec.ts:537:5	34386ce6930b81eeae3d9aec3a967a10b838ca44	single-declaration	StringLiteral	13ead04db558426b694a6b346350d056b416e7ddd053bf0db0fd8657510c31a7	blocked	BV1	BF2 must runner-enumerate profiles and attach imported/equivalent/not-applicable/unsupported evidence.	-
VUE-1F44E20B91176D8D40C5	compiler-core	packages/compiler-core/__tests__/codegen.spec.ts:565:5	34386ce6930b81eeae3d9aec3a967a10b838ca44	single-declaration	StringLiteral	5dae489181ad5bb7847174ed02684e019c497f2b6d67f85d4ab8347e7d39e227	blocked	BV1	BF2 must runner-enumerate profiles and attach imported/equivalent/not-applicable/unsupported evidence.	-
VUE-24F9B3AB58423502C5EC	compiler-core	packages/compiler-core/__tests__/codegen.spec.ts:59:3	34386ce6930b81eeae3d9aec3a967a10b838ca44	single-declaration	StringLiteral	78d705de092327ed82df340038353f51911a1daf588b2020a4a99a376b20784b	blocked	BV1	BF2 must runner-enumerate profiles and attach imported/equivalent/not-applicable/unsupported evidence.	-
VUE-B81DAC2DA50DF3AFAF0B	compiler-core	packages/compiler-core/__tests__/codegen.spec.ts:597:3	34386ce6930b81eeae3d9aec3a967a10b838ca44	single-declaration	StringLiteral	ba037a4f5ff1847d8b43bd7d50b8784451d80d79cc1b8cce4ed2de1a6e626fba	blocked	BV1	BF2 must runner-enumerate profiles and attach imported/equivalent/not-applicable/unsupported evidence.	-
VUE-141659842B2D4A8E370C	compiler-core	packages/compiler-core/__tests__/codegen.spec.ts:633:5	34386ce6930b81eeae3d9aec3a967a10b838ca44	single-declaration	StringLiteral	08a21f57d2ca3e0d51e0b33bd499ffd2f58df2ee9b13d87a7c0176760e56f0f4	blocked	BV1	BF2 must runner-enumerate profiles and attach imported/equivalent/not-applicable/unsupported evidence.	-
VUE-285602D736B47B892DBA	compiler-core	packages/compiler-core/__tests__/codegen.spec.ts:644:5	34386ce6930b81eeae3d9aec3a967a10b838ca44	single-declaration	StringLiteral	67f275310240a5d54618e39663b69abec90f46b0437a5377c3be941109da2968	blocked	BV1	BF2 must runner-enumerate profiles and attach imported/equivalent/not-applicable/unsupported evidence.	-
VUE-8DD48781A7F18EF34F84	compiler-core	packages/compiler-core/__tests__/codegen.spec.ts:652:5	34386ce6930b81eeae3d9aec3a967a10b838ca44	single-declaration	StringLiteral	27e9918551008f30e4ce0b7bd20134e88715d290a058b5f4eb0f13898cbb3560	blocked	BV1	BF2 must runner-enumerate profiles and attach imported/equivalent/not-applicable/unsupported evidence.	-
VUE-655672005574793DBB0C	compiler-core	packages/compiler-core/__tests__/codegen.spec.ts:660:5	34386ce6930b81eeae3d9aec3a967a10b838ca44	single-declaration	StringLiteral	06cc1edf634888c510545820b06c85bccf4693ec1e06e019f306233b31ee3087	blocked	BV1	BF2 must runner-enumerate profiles and attach imported/equivalent/not-applicable/unsupported evidence.	-
VUE-C35C0D057D3DE5AB1B31	compiler-core	packages/compiler-core/__tests__/codegen.spec.ts:668:5	34386ce6930b81eeae3d9aec3a967a10b838ca44	single-declaration	StringLiteral	1b10939e24e41eb4993e03ae34940c9480ae07311d86910c24232c7b4d87f890	blocked	BV1	BF2 must runner-enumerate profiles and attach imported/equivalent/not-applicable/unsupported evidence.	-
VUE-3D152AD3F78E95AC0E17	compiler-core	packages/compiler-core/__tests__/codegen.spec.ts:679:5	34386ce6930b81eeae3d9aec3a967a10b838ca44	single-declaration	StringLiteral	dc26c7f00d3e021689f224505bb0cde51028b8f8f7cea48c8c0b992b6cd9edea	blocked	BV1	BF2 must runner-enumerate profiles and attach imported/equivalent/not-applicable/unsupported evidence.	-
VUE-3E85501FF1EB10D442AE	compiler-core	packages/compiler-core/__tests__/codegen.spec.ts:699:5	34386ce6930b81eeae3d9aec3a967a10b838ca44	single-declaration	StringLiteral	88feb034633040898ef38024e72900f802cbec19633b025a1a0c21e603a4aa47	blocked	BV1	BF2 must runner-enumerate profiles and attach imported/equivalent/not-applicable/unsupported evidence.	-
VUE-3B3D9EB3BDF3489D4499	compiler-core	packages/compiler-core/__tests__/codegen.spec.ts:70:3	34386ce6930b81eeae3d9aec3a967a10b838ca44	single-declaration	StringLiteral	87fd679018661daac95ebbda804247c472bd17c5a9ceaca86e28d344649db5dd	blocked	BV1	BF2 must runner-enumerate profiles and attach imported/equivalent/not-applicable/unsupported evidence.	-
VUE-D54A53F9F673495225CD	compiler-core	packages/compiler-core/__tests__/codegen.spec.ts:720:5	34386ce6930b81eeae3d9aec3a967a10b838ca44	single-declaration	StringLiteral	791844d1fd97f77c6079743267c1973de9b96048f309c7e93eac67b4f2218ed2	blocked	BV1	BF2 must runner-enumerate profiles and attach imported/equivalent/not-applicable/unsupported evidence.	-
VUE-3E6AA5E6C23252DB737A	compiler-core	packages/compiler-core/__tests__/codegen.spec.ts:741:5	34386ce6930b81eeae3d9aec3a967a10b838ca44	single-declaration	StringLiteral	2a5cd14f338ac374d504316aa0fabd65cbe1e953abb508be9070260188c0912a	blocked	BV1	BF2 must runner-enumerate profiles and attach imported/equivalent/not-applicable/unsupported evidence.	-
VUE-59E98ACEA1253436A30F	compiler-core	packages/compiler-core/__tests__/codegen.spec.ts:84:3	34386ce6930b81eeae3d9aec3a967a10b838ca44	single-declaration	StringLiteral	4c487cf335e1c51345a77db6ed2f7ec60fc09ecd1cfdedd3149845953ce083a5	blocked	BV1	BF2 must runner-enumerate profiles and attach imported/equivalent/not-applicable/unsupported evidence.	-
VUE-80CBA5BBD5B03ADA6B1D	compiler-core	packages/compiler-core/__tests__/codegen.spec.ts:96:3	34386ce6930b81eeae3d9aec3a967a10b838ca44	single-declaration	StringLiteral	25c72e3eb6c0e2601712db0af0793142a9050bab54753195e9576f528ed88ec0	blocked	BV1	BF2 must runner-enumerate profiles and attach imported/equivalent/not-applicable/unsupported evidence.	-
VUE-FCCE8C307E7188C2D43E	compiler-core	packages/compiler-core/__tests__/compile.spec.ts:112:3	995741091df6082d50abe479b8a9e9d6348beb9c	single-declaration	StringLiteral	28094b23a5dfd404a9a9f1f1cddff2632fac65b97a07c86b65234374d93ea8d3	blocked	BV1	BF2 must runner-enumerate profiles and attach imported/equivalent/not-applicable/unsupported evidence.	-
VUE-A6FD2F7B55A1BCD6781B	compiler-core	packages/compiler-core/__tests__/compile.spec.ts:189:3	995741091df6082d50abe479b8a9e9d6348beb9c	single-declaration	StringLiteral	63105277ce697ff1687428acb01d7c2b5354e92aa55406ba26d70f430a454998	blocked	BV1	BF2 must runner-enumerate profiles and attach imported/equivalent/not-applicable/unsupported evidence.	-
VUE-420AF4306508A80F9DD4	compiler-core	packages/compiler-core/__tests__/compile.spec.ts:47:3	995741091df6082d50abe479b8a9e9d6348beb9c	single-declaration	StringLiteral	0ea66cd62ac8337d86adc58bf6e59e463707a78caa547bc8c934533bcf272a53	blocked	BV1	BF2 must runner-enumerate profiles and attach imported/equivalent/not-applicable/unsupported evidence.	-
VUE-64DAA671AE411031C55B	compiler-core	packages/compiler-core/__tests__/parse.spec.ts:1068:5	f70c7aa5c74e9ec282cf460a14170d09b31bd0cc	single-declaration	StringLiteral	00e6452ccf938b6e490fd1cc0d1820e247011d59773c3f10f02812b9de11db62	blocked	BV1	BF2 must runner-enumerate profiles and attach imported/equivalent/not-applicable/unsupported evidence.	-
VUE-8C91E22592640936C5D2	compiler-core	packages/compiler-core/__tests__/parse.spec.ts:114:5	f70c7aa5c74e9ec282cf460a14170d09b31bd0cc	single-declaration	StringLiteral	992718373962799eb1802dfdfcdcc061c70fe11f97d0ab7351f37a143705e16c	blocked	BV1	BF2 must runner-enumerate profiles and attach imported/equivalent/not-applicable/unsupported evidence.	-
VUE-BB5C1AA778A769D15224	compiler-core	packages/compiler-core/__tests__/parse.spec.ts:1175:5	f70c7aa5c74e9ec282cf460a14170d09b31bd0cc	single-declaration	StringLiteral	b9da631c908887d3202019991ac346583afb484f2b714daa2d38a0e966699517	blocked	BV1	BF2 must runner-enumerate profiles and attach imported/equivalent/not-applicable/unsupported evidence.	-
VUE-90792B3954322AC821D7	compiler-core	packages/compiler-core/__tests__/parse.spec.ts:1219:5	f70c7aa5c74e9ec282cf460a14170d09b31bd0cc	single-declaration	StringLiteral	0ebbe27625fa3f9e1d6e1251fdb1fdf004ed55c90a8f98b39c3ac9f3c9fb4e02	blocked	BV1	BF2 must runner-enumerate profiles and attach imported/equivalent/not-applicable/unsupported evidence.	-
VUE-0EECEB90152907740D2F	compiler-core	packages/compiler-core/__tests__/parse.spec.ts:1238:5	f70c7aa5c74e9ec282cf460a14170d09b31bd0cc	single-declaration	StringLiteral	51263a1025effd593a086ddab7f7b59a30d32063c6778b5fc1028af644b35f35	blocked	BV1	BF2 must runner-enumerate profiles and attach imported/equivalent/not-applicable/unsupported evidence.	-
VUE-0159759984C7F9596150	compiler-core	packages/compiler-core/__tests__/parse.spec.ts:1267:5	f70c7aa5c74e9ec282cf460a14170d09b31bd0cc	single-declaration	StringLiteral	11aa3c6b8ecb614af4b42280db704cbabf11aba194635db45134a71aa7a20f65	blocked	BV1	BF2 must runner-enumerate profiles and attach imported/equivalent/not-applicable/unsupported evidence.	-
VUE-1EECC026C18B0AD43AC8	compiler-core	packages/compiler-core/__tests__/parse.spec.ts:1297:5	f70c7aa5c74e9ec282cf460a14170d09b31bd0cc	single-declaration	StringLiteral	d90c09d7f6dbb6d43e95cf9035b9c563c7f1e63ad27db6b41baf99b23aeadb6a	blocked	BV1	BF2 must runner-enumerate profiles and attach imported/equivalent/not-applicable/unsupported evidence.	-
VUE-716F5689269C02EB3854	compiler-core	packages/compiler-core/__tests__/parse.spec.ts:1310:5	f70c7aa5c74e9ec282cf460a14170d09b31bd0cc	single-declaration	StringLiteral	f2a84d47467e585a20180f4deff06bd38d70d3d42fe2ac7459979c75895bd6a8	blocked	BV1	BF2 must runner-enumerate profiles and attach imported/equivalent/not-applicable/unsupported evidence.	-
VUE-6A6028052B112E7DEF88	compiler-core	packages/compiler-core/__tests__/parse.spec.ts:1323:5	f70c7aa5c74e9ec282cf460a14170d09b31bd0cc	single-declaration	StringLiteral	a6dab01d1697d63d06fed775d5faffdccfc8aa6853be9a996ea4ae5710ea401d	blocked	BV1	BF2 must runner-enumerate profiles and attach imported/equivalent/not-applicable/unsupported evidence.	-
VUE-158DA5085B931AFAD30C	compiler-core	packages/compiler-core/__tests__/parse.spec.ts:1352:5	f70c7aa5c74e9ec282cf460a14170d09b31bd0cc	single-declaration	StringLiteral	f7206d98517cabe07e9b12225c1e8741a722742a97e3bd3567aa96877e51f748	blocked	BV1	BF2 must runner-enumerate profiles and attach imported/equivalent/not-applicable/unsupported evidence.	-
VUE-34E1ADCE2A002B11AAC6	compiler-core	packages/compiler-core/__tests__/parse.spec.ts:139:5	f70c7aa5c74e9ec282cf460a14170d09b31bd0cc	single-declaration	StringLiteral	7b1e1231e11b786b057b82a183dd4982f71fef12316547f848a335380eeab2e9	blocked	BV1	BF2 must runner-enumerate profiles and attach imported/equivalent/not-applicable/unsupported evidence.	-
VUE-ABDCFF3314A46C289EC9	compiler-core	packages/compiler-core/__tests__/parse.spec.ts:1391:5	f70c7aa5c74e9ec282cf460a14170d09b31bd0cc	single-declaration	StringLiteral	85562cfd65a7dc6b58958162832528dc746e9877fae6748f139b4ff4ec4b441b	blocked	BV1	BF2 must runner-enumerate profiles and attach imported/equivalent/not-applicable/unsupported evidence.	-
VUE-EA22377ED9CED6D8B36C	compiler-core	packages/compiler-core/__tests__/parse.spec.ts:1449:5	f70c7aa5c74e9ec282cf460a14170d09b31bd0cc	single-declaration	StringLiteral	574b771e0756ee3aa7fdfa3907ccbb88a0f6ec6551249107fd28d5da58d1b1cb	blocked	BV1	BF2 must runner-enumerate profiles and attach imported/equivalent/not-applicable/unsupported evidence.	-
VUE-2695434430FCDC97DE68	compiler-core	packages/compiler-core/__tests__/parse.spec.ts:1517:5	f70c7aa5c74e9ec282cf460a14170d09b31bd0cc	single-declaration	StringLiteral	2724de98e0cdc273d106c8fb56021c69d8ab00bbe552b859a39da87d178002f4	blocked	BV1	BF2 must runner-enumerate profiles and attach imported/equivalent/not-applicable/unsupported evidence.	-
VUE-A8120426A4C7F4C92B0A	compiler-core	packages/compiler-core/__tests__/parse.spec.ts:1566:5	f70c7aa5c74e9ec282cf460a14170d09b31bd0cc	single-declaration	StringLiteral	0979be1d4e629b02475d1ebe80d606a85f24cac1965a9d9a1aaa0d5c8760169d	blocked	BV1	BF2 must runner-enumerate profiles and attach imported/equivalent/not-applicable/unsupported evidence.	-
VUE-A45A73B828BB93A0EF7F	compiler-core	packages/compiler-core/__tests__/parse.spec.ts:1593:5	f70c7aa5c74e9ec282cf460a14170d09b31bd0cc	single-declaration	StringLiteral	2dbbdbdfd161787c96f0106e7dce3f74152435bbf7ef698aacdaa15ccc7d46ec	blocked	BV1	BF2 must runner-enumerate profiles and attach imported/equivalent/not-applicable/unsupported evidence.	-
VUE-89B14B07CDDA13A4E186	compiler-core	packages/compiler-core/__tests__/parse.spec.ts:160:5	f70c7aa5c74e9ec282cf460a14170d09b31bd0cc	single-declaration	StringLiteral	c24728c49ce91dc890c59df956ce1e0ddcf72ccf8f1b47118960052a90d31406	blocked	BV1	BF2 must runner-enumerate profiles and attach imported/equivalent/not-applicable/unsupported evidence.	-
VUE-B80FAB9FB0796221EF9B	compiler-core	packages/compiler-core/__tests__/parse.spec.ts:1632:5	f70c7aa5c74e9ec282cf460a14170d09b31bd0cc	single-declaration	StringLiteral	d777414acf83a43799d9410ee4364b7c9c53250d23234e74c45ba63f9ac0a0cb	blocked	BV1	BF2 must runner-enumerate profiles and attach imported/equivalent/not-applicable/unsupported evidence.	-
VUE-F7E5CB66CA5DD42C5A5B	compiler-core	packages/compiler-core/__tests__/parse.spec.ts:1691:5	f70c7aa5c74e9ec282cf460a14170d09b31bd0cc	single-declaration	StringLiteral	f8c61b5293e05942dc0b585090aa0de6584b24faabc1cccd35e3017e9db8b6a2	blocked	BV1	BF2 must runner-enumerate profiles and attach imported/equivalent/not-applicable/unsupported evidence.	-
VUE-E72DE250BDE82831EAA0	compiler-core	packages/compiler-core/__tests__/parse.spec.ts:1751:5	f70c7aa5c74e9ec282cf460a14170d09b31bd0cc	single-declaration	StringLiteral	3b84d9b9133a9717cdbd89491da74e80f6aaf2ae93b1bcb0327ff14c2f4f07d3	blocked	BV1	BF2 must runner-enumerate profiles and attach imported/equivalent/not-applicable/unsupported evidence.	-
VUE-4B5B8B4C262C50E10A97	compiler-core	packages/compiler-core/__tests__/parse.spec.ts:1791:5	f70c7aa5c74e9ec282cf460a14170d09b31bd0cc	single-declaration	StringLiteral	f08dd696faedbba5c5bf3441f06f13935e794ad23c6288031e05840b4367805f	blocked	BV1	BF2 must runner-enumerate profiles and attach imported/equivalent/not-applicable/unsupported evidence.	-
VUE-8EBF3C2C6F42F5FEE2F1	compiler-core	packages/compiler-core/__tests__/parse.spec.ts:183:5	f70c7aa5c74e9ec282cf460a14170d09b31bd0cc	single-declaration	StringLiteral	11d766508c84b130e0039ff039be2c5adbd52fa1c69fc3beb67c48c23c9bc367	blocked	BV1	BF2 must runner-enumerate profiles and attach imported/equivalent/not-applicable/unsupported evidence.	-
VUE-FBF81D4C00C4C63161D9	compiler-core	packages/compiler-core/__tests__/parse.spec.ts:1851:5	f70c7aa5c74e9ec282cf460a14170d09b31bd0cc	single-declaration	StringLiteral	af35220fbe6160780be7ee47215134bfced9299faccefbf1017c9d10c02df09d	blocked	BV1	BF2 must runner-enumerate profiles and attach imported/equivalent/not-applicable/unsupported evidence.	-
VUE-310B2555E35165779715	compiler-core	packages/compiler-core/__tests__/parse.spec.ts:1892:5	f70c7aa5c74e9ec282cf460a14170d09b31bd0cc	single-declaration	StringLiteral	9b607b8118f751ce9d2ad98dd0259658c99c2dad994ec2ad12c403e4b0b6f4eb	blocked	BV1	BF2 must runner-enumerate profiles and attach imported/equivalent/not-applicable/unsupported evidence.	-
VUE-E073731FF21AEEDE05E8	compiler-core	packages/compiler-core/__tests__/parse.spec.ts:1921:5	f70c7aa5c74e9ec282cf460a14170d09b31bd0cc	single-declaration	StringLiteral	c3b1115ddf466cfb0b5394244786f5b28f97cfaf043fe53d45e220b107c22128	blocked	BV1	BF2 must runner-enumerate profiles and attach imported/equivalent/not-applicable/unsupported evidence.	-
VUE-F3DEF4F1247C66905AA6	compiler-core	packages/compiler-core/__tests__/parse.spec.ts:1996:5	f70c7aa5c74e9ec282cf460a14170d09b31bd0cc	single-declaration	StringLiteral	92a2f84e1cdef8d5d5c86ddb9fef7e7e5065596fa41e6da157d70c8b3ebcab0a	blocked	BV1	BF2 must runner-enumerate profiles and attach imported/equivalent/not-applicable/unsupported evidence.	-
VUE-00C3759975C506B3883B	compiler-core	packages/compiler-core/__tests__/parse.spec.ts:2039:5	f70c7aa5c74e9ec282cf460a14170d09b31bd0cc	single-declaration	StringLiteral	263b5bc1c719e3a84d9119c7bd65511c63f0648020b902396f15dca05bbd7e3f	blocked	BV1	BF2 must runner-enumerate profiles and attach imported/equivalent/not-applicable/unsupported evidence.	-
VUE-4F80A5E10591DEB1CD2C	compiler-core	packages/compiler-core/__tests__/parse.spec.ts:208:5	f70c7aa5c74e9ec282cf460a14170d09b31bd0cc	single-declaration	StringLiteral	c67e2a44ca95a54f9ef5d166ecff9d9754dbb333862e8b0a2bad09d829375ab7	blocked	BV1	BF2 must runner-enumerate profiles and attach imported/equivalent/not-applicable/unsupported evidence.	-
VUE-9E1D2392C9A6CAA3AE26	compiler-core	packages/compiler-core/__tests__/parse.spec.ts:2086:5	f70c7aa5c74e9ec282cf460a14170d09b31bd0cc	single-declaration	StringLiteral	fb9061b86191e8c5dbee016f6853257f5e7c0c4138285920647c45554229a2ff	blocked	BV1	BF2 must runner-enumerate profiles and attach imported/equivalent/not-applicable/unsupported evidence.	-
VUE-AB729A6ED6866D03EE70	compiler-core	packages/compiler-core/__tests__/parse.spec.ts:21:5	f70c7aa5c74e9ec282cf460a14170d09b31bd0cc	single-declaration	StringLiteral	1d868628e1f4d79603ee32114a60ef168077e49fb37ad492032ff6cc42fb4ad3	blocked	BV1	BF2 must runner-enumerate profiles and attach imported/equivalent/not-applicable/unsupported evidence.	-
VUE-A138896A539955587CA5	compiler-core	packages/compiler-core/__tests__/parse.spec.ts:2104:5	f70c7aa5c74e9ec282cf460a14170d09b31bd0cc	single-declaration	StringLiteral	82918c9cd3b9f80050f581b5b89184a85a40a454be3c63cb8b84c21ce54e3f4f	blocked	BV1	BF2 must runner-enumerate profiles and attach imported/equivalent/not-applicable/unsupported evidence.	-
VUE-A28E2EE2E3699643A562	compiler-core	packages/compiler-core/__tests__/parse.spec.ts:2111:5	f70c7aa5c74e9ec282cf460a14170d09b31bd0cc	single-declaration	StringLiteral	b706774779188cba6f84be0ae91f1f676a0147f8ee720fb07a10ca42393fd9e0	blocked	BV1	BF2 must runner-enumerate profiles and attach imported/equivalent/not-applicable/unsupported evidence.	-
VUE-611453737B986F339F19	compiler-core	packages/compiler-core/__tests__/parse.spec.ts:2124:5	f70c7aa5c74e9ec282cf460a14170d09b31bd0cc	single-declaration	StringLiteral	aa36459f164a3ac6f107d8bf61edb9e8d082b14ee33b9bcc004e0e2333008f72	blocked	BV1	BF2 must runner-enumerate profiles and attach imported/equivalent/not-applicable/unsupported evidence.	-
VUE-34F52422718E7D8B365F	compiler-core	packages/compiler-core/__tests__/parse.spec.ts:2148:5	f70c7aa5c74e9ec282cf460a14170d09b31bd0cc	single-declaration	StringLiteral	b5d4a0f94e37b47937d0a94b13e7fdf2d468b0ca0394f7f7756289f98738c709	blocked	BV1	BF2 must runner-enumerate profiles and attach imported/equivalent/not-applicable/unsupported evidence.	-
VUE-477886344F9A435F4277	compiler-core	packages/compiler-core/__tests__/parse.spec.ts:2188:5	f70c7aa5c74e9ec282cf460a14170d09b31bd0cc	single-declaration	StringLiteral	74c0ee13011c1147bcf324fb334368e1c9ce055ce74504bc791d0d35c6cf60b6	blocked	BV1	BF2 must runner-enumerate profiles and attach imported/equivalent/not-applicable/unsupported evidence.	-
VUE-CA4F567610399F5CBE0A	compiler-core	packages/compiler-core/__tests__/parse.spec.ts:2232:5	f70c7aa5c74e9ec282cf460a14170d09b31bd0cc	single-declaration	StringLiteral	b11d593b1f7889b9793105329b3ab626375519ac82b820f9c35b9974cf4bbdf5	blocked	BV1	BF2 must runner-enumerate profiles and attach imported/equivalent/not-applicable/unsupported evidence.	-
VUE-444CBA6667E05C7734AB	compiler-core	packages/compiler-core/__tests__/parse.spec.ts:2248:5	f70c7aa5c74e9ec282cf460a14170d09b31bd0cc	single-declaration	StringLiteral	3ccae8a479dbf4d0fe2b152355def97246f424160a29b7931119a67434c3d314	blocked	BV1	BF2 must runner-enumerate profiles and attach imported/equivalent/not-applicable/unsupported evidence.	-
VUE-5AB0E8B760A02FC8874E	compiler-core	packages/compiler-core/__tests__/parse.spec.ts:2260:5	f70c7aa5c74e9ec282cf460a14170d09b31bd0cc	single-declaration	StringLiteral	2f46be5a61d8e3fa5eda37e01828c6ba53bc1a536424737f1e28654eda4d9b98	blocked	BV1	BF2 must runner-enumerate profiles and attach imported/equivalent/not-applicable/unsupported evidence.	-
VUE-B7B0EBE10BEA680EE083	compiler-core	packages/compiler-core/__tests__/parse.spec.ts:2265:5	f70c7aa5c74e9ec282cf460a14170d09b31bd0cc	single-declaration	StringLiteral	52085b8d48ccd56cfe2af967178baf7aeb35827027e3ae1ebe7778edc328b76a	blocked	BV1	BF2 must runner-enumerate profiles and attach imported/equivalent/not-applicable/unsupported evidence.	-
VUE-ECB3FD1E5057586C327C	compiler-core	packages/compiler-core/__tests__/parse.spec.ts:2275:5	f70c7aa5c74e9ec282cf460a14170d09b31bd0cc	single-declaration	StringLiteral	7de3a9f7467f6d784552fb480e58831ca8b31452346af226950d37660fe7e524	blocked	BV1	BF2 must runner-enumerate profiles and attach imported/equivalent/not-applicable/unsupported evidence.	-
VUE-0DAA4F9001C74D49B89A	compiler-core	packages/compiler-core/__tests__/parse.spec.ts:2282:5	f70c7aa5c74e9ec282cf460a14170d09b31bd0cc	single-declaration	StringLiteral	d57ea8b6ed4b370c6da3bfda623d30aa1d23daa778735de61f5248bf1a93972f	blocked	BV1	BF2 must runner-enumerate profiles and attach imported/equivalent/not-applicable/unsupported evidence.	-
VUE-21FEEC679F67E19262AC	compiler-core	packages/compiler-core/__tests__/parse.spec.ts:2290:5	f70c7aa5c74e9ec282cf460a14170d09b31bd0cc	single-declaration	StringLiteral	b59f4202b0908a56690f1c2ee04a1942d03a3b995faca667aaa629ac1364b37f	blocked	BV1	BF2 must runner-enumerate profiles and attach imported/equivalent/not-applicable/unsupported evidence.	-
VUE-AA5D76662613712ADB8D	compiler-core	packages/compiler-core/__tests__/parse.spec.ts:2308:5	f70c7aa5c74e9ec282cf460a14170d09b31bd0cc	single-declaration	StringLiteral	72d26fac487dbdda9ca81ff8d35681fae294aadbc506ddbb75b13c2afaf78936	blocked	BV1	BF2 must runner-enumerate profiles and attach imported/equivalent/not-applicable/unsupported evidence.	-
VUE-5D576D64CDB091D0EB27	compiler-core	packages/compiler-core/__tests__/parse.spec.ts:2313:5	f70c7aa5c74e9ec282cf460a14170d09b31bd0cc	single-declaration	StringLiteral	b698d785cf03443be8367d803df62bb99cd2206b756a6f2b03a2e1302cc17c50	blocked	BV1	BF2 must runner-enumerate profiles and attach imported/equivalent/not-applicable/unsupported evidence.	-
VUE-FE0E86621BD7E73AE6DB	compiler-core	packages/compiler-core/__tests__/parse.spec.ts:2319:5	f70c7aa5c74e9ec282cf460a14170d09b31bd0cc	single-declaration	StringLiteral	d3834a6c4f62c1ec2ce503ad2d1f625c33670109f854b2e46737996823d3a798	blocked	BV1	BF2 must runner-enumerate profiles and attach imported/equivalent/not-applicable/unsupported evidence.	-
VUE-400E8A8349A600DF5026	compiler-core	packages/compiler-core/__tests__/parse.spec.ts:2327:5	f70c7aa5c74e9ec282cf460a14170d09b31bd0cc	single-declaration	StringLiteral	e5c5e4f6cdea862e525bd0f685c39b75af4b1557114dd13921e5348d232de9c8	blocked	BV1	BF2 must runner-enumerate profiles and attach imported/equivalent/not-applicable/unsupported evidence.	-
VUE-6B0AB6B873D5E642152C	compiler-core	packages/compiler-core/__tests__/parse.spec.ts:233:5	f70c7aa5c74e9ec282cf460a14170d09b31bd0cc	single-declaration	StringLiteral	6b38c603573d555c970e7adee639ab6de891a235e3d67ce82d0ce55009cd61d1	blocked	BV1	BF2 must runner-enumerate profiles and attach imported/equivalent/not-applicable/unsupported evidence.	-
VUE-9EE19B599615957F867F	compiler-core	packages/compiler-core/__tests__/parse.spec.ts:2335:5	f70c7aa5c74e9ec282cf460a14170d09b31bd0cc	single-declaration	StringLiteral	918668d9d22f501a2ce3ee75901a6df6f469bcd4a69b919bac0dcaa2317f5edf	blocked	BV1	BF2 must runner-enumerate profiles and attach imported/equivalent/not-applicable/unsupported evidence.	-
VUE-A0AE897EBF6E730A1E0D	compiler-core	packages/compiler-core/__tests__/parse.spec.ts:2346:5	f70c7aa5c74e9ec282cf460a14170d09b31bd0cc	single-declaration	StringLiteral	21de60cdf49786bb6d53a755fcf329d9ce01314a9ea8c023cd7ed35c0c5c436a	blocked	BV1	BF2 must runner-enumerate profiles and attach imported/equivalent/not-applicable/unsupported evidence.	-
VUE-ED5000D680F99F396CEC	compiler-core	packages/compiler-core/__tests__/parse.spec.ts:2357:5	f70c7aa5c74e9ec282cf460a14170d09b31bd0cc	single-declaration	StringLiteral	4e7b538e395c81b09f75219168ddf989b091155700a615050521d82cd97b0f65	blocked	BV1	BF2 must runner-enumerate profiles and attach imported/equivalent/not-applicable/unsupported evidence.	-
VUE-2A9D7057E9157D16C4C1	compiler-core	packages/compiler-core/__tests__/parse.spec.ts:2369:5	f70c7aa5c74e9ec282cf460a14170d09b31bd0cc	single-declaration	StringLiteral	fcd93ed520a3dcc441949e315bde71de6b688ca3a78415604dbdaf664bc79160	blocked	BV1	BF2 must runner-enumerate profiles and attach imported/equivalent/not-applicable/unsupported evidence.	-
VUE-A65F613D01677F3EB4F1	compiler-core	packages/compiler-core/__tests__/parse.spec.ts:2374:5	f70c7aa5c74e9ec282cf460a14170d09b31bd0cc	single-declaration	StringLiteral	7824f2a46d87f0ac97bf86d106184a78ab81d99088fe8367f5742696fdefe59e	blocked	BV1	BF2 must runner-enumerate profiles and attach imported/equivalent/not-applicable/unsupported evidence.	-
VUE-F73356EFE68AC5E4EFF0	compiler-core	packages/compiler-core/__tests__/parse.spec.ts:2385:5	f70c7aa5c74e9ec282cf460a14170d09b31bd0cc	single-declaration	StringLiteral	68f59d3892e4e251db032a5c7d2fad2e629d2785e792288f5f43b5969dfc8ac7	blocked	BV1	BF2 must runner-enumerate profiles and attach imported/equivalent/not-applicable/unsupported evidence.	-
VUE-B945E7DE33B5B306AAC6	compiler-core	packages/compiler-core/__tests__/parse.spec.ts:2396:5	f70c7aa5c74e9ec282cf460a14170d09b31bd0cc	single-declaration	StringLiteral	9cda83976c4610593945745014e31038e12a962e8ee2866e097c3851ec3836e8	blocked	BV1	BF2 must runner-enumerate profiles and attach imported/equivalent/not-applicable/unsupported evidence.	-
VUE-35BB9391C1D4AC5C82B0	compiler-core	packages/compiler-core/__tests__/parse.spec.ts:2405:5	f70c7aa5c74e9ec282cf460a14170d09b31bd0cc	single-declaration	StringLiteral	29f38fa89a41e76967f28a96d1046f865fbe88bc380e45ad7793201a635ee5ab	blocked	BV1	BF2 must runner-enumerate profiles and attach imported/equivalent/not-applicable/unsupported evidence.	-
VUE-F169541E2914FBC82FA7	compiler-core	packages/compiler-core/__tests__/parse.spec.ts:2422:5	f70c7aa5c74e9ec282cf460a14170d09b31bd0cc	single-declaration	StringLiteral	641d09ffd8ac162f9797712de7156bebd06295547422e2b2d7e7bec2dae0035f	blocked	BV1	BF2 must runner-enumerate profiles and attach imported/equivalent/not-applicable/unsupported evidence.	-
VUE-39F7B13D198E5882289C	compiler-core	packages/compiler-core/__tests__/parse.spec.ts:2427:5	f70c7aa5c74e9ec282cf460a14170d09b31bd0cc	single-declaration	StringLiteral	67091f7cfd3aec7f8e52f714527ed4de38fe005a33f59a2a79c0c89369696b63	blocked	BV1	BF2 must runner-enumerate profiles and attach imported/equivalent/not-applicable/unsupported evidence.	-
VUE-865ECC1C737E0C969739	compiler-core	packages/compiler-core/__tests__/parse.spec.ts:2439:5	f70c7aa5c74e9ec282cf460a14170d09b31bd0cc	single-declaration	StringLiteral	82b30b39783f5abbfcaa442cb9d7cedc81484dc20225399e47743d52672e9146	blocked	BV1	BF2 must runner-enumerate profiles and attach imported/equivalent/not-applicable/unsupported evidence.	-
VUE-0996D4A86436539E37D3	compiler-core	packages/compiler-core/__tests__/parse.spec.ts:2451:5	f70c7aa5c74e9ec282cf460a14170d09b31bd0cc	single-declaration	StringLiteral	0ecca3f6b8e7959eb8ebb2cc5be5e0947225c13d0b7289855be36be8ed47a82e	blocked	BV1	BF2 must runner-enumerate profiles and attach imported/equivalent/not-applicable/unsupported evidence.	-
VUE-85A745A15630ED14D89C	compiler-core	packages/compiler-core/__tests__/parse.spec.ts:2463:5	f70c7aa5c74e9ec282cf460a14170d09b31bd0cc	single-declaration	StringLiteral	2c4378ae594b881d28fe329d577d26ac3e0d7a9b36e866baae148186842f6ee8	blocked	BV1	BF2 must runner-enumerate profiles and attach imported/equivalent/not-applicable/unsupported evidence.	-
VUE-35E810C5B2B5A70108BD	compiler-core	packages/compiler-core/__tests__/parse.spec.ts:2474:5	f70c7aa5c74e9ec282cf460a14170d09b31bd0cc	single-declaration	StringLiteral	450d6be9896dd8f00bfe88b7ddd3da4021cb3b1d0638ff22b4a744e76302088b	blocked	BV1	BF2 must runner-enumerate profiles and attach imported/equivalent/not-applicable/unsupported evidence.	-
VUE-E66DC910FC1D46686D4B	compiler-core	packages/compiler-core/__tests__/parse.spec.ts:2486:5	f70c7aa5c74e9ec282cf460a14170d09b31bd0cc	single-declaration	StringLiteral	c0b50e009aed254c15d7f126de2359cb83dcfcb56b4a74aa163e046b3b00d7e0	blocked	BV1	BF2 must runner-enumerate profiles and attach imported/equivalent/not-applicable/unsupported evidence.	-
VUE-3E456A10046BBB6F4CAB	compiler-core	packages/compiler-core/__tests__/parse.spec.ts:2494:5	f70c7aa5c74e9ec282cf460a14170d09b31bd0cc	single-declaration	StringLiteral	ed707c99b8a6418c6e2c9c4a5ba8d62957ea84c1910377c49400f732edeb8db2	blocked	BV1	BF2 must runner-enumerate profiles and attach imported/equivalent/not-applicable/unsupported evidence.	-
VUE-3D6C64AE27940F326F72	compiler-core	packages/compiler-core/__tests__/parse.spec.ts:2502:5	f70c7aa5c74e9ec282cf460a14170d09b31bd0cc	single-declaration	StringLiteral	fc39587469036679ca37f7622fbc98982dd393812c8ff22957eaeb34bc949bfb	blocked	BV1	BF2 must runner-enumerate profiles and attach imported/equivalent/not-applicable/unsupported evidence.	-
VUE-86B9446C9AFE045405EA	compiler-core	packages/compiler-core/__tests__/parse.spec.ts:2513:5	f70c7aa5c74e9ec282cf460a14170d09b31bd0cc	single-declaration	StringLiteral	6fc8d33c82b238c24579df5e0d11618309735e2e88509b10268ee67161c3a324	blocked	BV1	BF2 must runner-enumerate profiles and attach imported/equivalent/not-applicable/unsupported evidence.	-
VUE-5E616C94EA73C494B3AC	compiler-core	packages/compiler-core/__tests__/parse.spec.ts:2526:5	f70c7aa5c74e9ec282cf460a14170d09b31bd0cc	single-declaration	StringLiteral	cf4d799cbb58b5987e831adca2828d101019f76c2f6b510bcd9991d8aa0b9191	blocked	BV1	BF2 must runner-enumerate profiles and attach imported/equivalent/not-applicable/unsupported evidence.	-
VUE-FA96C443D7688C26487D	compiler-core	packages/compiler-core/__tests__/parse.spec.ts:2535:5	f70c7aa5c74e9ec282cf460a14170d09b31bd0cc	single-declaration	StringLiteral	088f7345378d462963926dd1668a2dc7f4ea40f8f66abe1088a2a26cf29c4da1	blocked	BV1	BF2 must runner-enumerate profiles and attach imported/equivalent/not-applicable/unsupported evidence.	-
VUE-73A1281B39EE5CE2B279	compiler-core	packages/compiler-core/__tests__/parse.spec.ts:279:5	f70c7aa5c74e9ec282cf460a14170d09b31bd0cc	single-declaration	StringLiteral	4c42626a36ff384a9a39298e8d1ac3a5f26780053cea304fd13749e2b058b97c	blocked	BV1	BF2 must runner-enumerate profiles and attach imported/equivalent/not-applicable/unsupported evidence.	-
VUE-87EFE9CC06644DF60612	compiler-core	packages/compiler-core/__tests__/parse.spec.ts:306:5	f70c7aa5c74e9ec282cf460a14170d09b31bd0cc	single-declaration	StringLiteral	a44ca9a3cc1616fc1e7ce40e311e0da1d4f325e10f448f9a407f8ddbcd5a8e57	blocked	BV1	BF2 must runner-enumerate profiles and attach imported/equivalent/not-applicable/unsupported evidence.	-
VUE-7C1DC0A74E4717D5A7C8	compiler-core	packages/compiler-core/__tests__/parse.spec.ts:336:5	f70c7aa5c74e9ec282cf460a14170d09b31bd0cc	single-declaration	StringLiteral	e3b1a8bcd26f04bf1f03b5980e08c9dffc843b774047220ba10cf68a2d2eda84	blocked	BV1	BF2 must runner-enumerate profiles and attach imported/equivalent/not-applicable/unsupported evidence.	-
VUE-5AF3E3C6BDE6F6E31401	compiler-core	packages/compiler-core/__tests__/parse.spec.ts:3443:11	f70c7aa5c74e9ec282cf460a14170d09b31bd0cc	single-declaration	CallExpression	d8b4015253577447a7ada54a3853ff34a8599e3295eda3ac8cd4c0b75bec249e	blocked	BV1	BF2 must runner-enumerate profiles and attach imported/equivalent/not-applicable/unsupported evidence.	-
VUE-4457EA1218D697DFDBF4	compiler-core	packages/compiler-core/__tests__/parse.spec.ts:351:5	f70c7aa5c74e9ec282cf460a14170d09b31bd0cc	single-declaration	StringLiteral	9a51ebacd28fcb80170226ca7dd77d5301bf09f703c496dca00741004ac49a9d	blocked	BV1	BF2 must runner-enumerate profiles and attach imported/equivalent/not-applicable/unsupported evidence.	-
VUE-D08435901A9C625773D3	compiler-core	packages/compiler-core/__tests__/parse.spec.ts:36:5	f70c7aa5c74e9ec282cf460a14170d09b31bd0cc	single-declaration	StringLiteral	05c3e695c2d358aa01e5807817d64f941fd7e6903d2f2833a3b325a3b3ce0fcf	blocked	BV1	BF2 must runner-enumerate profiles and attach imported/equivalent/not-applicable/unsupported evidence.	-
VUE-DFF5FCDEF7AB4D39B08E	compiler-core	packages/compiler-core/__tests__/parse.spec.ts:366:5	f70c7aa5c74e9ec282cf460a14170d09b31bd0cc	single-declaration	StringLiteral	462839243b8c33d522ed75897cb1fe04da97d41dff4046e29512c14064eab8b0	blocked	BV1	BF2 must runner-enumerate profiles and attach imported/equivalent/not-applicable/unsupported evidence.	-
VUE-4B6D0491B49B79DCBEAA	compiler-core	packages/compiler-core/__tests__/parse.spec.ts:391:5	f70c7aa5c74e9ec282cf460a14170d09b31bd0cc	single-declaration	StringLiteral	a585235da28248d7da4800815af9fb1a732755fd0c75dc7c7daba0eee3a22f91	blocked	BV1	BF2 must runner-enumerate profiles and attach imported/equivalent/not-applicable/unsupported evidence.	-
VUE-032E1E9A0B5CAA661FE2	compiler-core	packages/compiler-core/__tests__/parse.spec.ts:400:5	f70c7aa5c74e9ec282cf460a14170d09b31bd0cc	single-declaration	StringLiteral	e80f0c3d08a69c8a7685bfb2c0cb71cf9b997ec86241a7b8b451c2602cc8d99f	blocked	BV1	BF2 must runner-enumerate profiles and attach imported/equivalent/not-applicable/unsupported evidence.	-
VUE-8170618A3393F37AE531	compiler-core	packages/compiler-core/__tests__/parse.spec.ts:441:5	f70c7aa5c74e9ec282cf460a14170d09b31bd0cc	single-declaration	StringLiteral	e6abf073f0a13fec0dd15c2242ea124e742caa5e5ccae29954db58d57eeab2de	blocked	BV1	BF2 must runner-enumerate profiles and attach imported/equivalent/not-applicable/unsupported evidence.	-
VUE-1196CC9E28ED5595C5C5	compiler-core	packages/compiler-core/__tests__/parse.spec.ts:471:5	f70c7aa5c74e9ec282cf460a14170d09b31bd0cc	single-declaration	StringLiteral	dbcdb899057aa96406d4b145325156cc48dbda5eb373bb76a84eec57ef3de8eb	blocked	BV1	BF2 must runner-enumerate profiles and attach imported/equivalent/not-applicable/unsupported evidence.	-
VUE-BC544CDB5D045AE6658B	compiler-core	packages/compiler-core/__tests__/parse.spec.ts:491:5	f70c7aa5c74e9ec282cf460a14170d09b31bd0cc	single-declaration	StringLiteral	59c6395c97de8fd02417ae92fd77cd1ce11e04ae19b700fd02d3a6c61e07c458	blocked	BV1	BF2 must runner-enumerate profiles and attach imported/equivalent/not-applicable/unsupported evidence.	-
VUE-CB76429A6A8BB10E11AA	compiler-core	packages/compiler-core/__tests__/parse.spec.ts:512:5	f70c7aa5c74e9ec282cf460a14170d09b31bd0cc	single-declaration	StringLiteral	a754a2bf17a9f6e489300fbdb46d4ed5db5217b1311528c708bcf30f47d8e369	blocked	BV1	BF2 must runner-enumerate profiles and attach imported/equivalent/not-applicable/unsupported evidence.	-
VUE-D8C01380679CD5F103CE	compiler-core	packages/compiler-core/__tests__/parse.spec.ts:534:5	f70c7aa5c74e9ec282cf460a14170d09b31bd0cc	single-declaration	StringLiteral	91933a857e279ebe783ee3e51f9f2b3c9b6943fb775e927d243c01f34633476e	blocked	BV1	BF2 must runner-enumerate profiles and attach imported/equivalent/not-applicable/unsupported evidence.	-
VUE-0263C01B7A5711FD04A0	compiler-core	packages/compiler-core/__tests__/parse.spec.ts:557:5	f70c7aa5c74e9ec282cf460a14170d09b31bd0cc	single-declaration	StringLiteral	2d2f1a957ca92bca65b56ba93cf7b9c4cd19411090e756527181c143d444e622	blocked	BV1	BF2 must runner-enumerate profiles and attach imported/equivalent/not-applicable/unsupported evidence.	-
VUE-CC2CF35B6A7188324877	compiler-core	packages/compiler-core/__tests__/parse.spec.ts:566:5	f70c7aa5c74e9ec282cf460a14170d09b31bd0cc	single-declaration	StringLiteral	97e5c8e31b911f19d8b8ef53a1a788117cb28cc2cc2dcade8af5d663ef3398fe	blocked	BV1	BF2 must runner-enumerate profiles and attach imported/equivalent/not-applicable/unsupported evidence.	-
VUE-03BEA080F9DDDB382922	compiler-core	packages/compiler-core/__tests__/parse.spec.ts:575:5	f70c7aa5c74e9ec282cf460a14170d09b31bd0cc	single-declaration	StringLiteral	d7cb0beed86547ce817b87cdaf4cafff4aff987abef2916ec7d52ac74345c956	blocked	BV1	BF2 must runner-enumerate profiles and attach imported/equivalent/not-applicable/unsupported evidence.	-
VUE-D6C34455E2A8941BBB03	compiler-core	packages/compiler-core/__tests__/parse.spec.ts:599:5	f70c7aa5c74e9ec282cf460a14170d09b31bd0cc	single-declaration	StringLiteral	c042ae4c899f7d46e17de01f0e21a41d56c22d3ce8dcd8ec995d48c3dcadea15	blocked	BV1	BF2 must runner-enumerate profiles and attach imported/equivalent/not-applicable/unsupported evidence.	-
VUE-094D4FD2A87EA7C54970	compiler-core	packages/compiler-core/__tests__/parse.spec.ts:621:5	f70c7aa5c74e9ec282cf460a14170d09b31bd0cc	single-declaration	StringLiteral	2b2a7e93be52d7beab7670f2162af5cb1ff6672e38bfec427592ad9779c30663	blocked	BV1	BF2 must runner-enumerate profiles and attach imported/equivalent/not-applicable/unsupported evidence.	-
VUE-50233AD8B56515A6FB71	compiler-core	packages/compiler-core/__tests__/parse.spec.ts:64:5	f70c7aa5c74e9ec282cf460a14170d09b31bd0cc	single-declaration	StringLiteral	bed02571ba7a30b249114a9eed87f717b5a99a678ec547ff7f6070e1b1c1a355	blocked	BV1	BF2 must runner-enumerate profiles and attach imported/equivalent/not-applicable/unsupported evidence.	-
VUE-FDCBB6D3C2B26FF42FE0	compiler-core	packages/compiler-core/__tests__/parse.spec.ts:648:5	f70c7aa5c74e9ec282cf460a14170d09b31bd0cc	single-declaration	StringLiteral	9ed038fb4a0dd062d1c10012c26cd5d75e0058303d7e6a74c5210cf468036415	blocked	BV1	BF2 must runner-enumerate profiles and attach imported/equivalent/not-applicable/unsupported evidence.	-
VUE-A92D059E548E7385E6B9	compiler-core	packages/compiler-core/__tests__/parse.spec.ts:670:5	f70c7aa5c74e9ec282cf460a14170d09b31bd0cc	single-declaration	StringLiteral	f287215888ed59204d6ccccb302081191a8eb20c633a43c5f07b6329ec4d29a6	blocked	BV1	BF2 must runner-enumerate profiles and attach imported/equivalent/not-applicable/unsupported evidence.	-
VUE-0465F9DF27EB881D04CD	compiler-core	packages/compiler-core/__tests__/parse.spec.ts:689:5	f70c7aa5c74e9ec282cf460a14170d09b31bd0cc	single-declaration	StringLiteral	3643868fb5786956fe7ccaacf0057b6d56c197ae0f773c49935fd2e3bd0d73b0	blocked	BV1	BF2 must runner-enumerate profiles and attach imported/equivalent/not-applicable/unsupported evidence.	-
VUE-3BFBCC046754AA53865F	compiler-core	packages/compiler-core/__tests__/parse.spec.ts:707:5	f70c7aa5c74e9ec282cf460a14170d09b31bd0cc	single-declaration	StringLiteral	0698b1811c82cb94c494d168d26933eeb0762fb98f6c4ac60714aa71ef3885cd	blocked	BV1	BF2 must runner-enumerate profiles and attach imported/equivalent/not-applicable/unsupported evidence.	-
VUE-E3074D66BD44D92BB1D2	compiler-core	packages/compiler-core/__tests__/parse.spec.ts:723:5	f70c7aa5c74e9ec282cf460a14170d09b31bd0cc	single-declaration	StringLiteral	9295ded79add2f2f3fc9fe6505a1e5cf250181bcd5602bc2f740194f0ccc5186	blocked	BV1	BF2 must runner-enumerate profiles and attach imported/equivalent/not-applicable/unsupported evidence.	-
VUE-1A80B685A26E4390BF64	compiler-core	packages/compiler-core/__tests__/parse.spec.ts:760:5	f70c7aa5c74e9ec282cf460a14170d09b31bd0cc	single-declaration	StringLiteral	72f46bb37778907cb74a9263777cd0334951d88d3ec7b9cb19224a7ce75bcd00	blocked	BV1	BF2 must runner-enumerate profiles and attach imported/equivalent/not-applicable/unsupported evidence.	-
VUE-6467ABF4DA026B170872	compiler-core	packages/compiler-core/__tests__/parse.spec.ts:805:5	f70c7aa5c74e9ec282cf460a14170d09b31bd0cc	single-declaration	StringLiteral	b9258affabd6aa2bff98d7f7171ce351c8680f84ca864e2e8aa16d1bc465ff63	blocked	BV1	BF2 must runner-enumerate profiles and attach imported/equivalent/not-applicable/unsupported evidence.	-
VUE-76FCB138E9C95934DD85	compiler-core	packages/compiler-core/__tests__/parse.spec.ts:850:5	f70c7aa5c74e9ec282cf460a14170d09b31bd0cc	single-declaration	StringLiteral	2ee1d09a52217254277be3d4612c3a89554478842b154d9d7cce9760ee32538e	blocked	BV1	BF2 must runner-enumerate profiles and attach imported/equivalent/not-applicable/unsupported evidence.	-
VUE-92C7AC9D12E801C1E2F7	compiler-core	packages/compiler-core/__tests__/parse.spec.ts:89:5	f70c7aa5c74e9ec282cf460a14170d09b31bd0cc	single-declaration	StringLiteral	97f42d6b06a3b59db403f8caaec93ae38d5e6625e5b29917055561fe4cfe816b	blocked	BV1	BF2 must runner-enumerate profiles and attach imported/equivalent/not-applicable/unsupported evidence.	-
VUE-404A512E0B57068C432D	compiler-core	packages/compiler-core/__tests__/parse.spec.ts:895:5	f70c7aa5c74e9ec282cf460a14170d09b31bd0cc	single-declaration	StringLiteral	5b17ac4cccf7a26acaf8b8cc08d658d338f169d18c4ae462df7babd7966f73f2	blocked	BV1	BF2 must runner-enumerate profiles and attach imported/equivalent/not-applicable/unsupported evidence.	-
VUE-EED1D0A1D78B98D650F0	compiler-core	packages/compiler-core/__tests__/parse.spec.ts:940:5	f70c7aa5c74e9ec282cf460a14170d09b31bd0cc	single-declaration	StringLiteral	2b217accfc30c45d5b6d6cc833ee13914cec933f4a5d20b358fd07eb2de4c084	blocked	BV1	BF2 must runner-enumerate profiles and attach imported/equivalent/not-applicable/unsupported evidence.	-
VUE-F1F5705D30674944C2B7	compiler-core	packages/compiler-core/__tests__/parse.spec.ts:985:5	f70c7aa5c74e9ec282cf460a14170d09b31bd0cc	single-declaration	StringLiteral	7e567524cea4cc2fe6574d11d300b47928ba0809ab073fd86ba3224bd8f4482c	blocked	BV1	BF2 must runner-enumerate profiles and attach imported/equivalent/not-applicable/unsupported evidence.	-
VUE-281CDE512834526A2D7E	compiler-core	packages/compiler-core/__tests__/scopeId.spec.ts:15:3	7d1d27e115f3b5729036176d910e5eec351d3b6e	single-declaration	StringLiteral	c730b9cfe2124ca4663748fcc9914a093a995804bfb7b288839b719c6e56d5de	blocked	BV1	BF2 must runner-enumerate profiles and attach imported/equivalent/not-applicable/unsupported evidence.	-
VUE-67B261CF929F29126C01	compiler-core	packages/compiler-core/__tests__/scopeId.spec.ts:24:3	7d1d27e115f3b5729036176d910e5eec351d3b6e	single-declaration	StringLiteral	dd1ba5d1b24ec8dae3a4de82bbd83206b63f9c9842f39f848fc389c0886aec44	blocked	BV1	BF2 must runner-enumerate profiles and attach imported/equivalent/not-applicable/unsupported evidence.	-
VUE-CB1FE339B2D7AF9B60EE	compiler-core	packages/compiler-core/__tests__/scopeId.spec.ts:41:3	7d1d27e115f3b5729036176d910e5eec351d3b6e	single-declaration	StringLiteral	fa81ccd802f5f2d4e80e5a0aabf34c17076986b06ac75cd2f6f0e1c33e9843a3	blocked	BV1	BF2 must runner-enumerate profiles and attach imported/equivalent/not-applicable/unsupported evidence.	-
VUE-494CD3B5DC02D8609B10	compiler-core	packages/compiler-core/__tests__/scopeId.spec.ts:9:3	7d1d27e115f3b5729036176d910e5eec351d3b6e	single-declaration	StringLiteral	709b1c9380f8bc615a3041eea1d656b1e1a50f91f83631483b863c50345ac3ba	blocked	BV1	BF2 must runner-enumerate profiles and attach imported/equivalent/not-applicable/unsupported evidence.	-
VUE-64394F251180A4566A18	compiler-core	packages/compiler-core/__tests__/transform.spec.ts:105:3	0946d36483890a120d4e16fb2bec2986f913820a	single-declaration	StringLiteral	dd3990e5ddc97a5752b77d51812baef8aff4f519560c13cd8bd38f0ca1ac453c	blocked	BV1	BF2 must runner-enumerate profiles and attach imported/equivalent/not-applicable/unsupported evidence.	-
VUE-520A6EDD0D48A8DFBBC2	compiler-core	packages/compiler-core/__tests__/transform.spec.ts:131:3	0946d36483890a120d4e16fb2bec2986f913820a	single-declaration	StringLiteral	a1367de87d54a5eed688fbb186a411f8356d45fee084e3ca5e816d617dd2f0f5	blocked	BV1	BF2 must runner-enumerate profiles and attach imported/equivalent/not-applicable/unsupported evidence.	-
VUE-92350FFA7698DFB390A3	compiler-core	packages/compiler-core/__tests__/transform.spec.ts:158:3	0946d36483890a120d4e16fb2bec2986f913820a	single-declaration	StringLiteral	b929f94085d7f0594d1494649b1af2c01cbd530ee97c8f8f40e2977ff2f784f7	blocked	BV1	BF2 must runner-enumerate profiles and attach imported/equivalent/not-applicable/unsupported evidence.	-
VUE-A99B0AE7387542867301	compiler-core	packages/compiler-core/__tests__/transform.spec.ts:185:3	0946d36483890a120d4e16fb2bec2986f913820a	single-declaration	StringLiteral	9adf941b7a37aae790f230ab1b5b4b4895e5fd990734e90e785a8c9291de4485	blocked	BV1	BF2 must runner-enumerate profiles and attach imported/equivalent/not-applicable/unsupported evidence.	-
VUE-627E2B12EE13EFAEA99F	compiler-core	packages/compiler-core/__tests__/transform.spec.ts:203:3	0946d36483890a120d4e16fb2bec2986f913820a	single-declaration	StringLiteral	83b12f980a1b2cdb8cd23964c3773bcb9f98235922ca76f3464c3ee99e785c32	blocked	BV1	BF2 must runner-enumerate profiles and attach imported/equivalent/not-applicable/unsupported evidence.	-
VUE-9551A8DBD74E2F783E54	compiler-core	packages/compiler-core/__tests__/transform.spec.ts:223:3	0946d36483890a120d4e16fb2bec2986f913820a	single-declaration	StringLiteral	dd5069fb80aa90d9235abad9fcbc4d1214dc5cb3420fe0269c6727fb38a82c65	blocked	BV1	BF2 must runner-enumerate profiles and attach imported/equivalent/not-applicable/unsupported evidence.	-
VUE-F72FD34126D7FA1DA612	compiler-core	packages/compiler-core/__tests__/transform.spec.ts:244:3	0946d36483890a120d4e16fb2bec2986f913820a	single-declaration	StringLiteral	a65066c814400f4b41d42a78ef192d57111b612519dd16cd5989f3d63fc2ad7a	blocked	BV1	BF2 must runner-enumerate profiles and attach imported/equivalent/not-applicable/unsupported evidence.	-
VUE-E0948C327431AD29D3EB	compiler-core	packages/compiler-core/__tests__/transform.spec.ts:25:3	0946d36483890a120d4e16fb2bec2986f913820a	single-declaration	StringLiteral	adb3a487139a8bb4a1ce504812ce8f77f5a2c5875c0e99fe6fc9d69344f07b0d	blocked	BV1	BF2 must runner-enumerate profiles and attach imported/equivalent/not-applicable/unsupported evidence.	-
VUE-B83BB3C1C0BD82B1D088	compiler-core	packages/compiler-core/__tests__/transform.spec.ts:250:3	0946d36483890a120d4e16fb2bec2986f913820a	single-declaration	StringLiteral	f4ae95d4919dbd094c32e1ee620982e8fa9b87f70813f4e03f18520270dc4c63	blocked	BV1	BF2 must runner-enumerate profiles and attach imported/equivalent/not-applicable/unsupported evidence.	-
VUE-D9413E85767658DA3F3F	compiler-core	packages/compiler-core/__tests__/transform.spec.ts:287:5	0946d36483890a120d4e16fb2bec2986f913820a	single-declaration	StringLiteral	b37b2a8c59d1f55c6864d191a8993592023bbb3c228a5b715b73e7456181ae38	blocked	BV1	BF2 must runner-enumerate profiles and attach imported/equivalent/not-applicable/unsupported evidence.	-
VUE-D04C6F548FB77A2ACF5E	compiler-core	packages/compiler-core/__tests__/transform.spec.ts:292:5	0946d36483890a120d4e16fb2bec2986f913820a	single-declaration	StringLiteral	f74b831ec6b9bd9a0df31a2154e31b87afe88c1b4289ccba847c29ef9bfc7d73	blocked	BV1	BF2 must runner-enumerate profiles and attach imported/equivalent/not-applicable/unsupported evidence.	-
VUE-E4F7C8F84BB1DCF2B55B	compiler-core	packages/compiler-core/__tests__/transform.spec.ts:302:5	0946d36483890a120d4e16fb2bec2986f913820a	single-declaration	StringLiteral	e29ed747d34faaadfc1f0be5b1ac00e853de3f511092a26feadda9dce45c01c5	blocked	BV1	BF2 must runner-enumerate profiles and attach imported/equivalent/not-applicable/unsupported evidence.	-
VUE-4D63B158E082A187ED5C	compiler-core	packages/compiler-core/__tests__/transform.spec.ts:307:5	0946d36483890a120d4e16fb2bec2986f913820a	single-declaration	StringLiteral	b3598ae51c8ef4e6c70b505f47fb12f30cb24c458a4af751316e17cb98d0d1ed	blocked	BV1	BF2 must runner-enumerate profiles and attach imported/equivalent/not-applicable/unsupported evidence.	-
VUE-0FE8B0E3C636F261F3FE	compiler-core	packages/compiler-core/__tests__/transform.spec.ts:314:5	0946d36483890a120d4e16fb2bec2986f913820a	single-declaration	StringLiteral	2ee518686892761a5c850ca5ababa3a6544db7e64ddf8a982bf5d8f9ef89c7a0	blocked	BV1	BF2 must runner-enumerate profiles and attach imported/equivalent/not-applicable/unsupported evidence.	-
VUE-A352603091253A1F23C1	compiler-core	packages/compiler-core/__tests__/transform.spec.ts:321:5	0946d36483890a120d4e16fb2bec2986f913820a	single-declaration	StringLiteral	900e848cc7a679d960f03fa39dd95653e7dba7292f2bab713c1aa1182f7e819a	blocked	BV1	BF2 must runner-enumerate profiles and attach imported/equivalent/not-applicable/unsupported evidence.	-
VUE-370E82809EC62A96B772	compiler-core	packages/compiler-core/__tests__/transform.spec.ts:329:5	0946d36483890a120d4e16fb2bec2986f913820a	single-declaration	StringLiteral	7f3d7fbb29d42701eef29946a2eef54fcec5a5dbe0f45df3a6ee5ac2d3260e52	blocked	BV1	BF2 must runner-enumerate profiles and attach imported/equivalent/not-applicable/unsupported evidence.	-
VUE-0E2C2C347F0E24B7AEEE	compiler-core	packages/compiler-core/__tests__/transform.spec.ts:336:5	0946d36483890a120d4e16fb2bec2986f913820a	single-declaration	StringLiteral	c420c00f2f0c8aa37fabcdb66569285bbef0a61a13fde578e55d64c5720a84c1	blocked	BV1	BF2 must runner-enumerate profiles and attach imported/equivalent/not-applicable/unsupported evidence.	-
VUE-EB7B12EA0923B0029050	compiler-core	packages/compiler-core/__tests__/transform.spec.ts:343:5	0946d36483890a120d4e16fb2bec2986f913820a	single-declaration	StringLiteral	d0d90409312fad74a7802ea8429b31b9678f1335252eab9661577d735e4ad013	blocked	BV1	BF2 must runner-enumerate profiles and attach imported/equivalent/not-applicable/unsupported evidence.	-
VUE-F6E3219DB0EABED6CEED	compiler-core	packages/compiler-core/__tests__/transform.spec.ts:350:5	0946d36483890a120d4e16fb2bec2986f913820a	single-declaration	StringLiteral	05b321a2f78f3c727477be3ca74acaa7b7de9669a16341174e4bcd1f137de7e2	blocked	BV1	BF2 must runner-enumerate profiles and attach imported/equivalent/not-applicable/unsupported evidence.	-
VUE-D1B63705390D0D02544E	compiler-core	packages/compiler-core/__tests__/transform.spec.ts:365:5	0946d36483890a120d4e16fb2bec2986f913820a	single-declaration	StringLiteral	42cf3ed3d28177f59fbf74823db3e4c8e7e3c5a9098e768bc6a7bcd55a98b2bb	blocked	BV1	BF2 must runner-enumerate profiles and attach imported/equivalent/not-applicable/unsupported evidence.	-
VUE-945CD1473CAC4A3CE703	compiler-core	packages/compiler-core/__tests__/transform.spec.ts:71:3	0946d36483890a120d4e16fb2bec2986f913820a	single-declaration	StringLiteral	6c53c2a4f7516432ad3f7a2ab94ae58cf0e477356c6a4590279995f0d3bc6e87	blocked	BV1	BF2 must runner-enumerate profiles and attach imported/equivalent/not-applicable/unsupported evidence.	-
VUE-E0E867F9F35E615E6C59	compiler-core	packages/compiler-core/__tests__/transforms/cacheStatic.spec.ts:106:3	1b5b23fec2989b8a693fd04e2a293575abbd1b6b	single-declaration	StringLiteral	5316ed45952d5c5939fe39caafadff238045f6ca425df3cd5ea9b56fef7f7215	blocked	BV1	BF2 must runner-enumerate profiles and attach imported/equivalent/not-applicable/unsupported evidence.	-
VUE-711ED6B34F1D90621C80	compiler-core	packages/compiler-core/__tests__/transforms/cacheStatic.spec.ts:119:3	1b5b23fec2989b8a693fd04e2a293575abbd1b6b	single-declaration	StringLiteral	4524dd60badeeb92deb92d2ccec4e621c1f157bcfbf393a1e047d95bdadfcdff	blocked	BV1	BF2 must runner-enumerate profiles and attach imported/equivalent/not-applicable/unsupported evidence.	-
VUE-0C0713FCAEAD41DB7705	compiler-core	packages/compiler-core/__tests__/transforms/cacheStatic.spec.ts:130:3	1b5b23fec2989b8a693fd04e2a293575abbd1b6b	single-declaration	StringLiteral	4a810aa58a36fe2319e3fbadcd888eea735d373348f233484833e6fdd3e23c14	blocked	BV1	BF2 must runner-enumerate profiles and attach imported/equivalent/not-applicable/unsupported evidence.	-
VUE-6602F50A24BDA87571B5	compiler-core	packages/compiler-core/__tests__/transforms/cacheStatic.spec.ts:139:3	1b5b23fec2989b8a693fd04e2a293575abbd1b6b	single-declaration	StringLiteral	f9cacf3c2e8559b015740c6c7ac4a618d5d821c78eff4ac9ab79960279381d8c	blocked	BV1	BF2 must runner-enumerate profiles and attach imported/equivalent/not-applicable/unsupported evidence.	-
VUE-FC8AFD9FCD99271ACFDE	compiler-core	packages/compiler-core/__tests__/transforms/cacheStatic.spec.ts:148:3	1b5b23fec2989b8a693fd04e2a293575abbd1b6b	single-declaration	StringLiteral	541d82c4259b12cf464ee33394fec06e49f5a4e75807fabad1ece451524854da	blocked	BV1	BF2 must runner-enumerate profiles and attach imported/equivalent/not-applicable/unsupported evidence.	-
VUE-E1A214F9DF8726FAEB7D	compiler-core	packages/compiler-core/__tests__/transforms/cacheStatic.spec.ts:177:3	1b5b23fec2989b8a693fd04e2a293575abbd1b6b	single-declaration	StringLiteral	1c9a6195dbf788ab84bf9bbff918a0178884a159f1f0d428c5f564d3d2184aea	blocked	BV1	BF2 must runner-enumerate profiles and attach imported/equivalent/not-applicable/unsupported evidence.	-
VUE-72C2C8DC61B27ABC4E96	compiler-core	packages/compiler-core/__tests__/transforms/cacheStatic.spec.ts:204:3	1b5b23fec2989b8a693fd04e2a293575abbd1b6b	single-declaration	StringLiteral	29682c51065922f22aefbc20342dc302ace07278f62daff56e90e36fa00d9abc	blocked	BV1	BF2 must runner-enumerate profiles and attach imported/equivalent/not-applicable/unsupported evidence.	-
VUE-C5856B6BD5FDA3123713	compiler-core	packages/compiler-core/__tests__/transforms/cacheStatic.spec.ts:235:3	1b5b23fec2989b8a693fd04e2a293575abbd1b6b	single-declaration	StringLiteral	4266c9a91b9e11107cc028dc2e2c281213dc5d8f163d94a920765851d1b382e1	blocked	BV1	BF2 must runner-enumerate profiles and attach imported/equivalent/not-applicable/unsupported evidence.	-
VUE-D60129BF5D5BB13BF885	compiler-core	packages/compiler-core/__tests__/transforms/cacheStatic.spec.ts:264:3	1b5b23fec2989b8a693fd04e2a293575abbd1b6b	single-declaration	StringLiteral	91d7df0d72ca5ab97520d8e9a52388b1df6ee173164462cb2baeec7baebca3db	blocked	BV1	BF2 must runner-enumerate profiles and attach imported/equivalent/not-applicable/unsupported evidence.	-
VUE-C3EAA7F97B1166C54F8A	compiler-core	packages/compiler-core/__tests__/transforms/cacheStatic.spec.ts:293:3	1b5b23fec2989b8a693fd04e2a293575abbd1b6b	single-declaration	StringLiteral	fa7f7e2d0702206dd8b87efde72ad537a1af1345db93d22ae6719c0328c50088	blocked	BV1	BF2 must runner-enumerate profiles and attach imported/equivalent/not-applicable/unsupported evidence.	-
VUE-7BFD0CDC4CECBAF8B494	compiler-core	packages/compiler-core/__tests__/transforms/cacheStatic.spec.ts:323:3	1b5b23fec2989b8a693fd04e2a293575abbd1b6b	single-declaration	StringLiteral	d220518619665d08f157d169974e5061046528d5f016fabedd0e188628c4013e	blocked	BV1	BF2 must runner-enumerate profiles and attach imported/equivalent/not-applicable/unsupported evidence.	-
VUE-F9BD6E97F634F965C611	compiler-core	packages/compiler-core/__tests__/transforms/cacheStatic.spec.ts:338:3	1b5b23fec2989b8a693fd04e2a293575abbd1b6b	single-declaration	StringLiteral	62db0f534d0e513d8affabef76fcd44180818f8eedcae85d637ccf3068865649	blocked	BV1	BF2 must runner-enumerate profiles and attach imported/equivalent/not-applicable/unsupported evidence.	-
VUE-073A9E6959C549D2353F	compiler-core	packages/compiler-core/__tests__/transforms/cacheStatic.spec.ts:364:3	1b5b23fec2989b8a693fd04e2a293575abbd1b6b	single-declaration	StringLiteral	0ce0c6d32a95210eed304e1cde0b3781e6370e6f922c322fb99e25259f75402c	blocked	BV1	BF2 must runner-enumerate profiles and attach imported/equivalent/not-applicable/unsupported evidence.	-
VUE-24B86F3C1F4276F43666	compiler-core	packages/compiler-core/__tests__/transforms/cacheStatic.spec.ts:375:3	1b5b23fec2989b8a693fd04e2a293575abbd1b6b	single-declaration	StringLiteral	ec97f2c7432a7b808f477a572ff07d749bf5e797aa06b19e77cbcdca00761140	blocked	BV1	BF2 must runner-enumerate profiles and attach imported/equivalent/not-applicable/unsupported evidence.	-
VUE-4DC82EE05BCF723E6F1A	compiler-core	packages/compiler-core/__tests__/transforms/cacheStatic.spec.ts:393:3	1b5b23fec2989b8a693fd04e2a293575abbd1b6b	single-declaration	StringLiteral	e17afedbaa1d2e5b4439c88ba98875091bfdea38fb95930ac90e02f27c8f751a	blocked	BV1	BF2 must runner-enumerate profiles and attach imported/equivalent/not-applicable/unsupported evidence.	-
VUE-1DEEBD3AEF657140B082	compiler-core	packages/compiler-core/__tests__/transforms/cacheStatic.spec.ts:413:3	1b5b23fec2989b8a693fd04e2a293575abbd1b6b	single-declaration	StringLiteral	4b7d66994c2224e37eefb59bc59ce07ea5a0020dd84db5e7d4a780b4e2d0f6f7	blocked	BV1	BF2 must runner-enumerate profiles and attach imported/equivalent/not-applicable/unsupported evidence.	-
VUE-849487CA413CB0A3ABB7	compiler-core	packages/compiler-core/__tests__/transforms/cacheStatic.spec.ts:438:3	1b5b23fec2989b8a693fd04e2a293575abbd1b6b	single-declaration	StringLiteral	d1edbf66bdac3f24e9d3137f23df45e60500d0e77e1cbf93bf74b36ac898669b	blocked	BV1	BF2 must runner-enumerate profiles and attach imported/equivalent/not-applicable/unsupported evidence.	-
VUE-90D72E83011D5A959D47	compiler-core	packages/compiler-core/__tests__/transforms/cacheStatic.spec.ts:459:3	1b5b23fec2989b8a693fd04e2a293575abbd1b6b	single-declaration	StringLiteral	ec5d4d7a620970d2c605556a16f77ade12b5210fed384533845b59b5f5247fbd	blocked	BV1	BF2 must runner-enumerate profiles and attach imported/equivalent/not-applicable/unsupported evidence.	-
VUE-6989232C7979F1566543	compiler-core	packages/compiler-core/__tests__/transforms/cacheStatic.spec.ts:477:3	1b5b23fec2989b8a693fd04e2a293575abbd1b6b	single-declaration	StringLiteral	97b14183867201d2b253fd738b42e3cd7af2486d4ceecfa1de087dd0a83da729	blocked	BV1	BF2 must runner-enumerate profiles and attach imported/equivalent/not-applicable/unsupported evidence.	-
VUE-A58FADA609FD6F63C56C	compiler-core	packages/compiler-core/__tests__/transforms/cacheStatic.spec.ts:503:3	1b5b23fec2989b8a693fd04e2a293575abbd1b6b	single-declaration	StringLiteral	afb01a4ded5d6a9a032a683d81d09db6839ca85d6a410166dd57f9a7b8926172	blocked	BV1	BF2 must runner-enumerate profiles and attach imported/equivalent/not-applicable/unsupported evidence.	-
VUE-1C994E4958DB27E165A5	compiler-core	packages/compiler-core/__tests__/transforms/cacheStatic.spec.ts:536:3	1b5b23fec2989b8a693fd04e2a293575abbd1b6b	single-declaration	StringLiteral	6ed900e0e8590850176c0dded6c5f0866e3449394341a4c245427c1f3727c7fd	blocked	BV1	BF2 must runner-enumerate profiles and attach imported/equivalent/not-applicable/unsupported evidence.	-
VUE-45C52F5DA8A6147BF080	compiler-core	packages/compiler-core/__tests__/transforms/cacheStatic.spec.ts:563:5	1b5b23fec2989b8a693fd04e2a293575abbd1b6b	single-declaration	StringLiteral	5456e4bc02128ef1590643a7d226a987d99e13665fbf41039a74fd560680614a	blocked	BV1	BF2 must runner-enumerate profiles and attach imported/equivalent/not-applicable/unsupported evidence.	-
VUE-1A2A8C5A0CCB2932F6B1	compiler-core	packages/compiler-core/__tests__/transforms/cacheStatic.spec.ts:579:5	1b5b23fec2989b8a693fd04e2a293575abbd1b6b	single-declaration	StringLiteral	f67e99c562e5b2922b740ac51478dd55b29b626feb6b695b095fcc35bb95579b	blocked	BV1	BF2 must runner-enumerate profiles and attach imported/equivalent/not-applicable/unsupported evidence.	-
VUE-F49547F125BFD7F66FA4	compiler-core	packages/compiler-core/__tests__/transforms/cacheStatic.spec.ts:595:5	1b5b23fec2989b8a693fd04e2a293575abbd1b6b	single-declaration	StringLiteral	d08e4180288eb9676d683ff1c5850fe0e4f03cbdaa44bc8bdfae76f7073d322a	blocked	BV1	BF2 must runner-enumerate profiles and attach imported/equivalent/not-applicable/unsupported evidence.	-
VUE-D8A755BD9EE2680B347B	compiler-core	packages/compiler-core/__tests__/transforms/cacheStatic.spec.ts:657:5	1b5b23fec2989b8a693fd04e2a293575abbd1b6b	single-declaration	StringLiteral	d86342f1c1fdbde41fa4e8e194ecd1deb05b29ef23d943b0bb04d772d80d9ecc	blocked	BV1	BF2 must runner-enumerate profiles and attach imported/equivalent/not-applicable/unsupported evidence.	-
VUE-E5228F09A3351C36C62E	compiler-core	packages/compiler-core/__tests__/transforms/cacheStatic.spec.ts:669:5	1b5b23fec2989b8a693fd04e2a293575abbd1b6b	single-declaration	StringLiteral	1e62cefba1cb542450ff025d56c51b750bfa292e69237283df85a4756513cb28	blocked	BV1	BF2 must runner-enumerate profiles and attach imported/equivalent/not-applicable/unsupported evidence.	-
VUE-FBD20A5D9B0369DD2C51	compiler-core	packages/compiler-core/__tests__/transforms/cacheStatic.spec.ts:681:5	1b5b23fec2989b8a693fd04e2a293575abbd1b6b	single-declaration	StringLiteral	5a0d92cd14ec751e23c0c2325a23ae24d2b89d789ee2886472d8f4a48969cf9e	blocked	BV1	BF2 must runner-enumerate profiles and attach imported/equivalent/not-applicable/unsupported evidence.	-
VUE-F214A5363902A3D5DC56	compiler-core	packages/compiler-core/__tests__/transforms/cacheStatic.spec.ts:693:5	1b5b23fec2989b8a693fd04e2a293575abbd1b6b	single-declaration	StringLiteral	f28427e8485a98d31f6eb464064c8ee1bb6e842e65efeefc6048ca9562d48a6d	blocked	BV1	BF2 must runner-enumerate profiles and attach imported/equivalent/not-applicable/unsupported evidence.	-
VUE-D0C20ABFF6CA1863ACB8	compiler-core	packages/compiler-core/__tests__/transforms/cacheStatic.spec.ts:712:5	1b5b23fec2989b8a693fd04e2a293575abbd1b6b	single-declaration	StringLiteral	7a60cd49ea08ec67945386a15e0d961fa377cd9c31394fc36f9689b35b898fe7	blocked	BV1	BF2 must runner-enumerate profiles and attach imported/equivalent/not-applicable/unsupported evidence.	-
VUE-1521BA7BF81A821FDD57	compiler-core	packages/compiler-core/__tests__/transforms/cacheStatic.spec.ts:731:5	1b5b23fec2989b8a693fd04e2a293575abbd1b6b	single-declaration	StringLiteral	dedc5792ba04a639930c71fc7581ca3e054076aab372733fc4ee9ed3094a8618	blocked	BV1	BF2 must runner-enumerate profiles and attach imported/equivalent/not-applicable/unsupported evidence.	-
VUE-8231F0E7F2147AEE003A	compiler-core	packages/compiler-core/__tests__/transforms/cacheStatic.spec.ts:739:5	1b5b23fec2989b8a693fd04e2a293575abbd1b6b	single-declaration	StringLiteral	39d3bb07060437ea13bf40cfc1be8ed1b924d9a79e6ae61bfdbe14d285708bcb	blocked	BV1	BF2 must runner-enumerate profiles and attach imported/equivalent/not-applicable/unsupported evidence.	-
VUE-3257422C07B473912F54	compiler-core	packages/compiler-core/__tests__/transforms/cacheStatic.spec.ts:760:5	1b5b23fec2989b8a693fd04e2a293575abbd1b6b	single-declaration	StringLiteral	9beb74914f8a5a1feff54ff00fd1efb6f6522d0b2ee3f88b3660028107470055	blocked	BV1	BF2 must runner-enumerate profiles and attach imported/equivalent/not-applicable/unsupported evidence.	-
VUE-82917EAC72BCA668909F	compiler-core	packages/compiler-core/__tests__/transforms/cacheStatic.spec.ts:79:3	1b5b23fec2989b8a693fd04e2a293575abbd1b6b	single-declaration	StringLiteral	4f3e3af3705232d4e5be7e62504294b8895d0a0c7a55121a04d2a4c49ec0876e	blocked	BV1	BF2 must runner-enumerate profiles and attach imported/equivalent/not-applicable/unsupported evidence.	-
VUE-310A7FA6FBCA94FFD011	compiler-core	packages/compiler-core/__tests__/transforms/cacheStatic.spec.ts:90:3	1b5b23fec2989b8a693fd04e2a293575abbd1b6b	single-declaration	StringLiteral	fe7b17493e41deb3955a151580f655d2a038ee3587e19fe3b764c653b7528e2f	blocked	BV1	BF2 must runner-enumerate profiles and attach imported/equivalent/not-applicable/unsupported evidence.	-
VUE-0BC5FF761F617244CA1E	compiler-core	packages/compiler-core/__tests__/transforms/noopDirectiveTransform.spec.ts:11:3	fa711051c18ed65ea782f45bf7d33371bebc1fab	single-declaration	StringLiteral	6977bb7f3bf7d4a54271d038c79387f7f8c729e301d47613449948e4b0a1ffd2	blocked	BV1	BF2 must runner-enumerate profiles and attach imported/equivalent/not-applicable/unsupported evidence.	-
VUE-B12AF8CA6025F97CE6AC	compiler-core	packages/compiler-core/__tests__/transforms/transformElement.spec.ts:1003:3	dd89bc9a8c7acc63f67c72a13ed2b75cb47c7b38	single-declaration	StringLiteral	88d0382aff406f12f35354ce12e8c715cfb1cd6d192f719784fcb61b8bc1969d	blocked	BV1	BF2 must runner-enumerate profiles and attach imported/equivalent/not-applicable/unsupported evidence.	-
VUE-FFB3E3D15DB238D3F313	compiler-core	packages/compiler-core/__tests__/transforms/transformElement.spec.ts:1034:3	dd89bc9a8c7acc63f67c72a13ed2b75cb47c7b38	single-declaration	TemplateLiteral	702e20ebe5477eff83881378aae03bcf47957c5580f616701fc93ab5fc28606f	blocked	BV1	BF2 must runner-enumerate profiles and attach imported/equivalent/not-applicable/unsupported evidence.	-
VUE-9B35D6E27D4FABD14CE5	compiler-core	packages/compiler-core/__tests__/transforms/transformElement.spec.ts:108:3	dd89bc9a8c7acc63f67c72a13ed2b75cb47c7b38	single-declaration	StringLiteral	b6da056d9a5842015e982dae3688db94693e131368316fc6ed404184b84a0fea	blocked	BV1	BF2 must runner-enumerate profiles and attach imported/equivalent/not-applicable/unsupported evidence.	-
VUE-11631CE37BD97BEA3B38	compiler-core	packages/compiler-core/__tests__/transforms/transformElement.spec.ts:1081:5	dd89bc9a8c7acc63f67c72a13ed2b75cb47c7b38	single-declaration	StringLiteral	a368fd967ea4ffd0aaaa45b26f0f4ccaa8968044e6568babc8af59534d01c8ad	blocked	BV1	BF2 must runner-enumerate profiles and attach imported/equivalent/not-applicable/unsupported evidence.	-
VUE-D3AC051681A82929EB1C	compiler-core	packages/compiler-core/__tests__/transforms/transformElement.spec.ts:1093:5	dd89bc9a8c7acc63f67c72a13ed2b75cb47c7b38	single-declaration	StringLiteral	42a56627fa2bf045fcfe80f8563bf6cd7be09274aa47bbb8f496525dcff88d9e	blocked	BV1	BF2 must runner-enumerate profiles and attach imported/equivalent/not-applicable/unsupported evidence.	-
VUE-5A3D20B575EA710A1C12	compiler-core	packages/compiler-core/__tests__/transforms/transformElement.spec.ts:1098:5	dd89bc9a8c7acc63f67c72a13ed2b75cb47c7b38	single-declaration	StringLiteral	2414d93ac92990fca761977477346cae5f182148e6829040b90ce9dfac933cbe	blocked	BV1	BF2 must runner-enumerate profiles and attach imported/equivalent/not-applicable/unsupported evidence.	-
VUE-D6EAE3145E6BE46D91AA	compiler-core	packages/compiler-core/__tests__/transforms/transformElement.spec.ts:1103:5	dd89bc9a8c7acc63f67c72a13ed2b75cb47c7b38	single-declaration	StringLiteral	da78d97ad62af31a42e507182303ea23f91ddac699a1345106fa6ac3e5749604	blocked	BV1	BF2 must runner-enumerate profiles and attach imported/equivalent/not-applicable/unsupported evidence.	-
VUE-999CB4BE14A42A367DF3	compiler-core	packages/compiler-core/__tests__/transforms/transformElement.spec.ts:1109:5	dd89bc9a8c7acc63f67c72a13ed2b75cb47c7b38	single-declaration	StringLiteral	4c4c2649fbcada05ceba8628afbf73191e5236363efaadec5b184863242dda25	blocked	BV1	BF2 must runner-enumerate profiles and attach imported/equivalent/not-applicable/unsupported evidence.	-
VUE-57ED597B02514A5C5C9C	compiler-core	packages/compiler-core/__tests__/transforms/transformElement.spec.ts:1120:5	dd89bc9a8c7acc63f67c72a13ed2b75cb47c7b38	single-declaration	StringLiteral	5941c6e1fe23c2d2262358ce6b1f18886358db769ee246458212a7930b862f7b	blocked	BV1	BF2 must runner-enumerate profiles and attach imported/equivalent/not-applicable/unsupported evidence.	-
VUE-40874F0B8BBE629A458C	compiler-core	packages/compiler-core/__tests__/transforms/transformElement.spec.ts:1128:5	dd89bc9a8c7acc63f67c72a13ed2b75cb47c7b38	single-declaration	StringLiteral	e889a1d140309e0b93645ed2d0401be6e3aafd176ec16810064aa7b278799f5f	blocked	BV1	BF2 must runner-enumerate profiles and attach imported/equivalent/not-applicable/unsupported evidence.	-
VUE-771BB558EE83E0281339	compiler-core	packages/compiler-core/__tests__/transforms/transformElement.spec.ts:1133:5	dd89bc9a8c7acc63f67c72a13ed2b75cb47c7b38	single-declaration	StringLiteral	9913258d4a2837b8739a7c280ab4b5cc96de78456e483f3b07a4e949b74f68ee	blocked	BV1	BF2 must runner-enumerate profiles and attach imported/equivalent/not-applicable/unsupported evidence.	-
VUE-739970820FD6B7EE072C	compiler-core	packages/compiler-core/__tests__/transforms/transformElement.spec.ts:1138:5	dd89bc9a8c7acc63f67c72a13ed2b75cb47c7b38	single-declaration	StringLiteral	be9b7f517fdcbb38ce86233f43dccb3648a744e5b5f00c583d3f7470c9e3dc9a	blocked	BV1	BF2 must runner-enumerate profiles and attach imported/equivalent/not-applicable/unsupported evidence.	-
VUE-4BE57FE22F3FB4681DA1	compiler-core	packages/compiler-core/__tests__/transforms/transformElement.spec.ts:1145:5	dd89bc9a8c7acc63f67c72a13ed2b75cb47c7b38	single-declaration	StringLiteral	dd15bcad4121abcf43955294ab1fd1265cfeba4f68ed6c165c9ec25500c3226b	blocked	BV1	BF2 must runner-enumerate profiles and attach imported/equivalent/not-applicable/unsupported evidence.	-
VUE-D64D0C694E7F856937F3	compiler-core	packages/compiler-core/__tests__/transforms/transformElement.spec.ts:1150:5	dd89bc9a8c7acc63f67c72a13ed2b75cb47c7b38	single-declaration	StringLiteral	806c6bbc11cd60fb4f05900be5a48da6e1eb31ffeebb6a7107062b1bdeaff1cb	blocked	BV1	BF2 must runner-enumerate profiles and attach imported/equivalent/not-applicable/unsupported evidence.	-
VUE-C5138F28E5C067FDF17A	compiler-core	packages/compiler-core/__tests__/transforms/transformElement.spec.ts:1155:5	dd89bc9a8c7acc63f67c72a13ed2b75cb47c7b38	single-declaration	StringLiteral	cb86c62edb59bf24de200e5f61c6cce36fa1600aa2c3411e0a93f77ed8903007	blocked	BV1	BF2 must runner-enumerate profiles and attach imported/equivalent/not-applicable/unsupported evidence.	-
VUE-B1EE5B08ECA6E2574FCF	compiler-core	packages/compiler-core/__tests__/transforms/transformElement.spec.ts:1160:5	dd89bc9a8c7acc63f67c72a13ed2b75cb47c7b38	single-declaration	StringLiteral	e9ec61ed584c822c769065a7de6131af83aac2c6ca15a5a6da4f5ea7888cd11e	blocked	BV1	BF2 must runner-enumerate profiles and attach imported/equivalent/not-applicable/unsupported evidence.	-
VUE-10DB440E9822230CC3B7	compiler-core	packages/compiler-core/__tests__/transforms/transformElement.spec.ts:1169:5	dd89bc9a8c7acc63f67c72a13ed2b75cb47c7b38	single-declaration	StringLiteral	add3601fc6c723651a21b2498492f606bcfcf60d5f155b7fa796a3af6dff1543	blocked	BV1	BF2 must runner-enumerate profiles and attach imported/equivalent/not-applicable/unsupported evidence.	-
VUE-A2EC12AFB70B68776119	compiler-core	packages/compiler-core/__tests__/transforms/transformElement.spec.ts:1179:5	dd89bc9a8c7acc63f67c72a13ed2b75cb47c7b38	single-declaration	StringLiteral	cc5251bbe700444b4b03fe39f2722a467da09ebe2669892ae85bfe94cf0e41cc	blocked	BV1	BF2 must runner-enumerate profiles and attach imported/equivalent/not-applicable/unsupported evidence.	-
VUE-FB1EB3F431966C079098	compiler-core	packages/compiler-core/__tests__/transforms/transformElement.spec.ts:1189:5	dd89bc9a8c7acc63f67c72a13ed2b75cb47c7b38	single-declaration	StringLiteral	4c399dac82096932b484c90a01c051e0375428f3f295cd0288906d79f193ddfa	blocked	BV1	BF2 must runner-enumerate profiles and attach imported/equivalent/not-applicable/unsupported evidence.	-
VUE-836726B902AEC08EF09A	compiler-core	packages/compiler-core/__tests__/transforms/transformElement.spec.ts:119:3	dd89bc9a8c7acc63f67c72a13ed2b75cb47c7b38	single-declaration	StringLiteral	2563a861ddff04ce75773d5175beaddb3e8aff2cd36d268742bcf28117174f91	blocked	BV1	BF2 must runner-enumerate profiles and attach imported/equivalent/not-applicable/unsupported evidence.	-
VUE-031DA95AAA042B159659	compiler-core	packages/compiler-core/__tests__/transforms/transformElement.spec.ts:1206:5	dd89bc9a8c7acc63f67c72a13ed2b75cb47c7b38	single-declaration	StringLiteral	0904c8a55ac50b3d208ccb4733b1f206a4f53434a5b74b17b68e736abc351469	blocked	BV1	BF2 must runner-enumerate profiles and attach imported/equivalent/not-applicable/unsupported evidence.	-
VUE-C709F9EF29367942802D	compiler-core	packages/compiler-core/__tests__/transforms/transformElement.spec.ts:1221:5	dd89bc9a8c7acc63f67c72a13ed2b75cb47c7b38	single-declaration	StringLiteral	87b04bf7bf9fb77aa3e5844f4fa1919c785b077c9c5a30e5f0040bd43f14cea0	blocked	BV1	BF2 must runner-enumerate profiles and attach imported/equivalent/not-applicable/unsupported evidence.	-
VUE-87AAB3B602F2CF5F63CA	compiler-core	packages/compiler-core/__tests__/transforms/transformElement.spec.ts:1231:5	dd89bc9a8c7acc63f67c72a13ed2b75cb47c7b38	parameterized-declaration	StringLiteral	19d6b2d575a773a7a26cb0faafc06609917f4fb0ce087ace3113564b0b5a7647	blocked	BV1	BF2 must runner-enumerate profiles and attach imported/equivalent/not-applicable/unsupported evidence.	-
VUE-BA8CBD5BA531E7B4C236	compiler-core	packages/compiler-core/__tests__/transforms/transformElement.spec.ts:1251:5	dd89bc9a8c7acc63f67c72a13ed2b75cb47c7b38	single-declaration	StringLiteral	d010db6a834afbebd37f288ea129b7bfee0271275fc2401e60e1e22e55392292	blocked	BV1	BF2 must runner-enumerate profiles and attach imported/equivalent/not-applicable/unsupported evidence.	-
VUE-30FC483DD7BCF5F6C6ED	compiler-core	packages/compiler-core/__tests__/transforms/transformElement.spec.ts:1268:5	dd89bc9a8c7acc63f67c72a13ed2b75cb47c7b38	single-declaration	StringLiteral	5520cdb62e1ab66a09afa50f1acacf98e45f8c5feeffeb8755e7efc5f4f7c483	blocked	BV1	BF2 must runner-enumerate profiles and attach imported/equivalent/not-applicable/unsupported evidence.	-
VUE-41CB1BD10FAAEE09E556	compiler-core	packages/compiler-core/__tests__/transforms/transformElement.spec.ts:130:3	dd89bc9a8c7acc63f67c72a13ed2b75cb47c7b38	single-declaration	StringLiteral	eb5f8fa4b24ccabd26b47a27b33e02448448d095065da82be1b153757c57434f	blocked	BV1	BF2 must runner-enumerate profiles and attach imported/equivalent/not-applicable/unsupported evidence.	-
VUE-FBB596E4F2EF067167A8	compiler-core	packages/compiler-core/__tests__/transforms/transformElement.spec.ts:1304:5	dd89bc9a8c7acc63f67c72a13ed2b75cb47c7b38	single-declaration	StringLiteral	9ad028412c2f937d9f67cc1db9df37c53756a0654b856a595318d8eec2d1efe3	blocked	BV1	BF2 must runner-enumerate profiles and attach imported/equivalent/not-applicable/unsupported evidence.	-
VUE-286CADC3583260903B36	compiler-core	packages/compiler-core/__tests__/transforms/transformElement.spec.ts:1326:5	dd89bc9a8c7acc63f67c72a13ed2b75cb47c7b38	single-declaration	StringLiteral	63cd4de294b97a90895fdef6f1d2ab575b745e5852c4f23ce3e2be46452fe3f2	blocked	BV1	BF2 must runner-enumerate profiles and attach imported/equivalent/not-applicable/unsupported evidence.	-
VUE-7497E169A1A40DECDF82	compiler-core	packages/compiler-core/__tests__/transforms/transformElement.spec.ts:1352:5	dd89bc9a8c7acc63f67c72a13ed2b75cb47c7b38	single-declaration	StringLiteral	a6082108f0503cf344315c69f9d12ac1d3a67cefcacb88a00a45343c1b4c06e0	blocked	BV1	BF2 must runner-enumerate profiles and attach imported/equivalent/not-applicable/unsupported evidence.	-
VUE-33BEE90BC2EF09E0D6A1	compiler-core	packages/compiler-core/__tests__/transforms/transformElement.spec.ts:1373:5	dd89bc9a8c7acc63f67c72a13ed2b75cb47c7b38	single-declaration	StringLiteral	1092c22ffed034072ff9d5b07f0fa94a3b1be03242168be15bf5e291c36c1edb	blocked	BV1	BF2 must runner-enumerate profiles and attach imported/equivalent/not-applicable/unsupported evidence.	-
VUE-AFE1BE195084B44335E7	compiler-core	packages/compiler-core/__tests__/transforms/transformElement.spec.ts:1382:5	dd89bc9a8c7acc63f67c72a13ed2b75cb47c7b38	single-declaration	StringLiteral	4de29d4225396f2ec484b78c67ca7ad93c3a9ade98ea2098e72dd254385093a4	blocked	BV1	BF2 must runner-enumerate profiles and attach imported/equivalent/not-applicable/unsupported evidence.	-
VUE-3CAFED5CE46F55197BFE	compiler-core	packages/compiler-core/__tests__/transforms/transformElement.spec.ts:1394:5	dd89bc9a8c7acc63f67c72a13ed2b75cb47c7b38	single-declaration	StringLiteral	1d3d6343c59bfaf29ba093eedbe2616892bfbc6633d9e0acee7d35ca3a33a66d	blocked	BV1	BF2 must runner-enumerate profiles and attach imported/equivalent/not-applicable/unsupported evidence.	-
VUE-06B8DE5995680685ECE4	compiler-core	packages/compiler-core/__tests__/transforms/transformElement.spec.ts:1410:5	dd89bc9a8c7acc63f67c72a13ed2b75cb47c7b38	single-declaration	StringLiteral	bbb7fca7fa99489954f1d503ab492ebe75649362722af1381748953f9daa87bc	blocked	BV1	BF2 must runner-enumerate profiles and attach imported/equivalent/not-applicable/unsupported evidence.	-
VUE-2F3726F347EC0D4F1FCD	compiler-core	packages/compiler-core/__tests__/transforms/transformElement.spec.ts:1428:5	dd89bc9a8c7acc63f67c72a13ed2b75cb47c7b38	single-declaration	StringLiteral	5b59b8d2aa7f52c42f39cf7e44c4fcd43295c3e5dafdf262095f504bc4937336	blocked	BV1	BF2 must runner-enumerate profiles and attach imported/equivalent/not-applicable/unsupported evidence.	-
VUE-9AF333C84A4994E4CBC2	compiler-core	packages/compiler-core/__tests__/transforms/transformElement.spec.ts:1446:5	dd89bc9a8c7acc63f67c72a13ed2b75cb47c7b38	single-declaration	StringLiteral	e5967a6657e3def4b36a55d5dc3896fd044fdbf48e1d8a1cbc6c7420fced781e	blocked	BV1	BF2 must runner-enumerate profiles and attach imported/equivalent/not-applicable/unsupported evidence.	-
VUE-2554692AFC1499FD4D64	compiler-core	packages/compiler-core/__tests__/transforms/transformElement.spec.ts:1464:5	dd89bc9a8c7acc63f67c72a13ed2b75cb47c7b38	single-declaration	StringLiteral	b544f903eb49b3acbd6375ac7d449d6d722c59fe483f36224528337af1cceae1	blocked	BV1	BF2 must runner-enumerate profiles and attach imported/equivalent/not-applicable/unsupported evidence.	-
VUE-D60B9EA09994872B3CD1	compiler-core	packages/compiler-core/__tests__/transforms/transformElement.spec.ts:148:3	dd89bc9a8c7acc63f67c72a13ed2b75cb47c7b38	single-declaration	StringLiteral	2c1475d08f585ac953e5c8a5bca361848a916937a5faae769f507b8b89e496b3	blocked	BV1	BF2 must runner-enumerate profiles and attach imported/equivalent/not-applicable/unsupported evidence.	-
VUE-87174989BB6941DAB4A3	compiler-core	packages/compiler-core/__tests__/transforms/transformElement.spec.ts:1482:5	dd89bc9a8c7acc63f67c72a13ed2b75cb47c7b38	single-declaration	StringLiteral	9f94708c0142b47f0f213eca3a6d4ed90b5a54e286942d0f71aa7573c2769dcd	blocked	BV1	BF2 must runner-enumerate profiles and attach imported/equivalent/not-applicable/unsupported evidence.	-
VUE-C622E80D65554CB4EB05	compiler-core	packages/compiler-core/__tests__/transforms/transformElement.spec.ts:1492:5	dd89bc9a8c7acc63f67c72a13ed2b75cb47c7b38	single-declaration	StringLiteral	c072d082350b77a4548a04773323a843c282c40f99fb52ff0e02f6c389ff5300	blocked	BV1	BF2 must runner-enumerate profiles and attach imported/equivalent/not-applicable/unsupported evidence.	-
VUE-365089B73F791C6C677A	compiler-core	packages/compiler-core/__tests__/transforms/transformElement.spec.ts:1504:3	dd89bc9a8c7acc63f67c72a13ed2b75cb47c7b38	single-declaration	StringLiteral	7e9b1b51986e7b41ebc01f79a3561f6bd7043093186a46d6cb91f49da815bd48	blocked	BV1	BF2 must runner-enumerate profiles and attach imported/equivalent/not-applicable/unsupported evidence.	-
VUE-45DE04A93276FA536AD1	compiler-core	packages/compiler-core/__tests__/transforms/transformElement.spec.ts:1516:3	dd89bc9a8c7acc63f67c72a13ed2b75cb47c7b38	single-declaration	StringLiteral	3eaf02df27b1c5505a5ee50e866d30049f26bc3e331c50c618bcb602e16ad89a	blocked	BV1	BF2 must runner-enumerate profiles and attach imported/equivalent/not-applicable/unsupported evidence.	-
VUE-7F26DB9E6F5FDFC4E430	compiler-core	packages/compiler-core/__tests__/transforms/transformElement.spec.ts:1528:3	dd89bc9a8c7acc63f67c72a13ed2b75cb47c7b38	single-declaration	StringLiteral	79575bf39a0c99059cdda866dfb0fde0a3efc8d32ae40386344b3cb31e6207a3	blocked	BV1	BF2 must runner-enumerate profiles and attach imported/equivalent/not-applicable/unsupported evidence.	-
VUE-BCC51958EC470230D879	compiler-core	packages/compiler-core/__tests__/transforms/transformElement.spec.ts:1533:3	dd89bc9a8c7acc63f67c72a13ed2b75cb47c7b38	single-declaration	StringLiteral	7033a8d673bf17b57f0eda8eb34560e88359c55a4039f73069f4aa7b02d6a32f	blocked	BV1	BF2 must runner-enumerate profiles and attach imported/equivalent/not-applicable/unsupported evidence.	-
VUE-83ACF08B016A03B37112	compiler-core	packages/compiler-core/__tests__/transforms/transformElement.spec.ts:1541:3	dd89bc9a8c7acc63f67c72a13ed2b75cb47c7b38	single-declaration	StringLiteral	256b8c81f53807f853fcf1a959fb7dee3ca1a998406e511620827fcc8a433050	blocked	BV1	BF2 must runner-enumerate profiles and attach imported/equivalent/not-applicable/unsupported evidence.	-
VUE-72315C380A397F8D0A7A	compiler-core	packages/compiler-core/__tests__/transforms/transformElement.spec.ts:1553:3	dd89bc9a8c7acc63f67c72a13ed2b75cb47c7b38	single-declaration	StringLiteral	b35f6ae61f99b2dc8ccf07957e48730b794a95cdcec3ba8e107765bc083d5be8	blocked	BV1	BF2 must runner-enumerate profiles and attach imported/equivalent/not-applicable/unsupported evidence.	-
VUE-E71F22570747E85D54F6	compiler-core	packages/compiler-core/__tests__/transforms/transformElement.spec.ts:1584:3	dd89bc9a8c7acc63f67c72a13ed2b75cb47c7b38	single-declaration	StringLiteral	4d27ec4029a084a3152dd7785837324db44a5f25c4df315a3aaa850328689bef	blocked	BV1	BF2 must runner-enumerate profiles and attach imported/equivalent/not-applicable/unsupported evidence.	-
VUE-7A768D2C8E203FACA108	compiler-core	packages/compiler-core/__tests__/transforms/transformElement.spec.ts:1594:3	dd89bc9a8c7acc63f67c72a13ed2b75cb47c7b38	single-declaration	StringLiteral	152329f52bdc8505ca620c06c456473b8bef18cfb2463d8b721a86086455fb16	blocked	BV1	BF2 must runner-enumerate profiles and attach imported/equivalent/not-applicable/unsupported evidence.	-
VUE-7C5EEE11A2584BF60AC8	compiler-core	packages/compiler-core/__tests__/transforms/transformElement.spec.ts:1604:3	dd89bc9a8c7acc63f67c72a13ed2b75cb47c7b38	single-declaration	StringLiteral	afc59a2bd1e3517a59966a68474865c889ade4ff82d27e3b86097e3e71dd08bb	blocked	BV1	BF2 must runner-enumerate profiles and attach imported/equivalent/not-applicable/unsupported evidence.	-
VUE-B91FD411AC26CACC5972	compiler-core	packages/compiler-core/__tests__/transforms/transformElement.spec.ts:165:3	dd89bc9a8c7acc63f67c72a13ed2b75cb47c7b38	single-declaration	StringLiteral	b9263690d4393584ea657ccf6add88d78c849bbe00362e87f1ba1e2f64a5c262	blocked	BV1	BF2 must runner-enumerate profiles and attach imported/equivalent/not-applicable/unsupported evidence.	-
VUE-3DA7BC26204785CFF291	compiler-core	packages/compiler-core/__tests__/transforms/transformElement.spec.ts:181:3	dd89bc9a8c7acc63f67c72a13ed2b75cb47c7b38	single-declaration	StringLiteral	cfee289258172310242b7df86d5f04e831ab57fa9fc023620ad8879733b75432	blocked	BV1	BF2 must runner-enumerate profiles and attach imported/equivalent/not-applicable/unsupported evidence.	-
VUE-918DEB28BF456DA38608	compiler-core	packages/compiler-core/__tests__/transforms/transformElement.spec.ts:196:3	dd89bc9a8c7acc63f67c72a13ed2b75cb47c7b38	single-declaration	StringLiteral	d7c28465e508e3bfc29dc3526097814b72c70a8f89c2cfb1bb8a5be9aa74b7ff	blocked	BV1	BF2 must runner-enumerate profiles and attach imported/equivalent/not-applicable/unsupported evidence.	-
VUE-0BE7FC03349C22A95BE6	compiler-core	packages/compiler-core/__tests__/transforms/transformElement.spec.ts:213:3	dd89bc9a8c7acc63f67c72a13ed2b75cb47c7b38	single-declaration	StringLiteral	75a557e8d1933d47d33ff4d9634eb185777dec1697c82a8ffbb9c463a1bdc9f4	blocked	BV1	BF2 must runner-enumerate profiles and attach imported/equivalent/not-applicable/unsupported evidence.	-
VUE-0F6648E575392CCDBD8B	compiler-core	packages/compiler-core/__tests__/transforms/transformElement.spec.ts:229:3	dd89bc9a8c7acc63f67c72a13ed2b75cb47c7b38	single-declaration	StringLiteral	8d5800c33dbee1765d18511616cbf519e171c20aa73898ca27997a7e68b7cb1c	blocked	BV1	BF2 must runner-enumerate profiles and attach imported/equivalent/not-applicable/unsupported evidence.	-
VUE-A5B660F351CFB5F3E295	compiler-core	packages/compiler-core/__tests__/transforms/transformElement.spec.ts:245:3	dd89bc9a8c7acc63f67c72a13ed2b75cb47c7b38	single-declaration	StringLiteral	342fcaa63eb525c16571ea2f9e7592cdc930611211308c9d45a3e01d29398ba7	blocked	BV1	BF2 must runner-enumerate profiles and attach imported/equivalent/not-applicable/unsupported evidence.	-
VUE-2E5ECD1A61C0D0E12E14	compiler-core	packages/compiler-core/__tests__/transforms/transformElement.spec.ts:255:3	dd89bc9a8c7acc63f67c72a13ed2b75cb47c7b38	single-declaration	StringLiteral	98c93d35c185560bac3bb3c952331ff454e8eb3a4721d04b8786b1c94a8a9cc3	blocked	BV1	BF2 must runner-enumerate profiles and attach imported/equivalent/not-applicable/unsupported evidence.	-
VUE-B6A5093530DD262AFC02	compiler-core	packages/compiler-core/__tests__/transforms/transformElement.spec.ts:266:3	dd89bc9a8c7acc63f67c72a13ed2b75cb47c7b38	single-declaration	StringLiteral	7ed2483b635b335bda382d043b978c718bcb1a355273a8ea296c4f109a109ab6	blocked	BV1	BF2 must runner-enumerate profiles and attach imported/equivalent/not-applicable/unsupported evidence.	-
VUE-0B73AAD39DAA4118B799	compiler-core	packages/compiler-core/__tests__/transforms/transformElement.spec.ts:277:3	dd89bc9a8c7acc63f67c72a13ed2b75cb47c7b38	single-declaration	StringLiteral	bcea6219f7d0153c0bee2402b68adc682119d90d798e0c78e934365ed26a4db8	blocked	BV1	BF2 must runner-enumerate profiles and attach imported/equivalent/not-applicable/unsupported evidence.	-
VUE-2157F78B33BB0982856C	compiler-core	packages/compiler-core/__tests__/transforms/transformElement.spec.ts:288:3	dd89bc9a8c7acc63f67c72a13ed2b75cb47c7b38	single-declaration	StringLiteral	a01826143ccfc338951173223538ad3c9991afba816a3dccf5142a6380cefd5e	blocked	BV1	BF2 must runner-enumerate profiles and attach imported/equivalent/not-applicable/unsupported evidence.	-
VUE-969B5DD77C795155B22D	compiler-core	packages/compiler-core/__tests__/transforms/transformElement.spec.ts:299:3	dd89bc9a8c7acc63f67c72a13ed2b75cb47c7b38	single-declaration	StringLiteral	798565052706e20b712b9eb4e89edfb4ff60c8c1e3d388dcd6b801b9c507e904	blocked	BV1	BF2 must runner-enumerate profiles and attach imported/equivalent/not-applicable/unsupported evidence.	-
VUE-24BED558C3DF397945BF	compiler-core	packages/compiler-core/__tests__/transforms/transformElement.spec.ts:316:3	dd89bc9a8c7acc63f67c72a13ed2b75cb47c7b38	single-declaration	StringLiteral	3120c1c222553db9f749a923b07778c8483d58811fb69914e1568afe35d12767	blocked	BV1	BF2 must runner-enumerate profiles and attach imported/equivalent/not-applicable/unsupported evidence.	-
VUE-E6A1521551F0F766C817	compiler-core	packages/compiler-core/__tests__/transforms/transformElement.spec.ts:328:3	dd89bc9a8c7acc63f67c72a13ed2b75cb47c7b38	single-declaration	StringLiteral	6ce0ae36e8bb47caecf63eae299a4806051a7fca54cad45554130330746a4896	blocked	BV1	BF2 must runner-enumerate profiles and attach imported/equivalent/not-applicable/unsupported evidence.	-
VUE-B6261F85D8C03FF3E786	compiler-core	packages/compiler-core/__tests__/transforms/transformElement.spec.ts:340:3	dd89bc9a8c7acc63f67c72a13ed2b75cb47c7b38	single-declaration	StringLiteral	32466a41c55c26de20bfbe53c60cae97ab6daa1dca02049e8fef7e2e62655a1a	blocked	BV1	BF2 must runner-enumerate profiles and attach imported/equivalent/not-applicable/unsupported evidence.	-
VUE-90E57999CCDA8350A42A	compiler-core	packages/compiler-core/__tests__/transforms/transformElement.spec.ts:361:3	dd89bc9a8c7acc63f67c72a13ed2b75cb47c7b38	single-declaration	StringLiteral	7463496b1cf6dd7ba8bdaf21d1b723b7def6b4a3335b5eec1bd5682c1e6fd6e3	blocked	BV1	BF2 must runner-enumerate profiles and attach imported/equivalent/not-applicable/unsupported evidence.	-
VUE-0E19C8FD999D14F4938B	compiler-core	packages/compiler-core/__tests__/transforms/transformElement.spec.ts:380:3	dd89bc9a8c7acc63f67c72a13ed2b75cb47c7b38	single-declaration	StringLiteral	fb8e8722bbd584c03a1701b6a87868cb07f552a35ca28b323f0f5239491737fd	blocked	BV1	BF2 must runner-enumerate profiles and attach imported/equivalent/not-applicable/unsupported evidence.	-
VUE-937EB3ED78A08046D563	compiler-core	packages/compiler-core/__tests__/transforms/transformElement.spec.ts:406:3	dd89bc9a8c7acc63f67c72a13ed2b75cb47c7b38	single-declaration	StringLiteral	14511ac171d881b878848e064db9b51f50a13bac02889f53eac97342b334f6fb	blocked	BV1	BF2 must runner-enumerate profiles and attach imported/equivalent/not-applicable/unsupported evidence.	-
VUE-C66834EBC418EB1F8791	compiler-core	packages/compiler-core/__tests__/transforms/transformElement.spec.ts:427:3	dd89bc9a8c7acc63f67c72a13ed2b75cb47c7b38	single-declaration	StringLiteral	dc608da4b5dadb02d04814c4990129cc7a205c9ca313984af9d28f61198818d6	blocked	BV1	BF2 must runner-enumerate profiles and attach imported/equivalent/not-applicable/unsupported evidence.	-
VUE-09E529B85FE38387F075	compiler-core	packages/compiler-core/__tests__/transforms/transformElement.spec.ts:448:3	dd89bc9a8c7acc63f67c72a13ed2b75cb47c7b38	single-declaration	StringLiteral	a12a4135c55a2f61181ca80da83ed6070f996bba5a54eb8e6c0530d8222917ef	blocked	BV1	BF2 must runner-enumerate profiles and attach imported/equivalent/not-applicable/unsupported evidence.	-
VUE-B61C665FE870FCF06F97	compiler-core	packages/compiler-core/__tests__/transforms/transformElement.spec.ts:472:3	dd89bc9a8c7acc63f67c72a13ed2b75cb47c7b38	single-declaration	StringLiteral	1e4a10a777e5b70a88ac8349a80b42d9113cc5377de30b5244a92ed121feed29	blocked	BV1	BF2 must runner-enumerate profiles and attach imported/equivalent/not-applicable/unsupported evidence.	-
VUE-EE70BE3FA05CE242B833	compiler-core	packages/compiler-core/__tests__/transforms/transformElement.spec.ts:503:3	dd89bc9a8c7acc63f67c72a13ed2b75cb47c7b38	single-declaration	StringLiteral	1cb773e2f2917e9495a5265a516cd99dcb0182df597f289827dfd859bb5068cf	blocked	BV1	BF2 must runner-enumerate profiles and attach imported/equivalent/not-applicable/unsupported evidence.	-
VUE-5A3DF4FF157104F352C8	compiler-core	packages/compiler-core/__tests__/transforms/transformElement.spec.ts:533:3	dd89bc9a8c7acc63f67c72a13ed2b75cb47c7b38	single-declaration	StringLiteral	4f7f6b055a73988a2b835d75dda29e389232b406bab291fbf2efd515cb4ffb7d	blocked	BV1	BF2 must runner-enumerate profiles and attach imported/equivalent/not-applicable/unsupported evidence.	-
VUE-114C7B0D54DFC5748C33	compiler-core	packages/compiler-core/__tests__/transforms/transformElement.spec.ts:565:3	dd89bc9a8c7acc63f67c72a13ed2b75cb47c7b38	single-declaration	StringLiteral	c2f9ae07481272b0147fdc7fd6d1bdd2da343afd22ffaa8b1b6f7edafd1e3486	blocked	BV1	BF2 must runner-enumerate profiles and attach imported/equivalent/not-applicable/unsupported evidence.	-
VUE-B5A365EC2586D8CD1E4A	compiler-core	packages/compiler-core/__tests__/transforms/transformElement.spec.ts:576:3	dd89bc9a8c7acc63f67c72a13ed2b75cb47c7b38	single-declaration	StringLiteral	e0d1ed388405063eb90c766c9e456428f4bf98813a45fa5a202e9762ba49b792	blocked	BV1	BF2 must runner-enumerate profiles and attach imported/equivalent/not-applicable/unsupported evidence.	-
VUE-F5F5E445010B05C0D3B9	compiler-core	packages/compiler-core/__tests__/transforms/transformElement.spec.ts:606:3	dd89bc9a8c7acc63f67c72a13ed2b75cb47c7b38	single-declaration	StringLiteral	596c5574ee0311cd65d78e7e32aa6a1a06a078a09de99b0f4c79bc86de49f5a3	blocked	BV1	BF2 must runner-enumerate profiles and attach imported/equivalent/not-applicable/unsupported evidence.	-
VUE-296A0ECB068536596B1E	compiler-core	packages/compiler-core/__tests__/transforms/transformElement.spec.ts:645:3	dd89bc9a8c7acc63f67c72a13ed2b75cb47c7b38	single-declaration	StringLiteral	d7cc5162f4b04941b1e984462bdfde4e358e04d39cd3f436fb6bbff8e8703069	blocked	BV1	BF2 must runner-enumerate profiles and attach imported/equivalent/not-applicable/unsupported evidence.	-
VUE-7D7F9C566B943FEC44E8	compiler-core	packages/compiler-core/__tests__/transforms/transformElement.spec.ts:670:3	dd89bc9a8c7acc63f67c72a13ed2b75cb47c7b38	single-declaration	StringLiteral	55de30913b01ca42703414c661bab069ae388ef3dc070367097f0f9967ae4722	blocked	BV1	BF2 must runner-enumerate profiles and attach imported/equivalent/not-applicable/unsupported evidence.	-
VUE-B1031CB6008AC7DC6056	compiler-core	packages/compiler-core/__tests__/transforms/transformElement.spec.ts:694:3	dd89bc9a8c7acc63f67c72a13ed2b75cb47c7b38	single-declaration	StringLiteral	3aa3704c3ffe514c2d2076d66a7cbd9d98cf17aeed821e011043cc2879e57f77	blocked	BV1	BF2 must runner-enumerate profiles and attach imported/equivalent/not-applicable/unsupported evidence.	-
VUE-D80BC774A35BF3C4BB16	compiler-core	packages/compiler-core/__tests__/transforms/transformElement.spec.ts:704:3	dd89bc9a8c7acc63f67c72a13ed2b75cb47c7b38	single-declaration	StringLiteral	42d0d8e26f0b4df93633bc5500eeafc9fed4f90a3c1b3b60af3975a18b1c509a	blocked	BV1	BF2 must runner-enumerate profiles and attach imported/equivalent/not-applicable/unsupported evidence.	-
VUE-DB38381F63F780B94B46	compiler-core	packages/compiler-core/__tests__/transforms/transformElement.spec.ts:733:3	dd89bc9a8c7acc63f67c72a13ed2b75cb47c7b38	single-declaration	StringLiteral	91d5621d35ba262092cec2e8fcb104497a5752d8c63f8ad332208ade2ddb1798	blocked	BV1	BF2 must runner-enumerate profiles and attach imported/equivalent/not-applicable/unsupported evidence.	-
VUE-3375A20E7E075A0015B4	compiler-core	packages/compiler-core/__tests__/transforms/transformElement.spec.ts:780:3	dd89bc9a8c7acc63f67c72a13ed2b75cb47c7b38	single-declaration	StringLiteral	38689cbbd17cffec07005a72f445c9b715a1aa0e7c6fd70a1fea5c42b622b261	blocked	BV1	BF2 must runner-enumerate profiles and attach imported/equivalent/not-applicable/unsupported evidence.	-
VUE-4DF80907F46D607E6CD3	compiler-core	packages/compiler-core/__tests__/transforms/transformElement.spec.ts:803:3	dd89bc9a8c7acc63f67c72a13ed2b75cb47c7b38	single-declaration	StringLiteral	77e153251f6c77889a7f47bc33c75602f83a8705386e7d5508e91044c9c10cad	blocked	BV1	BF2 must runner-enumerate profiles and attach imported/equivalent/not-applicable/unsupported evidence.	-
VUE-99617B37095866371917	compiler-core	packages/compiler-core/__tests__/transforms/transformElement.spec.ts:84:3	dd89bc9a8c7acc63f67c72a13ed2b75cb47c7b38	single-declaration	StringLiteral	6a3d61c596010a24434bf372b3e9e578246d941072e36849c552908284541e87	blocked	BV1	BF2 must runner-enumerate profiles and attach imported/equivalent/not-applicable/unsupported evidence.	-
VUE-A678355C44510FA7A1E5	compiler-core	packages/compiler-core/__tests__/transforms/transformElement.spec.ts:886:3	dd89bc9a8c7acc63f67c72a13ed2b75cb47c7b38	single-declaration	TemplateLiteral	4913eab9200dcc78a9d16c0ee8e2a0297c1d59dee2a6001422bbde72e6d99066	blocked	BV1	BF2 must runner-enumerate profiles and attach imported/equivalent/not-applicable/unsupported evidence.	-
VUE-5C8F1A16C435DCB70D35	compiler-core	packages/compiler-core/__tests__/transforms/transformElement.spec.ts:90:3	dd89bc9a8c7acc63f67c72a13ed2b75cb47c7b38	single-declaration	StringLiteral	dc7ed34d8fa73d231092094a0a0dc97a4dddaa484e258c6ee3936bba394f1e25	blocked	BV1	BF2 must runner-enumerate profiles and attach imported/equivalent/not-applicable/unsupported evidence.	-
VUE-97B067BDC32578BE13BF	compiler-core	packages/compiler-core/__tests__/transforms/transformElement.spec.ts:925:3	dd89bc9a8c7acc63f67c72a13ed2b75cb47c7b38	single-declaration	TemplateLiteral	f26febc9f2780ec89f201e24f935d98567d3f651d55f35e9447a36335bf7b82e	blocked	BV1	BF2 must runner-enumerate profiles and attach imported/equivalent/not-applicable/unsupported evidence.	-
VUE-0B8D1917F853F356A3F7	compiler-core	packages/compiler-core/__tests__/transforms/transformElement.spec.ts:972:3	dd89bc9a8c7acc63f67c72a13ed2b75cb47c7b38	single-declaration	TemplateLiteral	6f03dbe2560c959adca6e0bd74f5b3b01dc6cfd0dacd60325090befb8c2a0b90	blocked	BV1	BF2 must runner-enumerate profiles and attach imported/equivalent/not-applicable/unsupported evidence.	-
VUE-05D28F4C7B744EC4BE77	compiler-core	packages/compiler-core/__tests__/transforms/transformElement.spec.ts:98:3	dd89bc9a8c7acc63f67c72a13ed2b75cb47c7b38	single-declaration	StringLiteral	5a3d4dee954f31b7ad56be0bec48e1a77f9ef56264c808351a1562a5ee71768a	blocked	BV1	BF2 must runner-enumerate profiles and attach imported/equivalent/not-applicable/unsupported evidence.	-
VUE-2CAEF993CB850B37085C	compiler-core	packages/compiler-core/__tests__/transforms/transformExpressions.spec.ts:108:3	2f1e6eb64122c29ed7408c345dccb70322e6b9ff	single-declaration	StringLiteral	5f5fa2b3fff1bfe55cf79a26b40cb215fc97064ba89811335932b3f574808198	blocked	BV1	BF2 must runner-enumerate profiles and attach imported/equivalent/not-applicable/unsupported evidence.	-
VUE-AEB88A19B77E6722CE0E	compiler-core	packages/compiler-core/__tests__/transforms/transformExpressions.spec.ts:124:3	2f1e6eb64122c29ed7408c345dccb70322e6b9ff	single-declaration	StringLiteral	92305e6c2d4cc3b05b0152625d05d751192592454b375e96c1d9bfaff9214fe4	blocked	BV1	BF2 must runner-enumerate profiles and attach imported/equivalent/not-applicable/unsupported evidence.	-
VUE-13051186D2110C60BD83	compiler-core	packages/compiler-core/__tests__/transforms/transformExpressions.spec.ts:160:3	2f1e6eb64122c29ed7408c345dccb70322e6b9ff	single-declaration	StringLiteral	388ddcd9651d1586816af1fb446cdc90307896a8fa5ae2642b17a8b24170f945	blocked	BV1	BF2 must runner-enumerate profiles and attach imported/equivalent/not-applicable/unsupported evidence.	-
VUE-DE07E8E1FAE6396F7736	compiler-core	packages/compiler-core/__tests__/transforms/transformExpressions.spec.ts:178:3	2f1e6eb64122c29ed7408c345dccb70322e6b9ff	single-declaration	StringLiteral	5208cb60f66343403bef9c073c3d75b184c55a803520f080df539d17e742e3a0	blocked	BV1	BF2 must runner-enumerate profiles and attach imported/equivalent/not-applicable/unsupported evidence.	-
VUE-A049364099971EDFAEE1	compiler-core	packages/compiler-core/__tests__/transforms/transformExpressions.spec.ts:194:3	2f1e6eb64122c29ed7408c345dccb70322e6b9ff	single-declaration	StringLiteral	1a2f3f991a06f3932b1fc39cdcfe1c66346e14d34a09a02e8b4eae2ad422a7c6	blocked	BV1	BF2 must runner-enumerate profiles and attach imported/equivalent/not-applicable/unsupported evidence.	-
VUE-92BC951EB622C6964558	compiler-core	packages/compiler-core/__tests__/transforms/transformExpressions.spec.ts:210:3	2f1e6eb64122c29ed7408c345dccb70322e6b9ff	single-declaration	StringLiteral	a9d6ebcc039bb26b302e15e3dc01e3b898a279b58115b1c0a8bfb2b917be8220	blocked	BV1	BF2 must runner-enumerate profiles and attach imported/equivalent/not-applicable/unsupported evidence.	-
VUE-F0BE355B6FCF4A9E2A4D	compiler-core	packages/compiler-core/__tests__/transforms/transformExpressions.spec.ts:226:3	2f1e6eb64122c29ed7408c345dccb70322e6b9ff	single-declaration	StringLiteral	c658d74b85a5d6d8a5b747cca04d021e6f9df192e75e7e3ff2be84343cb653d3	blocked	BV1	BF2 must runner-enumerate profiles and attach imported/equivalent/not-applicable/unsupported evidence.	-
VUE-0A509FBFB6951827F7EF	compiler-core	packages/compiler-core/__tests__/transforms/transformExpressions.spec.ts:245:3	2f1e6eb64122c29ed7408c345dccb70322e6b9ff	single-declaration	StringLiteral	128fb27758eec6be5b42359a185e0f7123502e5f8f26c35b48641641d322b782	blocked	BV1	BF2 must runner-enumerate profiles and attach imported/equivalent/not-applicable/unsupported evidence.	-
VUE-6AF4D247D60348B44A92	compiler-core	packages/compiler-core/__tests__/transforms/transformExpressions.spec.ts:262:3	2f1e6eb64122c29ed7408c345dccb70322e6b9ff	single-declaration	StringLiteral	5de8fd4da79bf2d7c096b519a3014af3b6ca150f53cc5a2875187f0410d8a637	blocked	BV1	BF2 must runner-enumerate profiles and attach imported/equivalent/not-applicable/unsupported evidence.	-
VUE-E3E618448479C318F552	compiler-core	packages/compiler-core/__tests__/transforms/transformExpressions.spec.ts:280:3	2f1e6eb64122c29ed7408c345dccb70322e6b9ff	single-declaration	StringLiteral	4a3eefb6de23b932f85689d47a7b4df4f50a3795e5930515fbadeb501f600fe0	blocked	BV1	BF2 must runner-enumerate profiles and attach imported/equivalent/not-applicable/unsupported evidence.	-
VUE-8689DA913A1D62BA93D0	compiler-core	packages/compiler-core/__tests__/transforms/transformExpressions.spec.ts:299:3	2f1e6eb64122c29ed7408c345dccb70322e6b9ff	single-declaration	StringLiteral	c477abe46ee7c3aac044d42d0dfc53a5e96c4a22f540d40f7cfc9d09a4f4bda8	blocked	BV1	BF2 must runner-enumerate profiles and attach imported/equivalent/not-applicable/unsupported evidence.	-
VUE-B1716189DF09B108F537	compiler-core	packages/compiler-core/__tests__/transforms/transformExpressions.spec.ts:315:3	2f1e6eb64122c29ed7408c345dccb70322e6b9ff	single-declaration	StringLiteral	479f373e3ef17dd08f175434e416988d0ad4856c5061293ffebc409c9f4c92bc	blocked	BV1	BF2 must runner-enumerate profiles and attach imported/equivalent/not-applicable/unsupported evidence.	-
VUE-078B98DA48D061A5880D	compiler-core	packages/compiler-core/__tests__/transforms/transformExpressions.spec.ts:325:3	2f1e6eb64122c29ed7408c345dccb70322e6b9ff	single-declaration	StringLiteral	3fbd1eb87f5a6ae4eb436a19e739897925556e287e80585ed884b125a75895eb	blocked	BV1	BF2 must runner-enumerate profiles and attach imported/equivalent/not-applicable/unsupported evidence.	-
VUE-16B6795F65BE55B716A9	compiler-core	packages/compiler-core/__tests__/transforms/transformExpressions.spec.ts:341:3	2f1e6eb64122c29ed7408c345dccb70322e6b9ff	single-declaration	StringLiteral	5dcb0f486f93c593fe1bfa7c92fc8d397d119880f8cf75db703cf1d1ebe5bc2c	blocked	BV1	BF2 must runner-enumerate profiles and attach imported/equivalent/not-applicable/unsupported evidence.	-
VUE-3D586CC6A4A813262498	compiler-core	packages/compiler-core/__tests__/transforms/transformExpressions.spec.ts:35:3	2f1e6eb64122c29ed7408c345dccb70322e6b9ff	single-declaration	StringLiteral	f18a0681fa37f68568b264117ccb4d0d2e2e3e3b5b60a33a4782414bb40bea8e	blocked	BV1	BF2 must runner-enumerate profiles and attach imported/equivalent/not-applicable/unsupported evidence.	-
VUE-DDE2363D9FAF3A4E213E	compiler-core	packages/compiler-core/__tests__/transforms/transformExpressions.spec.ts:351:3	2f1e6eb64122c29ed7408c345dccb70322e6b9ff	single-declaration	StringLiteral	3e01fe471a92fbe2bac7e497ec204fc0f4ef6b34e8e1a4e86bf3334a496dff04	blocked	BV1	BF2 must runner-enumerate profiles and attach imported/equivalent/not-applicable/unsupported evidence.	-
VUE-D9E1179334AFD48CC7C3	compiler-core	packages/compiler-core/__tests__/transforms/transformExpressions.spec.ts:367:3	2f1e6eb64122c29ed7408c345dccb70322e6b9ff	single-declaration	StringLiteral	11dfd4d374b3cdeab27bbcbe0412bcf1557058bd623511e5791371f899c6781b	blocked	BV1	BF2 must runner-enumerate profiles and attach imported/equivalent/not-applicable/unsupported evidence.	-
VUE-894CDBC132DB71CCF4B9	compiler-core	packages/compiler-core/__tests__/transforms/transformExpressions.spec.ts:384:3	2f1e6eb64122c29ed7408c345dccb70322e6b9ff	single-declaration	StringLiteral	34eb39ca1ebe284d2f07a52e8c1f187a4180a6a4411f7f98fc31d77cd79694ae	blocked	BV1	BF2 must runner-enumerate profiles and attach imported/equivalent/not-applicable/unsupported evidence.	-
VUE-C12AEA6BE9AF01890177	compiler-core	packages/compiler-core/__tests__/transforms/transformExpressions.spec.ts:392:3	2f1e6eb64122c29ed7408c345dccb70322e6b9ff	single-declaration	StringLiteral	fd126bd7ddae40b369a46949a295c73b11f4a9a89309d4c9053a1cbe6dcdaf87	blocked	BV1	BF2 must runner-enumerate profiles and attach imported/equivalent/not-applicable/unsupported evidence.	-
VUE-F8F9FEE08C9E2DE21D8F	compiler-core	packages/compiler-core/__tests__/transforms/transformExpressions.spec.ts:403:3	2f1e6eb64122c29ed7408c345dccb70322e6b9ff	single-declaration	StringLiteral	27fb122f5aa842e061f29576453ad260fa6ee2c34433cad76e3a00e69cd261d2	blocked	BV1	BF2 must runner-enumerate profiles and attach imported/equivalent/not-applicable/unsupported evidence.	-
VUE-3223F2CA01C9E334AE8E	compiler-core	packages/compiler-core/__tests__/transforms/transformExpressions.spec.ts:413:3	2f1e6eb64122c29ed7408c345dccb70322e6b9ff	single-declaration	StringLiteral	d6a40d2b95802d009273b5bcb319910d5e8b5bfd32cc06a68814e97cf9065366	blocked	BV1	BF2 must runner-enumerate profiles and attach imported/equivalent/not-applicable/unsupported evidence.	-
VUE-FD3EA0A48E0E7ACA8F9B	compiler-core	packages/compiler-core/__tests__/transforms/transformExpressions.spec.ts:43:3	2f1e6eb64122c29ed7408c345dccb70322e6b9ff	single-declaration	StringLiteral	f2bac62fd80b3835c3a97b51dfa3a5d54b8927a79501cdfc545fbf6af34519d9	blocked	BV1	BF2 must runner-enumerate profiles and attach imported/equivalent/not-applicable/unsupported evidence.	-
VUE-E592B0FD325B82958267	compiler-core	packages/compiler-core/__tests__/transforms/transformExpressions.spec.ts:431:3	2f1e6eb64122c29ed7408c345dccb70322e6b9ff	single-declaration	StringLiteral	c9a34384d31180b764302e629826bb65becad904dfb4e719c60fdc2a5cbefa8e	blocked	BV1	BF2 must runner-enumerate profiles and attach imported/equivalent/not-applicable/unsupported evidence.	-
VUE-75CE789F8EB651F48FA0	compiler-core	packages/compiler-core/__tests__/transforms/transformExpressions.spec.ts:441:3	2f1e6eb64122c29ed7408c345dccb70322e6b9ff	single-declaration	StringLiteral	79311ba9454ea649168b500f8249fd1909ab700240f83da2cf3be1742cfc7c5e	blocked	BV1	BF2 must runner-enumerate profiles and attach imported/equivalent/not-applicable/unsupported evidence.	-
VUE-FD3DCE887F7063A699FB	compiler-core	packages/compiler-core/__tests__/transforms/transformExpressions.spec.ts:450:3	2f1e6eb64122c29ed7408c345dccb70322e6b9ff	single-declaration	StringLiteral	dd87b7680bf6fa993876688bb0b6fa915b01c4638d7cac58538929c9ec789a82	blocked	BV1	BF2 must runner-enumerate profiles and attach imported/equivalent/not-applicable/unsupported evidence.	-
VUE-8FE6C3BEC0076FFA6C4A	compiler-core	packages/compiler-core/__tests__/transforms/transformExpressions.spec.ts:465:3	2f1e6eb64122c29ed7408c345dccb70322e6b9ff	single-declaration	StringLiteral	f52c2770ec030f875fb33e50efee4e5481a9cff0a62b1d0a8fce9bcbe6299f53	blocked	BV1	BF2 must runner-enumerate profiles and attach imported/equivalent/not-applicable/unsupported evidence.	-
VUE-AB62A11E1552EC093D0F	compiler-core	packages/compiler-core/__tests__/transforms/transformExpressions.spec.ts:479:3	2f1e6eb64122c29ed7408c345dccb70322e6b9ff	single-declaration	StringLiteral	545eae8d4c74f6ee10bbc484f68f95639dfd7382c7aeb67bc013346b4e76aff9	blocked	BV1	BF2 must runner-enumerate profiles and attach imported/equivalent/not-applicable/unsupported evidence.	-
VUE-8BED82C35A722CD0B57A	compiler-core	packages/compiler-core/__tests__/transforms/transformExpressions.spec.ts:493:3	2f1e6eb64122c29ed7408c345dccb70322e6b9ff	single-declaration	StringLiteral	462033dc954330e4daf2c4bf4c02541f487a64a2f1e91b08cd3066711ec515c4	blocked	BV1	BF2 must runner-enumerate profiles and attach imported/equivalent/not-applicable/unsupported evidence.	-
VUE-7877FA4FC23A0666A113	compiler-core	packages/compiler-core/__tests__/transforms/transformExpressions.spec.ts:507:3	2f1e6eb64122c29ed7408c345dccb70322e6b9ff	single-declaration	StringLiteral	e58bfd9b789af93a15b783b396a9b3cb2fe81347d3e9466931492db33ea3d581	blocked	BV1	BF2 must runner-enumerate profiles and attach imported/equivalent/not-applicable/unsupported evidence.	-
VUE-B9B5730C6EF1F5063554	compiler-core	packages/compiler-core/__tests__/transforms/transformExpressions.spec.ts:521:3	2f1e6eb64122c29ed7408c345dccb70322e6b9ff	single-declaration	StringLiteral	a0f17c4f8941a719d5ef8996035b5c21843ee27943f75cdf43b9dad0775485f9	blocked	BV1	BF2 must runner-enumerate profiles and attach imported/equivalent/not-applicable/unsupported evidence.	-
VUE-08F6BDDCD2CE4DE6489F	compiler-core	packages/compiler-core/__tests__/transforms/transformExpressions.spec.ts:533:3	2f1e6eb64122c29ed7408c345dccb70322e6b9ff	single-declaration	StringLiteral	66a99bf2847075cd00ad5ffac97c048777126abaa6ac74eff91103b05f59b0fd	blocked	BV1	BF2 must runner-enumerate profiles and attach imported/equivalent/not-applicable/unsupported evidence.	-
VUE-294498344BB795E9F7B0	compiler-core	packages/compiler-core/__tests__/transforms/transformExpressions.spec.ts:550:5	2f1e6eb64122c29ed7408c345dccb70322e6b9ff	single-declaration	StringLiteral	c4b382ff56534d875e76b4eceae0f59949a4c3d1fb044124f914de47e07d5c7a	blocked	BV1	BF2 must runner-enumerate profiles and attach imported/equivalent/not-applicable/unsupported evidence.	-
VUE-41BD44A788E176C0C8D3	compiler-core	packages/compiler-core/__tests__/transforms/transformExpressions.spec.ts:562:5	2f1e6eb64122c29ed7408c345dccb70322e6b9ff	single-declaration	StringLiteral	ac674b3815479088ea43ba12dd9ecb8d5244d59299153428ab8f129915e6d413	blocked	BV1	BF2 must runner-enumerate profiles and attach imported/equivalent/not-applicable/unsupported evidence.	-
VUE-7E29B914CBC79836DC67	compiler-core	packages/compiler-core/__tests__/transforms/transformExpressions.spec.ts:572:5	2f1e6eb64122c29ed7408c345dccb70322e6b9ff	single-declaration	StringLiteral	7121719f1d94a32a76f42de6e7a54f51d378862280a65a2179f5a9077ed33087	blocked	BV1	BF2 must runner-enumerate profiles and attach imported/equivalent/not-applicable/unsupported evidence.	-
VUE-7BB2334768F5A845F11B	compiler-core	packages/compiler-core/__tests__/transforms/transformExpressions.spec.ts:588:5	2f1e6eb64122c29ed7408c345dccb70322e6b9ff	single-declaration	StringLiteral	3d674527c0c5d5caee43190c4e9a6a0326deae6edb6ec1419e9e19cb21d081d6	blocked	BV1	BF2 must runner-enumerate profiles and attach imported/equivalent/not-applicable/unsupported evidence.	-
VUE-C26D6001A65D9CB98E25	compiler-core	packages/compiler-core/__tests__/transforms/transformExpressions.spec.ts:61:3	2f1e6eb64122c29ed7408c345dccb70322e6b9ff	single-declaration	StringLiteral	b0eba2709eee0d69afc89d47928fa993c5547b8569bea93a68f225cafce13ca1	blocked	BV1	BF2 must runner-enumerate profiles and attach imported/equivalent/not-applicable/unsupported evidence.	-
VUE-31855C99C04704B448EF	compiler-core	packages/compiler-core/__tests__/transforms/transformExpressions.spec.ts:634:5	2f1e6eb64122c29ed7408c345dccb70322e6b9ff	single-declaration	StringLiteral	5e0bc0cb6f5075e96b32428ecfa461d4b7e57cee67f083be2ef9b70d1fe99a82	blocked	BV1	BF2 must runner-enumerate profiles and attach imported/equivalent/not-applicable/unsupported evidence.	-
VUE-C0D7EFF7164BF639C033	compiler-core	packages/compiler-core/__tests__/transforms/transformExpressions.spec.ts:647:5	2f1e6eb64122c29ed7408c345dccb70322e6b9ff	single-declaration	StringLiteral	3b5830b515e6f1142dec6148dfbeb7dca98960f17f779ba46dc30b990fe08ea8	blocked	BV1	BF2 must runner-enumerate profiles and attach imported/equivalent/not-applicable/unsupported evidence.	-
VUE-93CA0E0FB2BBEC788C5E	compiler-core	packages/compiler-core/__tests__/transforms/transformExpressions.spec.ts:661:5	2f1e6eb64122c29ed7408c345dccb70322e6b9ff	single-declaration	StringLiteral	81bc939bceef95888272e688e71f781a78b1d864c86abc8323cc895a67e8e286	blocked	BV1	BF2 must runner-enumerate profiles and attach imported/equivalent/not-applicable/unsupported evidence.	-
VUE-814EC3499E3262CEAFA0	compiler-core	packages/compiler-core/__tests__/transforms/transformExpressions.spec.ts:672:5	2f1e6eb64122c29ed7408c345dccb70322e6b9ff	single-declaration	StringLiteral	cdc61b7a45b7b69010d58c53ac7283055002394210b4dda8693cb8575e2c72af	blocked	BV1	BF2 must runner-enumerate profiles and attach imported/equivalent/not-applicable/unsupported evidence.	-
VUE-9065A320C108EDC5060C	compiler-core	packages/compiler-core/__tests__/transforms/transformExpressions.spec.ts:681:5	2f1e6eb64122c29ed7408c345dccb70322e6b9ff	single-declaration	StringLiteral	f35cb174ae65217aeed65df1dd5912592959bb516b40578a0a2eeb7de98e50fa	blocked	BV1	BF2 must runner-enumerate profiles and attach imported/equivalent/not-applicable/unsupported evidence.	-
VUE-97506546621BC995ABBB	compiler-core	packages/compiler-core/__tests__/transforms/transformExpressions.spec.ts:692:5	2f1e6eb64122c29ed7408c345dccb70322e6b9ff	single-declaration	StringLiteral	351222eaa0fc6f993e7542c381f3093e1e6ab9966850ebb333404baea989fb09	blocked	BV1	BF2 must runner-enumerate profiles and attach imported/equivalent/not-applicable/unsupported evidence.	-
VUE-FD5D25231918881CAABF	compiler-core	packages/compiler-core/__tests__/transforms/transformExpressions.spec.ts:72:3	2f1e6eb64122c29ed7408c345dccb70322e6b9ff	single-declaration	StringLiteral	b2a019d11453018008174995c5783f07641aa96c5fef109ead4862f7c26cce84	blocked	BV1	BF2 must runner-enumerate profiles and attach imported/equivalent/not-applicable/unsupported evidence.	-
VUE-0DBCC539BBBCD3EA9DE6	compiler-core	packages/compiler-core/__tests__/transforms/transformExpressions.spec.ts:721:5	2f1e6eb64122c29ed7408c345dccb70322e6b9ff	single-declaration	StringLiteral	02576af8086afe44b87ac6651247a219e56b826dd80506fc5fe0bd2276dd9066	blocked	BV1	BF2 must runner-enumerate profiles and attach imported/equivalent/not-applicable/unsupported evidence.	-
VUE-71265AF1A80C4532A3FD	compiler-core	packages/compiler-core/__tests__/transforms/transformExpressions.spec.ts:731:5	2f1e6eb64122c29ed7408c345dccb70322e6b9ff	single-declaration	StringLiteral	02439ffc08a56ee94a77658a93f6655ea3c8b44d2744a63b722ecc82fbf64b3a	blocked	BV1	BF2 must runner-enumerate profiles and attach imported/equivalent/not-applicable/unsupported evidence.	-
VUE-74A0B19AC0E1549B987D	compiler-core	packages/compiler-core/__tests__/transforms/transformExpressions.spec.ts:748:5	2f1e6eb64122c29ed7408c345dccb70322e6b9ff	single-declaration	StringLiteral	942afd4b2a9a6ff2fef4be4d2df8e951b7986dba2c81a91068e5902ef123aeaf	blocked	BV1	BF2 must runner-enumerate profiles and attach imported/equivalent/not-applicable/unsupported evidence.	-
VUE-D3F68036D72E91F8A892	compiler-core	packages/compiler-core/__tests__/transforms/transformExpressions.spec.ts:92:3	2f1e6eb64122c29ed7408c345dccb70322e6b9ff	single-declaration	StringLiteral	00472efc177f41b1f20e9a3ab04c89dac83a3e2b01f1364a2ed3df88a0e80b2a	blocked	BV1	BF2 must runner-enumerate profiles and attach imported/equivalent/not-applicable/unsupported evidence.	-
VUE-303A769843B4BAB6F8E9	compiler-core	packages/compiler-core/__tests__/transforms/transformSlotOutlet.spec.ts:146:3	6420bdbbdac7f13295eb4021acc15f9eeb986691	single-declaration	StringLiteral	fd82c4bfbf83d47aab68c85666a5de91f79c8e5fbf9f84028a556248c2ad274f	blocked	BV1	BF2 must runner-enumerate profiles and attach imported/equivalent/not-applicable/unsupported evidence.	-
VUE-32ED3E2C06A5FF35A9C4	compiler-core	packages/compiler-core/__tests__/transforms/transformSlotOutlet.spec.ts:184:3	6420bdbbdac7f13295eb4021acc15f9eeb986691	single-declaration	StringLiteral	64ff8c079c0358c64d2b7f84268c8d878d02e05a517dc2194331709fe1eb81fb	blocked	BV1	BF2 must runner-enumerate profiles and attach imported/equivalent/not-applicable/unsupported evidence.	-
VUE-E54E862E6FCF0781C8BE	compiler-core	packages/compiler-core/__tests__/transforms/transformSlotOutlet.spec.ts:222:3	6420bdbbdac7f13295eb4021acc15f9eeb986691	single-declaration	StringLiteral	ae33eaca283faa1d96127dd02dad1362017ba893fa5cafb0bf4414f00f5d7ae2	blocked	BV1	BF2 must runner-enumerate profiles and attach imported/equivalent/not-applicable/unsupported evidence.	-
VUE-5D22A95419DFA0CFAF54	compiler-core	packages/compiler-core/__tests__/transforms/transformSlotOutlet.spec.ts:245:3	6420bdbbdac7f13295eb4021acc15f9eeb986691	single-declaration	StringLiteral	61662539fab4de5a3b1781ce5d97b1fd598b7accc913df4870a4cda816e930d3	blocked	BV1	BF2 must runner-enumerate profiles and attach imported/equivalent/not-applicable/unsupported evidence.	-
VUE-0D62A0BB7074633C6A16	compiler-core	packages/compiler-core/__tests__/transforms/transformSlotOutlet.spec.ts:268:3	6420bdbbdac7f13295eb4021acc15f9eeb986691	single-declaration	StringLiteral	fe452550c74032631daa3dbfe3fb83512b0cb1ca4abfd66ebbf6e1e45abedff5	blocked	BV1	BF2 must runner-enumerate profiles and attach imported/equivalent/not-applicable/unsupported evidence.	-
VUE-05BAF4D8318B4B38870B	compiler-core	packages/compiler-core/__tests__/transforms/transformSlotOutlet.spec.ts:305:3	6420bdbbdac7f13295eb4021acc15f9eeb986691	single-declaration	StringLiteral	0b6cf97a20451ddd89ab4c9b1ebf0417f460b8ece39a4ea0b54ae39854efd496	blocked	BV1	BF2 must runner-enumerate profiles and attach imported/equivalent/not-applicable/unsupported evidence.	-
VUE-675BEA0DF5E0720C8376	compiler-core	packages/compiler-core/__tests__/transforms/transformSlotOutlet.spec.ts:34:3	6420bdbbdac7f13295eb4021acc15f9eeb986691	single-declaration	StringLiteral	9680c7770305acfce33d6b616c71ad0e39b688849f9b7a8f9d2dcd8c9a18e4b6	blocked	BV1	BF2 must runner-enumerate profiles and attach imported/equivalent/not-applicable/unsupported evidence.	-
VUE-6DEE7E697888D04F33FD	compiler-core	packages/compiler-core/__tests__/transforms/transformSlotOutlet.spec.ts:342:3	6420bdbbdac7f13295eb4021acc15f9eeb986691	single-declaration	StringLiteral	7f3501e80d66c4a32f1f91170bbe19cb75ded0c4337c1eccbfd5fbb5245f15c7	blocked	BV1	BF2 must runner-enumerate profiles and attach imported/equivalent/not-applicable/unsupported evidence.	-
VUE-365917A7D1F2053EA9F6	compiler-core	packages/compiler-core/__tests__/transforms/transformSlotOutlet.spec.ts:371:3	6420bdbbdac7f13295eb4021acc15f9eeb986691	single-declaration	TemplateLiteral	07308bd28758b34704dc6b64aaaeccd029ada073bd11645c984723317fc1f57d	blocked	BV1	BF2 must runner-enumerate profiles and attach imported/equivalent/not-applicable/unsupported evidence.	-
VUE-4C24D561191639A21FA2	compiler-core	packages/compiler-core/__tests__/transforms/transformSlotOutlet.spec.ts:393:3	6420bdbbdac7f13295eb4021acc15f9eeb986691	single-declaration	StringLiteral	b25c7018de858221a62511cfef5cbbc24837f61e300713fdf98b384eb2f71bcb	blocked	BV1	BF2 must runner-enumerate profiles and attach imported/equivalent/not-applicable/unsupported evidence.	-
VUE-4F8542D8C8F993B7D489	compiler-core	packages/compiler-core/__tests__/transforms/transformSlotOutlet.spec.ts:43:3	6420bdbbdac7f13295eb4021acc15f9eeb986691	single-declaration	StringLiteral	178e167aa87369e9f902e5f7e985d3251c7d395e8ce2e87d2fbf400acf6673ba	blocked	BV1	BF2 must runner-enumerate profiles and attach imported/equivalent/not-applicable/unsupported evidence.	-
VUE-546BB376ADC037FCA9AC	compiler-core	packages/compiler-core/__tests__/transforms/transformSlotOutlet.spec.ts:52:3	6420bdbbdac7f13295eb4021acc15f9eeb986691	single-declaration	StringLiteral	b7d289f53965cb492e0acd40c44f5fa0a8415bc5c24748eac47d582c4475c8d0	blocked	BV1	BF2 must runner-enumerate profiles and attach imported/equivalent/not-applicable/unsupported evidence.	-
VUE-5DF133B4717A62A635F9	compiler-core	packages/compiler-core/__tests__/transforms/transformSlotOutlet.spec.ts:68:3	6420bdbbdac7f13295eb4021acc15f9eeb986691	single-declaration	StringLiteral	ce051c1c9c458a4cf51e5a84e5ebe8287f0e06e2b8a7a9c8b47fb375bcc811cd	blocked	BV1	BF2 must runner-enumerate profiles and attach imported/equivalent/not-applicable/unsupported evidence.	-
VUE-E746D6308E34868347D0	compiler-core	packages/compiler-core/__tests__/transforms/transformSlotOutlet.spec.ts:97:3	6420bdbbdac7f13295eb4021acc15f9eeb986691	single-declaration	StringLiteral	7d282636eaa091315d616e0b2029fb1415e624124e16487fce9658008361e0af	blocked	BV1	BF2 must runner-enumerate profiles and attach imported/equivalent/not-applicable/unsupported evidence.	-
VUE-A4B54BE8B4E8A0921BE1	compiler-core	packages/compiler-core/__tests__/transforms/transformText.spec.ts:113:3	057250de1f7bc67ae42a8280d8d428c2c7c5da9b	single-declaration	StringLiteral	bc2461d35d72a5666794aad3433984af7380927284a8492ae19caddfb5d1a671	blocked	BV1	BF2 must runner-enumerate profiles and attach imported/equivalent/not-applicable/unsupported evidence.	-
VUE-7287E9418E4139868F1A	compiler-core	packages/compiler-core/__tests__/transforms/transformText.spec.ts:131:3	057250de1f7bc67ae42a8280d8d428c2c7c5da9b	single-declaration	StringLiteral	1e654f4ac722c9f1935ef50cc48d8928639d90e6604ed28c169a88cea153b004	blocked	BV1	BF2 must runner-enumerate profiles and attach imported/equivalent/not-applicable/unsupported evidence.	-
VUE-B423227FB0165A57EAD6	compiler-core	packages/compiler-core/__tests__/transforms/transformText.spec.ts:175:3	057250de1f7bc67ae42a8280d8d428c2c7c5da9b	single-declaration	StringLiteral	2c95dea8ccd2d6aa3279fbf7fd84f114277348ec5d92ddd4f778e43d38becfaa	blocked	BV1	BF2 must runner-enumerate profiles and attach imported/equivalent/not-applicable/unsupported evidence.	-
VUE-2CC81B0825459787E11F	compiler-core	packages/compiler-core/__tests__/transforms/transformText.spec.ts:189:3	057250de1f7bc67ae42a8280d8d428c2c7c5da9b	single-declaration	StringLiteral	a5b7c2e380ed37e11c54a875e843d324d681293c34f9dff1f83c757a5628ab72	blocked	BV1	BF2 must runner-enumerate profiles and attach imported/equivalent/not-applicable/unsupported evidence.	-
VUE-F143C604AEE434E99266	compiler-core	packages/compiler-core/__tests__/transforms/transformText.spec.ts:218:3	057250de1f7bc67ae42a8280d8d428c2c7c5da9b	single-declaration	StringLiteral	29e1f337372e9cc4ca5c96678e208d190c943d18cc4877a20097125f4847151c	blocked	BV1	BF2 must runner-enumerate profiles and attach imported/equivalent/not-applicable/unsupported evidence.	-
VUE-6A089AD1CEDCEC56E739	compiler-core	packages/compiler-core/__tests__/transforms/transformText.spec.ts:34:3	057250de1f7bc67ae42a8280d8d428c2c7c5da9b	single-declaration	StringLiteral	773a9674ae506195a7024d0d4e92d7c3b4373aad79a36c91b0bdae0a7594eb69	blocked	BV1	BF2 must runner-enumerate profiles and attach imported/equivalent/not-applicable/unsupported evidence.	-
VUE-08C6F11D0CC6831D85C3	compiler-core	packages/compiler-core/__tests__/transforms/transformText.spec.ts:45:3	057250de1f7bc67ae42a8280d8d428c2c7c5da9b	single-declaration	StringLiteral	968779d1114984239a92bd6723379c4c5ee98eccb14c21861db89e43d9975330	blocked	BV1	BF2 must runner-enumerate profiles and attach imported/equivalent/not-applicable/unsupported evidence.	-
VUE-0C261C59914D13D5C37B	compiler-core	packages/compiler-core/__tests__/transforms/transformText.spec.ts:61:3	057250de1f7bc67ae42a8280d8d428c2c7c5da9b	single-declaration	StringLiteral	a3d037b9fffe043496c4a09ce5f72714d9b31ebe74784d236576558ff0342c1c	blocked	BV1	BF2 must runner-enumerate profiles and attach imported/equivalent/not-applicable/unsupported evidence.	-
VUE-81A4D9EDB4549BFBFE0D	compiler-core	packages/compiler-core/__tests__/transforms/transformText.spec.ts:90:3	057250de1f7bc67ae42a8280d8d428c2c7c5da9b	single-declaration	StringLiteral	eb3bb34635f9afe6d2489e6626c0148d5fdb51e72369ebc4b07147fc9c9f51af	blocked	BV1	BF2 must runner-enumerate profiles and attach imported/equivalent/not-applicable/unsupported evidence.	-
VUE-9E66AB33FA6E05DFE19D	compiler-core	packages/compiler-core/__tests__/transforms/vBind.spec.ts:100:3	ff21351d05da42fabdd3a6af11cfa38437d67538	single-declaration	StringLiteral	0d4aca203671b639dd4c86a517af670063e223eb24411fc00f56cbc0828e673a	blocked	BV1	BF2 must runner-enumerate profiles and attach imported/equivalent/not-applicable/unsupported evidence.	-
VUE-0C03847BF4E937CC24A6	compiler-core	packages/compiler-core/__tests__/transforms/vBind.spec.ts:115:3	ff21351d05da42fabdd3a6af11cfa38437d67538	single-declaration	StringLiteral	b94182c48603bffbc8dedd249d18cee3b07f9ad7e320c8a1b60c2e3a61f19dd4	blocked	BV1	BF2 must runner-enumerate profiles and attach imported/equivalent/not-applicable/unsupported evidence.	-
VUE-88BC16C39EFB5C02FF67	compiler-core	packages/compiler-core/__tests__/transforms/vBind.spec.ts:136:3	ff21351d05da42fabdd3a6af11cfa38437d67538	single-declaration	StringLiteral	fd28b2f21db8352051364d9fb0ef1024e6980a984cd9401d6c7a609e0c85d8fc	blocked	BV1	BF2 must runner-enumerate profiles and attach imported/equivalent/not-applicable/unsupported evidence.	-
VUE-F99AF9F9CD1CE5302885	compiler-core	packages/compiler-core/__tests__/transforms/vBind.spec.ts:162:3	ff21351d05da42fabdd3a6af11cfa38437d67538	single-declaration	StringLiteral	3c50d3ab6a573aef81a229e843636e7681ecc1cc1d8aa2b6502ffe957a0063a3	blocked	BV1	BF2 must runner-enumerate profiles and attach imported/equivalent/not-applicable/unsupported evidence.	-
VUE-AE09306D7CAD0B66F3B9	compiler-core	packages/compiler-core/__tests__/transforms/vBind.spec.ts:191:3	ff21351d05da42fabdd3a6af11cfa38437d67538	single-declaration	StringLiteral	72329637dbe367e1f6cd4253dacf455adf1e213b671f4d96a59220f50c87cca1	blocked	BV1	BF2 must runner-enumerate profiles and attach imported/equivalent/not-applicable/unsupported evidence.	-
VUE-1ECA7B393D0B26A146B4	compiler-core	packages/compiler-core/__tests__/transforms/vBind.spec.ts:206:3	ff21351d05da42fabdd3a6af11cfa38437d67538	single-declaration	StringLiteral	fe5878af25330b660e3303a881a12499af89f662d62d0ced004297026a0344b2	blocked	BV1	BF2 must runner-enumerate profiles and attach imported/equivalent/not-applicable/unsupported evidence.	-
VUE-02A6D43232D4652688DC	compiler-core	packages/compiler-core/__tests__/transforms/vBind.spec.ts:221:3	ff21351d05da42fabdd3a6af11cfa38437d67538	single-declaration	StringLiteral	3aa41baf0b0b9344022672c5f862a6aa04071870e79d3f11184307bd6f015ef3	blocked	BV1	BF2 must runner-enumerate profiles and attach imported/equivalent/not-applicable/unsupported evidence.	-
VUE-23FF9E3B71E2D8A46CB8	compiler-core	packages/compiler-core/__tests__/transforms/vBind.spec.ts:247:3	ff21351d05da42fabdd3a6af11cfa38437d67538	single-declaration	StringLiteral	a2c7e908318ff2452a094cab10b429ec19bb183216c66c5ce9cb8c340e43bbe8	blocked	BV1	BF2 must runner-enumerate profiles and attach imported/equivalent/not-applicable/unsupported evidence.	-
VUE-5717826BA969C6850E64	compiler-core	packages/compiler-core/__tests__/transforms/vBind.spec.ts:283:3	ff21351d05da42fabdd3a6af11cfa38437d67538	single-declaration	StringLiteral	1ab52d0c0abfcf8886d7807bff06680cd70ed951171e17c2f821346464374672	blocked	BV1	BF2 must runner-enumerate profiles and attach imported/equivalent/not-applicable/unsupported evidence.	-
VUE-C3C5DD4AB51E21038681	compiler-core	packages/compiler-core/__tests__/transforms/vBind.spec.ts:298:3	ff21351d05da42fabdd3a6af11cfa38437d67538	single-declaration	StringLiteral	902fa0528b1a7ad3f5a00703d8bff2f4fe0666283597a2c5a51d4950af58fe4a	blocked	BV1	BF2 must runner-enumerate profiles and attach imported/equivalent/not-applicable/unsupported evidence.	-
VUE-10AFAC95D46AE5CE4293	compiler-core	packages/compiler-core/__tests__/transforms/vBind.spec.ts:313:3	ff21351d05da42fabdd3a6af11cfa38437d67538	single-declaration	StringLiteral	23c21287e6d29a81d15b362c5485a952af6b5137d380a86b46ae10ba384745e0	blocked	BV1	BF2 must runner-enumerate profiles and attach imported/equivalent/not-applicable/unsupported evidence.	-
VUE-A486562581C90F456345	compiler-core	packages/compiler-core/__tests__/transforms/vBind.spec.ts:339:3	ff21351d05da42fabdd3a6af11cfa38437d67538	single-declaration	StringLiteral	7439af295e0f180fc75186d5cae173e49f6dfed244587ce7e3330d0626057ae3	blocked	BV1	BF2 must runner-enumerate profiles and attach imported/equivalent/not-applicable/unsupported evidence.	-
VUE-C1130B6DBFE6CF75F334	compiler-core	packages/compiler-core/__tests__/transforms/vBind.spec.ts:375:3	ff21351d05da42fabdd3a6af11cfa38437d67538	single-declaration	StringLiteral	a073f9a327a7c55f6a8197662da54c788eba12a79f43525388a9e6989057e9ad	blocked	BV1	BF2 must runner-enumerate profiles and attach imported/equivalent/not-applicable/unsupported evidence.	-
VUE-087635EB86F708A36F29	compiler-core	packages/compiler-core/__tests__/transforms/vBind.spec.ts:390:3	ff21351d05da42fabdd3a6af11cfa38437d67538	single-declaration	StringLiteral	ac26708480a83c4fc1e9f679508dc9cead10c29bf3e2b16685d2257939e9adcf	blocked	BV1	BF2 must runner-enumerate profiles and attach imported/equivalent/not-applicable/unsupported evidence.	-
VUE-F1AF930A376208B3BAE6	compiler-core	packages/compiler-core/__tests__/transforms/vBind.spec.ts:405:3	ff21351d05da42fabdd3a6af11cfa38437d67538	single-declaration	StringLiteral	37c739b7bc1cea75bc156582224405ddeca920bcf1046566a6b4111730ae41c8	blocked	BV1	BF2 must runner-enumerate profiles and attach imported/equivalent/not-applicable/unsupported evidence.	-
VUE-1DADE97B584F2F400346	compiler-core	packages/compiler-core/__tests__/transforms/vBind.spec.ts:42:3	ff21351d05da42fabdd3a6af11cfa38437d67538	single-declaration	StringLiteral	8630f6bdb0e06a9167722b29c0d0428180b912f248abe561843f8c31877ac1a8	blocked	BV1	BF2 must runner-enumerate profiles and attach imported/equivalent/not-applicable/unsupported evidence.	-
VUE-BEE2041B2E6341BE0039	compiler-core	packages/compiler-core/__tests__/transforms/vBind.spec.ts:420:3	ff21351d05da42fabdd3a6af11cfa38437d67538	single-declaration	StringLiteral	8126363c3ef00668ff4ccd01d7806407b5a3b457760a593d2025794f5b38103d	blocked	BV1	BF2 must runner-enumerate profiles and attach imported/equivalent/not-applicable/unsupported evidence.	-
VUE-A3FBBD52BB673E0B675F	compiler-core	packages/compiler-core/__tests__/transforms/vBind.spec.ts:435:3	ff21351d05da42fabdd3a6af11cfa38437d67538	single-declaration	StringLiteral	b90afc4b76997c9f1bf672b2e8a432d0cc671d1d4705c4f6997009953b425b97	blocked	BV1	BF2 must runner-enumerate profiles and attach imported/equivalent/not-applicable/unsupported evidence.	-
VUE-57C490D163CB5AC317FF	compiler-core	packages/compiler-core/__tests__/transforms/vBind.spec.ts:77:3	ff21351d05da42fabdd3a6af11cfa38437d67538	single-declaration	StringLiteral	81c0d42660c5ea49977701dcba68a66fea872deb4f0cb2eaf664305dcd04ef61	blocked	BV1	BF2 must runner-enumerate profiles and attach imported/equivalent/not-applicable/unsupported evidence.	-
VUE-C1D65A0F51D5C4683C9C	compiler-core	packages/compiler-core/__tests__/transforms/vFor.spec.ts:100:5	839d9d35875a1c65a5b03f014a53e5978341ed96	single-declaration	StringLiteral	3d74435d4f8b4cd9d1424897fabd54289975d888b25c6dff7b5dda278421baa6	blocked	BV1	BF2 must runner-enumerate profiles and attach imported/equivalent/not-applicable/unsupported evidence.	-
VUE-266B51F35F4218080A9F	compiler-core	packages/compiler-core/__tests__/transforms/vFor.spec.ts:1008:5	839d9d35875a1c65a5b03f014a53e5978341ed96	single-declaration	StringLiteral	106a1d9f3fc6c82e92581b6785200bf343da218c6c4fb9208553747d0940d74d	blocked	BV1	BF2 must runner-enumerate profiles and attach imported/equivalent/not-applicable/unsupported evidence.	-
VUE-B1C303DCB3381216DC25	compiler-core	packages/compiler-core/__tests__/transforms/vFor.spec.ts:1033:5	839d9d35875a1c65a5b03f014a53e5978341ed96	single-declaration	StringLiteral	2d43000212078a25e8c7602fd111462a4c8b93448b1d1dda896e5e4928e03720	blocked	BV1	BF2 must runner-enumerate profiles and attach imported/equivalent/not-applicable/unsupported evidence.	-
VUE-4B6D4A74C18406626011	compiler-core	packages/compiler-core/__tests__/transforms/vFor.spec.ts:1071:5	839d9d35875a1c65a5b03f014a53e5978341ed96	single-declaration	StringLiteral	5823c480105d562d87652b59de5923c032e0acaf6ea47979b7edec2d071353af	blocked	BV1	BF2 must runner-enumerate profiles and attach imported/equivalent/not-applicable/unsupported evidence.	-
VUE-7FF9B11E59CFDB8E581F	compiler-core	packages/compiler-core/__tests__/transforms/vFor.spec.ts:1108:5	839d9d35875a1c65a5b03f014a53e5978341ed96	single-declaration	StringLiteral	ba934e08f91e7ed7b781a1174c4c7898cb546122d58e9277d0f26b677b20d35e	blocked	BV1	BF2 must runner-enumerate profiles and attach imported/equivalent/not-applicable/unsupported evidence.	-
VUE-E56F40A12F2B4DAC24AB	compiler-core	packages/compiler-core/__tests__/transforms/vFor.spec.ts:111:5	839d9d35875a1c65a5b03f014a53e5978341ed96	single-declaration	StringLiteral	978d9398a24b0b7276220a0dbfcb515868fca02b2440ef6d0f32968898b42804	blocked	BV1	BF2 must runner-enumerate profiles and attach imported/equivalent/not-applicable/unsupported evidence.	-
VUE-C7AED94D63B8F0A83ADF	compiler-core	packages/compiler-core/__tests__/transforms/vFor.spec.ts:1121:5	839d9d35875a1c65a5b03f014a53e5978341ed96	single-declaration	StringLiteral	6569e65914a70dbcfc34a40bbe3d93d54174b870951a19fe8c71e9ff9d335d05	blocked	BV1	BF2 must runner-enumerate profiles and attach imported/equivalent/not-applicable/unsupported evidence.	-
VUE-4E088E0ADE27652DD980	compiler-core	packages/compiler-core/__tests__/transforms/vFor.spec.ts:1128:5	839d9d35875a1c65a5b03f014a53e5978341ed96	single-declaration	StringLiteral	5d4b50271efe62c1d28b7093669b564c9d4a9ee21a2c631678a29357c8d2318d	blocked	BV1	BF2 must runner-enumerate profiles and attach imported/equivalent/not-applicable/unsupported evidence.	-
VUE-AB6BE39B1D4931914621	compiler-core	packages/compiler-core/__tests__/transforms/vFor.spec.ts:125:5	839d9d35875a1c65a5b03f014a53e5978341ed96	single-declaration	StringLiteral	343a60dd54bab832b1a8612cc986afb9bcf85ffa1589b957d09b5639763a61da	blocked	BV1	BF2 must runner-enumerate profiles and attach imported/equivalent/not-applicable/unsupported evidence.	-
VUE-A870E47CBDA4B967DDE7	compiler-core	packages/compiler-core/__tests__/transforms/vFor.spec.ts:138:5	839d9d35875a1c65a5b03f014a53e5978341ed96	single-declaration	StringLiteral	866ac18e2927ed059ce02a28f7d648b9d3f4f4a97421aad0b81efcace4970b4d	blocked	BV1	BF2 must runner-enumerate profiles and attach imported/equivalent/not-applicable/unsupported evidence.	-
VUE-547D4100C331E339BE41	compiler-core	packages/compiler-core/__tests__/transforms/vFor.spec.ts:151:5	839d9d35875a1c65a5b03f014a53e5978341ed96	single-declaration	StringLiteral	62291c3c4a2a7bfae2da3234c155372ee74420189cd97c185e2f813c7a0af45f	blocked	BV1	BF2 must runner-enumerate profiles and attach imported/equivalent/not-applicable/unsupported evidence.	-
VUE-00A05A51566A53B1F874	compiler-core	packages/compiler-core/__tests__/transforms/vFor.spec.ts:161:5	839d9d35875a1c65a5b03f014a53e5978341ed96	single-declaration	StringLiteral	172432f29db1fab5aaf287f5013b2e60bf5993eb17699bbab8b0deb3a15195be	blocked	BV1	BF2 must runner-enumerate profiles and attach imported/equivalent/not-applicable/unsupported evidence.	-
VUE-78C45EDBE1BF81B55431	compiler-core	packages/compiler-core/__tests__/transforms/vFor.spec.ts:172:5	839d9d35875a1c65a5b03f014a53e5978341ed96	single-declaration	StringLiteral	4071eef019fac9e4c0aa3435bb248e51006af718c9390c20a0bb86633449c59b	blocked	BV1	BF2 must runner-enumerate profiles and attach imported/equivalent/not-applicable/unsupported evidence.	-
VUE-FE701004ADAD7F174972	compiler-core	packages/compiler-core/__tests__/transforms/vFor.spec.ts:186:5	839d9d35875a1c65a5b03f014a53e5978341ed96	single-declaration	StringLiteral	d9f435f13e0dc4a30a953137db2507cc9c9e31ac11d9226b7032ee8e1d55a1c3	blocked	BV1	BF2 must runner-enumerate profiles and attach imported/equivalent/not-applicable/unsupported evidence.	-
VUE-5D3E34ADB9C79DD4C815	compiler-core	packages/compiler-core/__tests__/transforms/vFor.spec.ts:199:5	839d9d35875a1c65a5b03f014a53e5978341ed96	single-declaration	StringLiteral	3e76da6867278347f0ed82d45faf0195f2f4f6f52cc4cbb80c6d6570cfd89c7b	blocked	BV1	BF2 must runner-enumerate profiles and attach imported/equivalent/not-applicable/unsupported evidence.	-
VUE-C97A6B0B417F0E68824D	compiler-core	packages/compiler-core/__tests__/transforms/vFor.spec.ts:212:5	839d9d35875a1c65a5b03f014a53e5978341ed96	single-declaration	StringLiteral	34dc5f06bb5794279e455f0e805978d29e9cd5a56bf8f906a792883c8734e670	blocked	BV1	BF2 must runner-enumerate profiles and attach imported/equivalent/not-applicable/unsupported evidence.	-
VUE-898A025BF72AB7FDBD0B	compiler-core	packages/compiler-core/__tests__/transforms/vFor.spec.ts:226:5	839d9d35875a1c65a5b03f014a53e5978341ed96	single-declaration	StringLiteral	069b1dbae49dea5587326bdfdfde204b1926ba2660e62a9dac332f97c659b055	blocked	BV1	BF2 must runner-enumerate profiles and attach imported/equivalent/not-applicable/unsupported evidence.	-
VUE-0C5F38AEE999194D652A	compiler-core	packages/compiler-core/__tests__/transforms/vFor.spec.ts:238:5	839d9d35875a1c65a5b03f014a53e5978341ed96	single-declaration	StringLiteral	899e8309aa53c4ee0acaec4b713a6281eeb96c37c1d89f23b4f6f086425daed5	blocked	BV1	BF2 must runner-enumerate profiles and attach imported/equivalent/not-applicable/unsupported evidence.	-
VUE-BC07B2751E338521F050	compiler-core	packages/compiler-core/__tests__/transforms/vFor.spec.ts:250:5	839d9d35875a1c65a5b03f014a53e5978341ed96	single-declaration	StringLiteral	89d7c4ad2038acf09756b44a3c034caa559b4f59e26113f9de0c621c01b974b6	blocked	BV1	BF2 must runner-enumerate profiles and attach imported/equivalent/not-applicable/unsupported evidence.	-
VUE-04DB726B7327C223827B	compiler-core	packages/compiler-core/__tests__/transforms/vFor.spec.ts:262:5	839d9d35875a1c65a5b03f014a53e5978341ed96	single-declaration	StringLiteral	b138e38a02669c6aac16b88389b33c22aa6c0ed3661dbaf5d928349bb62881ce	blocked	BV1	BF2 must runner-enumerate profiles and attach imported/equivalent/not-applicable/unsupported evidence.	-
VUE-9761FD25BDC2E44E1CD1	compiler-core	packages/compiler-core/__tests__/transforms/vFor.spec.ts:274:5	839d9d35875a1c65a5b03f014a53e5978341ed96	single-declaration	StringLiteral	47da101d845281f0e1a74a201e83557d8e88a78602370ce8a88a1d88aeb3b8c8	blocked	BV1	BF2 must runner-enumerate profiles and attach imported/equivalent/not-applicable/unsupported evidence.	-
VUE-FE416F1B5D5FE2C84CF7	compiler-core	packages/compiler-core/__tests__/transforms/vFor.spec.ts:286:5	839d9d35875a1c65a5b03f014a53e5978341ed96	single-declaration	StringLiteral	97337e629536bdb04c6749695047b924c4995c80fe0382a1e76af084237509bf	blocked	BV1	BF2 must runner-enumerate profiles and attach imported/equivalent/not-applicable/unsupported evidence.	-
VUE-84AC2BAFFA5A21D812E4	compiler-core	packages/compiler-core/__tests__/transforms/vFor.spec.ts:298:5	839d9d35875a1c65a5b03f014a53e5978341ed96	single-declaration	StringLiteral	ca25339ae8cb121fef63fc84e932a5c6296f389b2de9c0b14e2fc713c7e16536	blocked	BV1	BF2 must runner-enumerate profiles and attach imported/equivalent/not-applicable/unsupported evidence.	-
VUE-D74234861893F98AF071	compiler-core	packages/compiler-core/__tests__/transforms/vFor.spec.ts:328:5	839d9d35875a1c65a5b03f014a53e5978341ed96	single-declaration	StringLiteral	34d43ba2d271a4105c449db71222526dffe404b8a1e42dc4309af88d0c899bf5	blocked	BV1	BF2 must runner-enumerate profiles and attach imported/equivalent/not-applicable/unsupported evidence.	-
VUE-20535689A6CCCF3557F6	compiler-core	packages/compiler-core/__tests__/transforms/vFor.spec.ts:352:5	839d9d35875a1c65a5b03f014a53e5978341ed96	single-declaration	StringLiteral	27837e2b79198f93d3e2e3c4420c8ff28097e7b0d340cf6de41353dddb7bf4be	blocked	BV1	BF2 must runner-enumerate profiles and attach imported/equivalent/not-applicable/unsupported evidence.	-
VUE-AEE42F5C68EBA1BBD8FF	compiler-core	packages/compiler-core/__tests__/transforms/vFor.spec.ts:376:5	839d9d35875a1c65a5b03f014a53e5978341ed96	single-declaration	StringLiteral	e79de6b8c892fb43bc111b5124046071d800cc06009b12c42cdb536a06b2c536	blocked	BV1	BF2 must runner-enumerate profiles and attach imported/equivalent/not-applicable/unsupported evidence.	-
VUE-58F636DA74F9194C6C88	compiler-core	packages/compiler-core/__tests__/transforms/vFor.spec.ts:400:5	839d9d35875a1c65a5b03f014a53e5978341ed96	single-declaration	StringLiteral	3658b178cd13d2c1b1d1266b447e3a338f0626025941f04dea3043f39f3d2933	blocked	BV1	BF2 must runner-enumerate profiles and attach imported/equivalent/not-applicable/unsupported evidence.	-
VUE-5678C1EC5DD908F86D5C	compiler-core	packages/compiler-core/__tests__/transforms/vFor.spec.ts:442:5	839d9d35875a1c65a5b03f014a53e5978341ed96	single-declaration	StringLiteral	343a60dd54bab832b1a8612cc986afb9bcf85ffa1589b957d09b5639763a61da	blocked	BV1	BF2 must runner-enumerate profiles and attach imported/equivalent/not-applicable/unsupported evidence.	-
VUE-2132533890CF80893184	compiler-core	packages/compiler-core/__tests__/transforms/vFor.spec.ts:477:5	839d9d35875a1c65a5b03f014a53e5978341ed96	single-declaration	StringLiteral	4f669e306b1c214d37d18f6962c01cddfaae808f06357e376f743b967ae2d99d	blocked	BV1	BF2 must runner-enumerate profiles and attach imported/equivalent/not-applicable/unsupported evidence.	-
VUE-D6C01E14FCFFF940608B	compiler-core	packages/compiler-core/__tests__/transforms/vFor.spec.ts:487:5	839d9d35875a1c65a5b03f014a53e5978341ed96	single-declaration	StringLiteral	250c2721135c853248c144304b9d851e3e0e170aebc52ba820a5fed69047b20d	blocked	BV1	BF2 must runner-enumerate profiles and attach imported/equivalent/not-applicable/unsupported evidence.	-
VUE-525EB6FC55334B4224A6	compiler-core	packages/compiler-core/__tests__/transforms/vFor.spec.ts:505:5	839d9d35875a1c65a5b03f014a53e5978341ed96	single-declaration	StringLiteral	5069f608b6efd63d2f74fb08872bcdb112a66b1a9ef5574fc861216c8303fa38	blocked	BV1	BF2 must runner-enumerate profiles and attach imported/equivalent/not-applicable/unsupported evidence.	-
VUE-05639D1D18CFB56CC58A	compiler-core	packages/compiler-core/__tests__/transforms/vFor.spec.ts:521:5	839d9d35875a1c65a5b03f014a53e5978341ed96	single-declaration	StringLiteral	19b7d23ed84b982aa9493c3f980d24f2ad664474f776ed6e672f0caf1e119c73	blocked	BV1	BF2 must runner-enumerate profiles and attach imported/equivalent/not-applicable/unsupported evidence.	-
VUE-784A7DD7A5258F6921C0	compiler-core	packages/compiler-core/__tests__/transforms/vFor.spec.ts:543:5	839d9d35875a1c65a5b03f014a53e5978341ed96	single-declaration	StringLiteral	792e35789d8f5ce6f184a49f21d7e372030a2f8f1f3662b4372f4a9ac8acb61b	blocked	BV1	BF2 must runner-enumerate profiles and attach imported/equivalent/not-applicable/unsupported evidence.	-
VUE-2039570C159278FC684D	compiler-core	packages/compiler-core/__tests__/transforms/vFor.spec.ts:554:5	839d9d35875a1c65a5b03f014a53e5978341ed96	single-declaration	StringLiteral	6f7ab5e784727d758b1fc354d4a466a1450d8b485a6f20e5e05f216c4ced7553	blocked	BV1	BF2 must runner-enumerate profiles and attach imported/equivalent/not-applicable/unsupported evidence.	-
VUE-A987456B20A2C7F802AC	compiler-core	packages/compiler-core/__tests__/transforms/vFor.spec.ts:56:5	839d9d35875a1c65a5b03f014a53e5978341ed96	single-declaration	StringLiteral	98028a61d69dbc33034d364e61e9fa6e4362b2f17cc9a6456accded0554a14a6	blocked	BV1	BF2 must runner-enumerate profiles and attach imported/equivalent/not-applicable/unsupported evidence.	-
VUE-B8F9991CB4BCB9B9FBB2	compiler-core	packages/compiler-core/__tests__/transforms/vFor.spec.ts:579:5	839d9d35875a1c65a5b03f014a53e5978341ed96	single-declaration	StringLiteral	c7ae9f6f3843077ea5bcb72b26f7161eb05cf7998c5bc1ce9e525ae22efcd5ee	blocked	BV1	BF2 must runner-enumerate profiles and attach imported/equivalent/not-applicable/unsupported evidence.	-
VUE-BDE3FE5F0C5B58084938	compiler-core	packages/compiler-core/__tests__/transforms/vFor.spec.ts:617:5	839d9d35875a1c65a5b03f014a53e5978341ed96	single-declaration	StringLiteral	04608754be99b961bc5efd8f2cd1e2b2a58cea74daaa2f93761ac5436ca68a2c	blocked	BV1	BF2 must runner-enumerate profiles and attach imported/equivalent/not-applicable/unsupported evidence.	-
VUE-386010CEDB736B7B067F	compiler-core	packages/compiler-core/__tests__/transforms/vFor.spec.ts:644:5	839d9d35875a1c65a5b03f014a53e5978341ed96	single-declaration	StringLiteral	94a4a4fb0432f960a197e50aded1e1cb958aaa310940029443b5adeaff710e61	blocked	BV1	BF2 must runner-enumerate profiles and attach imported/equivalent/not-applicable/unsupported evidence.	-
VUE-543200AED892060271C2	compiler-core	packages/compiler-core/__tests__/transforms/vFor.spec.ts:66:5	839d9d35875a1c65a5b03f014a53e5978341ed96	single-declaration	StringLiteral	fe53f3d01262360a537861881a6afbd6e45e28e59241459424d3f82df886cfd3	blocked	BV1	BF2 must runner-enumerate profiles and attach imported/equivalent/not-applicable/unsupported evidence.	-
VUE-C2C4FF2171DAE2572A19	compiler-core	packages/compiler-core/__tests__/transforms/vFor.spec.ts:665:5	839d9d35875a1c65a5b03f014a53e5978341ed96	single-declaration	StringLiteral	1b551501f04caae5950fd971e33b513c99a04e040c1377336543f31c06cad5c6	blocked	BV1	BF2 must runner-enumerate profiles and attach imported/equivalent/not-applicable/unsupported evidence.	-
VUE-8A05F98EB2B07F751B63	compiler-core	packages/compiler-core/__tests__/transforms/vFor.spec.ts:692:5	839d9d35875a1c65a5b03f014a53e5978341ed96	single-declaration	StringLiteral	a8f7cbdf8c4362ebb612355f80bdd2bf34b7d17ee378fd50600309fa3ceceef7	blocked	BV1	BF2 must runner-enumerate profiles and attach imported/equivalent/not-applicable/unsupported evidence.	-
VUE-EB7F5960277259F23197	compiler-core	packages/compiler-core/__tests__/transforms/vFor.spec.ts:712:5	839d9d35875a1c65a5b03f014a53e5978341ed96	single-declaration	StringLiteral	53c6c012ffa4762dfecf94987c8f01089b9b221a1c3ff02beb3d0a0f78d46f31	blocked	BV1	BF2 must runner-enumerate profiles and attach imported/equivalent/not-applicable/unsupported evidence.	-
VUE-BF6F36BB81A377C0F916	compiler-core	packages/compiler-core/__tests__/transforms/vFor.spec.ts:76:5	839d9d35875a1c65a5b03f014a53e5978341ed96	single-declaration	StringLiteral	6a4dc28470204d35404d30d07b7012027fa1f8a83e6f830c90757e0cb299196b	blocked	BV1	BF2 must runner-enumerate profiles and attach imported/equivalent/not-applicable/unsupported evidence.	-
VUE-7FE2D7CF0892E30E7AA6	compiler-core	packages/compiler-core/__tests__/transforms/vFor.spec.ts:777:5	839d9d35875a1c65a5b03f014a53e5978341ed96	single-declaration	StringLiteral	932cb8e87340222c078cf69bffbd28210aa31a0caad66b37e95eb0b79e04d05f	blocked	BV1	BF2 must runner-enumerate profiles and attach imported/equivalent/not-applicable/unsupported evidence.	-
VUE-11F545A8869BB3AB364C	compiler-core	packages/compiler-core/__tests__/transforms/vFor.spec.ts:792:5	839d9d35875a1c65a5b03f014a53e5978341ed96	single-declaration	StringLiteral	081b0f78d0b333d08333d35893b36f9400a71f2fac31365c0ee27026391188d6	blocked	BV1	BF2 must runner-enumerate profiles and attach imported/equivalent/not-applicable/unsupported evidence.	-
VUE-BDF078A00E57B0E35ECA	compiler-core	packages/compiler-core/__tests__/transforms/vFor.spec.ts:804:5	839d9d35875a1c65a5b03f014a53e5978341ed96	single-declaration	StringLiteral	aa9402e723de5cdf92c53993182dd07f6b48eb37fbb91d936137c32732beb9e3	blocked	BV1	BF2 must runner-enumerate profiles and attach imported/equivalent/not-applicable/unsupported evidence.	-
VUE-B4860D0C6E43190D36C5	compiler-core	packages/compiler-core/__tests__/transforms/vFor.spec.ts:816:5	839d9d35875a1c65a5b03f014a53e5978341ed96	single-declaration	StringLiteral	343a60dd54bab832b1a8612cc986afb9bcf85ffa1589b957d09b5639763a61da	blocked	BV1	BF2 must runner-enumerate profiles and attach imported/equivalent/not-applicable/unsupported evidence.	-
VUE-7F4E1488F4FC3192D055	compiler-core	packages/compiler-core/__tests__/transforms/vFor.spec.ts:828:5	839d9d35875a1c65a5b03f014a53e5978341ed96	single-declaration	StringLiteral	9e65c4daa3756c701759bf9e4261c67711ab4909d9cd964f46adb7a4a547d5f7	blocked	BV1	BF2 must runner-enumerate profiles and attach imported/equivalent/not-applicable/unsupported evidence.	-
VUE-F9A8E84F6F9D6168AA42	compiler-core	packages/compiler-core/__tests__/transforms/vFor.spec.ts:840:5	839d9d35875a1c65a5b03f014a53e5978341ed96	single-declaration	StringLiteral	9066bd2d4d4ee5c5e8b64d29aacdc52343815b8a354d911f1ce89382ded12842	blocked	BV1	BF2 must runner-enumerate profiles and attach imported/equivalent/not-applicable/unsupported evidence.	-
VUE-C9204952A6B872CF622A	compiler-core	packages/compiler-core/__tests__/transforms/vFor.spec.ts:877:5	839d9d35875a1c65a5b03f014a53e5978341ed96	single-declaration	StringLiteral	35b72947c4257c549d41f4942ef91d2b5b1ea7042d8e0c65b1de321647221c44	blocked	BV1	BF2 must runner-enumerate profiles and attach imported/equivalent/not-applicable/unsupported evidence.	-
VUE-5503D6A384C9084D077A	compiler-core	packages/compiler-core/__tests__/transforms/vFor.spec.ts:88:5	839d9d35875a1c65a5b03f014a53e5978341ed96	single-declaration	StringLiteral	f40cf0813c57aa373ccaadd0e30f29fb44118318fb24fbe4ada8f41a1e73da5a	blocked	BV1	BF2 must runner-enumerate profiles and attach imported/equivalent/not-applicable/unsupported evidence.	-
VUE-24FEDBFBD9D1B45C859F	compiler-core	packages/compiler-core/__tests__/transforms/vFor.spec.ts:901:5	839d9d35875a1c65a5b03f014a53e5978341ed96	single-declaration	StringLiteral	848d32b0ba50d41202b9a75ea5ca76b5408feb65b1644fb91d2b06d3eb857942	blocked	BV1	BF2 must runner-enumerate profiles and attach imported/equivalent/not-applicable/unsupported evidence.	-
VUE-9B680EF10D0A783F3959	compiler-core	packages/compiler-core/__tests__/transforms/vFor.spec.ts:921:5	839d9d35875a1c65a5b03f014a53e5978341ed96	single-declaration	StringLiteral	ae596d4f280e67fc8f4346b94c616c339d56b7f1ca61c149f615983b5d59db63	blocked	BV1	BF2 must runner-enumerate profiles and attach imported/equivalent/not-applicable/unsupported evidence.	-
VUE-67D85C24211FBFE027C8	compiler-core	packages/compiler-core/__tests__/transforms/vFor.spec.ts:950:5	839d9d35875a1c65a5b03f014a53e5978341ed96	single-declaration	StringLiteral	254fe7ca61a8537360b51bde8da91f9c797d789396b8db467e8c4ec56f6501fe	blocked	BV1	BF2 must runner-enumerate profiles and attach imported/equivalent/not-applicable/unsupported evidence.	-
VUE-EB035E9CC5433C644FE1	compiler-core	packages/compiler-core/__tests__/transforms/vFor.spec.ts:972:5	839d9d35875a1c65a5b03f014a53e5978341ed96	single-declaration	StringLiteral	162d425dc0e87087b56a4d9588b08d13239806a451054af1c9e693cee41c8552	blocked	BV1	BF2 must runner-enumerate profiles and attach imported/equivalent/not-applicable/unsupported evidence.	-
VUE-7866F48CB872AC0CC65A	compiler-core	packages/compiler-core/__tests__/transforms/vFor.spec.ts:990:5	839d9d35875a1c65a5b03f014a53e5978341ed96	single-declaration	StringLiteral	347b782f6b4b0bad3f3dc6218aced55746179eac309cd25828630f1d586893b3	blocked	BV1	BF2 must runner-enumerate profiles and attach imported/equivalent/not-applicable/unsupported evidence.	-
VUE-5EDC551BC3C3421A87F8	compiler-core	packages/compiler-core/__tests__/transforms/vIf.spec.ts:116:5	677f6b55ba7981dfb7cec8ec28d9959cc80996dd	single-declaration	StringLiteral	0731d07196cc40c9e4e8166a6b17f2807c62276fce8507e3a0157cc39a954ce7	blocked	BV1	BF2 must runner-enumerate profiles and attach imported/equivalent/not-applicable/unsupported evidence.	-
VUE-3BD1C8D04656EF3733A6	compiler-core	packages/compiler-core/__tests__/transforms/vIf.spec.ts:134:5	677f6b55ba7981dfb7cec8ec28d9959cc80996dd	single-declaration	StringLiteral	2274b698a3de6fa23629fa5fe93ab372e9011ca7beb031f564a80fd4f54ea313	blocked	BV1	BF2 must runner-enumerate profiles and attach imported/equivalent/not-applicable/unsupported evidence.	-
VUE-57FE1DB0FB6EE91ECA79	compiler-core	packages/compiler-core/__tests__/transforms/vIf.spec.ts:154:5	677f6b55ba7981dfb7cec8ec28d9959cc80996dd	single-declaration	StringLiteral	dcf3115cc6d3effbc34a2debe87b96bb57421a46391555e048c9776d1d2b0cf4	blocked	BV1	BF2 must runner-enumerate profiles and attach imported/equivalent/not-applicable/unsupported evidence.	-
VUE-C6411CEEE270A30C51B6	compiler-core	packages/compiler-core/__tests__/transforms/vIf.spec.ts:180:5	677f6b55ba7981dfb7cec8ec28d9959cc80996dd	single-declaration	StringLiteral	f876c65723676b1cda837ee6f304dd87f03bac9823be8922fb9aedcc7f1ea20b	blocked	BV1	BF2 must runner-enumerate profiles and attach imported/equivalent/not-applicable/unsupported evidence.	-
VUE-9B8BE98D24BA4735E1C2	compiler-core	packages/compiler-core/__tests__/transforms/vIf.spec.ts:214:5	677f6b55ba7981dfb7cec8ec28d9959cc80996dd	single-declaration	StringLiteral	e7328f7c037a0faa8bc22bd42f21ffc94f2aeb65a60890262b05fa09733f720a	blocked	BV1	BF2 must runner-enumerate profiles and attach imported/equivalent/not-applicable/unsupported evidence.	-
VUE-0F68D4C6095708B77B2A	compiler-core	packages/compiler-core/__tests__/transforms/vIf.spec.ts:225:5	677f6b55ba7981dfb7cec8ec28d9959cc80996dd	single-declaration	StringLiteral	c05ef0238e3ddae1a1296ad79f610a55930e7665fb8c9a60b397ab1df00e62c3	blocked	BV1	BF2 must runner-enumerate profiles and attach imported/equivalent/not-applicable/unsupported evidence.	-
VUE-CF23F13654487561D19D	compiler-core	packages/compiler-core/__tests__/transforms/vIf.spec.ts:236:5	677f6b55ba7981dfb7cec8ec28d9959cc80996dd	single-declaration	StringLiteral	8c284c754c56c305f4864bbbb5b95e80636dfd1a1cbe19042f1aa9bf9b073e0e	blocked	BV1	BF2 must runner-enumerate profiles and attach imported/equivalent/not-applicable/unsupported evidence.	-
VUE-AB2D40221AA2C104632D	compiler-core	packages/compiler-core/__tests__/transforms/vIf.spec.ts:297:5	677f6b55ba7981dfb7cec8ec28d9959cc80996dd	single-declaration	StringLiteral	7443e835efc104a7aae7d7c3945d16afe39ef3a3651534c0ee2bf4b3849a97ce	blocked	BV1	BF2 must runner-enumerate profiles and attach imported/equivalent/not-applicable/unsupported evidence.	-
VUE-4110D59A4AF603B9447D	compiler-core	packages/compiler-core/__tests__/transforms/vIf.spec.ts:375:5	677f6b55ba7981dfb7cec8ec28d9959cc80996dd	single-declaration	StringLiteral	a7c6aca8d1d91e4162d3b02376536d5c39e691d127f626b0339fe80f8011ee0c	blocked	BV1	BF2 must runner-enumerate profiles and attach imported/equivalent/not-applicable/unsupported evidence.	-
VUE-23DF2FC72D2AE0E9DDD7	compiler-core	packages/compiler-core/__tests__/transforms/vIf.spec.ts:394:5	677f6b55ba7981dfb7cec8ec28d9959cc80996dd	single-declaration	StringLiteral	c7dbb2b7c2cf1f5d15a830e4b53d771d7db34e8725d274e800a133a3c14e3b4c	blocked	BV1	BF2 must runner-enumerate profiles and attach imported/equivalent/not-applicable/unsupported evidence.	-
VUE-B2A601B27876799C8299	compiler-core	packages/compiler-core/__tests__/transforms/vIf.spec.ts:466:5	677f6b55ba7981dfb7cec8ec28d9959cc80996dd	single-declaration	StringLiteral	c9a086d270bbc4d2d5c199cc5a7b670f7c4242db2d0d50edd4e681ba32e9fc5f	blocked	BV1	BF2 must runner-enumerate profiles and attach imported/equivalent/not-applicable/unsupported evidence.	-
VUE-209A33A7275F43C14941	compiler-core	packages/compiler-core/__tests__/transforms/vIf.spec.ts:483:5	677f6b55ba7981dfb7cec8ec28d9959cc80996dd	single-declaration	StringLiteral	6731f1b6131888468f5851f2312b0daa42a38ec2a810b26172386acc6d1c695e	blocked	BV1	BF2 must runner-enumerate profiles and attach imported/equivalent/not-applicable/unsupported evidence.	-
VUE-08B32F5FFA2B8BFF658F	compiler-core	packages/compiler-core/__tests__/transforms/vIf.spec.ts:505:5	677f6b55ba7981dfb7cec8ec28d9959cc80996dd	single-declaration	StringLiteral	0e29fc2caaa22510d099f5f8e550f384f965fb949d34db50dc4b95adc35b81e5	blocked	BV1	BF2 must runner-enumerate profiles and attach imported/equivalent/not-applicable/unsupported evidence.	-
VUE-3885F81395947A350FB4	compiler-core	packages/compiler-core/__tests__/transforms/vIf.spec.ts:525:5	677f6b55ba7981dfb7cec8ec28d9959cc80996dd	single-declaration	StringLiteral	04af09b175f148f4a6bce506312ab7f819dc2d55a8b4aafa153c27630833460d	blocked	BV1	BF2 must runner-enumerate profiles and attach imported/equivalent/not-applicable/unsupported evidence.	-
VUE-322708754F60DA03A906	compiler-core	packages/compiler-core/__tests__/transforms/vIf.spec.ts:545:5	677f6b55ba7981dfb7cec8ec28d9959cc80996dd	single-declaration	StringLiteral	f35c5a0e2f2dd37c1f1e016b712264f2bda6663b33d5739c18ebd42360809ac9	blocked	BV1	BF2 must runner-enumerate profiles and attach imported/equivalent/not-applicable/unsupported evidence.	-
VUE-73317BE45FD64117E1B3	compiler-core	packages/compiler-core/__tests__/transforms/vIf.spec.ts:572:5	677f6b55ba7981dfb7cec8ec28d9959cc80996dd	single-declaration	StringLiteral	0731d07196cc40c9e4e8166a6b17f2807c62276fce8507e3a0157cc39a954ce7	blocked	BV1	BF2 must runner-enumerate profiles and attach imported/equivalent/not-applicable/unsupported evidence.	-
VUE-A3BCD8D1A6139D240234	compiler-core	packages/compiler-core/__tests__/transforms/vIf.spec.ts:589:5	677f6b55ba7981dfb7cec8ec28d9959cc80996dd	single-declaration	StringLiteral	2274b698a3de6fa23629fa5fe93ab372e9011ca7beb031f564a80fd4f54ea313	blocked	BV1	BF2 must runner-enumerate profiles and attach imported/equivalent/not-applicable/unsupported evidence.	-
VUE-F1E6DEE09BDB6BBED81E	compiler-core	packages/compiler-core/__tests__/transforms/vIf.spec.ts:607:5	677f6b55ba7981dfb7cec8ec28d9959cc80996dd	single-declaration	StringLiteral	dcf3115cc6d3effbc34a2debe87b96bb57421a46391555e048c9776d1d2b0cf4	blocked	BV1	BF2 must runner-enumerate profiles and attach imported/equivalent/not-applicable/unsupported evidence.	-
VUE-6E50936718D10DECDE1C	compiler-core	packages/compiler-core/__tests__/transforms/vIf.spec.ts:637:5	677f6b55ba7981dfb7cec8ec28d9959cc80996dd	single-declaration	StringLiteral	ec336da252335ef77835b16402525b660bf7b3c07ccb4c555f1f6c4f247bb6be	blocked	BV1	BF2 must runner-enumerate profiles and attach imported/equivalent/not-applicable/unsupported evidence.	-
VUE-7254D6BF9F27DA66FB9B	compiler-core	packages/compiler-core/__tests__/transforms/vIf.spec.ts:662:5	677f6b55ba7981dfb7cec8ec28d9959cc80996dd	single-declaration	StringLiteral	660487d40d0e17b75c80242850c7ed84194a47af4cd7b04961d997f5ba3fff02	blocked	BV1	BF2 must runner-enumerate profiles and attach imported/equivalent/not-applicable/unsupported evidence.	-
VUE-CE0266B17BDF9F28549A	compiler-core	packages/compiler-core/__tests__/transforms/vIf.spec.ts:68:5	677f6b55ba7981dfb7cec8ec28d9959cc80996dd	single-declaration	StringLiteral	c9a086d270bbc4d2d5c199cc5a7b670f7c4242db2d0d50edd4e681ba32e9fc5f	blocked	BV1	BF2 must runner-enumerate profiles and attach imported/equivalent/not-applicable/unsupported evidence.	-
VUE-9AC5163FDE995713B8EC	compiler-core	packages/compiler-core/__tests__/transforms/vIf.spec.ts:699:5	677f6b55ba7981dfb7cec8ec28d9959cc80996dd	single-declaration	StringLiteral	f538f21388ad7ac0f49ca26ac7a8027139b5b25fe7ebce4994d84873d3394934	blocked	BV1	BF2 must runner-enumerate profiles and attach imported/equivalent/not-applicable/unsupported evidence.	-
VUE-038A58A5CD51FDA4BEB8	compiler-core	packages/compiler-core/__tests__/transforms/vIf.spec.ts:720:5	677f6b55ba7981dfb7cec8ec28d9959cc80996dd	single-declaration	StringLiteral	f5d113e01420ef5f47cdb1e1175403c391ad9687a44c406d51beb9d882f11392	blocked	BV1	BF2 must runner-enumerate profiles and attach imported/equivalent/not-applicable/unsupported evidence.	-
VUE-A68682768D628B981CF7	compiler-core	packages/compiler-core/__tests__/transforms/vIf.spec.ts:738:5	677f6b55ba7981dfb7cec8ec28d9959cc80996dd	single-declaration	StringLiteral	345fc5fd4082828197701b38e910e6c245b66412348d1f6cb87af7c9d869c528	blocked	BV1	BF2 must runner-enumerate profiles and attach imported/equivalent/not-applicable/unsupported evidence.	-
VUE-8B3C68A29167C37A0B26	compiler-core	packages/compiler-core/__tests__/transforms/vIf.spec.ts:756:5	677f6b55ba7981dfb7cec8ec28d9959cc80996dd	single-declaration	StringLiteral	a9b7e7fd11759cf3e009d0832648d9bb06e964fa383139372cd54c64303b732c	blocked	BV1	BF2 must runner-enumerate profiles and attach imported/equivalent/not-applicable/unsupported evidence.	-
VUE-C43CC798B39E2230546D	compiler-core	packages/compiler-core/__tests__/transforms/vIf.spec.ts:766:5	677f6b55ba7981dfb7cec8ec28d9959cc80996dd	single-declaration	StringLiteral	92eaf59cb306f5ba319e5c54a6768658cb50b699d093b22ddd81cde7a1de4ec0	blocked	BV1	BF2 must runner-enumerate profiles and attach imported/equivalent/not-applicable/unsupported evidence.	-
VUE-F6A4780902EE967C6543	compiler-core	packages/compiler-core/__tests__/transforms/vIf.spec.ts:783:5	677f6b55ba7981dfb7cec8ec28d9959cc80996dd	single-declaration	StringLiteral	0bb01249d59a891fa24bdda41ca1430750eed4ca63907f11b190bce0d1d37c71	blocked	BV1	BF2 must runner-enumerate profiles and attach imported/equivalent/not-applicable/unsupported evidence.	-
VUE-2BEFB25F842BCD693575	compiler-core	packages/compiler-core/__tests__/transforms/vIf.spec.ts:80:5	677f6b55ba7981dfb7cec8ec28d9959cc80996dd	single-declaration	StringLiteral	6731f1b6131888468f5851f2312b0daa42a38ec2a810b26172386acc6d1c695e	blocked	BV1	BF2 must runner-enumerate profiles and attach imported/equivalent/not-applicable/unsupported evidence.	-
VUE-3B6202C8EC4468FCD9BE	compiler-core	packages/compiler-core/__tests__/transforms/vIf.spec.ts:804:5	677f6b55ba7981dfb7cec8ec28d9959cc80996dd	single-declaration	StringLiteral	4f8685622865aa6280f625cccc97d972627df4335d569dd57bd1fc4324ac72f1	blocked	BV1	BF2 must runner-enumerate profiles and attach imported/equivalent/not-applicable/unsupported evidence.	-
VUE-E29492EE8301BEE908E8	compiler-core	packages/compiler-core/__tests__/transforms/vIf.spec.ts:851:5	677f6b55ba7981dfb7cec8ec28d9959cc80996dd	single-declaration	StringLiteral	f5fc19d278d0265a415aea42f875d9b265879d175346b6caf13236e871fce02c	blocked	BV1	BF2 must runner-enumerate profiles and attach imported/equivalent/not-applicable/unsupported evidence.	-
VUE-FFD4F690C49D4C1D2C5B	compiler-core	packages/compiler-core/__tests__/transforms/vIf.spec.ts:872:3	677f6b55ba7981dfb7cec8ec28d9959cc80996dd	single-declaration	StringLiteral	0fc01f72f97cc4cb54204a482d2dcc9084df3d677b3b3b57a0b543a210ddafd1	blocked	BV1	BF2 must runner-enumerate profiles and attach imported/equivalent/not-applicable/unsupported evidence.	-
VUE-FB387B1B9EE96A05BB81	compiler-core	packages/compiler-core/__tests__/transforms/vIf.spec.ts:98:5	677f6b55ba7981dfb7cec8ec28d9959cc80996dd	single-declaration	StringLiteral	fa50f539e2ed4cb8395e27d86f4f4a839546c0a30b9638c845f1cfaf777a65a4	blocked	BV1	BF2 must runner-enumerate profiles and attach imported/equivalent/not-applicable/unsupported evidence.	-
VUE-BFD6FF4CE98143E20667	compiler-core	packages/compiler-core/__tests__/transforms/vMemo.spec.ts:11:3	ae21bf9fa1df1bc31944171d9e01f0524c1b282b	single-declaration	StringLiteral	48aa7ad648f07f1ead3152e2fd9becbefe0ac91cce13624c12ece3c7c9cddfde	blocked	BV1	BF2 must runner-enumerate profiles and attach imported/equivalent/not-applicable/unsupported evidence.	-
VUE-9E052066EEC7BEEAD46E	compiler-core	packages/compiler-core/__tests__/transforms/vMemo.spec.ts:20:3	ae21bf9fa1df1bc31944171d9e01f0524c1b282b	single-declaration	StringLiteral	8f356de81a5dbdcd62acf1292e27402bfef3471d7bcd3e80773153e3a2606587	blocked	BV1	BF2 must runner-enumerate profiles and attach imported/equivalent/not-applicable/unsupported evidence.	-
VUE-03D3DAB766F0CB38E3D2	compiler-core	packages/compiler-core/__tests__/transforms/vMemo.spec.ts:24:3	ae21bf9fa1df1bc31944171d9e01f0524c1b282b	single-declaration	StringLiteral	23b76c971442d5797cc9d0106777a2fd9cbf136c5dee57403cb444e634ec3029	blocked	BV1	BF2 must runner-enumerate profiles and attach imported/equivalent/not-applicable/unsupported evidence.	-
VUE-4DF6D42569D1148E3ADD	compiler-core	packages/compiler-core/__tests__/transforms/vMemo.spec.ts:31:3	ae21bf9fa1df1bc31944171d9e01f0524c1b282b	single-declaration	StringLiteral	6973a7b8541783d50a53deff4c0cf62af5904b1410eee97256a63788a6c90660	blocked	BV1	BF2 must runner-enumerate profiles and attach imported/equivalent/not-applicable/unsupported evidence.	-
VUE-86E460B6A9A8D1F403D1	compiler-core	packages/compiler-core/__tests__/transforms/vMemo.spec.ts:45:3	ae21bf9fa1df1bc31944171d9e01f0524c1b282b	single-declaration	StringLiteral	dada86509e58331aea6399767e1edfac64617aa2ab65eecc14f89bbbd2b06d8a	blocked	BV1	BF2 must runner-enumerate profiles and attach imported/equivalent/not-applicable/unsupported evidence.	-
VUE-738BABFA9CB813F7F978	compiler-core	packages/compiler-core/__tests__/transforms/vMemo.spec.ts:49:3	ae21bf9fa1df1bc31944171d9e01f0524c1b282b	single-declaration	StringLiteral	44e71cb9ba82c963a8dcb8a7fa0f7f67bba142517deb741635a1346875c80a14	blocked	BV1	BF2 must runner-enumerate profiles and attach imported/equivalent/not-applicable/unsupported evidence.	-
VUE-9B58DFB2E7C5C0D3514B	compiler-core	packages/compiler-core/__tests__/transforms/vMemo.spec.ts:58:3	ae21bf9fa1df1bc31944171d9e01f0524c1b282b	single-declaration	StringLiteral	e6a968b95067a80e78b07b99a476bf6ce1e67c7432f5d2061ebe2e53f5642ed6	blocked	BV1	BF2 must runner-enumerate profiles and attach imported/equivalent/not-applicable/unsupported evidence.	-
VUE-C3F40D2417F550C85367	compiler-core	packages/compiler-core/__tests__/transforms/vMemo.spec.ts:68:3	ae21bf9fa1df1bc31944171d9e01f0524c1b282b	single-declaration	StringLiteral	bc5ff0653072a5ef49c266f3f59a7cb4cd4b8a4ac128fa1548f49d386a58bf22	blocked	BV1	BF2 must runner-enumerate profiles and attach imported/equivalent/not-applicable/unsupported evidence.	-
VUE-F162C7A911ACF1822BE2	compiler-core	packages/compiler-core/__tests__/transforms/vMemo.spec.ts:78:3	ae21bf9fa1df1bc31944171d9e01f0524c1b282b	single-declaration	StringLiteral	22035262dc4629c30163f5422cbbf353ef3b0698f5ce1fd8028cefb6f45172f4	blocked	BV1	BF2 must runner-enumerate profiles and attach imported/equivalent/not-applicable/unsupported evidence.	-
VUE-09BDF481C9E76CDE856A	compiler-core	packages/compiler-core/__tests__/transforms/vMemo.spec.ts:88:3	ae21bf9fa1df1bc31944171d9e01f0524c1b282b	single-declaration	StringLiteral	98392d3eed2fc9987250876c5c900aaebc518bda65c885a406ae5aced542b513	blocked	BV1	BF2 must runner-enumerate profiles and attach imported/equivalent/not-applicable/unsupported evidence.	-
VUE-78FAB5056B9A9CC7BF6F	compiler-core	packages/compiler-core/__tests__/transforms/vModel.spec.ts:122:3	5ab79a301d95cf5c804d94e04d8cf06b073ad500	single-declaration	StringLiteral	15d6cd49599e304b7f38f32da8a7635d9d45d838c82464c0ea0593b89870628c	blocked	BV1	BF2 must runner-enumerate profiles and attach imported/equivalent/not-applicable/unsupported evidence.	-
VUE-F758BDE73621EA1BE632	compiler-core	packages/compiler-core/__tests__/transforms/vModel.spec.ts:159:3	5ab79a301d95cf5c804d94e04d8cf06b073ad500	single-declaration	StringLiteral	169f84ea8e150bc7bbb7555a8cddb7222a13269dc3eb5f5c604f62c78698f267	blocked	BV1	BF2 must runner-enumerate profiles and attach imported/equivalent/not-applicable/unsupported evidence.	-
VUE-656E9B36D25759EF34B2	compiler-core	packages/compiler-core/__tests__/transforms/vModel.spec.ts:196:3	5ab79a301d95cf5c804d94e04d8cf06b073ad500	single-declaration	StringLiteral	7711a0ceaa7bf6b8fbbdb3e8d207af517d15449b8a03d724b01644e091635554	blocked	BV1	BF2 must runner-enumerate profiles and attach imported/equivalent/not-applicable/unsupported evidence.	-
VUE-738242155481D08DB17D	compiler-core	packages/compiler-core/__tests__/transforms/vModel.spec.ts:255:3	5ab79a301d95cf5c804d94e04d8cf06b073ad500	single-declaration	StringLiteral	5aceb7b2935a59b4a8b72afc3847cff92bb5c62d8dc5748eae8b3700791cab7d	blocked	BV1	BF2 must runner-enumerate profiles and attach imported/equivalent/not-applicable/unsupported evidence.	-
VUE-D56A18D3FE43DC5A0EEF	compiler-core	packages/compiler-core/__tests__/transforms/vModel.spec.ts:291:3	5ab79a301d95cf5c804d94e04d8cf06b073ad500	single-declaration	StringLiteral	86a568195de385f2532ebacf1165381c3c8ccf088f7d88c6552b6685daaff93d	blocked	BV1	BF2 must runner-enumerate profiles and attach imported/equivalent/not-applicable/unsupported evidence.	-
VUE-3CA5649430710BD16EF4	compiler-core	packages/compiler-core/__tests__/transforms/vModel.spec.ts:343:3	5ab79a301d95cf5c804d94e04d8cf06b073ad500	single-declaration	StringLiteral	420acd948ba45ed415c13eceb23738095eef7ecf91a2cc4afea36b87a20b14b3	blocked	BV1	BF2 must runner-enumerate profiles and attach imported/equivalent/not-applicable/unsupported evidence.	-
VUE-7FD2E12EA683427B0919	compiler-core	packages/compiler-core/__tests__/transforms/vModel.spec.ts:397:3	5ab79a301d95cf5c804d94e04d8cf06b073ad500	single-declaration	StringLiteral	3ba06e3bf44fc3c1b1e028497e2271b7765254f5e07d3e11d7229c60531a74d0	blocked	BV1	BF2 must runner-enumerate profiles and attach imported/equivalent/not-applicable/unsupported evidence.	-
VUE-3FC196A10FAE227E3410	compiler-core	packages/compiler-core/__tests__/transforms/vModel.spec.ts:412:3	5ab79a301d95cf5c804d94e04d8cf06b073ad500	single-declaration	StringLiteral	bb65d65bacdabefcbc99e23097f927de2c7425b451925cab0ea5e6fb92ca1737	blocked	BV1	BF2 must runner-enumerate profiles and attach imported/equivalent/not-applicable/unsupported evidence.	-
VUE-3FA779A6C0F9CA546868	compiler-core	packages/compiler-core/__tests__/transforms/vModel.spec.ts:430:3	5ab79a301d95cf5c804d94e04d8cf06b073ad500	single-declaration	StringLiteral	084a1d3ece8781dc8436a3096557d63db5491ac1e62d7eaae6eea5fab097c67f	blocked	BV1	BF2 must runner-enumerate profiles and attach imported/equivalent/not-applicable/unsupported evidence.	-
VUE-CEC296199204C9236645	compiler-core	packages/compiler-core/__tests__/transforms/vModel.spec.ts:439:3	5ab79a301d95cf5c804d94e04d8cf06b073ad500	single-declaration	StringLiteral	871129dab405e59613c7392bef9452518600e825c72102de863738080a1abc29	blocked	BV1	BF2 must runner-enumerate profiles and attach imported/equivalent/not-applicable/unsupported evidence.	-
VUE-2010CE2606F0E1D65AB4	compiler-core	packages/compiler-core/__tests__/transforms/vModel.spec.ts:45:3	5ab79a301d95cf5c804d94e04d8cf06b073ad500	single-declaration	StringLiteral	916b102537c5abd9ea5e1030b94e32071146d61597bd89c2b6ebee1b9b5e2de3	blocked	BV1	BF2 must runner-enumerate profiles and attach imported/equivalent/not-applicable/unsupported evidence.	-
VUE-6B8DCADBE3CAEA26A30A	compiler-core	packages/compiler-core/__tests__/transforms/vModel.spec.ts:452:3	5ab79a301d95cf5c804d94e04d8cf06b073ad500	single-declaration	StringLiteral	6e06500064b46561a3a3999c0e958403de3be98ef457d614662879cefcde18db	blocked	BV1	BF2 must runner-enumerate profiles and attach imported/equivalent/not-applicable/unsupported evidence.	-
VUE-8978CB75484E4733BAC6	compiler-core	packages/compiler-core/__tests__/transforms/vModel.spec.ts:477:3	5ab79a301d95cf5c804d94e04d8cf06b073ad500	single-declaration	StringLiteral	c6539dc3f1bcca875ee6c3040450fc58823e719b05a12ad1f550390311dac51d	blocked	BV1	BF2 must runner-enumerate profiles and attach imported/equivalent/not-applicable/unsupported evidence.	-
VUE-DD09D90451BAA5AAE33E	compiler-core	packages/compiler-core/__tests__/transforms/vModel.spec.ts:510:3	5ab79a301d95cf5c804d94e04d8cf06b073ad500	single-declaration	StringLiteral	b9030e2ebf1c9a85cd86dc841dbbc2c68a092838810828c0d8f8fc6d1a8cd973	blocked	BV1	BF2 must runner-enumerate profiles and attach imported/equivalent/not-applicable/unsupported evidence.	-
VUE-8ACFD6CDBB4D512FC400	compiler-core	packages/compiler-core/__tests__/transforms/vModel.spec.ts:529:5	5ab79a301d95cf5c804d94e04d8cf06b073ad500	single-declaration	StringLiteral	069b1dbae49dea5587326bdfdfde204b1926ba2660e62a9dac332f97c659b055	blocked	BV1	BF2 must runner-enumerate profiles and attach imported/equivalent/not-applicable/unsupported evidence.	-
VUE-FCDC4CDF115B6B77D05E	compiler-core	packages/compiler-core/__tests__/transforms/vModel.spec.ts:541:5	5ab79a301d95cf5c804d94e04d8cf06b073ad500	single-declaration	StringLiteral	899e8309aa53c4ee0acaec4b713a6281eeb96c37c1d89f23b4f6f086425daed5	blocked	BV1	BF2 must runner-enumerate profiles and attach imported/equivalent/not-applicable/unsupported evidence.	-
VUE-EBE17EE4ECAA6F9B775D	compiler-core	packages/compiler-core/__tests__/transforms/vModel.spec.ts:553:5	5ab79a301d95cf5c804d94e04d8cf06b073ad500	single-declaration	StringLiteral	241519216a20d1ea0101deed6e3b4536dbed9d2416a39bd9fb15ea9b100e1a10	blocked	BV1	BF2 must runner-enumerate profiles and attach imported/equivalent/not-applicable/unsupported evidence.	-
VUE-E7E4C5D2FB10208F55B7	compiler-core	packages/compiler-core/__tests__/transforms/vModel.spec.ts:565:5	5ab79a301d95cf5c804d94e04d8cf06b073ad500	single-declaration	StringLiteral	dc5184d8b80f4ce29aef69fdf709e8e7dddc7cc0953ec39dc7b18586646b0685	blocked	BV1	BF2 must runner-enumerate profiles and attach imported/equivalent/not-applicable/unsupported evidence.	-
VUE-BBF0608D1F79FFCFD8E5	compiler-core	packages/compiler-core/__tests__/transforms/vModel.spec.ts:572:5	5ab79a301d95cf5c804d94e04d8cf06b073ad500	single-declaration	StringLiteral	f13d8c8af426fb8ffdace8381a44bfc27c2b651e84afe5d039cabb058a692fc9	blocked	BV1	BF2 must runner-enumerate profiles and attach imported/equivalent/not-applicable/unsupported evidence.	-
VUE-2F23577C3565A7B8D0F5	compiler-core	packages/compiler-core/__tests__/transforms/vModel.spec.ts:587:5	5ab79a301d95cf5c804d94e04d8cf06b073ad500	single-declaration	StringLiteral	7459c57f0d004a6b3735dbb3945c46e82b919563530d57d8907f013865ce97ad	blocked	BV1	BF2 must runner-enumerate profiles and attach imported/equivalent/not-applicable/unsupported evidence.	-
VUE-CB7842C83DCBA0734A82	compiler-core	packages/compiler-core/__tests__/transforms/vModel.spec.ts:604:5	5ab79a301d95cf5c804d94e04d8cf06b073ad500	single-declaration	StringLiteral	c76c9fc1845d532d46d9f3559498e0ce539475d18c6d0cbdbf0f5aaa5e4788f9	blocked	BV1	BF2 must runner-enumerate profiles and attach imported/equivalent/not-applicable/unsupported evidence.	-
VUE-8706D587CA62DFB52EC9	compiler-core	packages/compiler-core/__tests__/transforms/vModel.spec.ts:82:3	5ab79a301d95cf5c804d94e04d8cf06b073ad500	single-declaration	StringLiteral	9153d1fd8867da7d4c501bab19b8aa1a8bb39b51bb8049ea8146b716634ac141	blocked	BV1	BF2 must runner-enumerate profiles and attach imported/equivalent/not-applicable/unsupported evidence.	-
VUE-7A9540F58F689F6179B7	compiler-core	packages/compiler-core/__tests__/transforms/vOn.spec.ts:120:3	9fda025958529ed6ae9f1762bc8fbcfb905b55b5	single-declaration	StringLiteral	840ba98acf2b4cb6160bc3695540283ba1f380d252d8709f9d23729826e7896e	blocked	BV1	BF2 must runner-enumerate profiles and attach imported/equivalent/not-applicable/unsupported evidence.	-
VUE-F1ABDAD9BF86C11CC146	compiler-core	packages/compiler-core/__tests__/transforms/vOn.spec.ts:148:3	9fda025958529ed6ae9f1762bc8fbcfb905b55b5	single-declaration	StringLiteral	55e3df9a16d16f4706b30aee6e70b8c749bc23ab03e4965a072cd79d5c9cc23c	blocked	BV1	BF2 must runner-enumerate profiles and attach imported/equivalent/not-applicable/unsupported evidence.	-
VUE-CA3DC2191E29EF5D9E1F	compiler-core	packages/compiler-core/__tests__/transforms/vOn.spec.ts:163:3	9fda025958529ed6ae9f1762bc8fbcfb905b55b5	single-declaration	StringLiteral	6784355020c82ee4cbdf3a99ddb1a73ed50a4c2c3debee56d2ec3d04860b707a	blocked	BV1	BF2 must runner-enumerate profiles and attach imported/equivalent/not-applicable/unsupported evidence.	-
VUE-D278CBC69D8E27EB3CE5	compiler-core	packages/compiler-core/__tests__/transforms/vOn.spec.ts:181:3	9fda025958529ed6ae9f1762bc8fbcfb905b55b5	single-declaration	StringLiteral	bf04117b3e70f5990bf413316e5529ccc094ec0420f315ccc48957836bc0ebeb	blocked	BV1	BF2 must runner-enumerate profiles and attach imported/equivalent/not-applicable/unsupported evidence.	-
VUE-BB9ABDFEDEAB5BD6867F	compiler-core	packages/compiler-core/__tests__/transforms/vOn.spec.ts:199:3	9fda025958529ed6ae9f1762bc8fbcfb905b55b5	single-declaration	StringLiteral	11c6dad541d2cf087627b888155da489f0784ac9828ccf543e42cd96da270d7d	blocked	BV1	BF2 must runner-enumerate profiles and attach imported/equivalent/not-applicable/unsupported evidence.	-
VUE-DFC84DD766B5B13CAC8A	compiler-core	packages/compiler-core/__tests__/transforms/vOn.spec.ts:229:3	9fda025958529ed6ae9f1762bc8fbcfb905b55b5	single-declaration	StringLiteral	22200d5a816213a191ca71f123e81007ac5944ab73effa63cfa147d2dc75dd75	blocked	BV1	BF2 must runner-enumerate profiles and attach imported/equivalent/not-applicable/unsupported evidence.	-
VUE-29329B58C0B6CFE3C510	compiler-core	packages/compiler-core/__tests__/transforms/vOn.spec.ts:260:3	9fda025958529ed6ae9f1762bc8fbcfb905b55b5	single-declaration	StringLiteral	485d8ed9926dfd4bc8ac50f5817dec1c3d4bbc94caca07a591e4897254031271	blocked	BV1	BF2 must runner-enumerate profiles and attach imported/equivalent/not-applicable/unsupported evidence.	-
VUE-6483D44B70B56484ECB0	compiler-core	packages/compiler-core/__tests__/transforms/vOn.spec.ts:275:3	9fda025958529ed6ae9f1762bc8fbcfb905b55b5	single-declaration	StringLiteral	8f8d4922d0299c5043c602d1f2a252980ad3604f31c1529097ed183a2071c847	blocked	BV1	BF2 must runner-enumerate profiles and attach imported/equivalent/not-applicable/unsupported evidence.	-
VUE-D271DC9DC3801ECFBA22	compiler-core	packages/compiler-core/__tests__/transforms/vOn.spec.ts:305:3	9fda025958529ed6ae9f1762bc8fbcfb905b55b5	single-declaration	StringLiteral	a3224a4f4d016c70b97f2c9350e9f5ef4d29f38ae67238a5e6841d520a46108d	blocked	BV1	BF2 must runner-enumerate profiles and attach imported/equivalent/not-applicable/unsupported evidence.	-
VUE-CF6D1EA9CCA2BEB188F6	compiler-core	packages/compiler-core/__tests__/transforms/vOn.spec.ts:322:3	9fda025958529ed6ae9f1762bc8fbcfb905b55b5	single-declaration	StringLiteral	4c2ab166069a646b90411f6a1c3226cebb89725aff6b6b23899d102c5ee8338a	blocked	BV1	BF2 must runner-enumerate profiles and attach imported/equivalent/not-applicable/unsupported evidence.	-
VUE-A30F5C87EADD990D80F6	compiler-core	packages/compiler-core/__tests__/transforms/vOn.spec.ts:34:3	9fda025958529ed6ae9f1762bc8fbcfb905b55b5	single-declaration	StringLiteral	8630f6bdb0e06a9167722b29c0d0428180b912f248abe561843f8c31877ac1a8	blocked	BV1	BF2 must runner-enumerate profiles and attach imported/equivalent/not-applicable/unsupported evidence.	-
VUE-1213AF8FADE2A3349DFC	compiler-core	packages/compiler-core/__tests__/transforms/vOn.spec.ts:347:3	9fda025958529ed6ae9f1762bc8fbcfb905b55b5	single-declaration	StringLiteral	59d0aedd6b679a833c20518a357d65feb07790db97b626a303755137d01f82ed	blocked	BV1	BF2 must runner-enumerate profiles and attach imported/equivalent/not-applicable/unsupported evidence.	-
VUE-EEB2FFA9B979DC57BEE7	compiler-core	packages/compiler-core/__tests__/transforms/vOn.spec.ts:372:3	9fda025958529ed6ae9f1762bc8fbcfb905b55b5	single-declaration	StringLiteral	de87ee626bb05c5b32c4d25a8bd541b1f41f64eedbbc2dba2af9dfb2a85aea76	blocked	BV1	BF2 must runner-enumerate profiles and attach imported/equivalent/not-applicable/unsupported evidence.	-
VUE-E5034D73EB4A5D5109FF	compiler-core	packages/compiler-core/__tests__/transforms/vOn.spec.ts:387:3	9fda025958529ed6ae9f1762bc8fbcfb905b55b5	single-declaration	StringLiteral	b88a1ca918806459a045bce26cfbea6ed8b282af34d5ebc7b26311cd8baa8996	blocked	BV1	BF2 must runner-enumerate profiles and attach imported/equivalent/not-applicable/unsupported evidence.	-
VUE-F1FCCAFB24483A17213D	compiler-core	packages/compiler-core/__tests__/transforms/vOn.spec.ts:409:3	9fda025958529ed6ae9f1762bc8fbcfb905b55b5	single-declaration	StringLiteral	0e2fbce623ebcd4656b63b323b13094398ee5e1dcff94908e9e2522d2362869f	blocked	BV1	BF2 must runner-enumerate profiles and attach imported/equivalent/not-applicable/unsupported evidence.	-
VUE-CC5A32007439EECB4C46	compiler-core	packages/compiler-core/__tests__/transforms/vOn.spec.ts:433:3	9fda025958529ed6ae9f1762bc8fbcfb905b55b5	single-declaration	StringLiteral	5ca3700cd256c974612f48e3ad73e427642fcd22502eddc486f3d32b5b2809f1	blocked	BV1	BF2 must runner-enumerate profiles and attach imported/equivalent/not-applicable/unsupported evidence.	-
VUE-E8B2E6C1BF0F171DFA3C	compiler-core	packages/compiler-core/__tests__/transforms/vOn.spec.ts:451:3	9fda025958529ed6ae9f1762bc8fbcfb905b55b5	single-declaration	StringLiteral	10d0c5ba9f2405680c65a8862776aebf009814033fe10df70027851310e708d5	blocked	BV1	BF2 must runner-enumerate profiles and attach imported/equivalent/not-applicable/unsupported evidence.	-
VUE-90609AE013B3AED3A49B	compiler-core	packages/compiler-core/__tests__/transforms/vOn.spec.ts:457:3	9fda025958529ed6ae9f1762bc8fbcfb905b55b5	single-declaration	StringLiteral	237c48479cb31d7c30678a264202f71897bbc2154f1e35d1fb0ae77d985240c8	blocked	BV1	BF2 must runner-enumerate profiles and attach imported/equivalent/not-applicable/unsupported evidence.	-
VUE-F286A5C0FF15E264A66A	compiler-core	packages/compiler-core/__tests__/transforms/vOn.spec.ts:473:3	9fda025958529ed6ae9f1762bc8fbcfb905b55b5	single-declaration	StringLiteral	f6ab0683f974eabd4f0a0a0446aa6dae8a58f60734b1395cb8255f633ad0da43	blocked	BV1	BF2 must runner-enumerate profiles and attach imported/equivalent/not-applicable/unsupported evidence.	-
VUE-2C8C89FEA9670A8A7B52	compiler-core	packages/compiler-core/__tests__/transforms/vOn.spec.ts:491:3	9fda025958529ed6ae9f1762bc8fbcfb905b55b5	single-declaration	StringLiteral	379df3b02c1129e94df6999186908d4729606c096f9a1f5d3ded8d3a5950ac25	blocked	BV1	BF2 must runner-enumerate profiles and attach imported/equivalent/not-applicable/unsupported evidence.	-
VUE-FFE82770AEFCE32ACEAC	compiler-core	packages/compiler-core/__tests__/transforms/vOn.spec.ts:518:5	9fda025958529ed6ae9f1762bc8fbcfb905b55b5	single-declaration	StringLiteral	95fff44cb023f1f0084c4958e83e23bbfac5e11602081f2d6601feef5d5d2c85	blocked	BV1	BF2 must runner-enumerate profiles and attach imported/equivalent/not-applicable/unsupported evidence.	-
VUE-1ADE6C946F5ECA363546	compiler-core	packages/compiler-core/__tests__/transforms/vOn.spec.ts:539:5	9fda025958529ed6ae9f1762bc8fbcfb905b55b5	single-declaration	StringLiteral	e208fd73e934d01b169c231ab6d8c4c3774e41643ba588d449bd00389d89143d	blocked	BV1	BF2 must runner-enumerate profiles and attach imported/equivalent/not-applicable/unsupported evidence.	-
VUE-15F87DE49F5DEA3A93B9	compiler-core	packages/compiler-core/__tests__/transforms/vOn.spec.ts:564:5	9fda025958529ed6ae9f1762bc8fbcfb905b55b5	single-declaration	StringLiteral	e80a25cea3e5ae3c8aaed1d31b147c8ce5d709561eba85da3bcfa959c1014156	blocked	BV1	BF2 must runner-enumerate profiles and attach imported/equivalent/not-applicable/unsupported evidence.	-
VUE-D3E7C3CDCC87501AB274	compiler-core	packages/compiler-core/__tests__/transforms/vOn.spec.ts:600:5	9fda025958529ed6ae9f1762bc8fbcfb905b55b5	single-declaration	StringLiteral	7b08be59592b4924c23a115d7f6dff3bd211da72602621058d7ad8ae3552a8ff	blocked	BV1	BF2 must runner-enumerate profiles and attach imported/equivalent/not-applicable/unsupported evidence.	-
VUE-0165A14AA720C03207EA	compiler-core	packages/compiler-core/__tests__/transforms/vOn.spec.ts:609:5	9fda025958529ed6ae9f1762bc8fbcfb905b55b5	single-declaration	StringLiteral	ddf1b756d804c03a8b8d59531a25ce912d2831aab0ba0f6b0a23777a05115ec8	blocked	BV1	BF2 must runner-enumerate profiles and attach imported/equivalent/not-applicable/unsupported evidence.	-
VUE-2A01C1315B3F30325855	compiler-core	packages/compiler-core/__tests__/transforms/vOn.spec.ts:621:5	9fda025958529ed6ae9f1762bc8fbcfb905b55b5	single-declaration	StringLiteral	dbb4c48a49db4581851aead359d3d4ff3167efd230f332a21d458cbec4c98a44	blocked	BV1	BF2 must runner-enumerate profiles and attach imported/equivalent/not-applicable/unsupported evidence.	-
VUE-E92AC49FDF3E17220EBF	compiler-core	packages/compiler-core/__tests__/transforms/vOn.spec.ts:632:5	9fda025958529ed6ae9f1762bc8fbcfb905b55b5	single-declaration	StringLiteral	8cfce64f6dc345f7180e9c1d5d9cc9fdf1c61aac793e7ee855e5537112a5d051	blocked	BV1	BF2 must runner-enumerate profiles and attach imported/equivalent/not-applicable/unsupported evidence.	-
VUE-F9DC3A508C9248029F86	compiler-core	packages/compiler-core/__tests__/transforms/vOn.spec.ts:653:5	9fda025958529ed6ae9f1762bc8fbcfb905b55b5	single-declaration	StringLiteral	ac43ffd7ab2d534a6444143702429470ec7f260b4caba879d2b6a239e9d51463	blocked	BV1	BF2 must runner-enumerate profiles and attach imported/equivalent/not-applicable/unsupported evidence.	-
VUE-5CAFBC0D2189AFEC1EAE	compiler-core	packages/compiler-core/__tests__/transforms/vOn.spec.ts:677:5	9fda025958529ed6ae9f1762bc8fbcfb905b55b5	single-declaration	StringLiteral	5137cd155768280f7521f648ef963b1e733954a12cc4127958d4a392c3bf695d	blocked	BV1	BF2 must runner-enumerate profiles and attach imported/equivalent/not-applicable/unsupported evidence.	-
VUE-9C1F2F1C8D2F6E12FB75	compiler-core	packages/compiler-core/__tests__/transforms/vOn.spec.ts:710:5	9fda025958529ed6ae9f1762bc8fbcfb905b55b5	single-declaration	StringLiteral	d454cdca5ea268c425ea583c6a784e45c6e49133d419fa1a5f5cca41bbba0a68	blocked	BV1	BF2 must runner-enumerate profiles and attach imported/equivalent/not-applicable/unsupported evidence.	-
VUE-91DC51F86E1F20C866BE	compiler-core	packages/compiler-core/__tests__/transforms/vOn.spec.ts:72:3	9fda025958529ed6ae9f1762bc8fbcfb905b55b5	single-declaration	StringLiteral	fd28b2f21db8352051364d9fb0ef1024e6980a984cd9401d6c7a609e0c85d8fc	blocked	BV1	BF2 must runner-enumerate profiles and attach imported/equivalent/not-applicable/unsupported evidence.	-
VUE-EEB0175871D0B86B43F1	compiler-core	packages/compiler-core/__tests__/transforms/vOn.spec.ts:738:5	9fda025958529ed6ae9f1762bc8fbcfb905b55b5	single-declaration	StringLiteral	3a4994c248dd20e80ff866f09b515362beba362358fc3060d829b8564699e717	blocked	BV1	BF2 must runner-enumerate profiles and attach imported/equivalent/not-applicable/unsupported evidence.	-
VUE-D6875B94838425B15047	compiler-core	packages/compiler-core/__tests__/transforms/vOn.spec.ts:95:3	9fda025958529ed6ae9f1762bc8fbcfb905b55b5	single-declaration	StringLiteral	a4956105247d2cb8ed0428f963853af059d191f7148ca3a61cd868bd7d84f839	blocked	BV1	BF2 must runner-enumerate profiles and attach imported/equivalent/not-applicable/unsupported evidence.	-
VUE-BFCA8043F206BF40F37B	compiler-core	packages/compiler-core/__tests__/transforms/vOnce.spec.ts:109:3	5f47a0fdbd99cf9417a838f6b46c7343fa7af6b7	single-declaration	StringLiteral	27fffb14a4bdc194167a51f167d92bcc8f890cd927fb28b6a02748779a99b321	blocked	BV1	BF2 must runner-enumerate profiles and attach imported/equivalent/not-applicable/unsupported evidence.	-
VUE-D04B175D336AF213A038	compiler-core	packages/compiler-core/__tests__/transforms/vOnce.spec.ts:133:3	5f47a0fdbd99cf9417a838f6b46c7343fa7af6b7	single-declaration	StringLiteral	662ca1315f6cad4e3b359d6f04ba89435d2a2a3f22fcd22a7837bf42a4836ed2	blocked	BV1	BF2 must runner-enumerate profiles and attach imported/equivalent/not-applicable/unsupported evidence.	-
VUE-7072BC7DE2113BD35D40	compiler-core	packages/compiler-core/__tests__/transforms/vOnce.spec.ts:23:3	5f47a0fdbd99cf9417a838f6b46c7343fa7af6b7	single-declaration	StringLiteral	2c50f7b55683b94f4cd8bdd6222b4f5019aeeeb2466cf9e31b22738311be864c	blocked	BV1	BF2 must runner-enumerate profiles and attach imported/equivalent/not-applicable/unsupported evidence.	-
VUE-891CB03D0C3DBF82634E	compiler-core	packages/compiler-core/__tests__/transforms/vOnce.spec.ts:38:3	5f47a0fdbd99cf9417a838f6b46c7343fa7af6b7	single-declaration	StringLiteral	27524d578db1af60ebdee040fae794a66ca2435cab14ac8dcfdf0524f0bab5aa	blocked	BV1	BF2 must runner-enumerate profiles and attach imported/equivalent/not-applicable/unsupported evidence.	-
VUE-1B2FF087280BD32B100F	compiler-core	packages/compiler-core/__tests__/transforms/vOnce.spec.ts:53:3	5f47a0fdbd99cf9417a838f6b46c7343fa7af6b7	single-declaration	StringLiteral	dada86509e58331aea6399767e1edfac64617aa2ab65eecc14f89bbbd2b06d8a	blocked	BV1	BF2 must runner-enumerate profiles and attach imported/equivalent/not-applicable/unsupported evidence.	-
VUE-7DBB9E71504AB24AD79B	compiler-core	packages/compiler-core/__tests__/transforms/vOnce.spec.ts:68:3	5f47a0fdbd99cf9417a838f6b46c7343fa7af6b7	single-declaration	StringLiteral	3a957ac0ff2d36af5232d609b82f30fbc2def9cde21b49398a9f67cdf07e7317	blocked	BV1	BF2 must runner-enumerate profiles and attach imported/equivalent/not-applicable/unsupported evidence.	-
VUE-132E1C757DEDA40D9A3C	compiler-core	packages/compiler-core/__tests__/transforms/vOnce.spec.ts:84:3	5f47a0fdbd99cf9417a838f6b46c7343fa7af6b7	single-declaration	StringLiteral	e862e32ac807d1b001e6f6fb23e28e443da4d705a6ab894347b8fb4787932a67	blocked	BV1	BF2 must runner-enumerate profiles and attach imported/equivalent/not-applicable/unsupported evidence.	-
VUE-D22C005F0DD27DBD9494	compiler-core	packages/compiler-core/__tests__/transforms/vOnce.spec.ts:91:3	5f47a0fdbd99cf9417a838f6b46c7343fa7af6b7	single-declaration	StringLiteral	8ad0d6709d1f3238421f3dae3de0d6eea0b9ba7f991b3addc0a35784ec59879b	blocked	BV1	BF2 must runner-enumerate profiles and attach imported/equivalent/not-applicable/unsupported evidence.	-
VUE-4B781801E5C37F80B549	compiler-core	packages/compiler-core/__tests__/transforms/vSlot.spec.ts:1012:5	97f68101f7481e853a79c3480536039ffcfe39c3	single-declaration	StringLiteral	62d48c26c7d8237595d00f6bd4fc97bd999bb3b06f55b7a93608ba50f7394e7a	blocked	BV1	BF2 must runner-enumerate profiles and attach imported/equivalent/not-applicable/unsupported evidence.	-
VUE-31B34271665176C1C46A	compiler-core	packages/compiler-core/__tests__/transforms/vSlot.spec.ts:1029:5	97f68101f7481e853a79c3480536039ffcfe39c3	single-declaration	StringLiteral	fb212a0813cfd16de0d6270e8afbfce41ea11fb7a8838fc0fa0f75f402be01af	blocked	BV1	BF2 must runner-enumerate profiles and attach imported/equivalent/not-applicable/unsupported evidence.	-
VUE-2CF4260D98A5E55C63CA	compiler-core	packages/compiler-core/__tests__/transforms/vSlot.spec.ts:1053:5	97f68101f7481e853a79c3480536039ffcfe39c3	single-declaration	StringLiteral	27de3c342f6ee667c086b2ce6d74677dd34f98b0ad55fb53a9f7b1c2e2222499	blocked	BV1	BF2 must runner-enumerate profiles and attach imported/equivalent/not-applicable/unsupported evidence.	-
VUE-72185AFAC4DFF0D8A4A5	compiler-core	packages/compiler-core/__tests__/transforms/vSlot.spec.ts:1074:5	97f68101f7481e853a79c3480536039ffcfe39c3	single-declaration	StringLiteral	9012815483b7ebe15238b0e1690abe18e0cfa155bbf5a22a0b820b8211b1c31f	blocked	BV1	BF2 must runner-enumerate profiles and attach imported/equivalent/not-applicable/unsupported evidence.	-
VUE-D90F4361807CF090E3F7	compiler-core	packages/compiler-core/__tests__/transforms/vSlot.spec.ts:1088:5	97f68101f7481e853a79c3480536039ffcfe39c3	single-declaration	StringLiteral	374c60e5505f024209ffedc862e3b1c3122a1c1cea2e858d08ab304099c6c4ff	blocked	BV1	BF2 must runner-enumerate profiles and attach imported/equivalent/not-applicable/unsupported evidence.	-
VUE-DB1944F418FA5CB97871	compiler-core	packages/compiler-core/__tests__/transforms/vSlot.spec.ts:115:3	97f68101f7481e853a79c3480536039ffcfe39c3	single-declaration	StringLiteral	519318b43f5b13e16eda99d77d28f26a58439dd9d71d62107ebfaf8e8111cecd	blocked	BV1	BF2 must runner-enumerate profiles and attach imported/equivalent/not-applicable/unsupported evidence.	-
VUE-30A5183B44C17A8CD018	compiler-core	packages/compiler-core/__tests__/transforms/vSlot.spec.ts:148:3	97f68101f7481e853a79c3480536039ffcfe39c3	single-declaration	StringLiteral	6332248a3b7f0cb4fccd54f0164e4eb3047a2c436f783470cf926fea103fc59f	blocked	BV1	BF2 must runner-enumerate profiles and attach imported/equivalent/not-applicable/unsupported evidence.	-
VUE-DE30DAB70697AA9D81EF	compiler-core	packages/compiler-core/__tests__/transforms/vSlot.spec.ts:181:3	97f68101f7481e853a79c3480536039ffcfe39c3	single-declaration	StringLiteral	28eddda97b6e4e7a9902e02b0105c0caaf064d5c5a358d7bc1bf74d717605c8b	blocked	BV1	BF2 must runner-enumerate profiles and attach imported/equivalent/not-applicable/unsupported evidence.	-
VUE-FD0D26A9D8B083895730	compiler-core	packages/compiler-core/__tests__/transforms/vSlot.spec.ts:242:3	97f68101f7481e853a79c3480536039ffcfe39c3	single-declaration	StringLiteral	0d7897bbdd5bc2f117a0684b74ebefb8fdba67e225afc65736143fab1d0a6bc2	blocked	BV1	BF2 must runner-enumerate profiles and attach imported/equivalent/not-applicable/unsupported evidence.	-
VUE-F147A9155004ADB8F7C6	compiler-core	packages/compiler-core/__tests__/transforms/vSlot.spec.ts:278:3	97f68101f7481e853a79c3480536039ffcfe39c3	single-declaration	StringLiteral	bc35bc1f92a841467f78b1d14e7e43869f12aff23dd20cdd0b4e39e4e3624750	blocked	BV1	BF2 must runner-enumerate profiles and attach imported/equivalent/not-applicable/unsupported evidence.	-
VUE-527A3934EB3F1A4F552C	compiler-core	packages/compiler-core/__tests__/transforms/vSlot.spec.ts:315:3	97f68101f7481e853a79c3480536039ffcfe39c3	single-declaration	StringLiteral	a356841c017955e2bf43878bc92a9535b2577fee0b250665ea48d3f618f6d94b	blocked	BV1	BF2 must runner-enumerate profiles and attach imported/equivalent/not-applicable/unsupported evidence.	-
VUE-6F50E0BD299EEB2B1A97	compiler-core	packages/compiler-core/__tests__/transforms/vSlot.spec.ts:349:3	97f68101f7481e853a79c3480536039ffcfe39c3	single-declaration	StringLiteral	4f198127b644a227b0b6a815a29970d63fd73fd65c681af304475d6fc0bdaffe	blocked	BV1	BF2 must runner-enumerate profiles and attach imported/equivalent/not-applicable/unsupported evidence.	-
VUE-1B56E3FC1A5CC6CBB5C8	compiler-core	packages/compiler-core/__tests__/transforms/vSlot.spec.ts:413:3	97f68101f7481e853a79c3480536039ffcfe39c3	single-declaration	StringLiteral	39512be4070c0894115c3505e8a0716efa2fe9c1adf17efde5d694f854071963	blocked	BV1	BF2 must runner-enumerate profiles and attach imported/equivalent/not-applicable/unsupported evidence.	-
VUE-6081C6B300EE09D48CEC	compiler-core	packages/compiler-core/__tests__/transforms/vSlot.spec.ts:507:3	97f68101f7481e853a79c3480536039ffcfe39c3	single-declaration	StringLiteral	d79f40d7423bafd51c3cadda8048a9e98afe822a06e75e6d694a66fa9460da6b	blocked	BV1	BF2 must runner-enumerate profiles and attach imported/equivalent/not-applicable/unsupported evidence.	-
VUE-C7210ED2F684FE84B710	compiler-core	packages/compiler-core/__tests__/transforms/vSlot.spec.ts:519:3	97f68101f7481e853a79c3480536039ffcfe39c3	single-declaration	StringLiteral	6f66dfee167fe28144e52189c61bcdeacfe012508d3bdd0a4436f268b1cff2e0	blocked	BV1	BF2 must runner-enumerate profiles and attach imported/equivalent/not-applicable/unsupported evidence.	-
VUE-1F56D9B5EBB23E8AFFDD	compiler-core	packages/compiler-core/__tests__/transforms/vSlot.spec.ts:607:3	97f68101f7481e853a79c3480536039ffcfe39c3	single-declaration	StringLiteral	a731960606644c053abd54967cf6d65b7a265fc7eb512963a60549557e88fea6	blocked	BV1	BF2 must runner-enumerate profiles and attach imported/equivalent/not-applicable/unsupported evidence.	-
VUE-F1EC168055D375B04BF9	compiler-core	packages/compiler-core/__tests__/transforms/vSlot.spec.ts:649:3	97f68101f7481e853a79c3480536039ffcfe39c3	single-declaration	StringLiteral	5f6bea97a7101c93b7740c3b4ff7c59c62a293c2bfcd9add69d992fef08f0848	blocked	BV1	BF2 must runner-enumerate profiles and attach imported/equivalent/not-applicable/unsupported evidence.	-
VUE-C3D4C6892F97AE886A1B	compiler-core	packages/compiler-core/__tests__/transforms/vSlot.spec.ts:698:3	97f68101f7481e853a79c3480536039ffcfe39c3	single-declaration	StringLiteral	06bc4ba16256cc3148d4baa3e6f4512b4ac21561c7be78fac3b934ca8940227f	blocked	BV1	BF2 must runner-enumerate profiles and attach imported/equivalent/not-applicable/unsupported evidence.	-
VUE-BFF4AB645F3F995E5698	compiler-core	packages/compiler-core/__tests__/transforms/vSlot.spec.ts:762:3	97f68101f7481e853a79c3480536039ffcfe39c3	single-declaration	StringLiteral	fa415d184880f25c50ba703c20745eda243cc53d5d84330364f34bdf5ea3c000	blocked	BV1	BF2 must runner-enumerate profiles and attach imported/equivalent/not-applicable/unsupported evidence.	-
VUE-D43E7B6690D47BCD6E1A	compiler-core	packages/compiler-core/__tests__/transforms/vSlot.spec.ts:826:5	97f68101f7481e853a79c3480536039ffcfe39c3	single-declaration	StringLiteral	0464c402f3602bf23bf0e2eb29eb815e6e25c32a2e6aad2af2340f86b5871fb7	blocked	BV1	BF2 must runner-enumerate profiles and attach imported/equivalent/not-applicable/unsupported evidence.	-
VUE-BEEAF8D0392059157B7D	compiler-core	packages/compiler-core/__tests__/transforms/vSlot.spec.ts:831:5	97f68101f7481e853a79c3480536039ffcfe39c3	single-declaration	StringLiteral	3ed264279cbe74f100a821d5bd1ebf0a699f448692c0e85b48fe108f50565237	blocked	BV1	BF2 must runner-enumerate profiles and attach imported/equivalent/not-applicable/unsupported evidence.	-
VUE-AC72D26CB75DA943FA07	compiler-core	packages/compiler-core/__tests__/transforms/vSlot.spec.ts:836:5	97f68101f7481e853a79c3480536039ffcfe39c3	single-declaration	StringLiteral	3e78effd07d3803d7c2f86a05149fc0691f15b3fc0a679f64d946734afd80518	blocked	BV1	BF2 must runner-enumerate profiles and attach imported/equivalent/not-applicable/unsupported evidence.	-
VUE-6FF2E99C6CB3EA9839D4	compiler-core	packages/compiler-core/__tests__/transforms/vSlot.spec.ts:841:5	97f68101f7481e853a79c3480536039ffcfe39c3	single-declaration	StringLiteral	6c694b4ce5d1dfcbbec5ef399f1fe925848dd5a23d0133e488eaf5df371a4374	blocked	BV1	BF2 must runner-enumerate profiles and attach imported/equivalent/not-applicable/unsupported evidence.	-
VUE-BA8ED958C174FACEC6BF	compiler-core	packages/compiler-core/__tests__/transforms/vSlot.spec.ts:848:5	97f68101f7481e853a79c3480536039ffcfe39c3	single-declaration	StringLiteral	65889d97579222380ca187e75d46e878a50518ee89fa7827c32333deca875cc1	blocked	BV1	BF2 must runner-enumerate profiles and attach imported/equivalent/not-applicable/unsupported evidence.	-
VUE-3C578F66DD33D047019D	compiler-core	packages/compiler-core/__tests__/transforms/vSlot.spec.ts:854:5	97f68101f7481e853a79c3480536039ffcfe39c3	single-declaration	StringLiteral	03d18d8511f5e41ebc145243ecc70f4c5c5013daa5717243f9990041a40e678a	blocked	BV1	BF2 must runner-enumerate profiles and attach imported/equivalent/not-applicable/unsupported evidence.	-
VUE-F59BB180FF37D4C6FF6D	compiler-core	packages/compiler-core/__tests__/transforms/vSlot.spec.ts:905:5	97f68101f7481e853a79c3480536039ffcfe39c3	single-declaration	StringLiteral	5e9dc1c0c7ba011f952b21070dd996352cb978ba0a8bd4eb1f456c66178de447	blocked	BV1	BF2 must runner-enumerate profiles and attach imported/equivalent/not-applicable/unsupported evidence.	-
VUE-F1EDBEEAA4BB64DCE516	compiler-core	packages/compiler-core/__tests__/transforms/vSlot.spec.ts:927:5	97f68101f7481e853a79c3480536039ffcfe39c3	single-declaration	StringLiteral	2e4963a74aa91f84b5e2f0754d1e9f6cf7982c0bd7a9872bda8e6caca227d804	blocked	BV1	BF2 must runner-enumerate profiles and attach imported/equivalent/not-applicable/unsupported evidence.	-
VUE-26B39E45FED96F2050C2	compiler-core	packages/compiler-core/__tests__/transforms/vSlot.spec.ts:94:3	97f68101f7481e853a79c3480536039ffcfe39c3	single-declaration	StringLiteral	62d48c26c7d8237595d00f6bd4fc97bd999bb3b06f55b7a93608ba50f7394e7a	blocked	BV1	BF2 must runner-enumerate profiles and attach imported/equivalent/not-applicable/unsupported evidence.	-
VUE-1296D300C53E15D8CE6E	compiler-core	packages/compiler-core/__tests__/transforms/vSlot.spec.ts:949:5	97f68101f7481e853a79c3480536039ffcfe39c3	single-declaration	StringLiteral	f2cde0f5b814a364ece5b3bf7a4728885140f8d936ce0b678cfcdb1bbea2e727	blocked	BV1	BF2 must runner-enumerate profiles and attach imported/equivalent/not-applicable/unsupported evidence.	-
VUE-961E3D3554ED408EC692	compiler-core	packages/compiler-core/__tests__/transforms/vSlot.spec.ts:971:5	97f68101f7481e853a79c3480536039ffcfe39c3	single-declaration	StringLiteral	3c1bebf42b882afba73db9add988c19b0b08e822bc76fb8ac50383c0912b477f	blocked	BV1	BF2 must runner-enumerate profiles and attach imported/equivalent/not-applicable/unsupported evidence.	-
VUE-55D8EDDAC525A032C148	compiler-core	packages/compiler-core/__tests__/transforms/vSlot.spec.ts:995:5	97f68101f7481e853a79c3480536039ffcfe39c3	single-declaration	StringLiteral	230707b2cf07ad0267b0ee73d1c56f4920a11149c49d0f3106e092555e6298d9	blocked	BV1	BF2 must runner-enumerate profiles and attach imported/equivalent/not-applicable/unsupported evidence.	-
VUE-F58D47CBEC3CC001FE52	compiler-core	packages/compiler-core/__tests__/utils.spec.ts:114:1	000b10e11bd04f64d0b59ef7781aed4c9b124fba	single-declaration	StringLiteral	641e63ce5a93b44be1e6fa37602cf04f29efbd73412f9145fac1cedf76463a87	blocked	BV1	BF2 must runner-enumerate profiles and attach imported/equivalent/not-applicable/unsupported evidence.	-
VUE-ACD846F3BBFFE4833F3E	compiler-core	packages/compiler-core/__tests__/utils.spec.ts:125:3	000b10e11bd04f64d0b59ef7781aed4c9b124fba	single-declaration	StringLiteral	e31954b59bda4af3af27b23b4930d7372eb0af146bfbd1d6694e9bffe8008996	blocked	BV1	BF2 must runner-enumerate profiles and attach imported/equivalent/not-applicable/unsupported evidence.	-
VUE-EA803D0E16A3D6375BF1	compiler-core	packages/compiler-core/__tests__/utils.spec.ts:20:3	000b10e11bd04f64d0b59ef7781aed4c9b124fba	single-declaration	StringLiteral	4eb7f752d6c270a6114bfbbed87b45025aadd581a5534031f765b7398ec0ceaa	blocked	BV1	BF2 must runner-enumerate profiles and attach imported/equivalent/not-applicable/unsupported evidence.	-
VUE-975F961CA769BD676881	compiler-core	packages/compiler-core/__tests__/utils.spec.ts:29:3	000b10e11bd04f64d0b59ef7781aed4c9b124fba	single-declaration	StringLiteral	4eb7f752d6c270a6114bfbbed87b45025aadd581a5534031f765b7398ec0ceaa	blocked	BV1	BF2 must runner-enumerate profiles and attach imported/equivalent/not-applicable/unsupported evidence.	-
VUE-4EE121E9DB4CF658AB3D	compiler-core	packages/compiler-core/__tests__/utils.spec.ts:38:3	000b10e11bd04f64d0b59ef7781aed4c9b124fba	single-declaration	StringLiteral	9467c99f29456db95e12edc5cfd9b81b994696fcea311d319cdc96839ada43be	blocked	BV1	BF2 must runner-enumerate profiles and attach imported/equivalent/not-applicable/unsupported evidence.	-
VUE-2EDE8A9C506FB22CD835	compiler-core	packages/compiler-core/__tests__/utils.spec.ts:85:3	000b10e11bd04f64d0b59ef7781aed4c9b124fba	single-declaration	StringLiteral	8acde41f054a2676242bfadf06da14bdfc7a62a2e8fca6a9acf793e312cda231	blocked	BV1	BF2 must runner-enumerate profiles and attach imported/equivalent/not-applicable/unsupported evidence.	-
VUE-392668B7875F76D152BF	compiler-core	packages/compiler-core/__tests__/utils.spec.ts:92:3	000b10e11bd04f64d0b59ef7781aed4c9b124fba	single-declaration	StringLiteral	82ebd9c973267eed4df02a224ade783e387b4fdf3ee90804ed76589a23af4509	blocked	BV1	BF2 must runner-enumerate profiles and attach imported/equivalent/not-applicable/unsupported evidence.	-
VUE-131832C1300098243254	compiler-dom	packages/compiler-dom/__tests__/decoderHtmlBrowser.spec.ts:7:3	507d4243b8878216ea142ccb5f51503c8f8934f1	single-declaration	StringLiteral	988f3fb7f9911142dc2889eeb83a283db3a0819e8f981eccee2a6826ba7fa305	blocked	BV1	BF2 must runner-enumerate profiles and attach imported/equivalent/not-applicable/unsupported evidence.	-
VUE-DD2F11941B30A0C4AB0F	compiler-dom	packages/compiler-dom/__tests__/index.spec.ts:4:3	db43ce905cfd2e47aff709b30d396a5892956867	single-declaration	StringLiteral	01ce0a907fe0c8e4fc702946bbd2bcabac4c57c7a60d2c0418c64024b9a8ca08	blocked	BV1	BF2 must runner-enumerate profiles and attach imported/equivalent/not-applicable/unsupported evidence.	-
VUE-2A6A8318C3C6E64A5C06	compiler-dom	packages/compiler-dom/__tests__/parse.spec.ts:116:5	e02b8c7b87ab6c61674bf2cc3ca70586153923e2	single-declaration	StringLiteral	c9f8e78f4921ea2ae0db2456f5dc712270f4789994e66bd3ef3428aa5c4f696b	blocked	BV1	BF2 must runner-enumerate profiles and attach imported/equivalent/not-applicable/unsupported evidence.	-
VUE-4C27609EBEE7D02D2AC4	compiler-dom	packages/compiler-dom/__tests__/parse.spec.ts:132:5	e02b8c7b87ab6c61674bf2cc3ca70586153923e2	single-declaration	StringLiteral	f6498f3400c2133ba346d0a829328185f4afd35b095a48e2ff64ac7c1fae96c6	blocked	BV1	BF2 must runner-enumerate profiles and attach imported/equivalent/not-applicable/unsupported evidence.	-
VUE-52CD98672F140308EDE8	compiler-dom	packages/compiler-dom/__tests__/parse.spec.ts:147:5	e02b8c7b87ab6c61674bf2cc3ca70586153923e2	single-declaration	StringLiteral	0ebb135e86ee18b6d9035c8565f522b14de08426ff7e8dd99a2de3a20eb2daf6	blocked	BV1	BF2 must runner-enumerate profiles and attach imported/equivalent/not-applicable/unsupported evidence.	-
VUE-4FC1FB6501DA79BE75F0	compiler-dom	packages/compiler-dom/__tests__/parse.spec.ts:16:5	e02b8c7b87ab6c61674bf2cc3ca70586153923e2	single-declaration	StringLiteral	b18e2256b379a29676c11d1eec2a4eee27fce5be79a098f7578e960dfec6e48e	blocked	BV1	BF2 must runner-enumerate profiles and attach imported/equivalent/not-applicable/unsupported evidence.	-
VUE-BEBAAFFFBA63D1EF9C6E	compiler-dom	packages/compiler-dom/__tests__/parse.spec.ts:172:5	e02b8c7b87ab6c61674bf2cc3ca70586153923e2	single-declaration	StringLiteral	33dc747661f82680ba3fc8c83eee7c49e56f922ac5a87d2a2f2c7adc4c8ba083	blocked	BV1	BF2 must runner-enumerate profiles and attach imported/equivalent/not-applicable/unsupported evidence.	-
VUE-834294590DF17C15D56D	compiler-dom	packages/compiler-dom/__tests__/parse.spec.ts:194:5	e02b8c7b87ab6c61674bf2cc3ca70586153923e2	single-declaration	StringLiteral	f6b9d4f9c27daab81b4dec4b89d0bedabd7764adab949e5cd634cd7696a64a3f	blocked	BV1	BF2 must runner-enumerate profiles and attach imported/equivalent/not-applicable/unsupported evidence.	-
VUE-8205B05EBE5C84231EFC	compiler-dom	packages/compiler-dom/__tests__/parse.spec.ts:204:5	e02b8c7b87ab6c61674bf2cc3ca70586153923e2	single-declaration	StringLiteral	2113e70a0470b89f3e14ed492cf2c680221c84f0cc62b6a159438af96ab4867a	blocked	BV1	BF2 must runner-enumerate profiles and attach imported/equivalent/not-applicable/unsupported evidence.	-
VUE-BE3CABC11AF83468141F	compiler-dom	packages/compiler-dom/__tests__/parse.spec.ts:220:5	e02b8c7b87ab6c61674bf2cc3ca70586153923e2	single-declaration	StringLiteral	ef1d9e0a1d33849c101cf9773c6ff6e56406d46ccd387d3bef4bd28ae6fd4fe3	blocked	BV1	BF2 must runner-enumerate profiles and attach imported/equivalent/not-applicable/unsupported evidence.	-
VUE-5EFF408FD7027A045E5E	compiler-dom	packages/compiler-dom/__tests__/parse.spec.ts:259:5	e02b8c7b87ab6c61674bf2cc3ca70586153923e2	single-declaration	StringLiteral	d08a10be84b83b1abc6bbea124a092d8722ea4a5c2ae45015c49bb5003476579	blocked	BV1	BF2 must runner-enumerate profiles and attach imported/equivalent/not-applicable/unsupported evidence.	-
VUE-DB0BFF761023801038A6	compiler-dom	packages/compiler-dom/__tests__/parse.spec.ts:276:5	e02b8c7b87ab6c61674bf2cc3ca70586153923e2	single-declaration	StringLiteral	8344f4ba3f756268bb2b1d3609e32aa5d1027865228193fe1e7a79f54b29d046	blocked	BV1	BF2 must runner-enumerate profiles and attach imported/equivalent/not-applicable/unsupported evidence.	-
VUE-692C4EC222302BEBEA3E	compiler-dom	packages/compiler-dom/__tests__/parse.spec.ts:304:5	e02b8c7b87ab6c61674bf2cc3ca70586153923e2	single-declaration	StringLiteral	a754a2bf17a9f6e489300fbdb46d4ed5db5217b1311528c708bcf30f47d8e369	blocked	BV1	BF2 must runner-enumerate profiles and attach imported/equivalent/not-applicable/unsupported evidence.	-
VUE-D07390610CDE3B7EE268	compiler-dom	packages/compiler-dom/__tests__/parse.spec.ts:324:5	e02b8c7b87ab6c61674bf2cc3ca70586153923e2	single-declaration	StringLiteral	0947e02319042d18e3af2aed5bec2c28c2f46949e0d0d0d6f076d5683a1d7ea1	blocked	BV1	BF2 must runner-enumerate profiles and attach imported/equivalent/not-applicable/unsupported evidence.	-
VUE-5E20DFF20DD6174D493C	compiler-dom	packages/compiler-dom/__tests__/parse.spec.ts:346:5	e02b8c7b87ab6c61674bf2cc3ca70586153923e2	single-declaration	StringLiteral	02d15b622965551bee9327900deb8f7829295046575c35a5f05303cfe5852d62	blocked	BV1	BF2 must runner-enumerate profiles and attach imported/equivalent/not-applicable/unsupported evidence.	-
VUE-77CE3FBCBB40651422B4	compiler-dom	packages/compiler-dom/__tests__/parse.spec.ts:35:5	e02b8c7b87ab6c61674bf2cc3ca70586153923e2	single-declaration	StringLiteral	8155025481f355fc0c7fdfed209fa991ec4ee5fe5cc9970dd8183bb34e87fede	blocked	BV1	BF2 must runner-enumerate profiles and attach imported/equivalent/not-applicable/unsupported evidence.	-
VUE-34060D0F017CF340D827	compiler-dom	packages/compiler-dom/__tests__/parse.spec.ts:368:5	e02b8c7b87ab6c61674bf2cc3ca70586153923e2	single-declaration	StringLiteral	9e2e37400cc7b0451338d286f064ad8d17b08707c62b515d6c22ba4fd18ab296	blocked	BV1	BF2 must runner-enumerate profiles and attach imported/equivalent/not-applicable/unsupported evidence.	-
VUE-F6855266FEC72D5BF4FE	compiler-dom	packages/compiler-dom/__tests__/parse.spec.ts:375:5	e02b8c7b87ab6c61674bf2cc3ca70586153923e2	single-declaration	StringLiteral	a8ee0ca79c32d012cfaf0d9b1efc08e6938d65f6075e3821b1a7708d4d4d70b9	blocked	BV1	BF2 must runner-enumerate profiles and attach imported/equivalent/not-applicable/unsupported evidence.	-
VUE-02491F6F419F169A2BC6	compiler-dom	packages/compiler-dom/__tests__/parse.spec.ts:382:5	e02b8c7b87ab6c61674bf2cc3ca70586153923e2	single-declaration	StringLiteral	6adf5df13cb72075fb900b02ee7775d72d67b8c0dccbd87be06927426018dce6	blocked	BV1	BF2 must runner-enumerate profiles and attach imported/equivalent/not-applicable/unsupported evidence.	-
VUE-32BE193B08BD8477EC22	compiler-dom	packages/compiler-dom/__tests__/parse.spec.ts:389:5	e02b8c7b87ab6c61674bf2cc3ca70586153923e2	single-declaration	StringLiteral	c5b697d2ae39dac1a01b96fcc24fb092912dfc9c451bd3e3b3c29823f9cd8b69	blocked	BV1	BF2 must runner-enumerate profiles and attach imported/equivalent/not-applicable/unsupported evidence.	-
VUE-B4A2EA2BF97A08BD15E5	compiler-dom	packages/compiler-dom/__tests__/parse.spec.ts:402:5	e02b8c7b87ab6c61674bf2cc3ca70586153923e2	single-declaration	StringLiteral	97e7832085a57563d1982cd8f27c2d5adf6693760daeba6ae1d84b0c92cca5ff	blocked	BV1	BF2 must runner-enumerate profiles and attach imported/equivalent/not-applicable/unsupported evidence.	-
VUE-BCD1A988336BB06BAAB9	compiler-dom	packages/compiler-dom/__tests__/parse.spec.ts:416:5	e02b8c7b87ab6c61674bf2cc3ca70586153923e2	single-declaration	StringLiteral	2a0cadf6e2b05f1bf82afbdb744747462f94e772a01745a9e00921e451635cb4	blocked	BV1	BF2 must runner-enumerate profiles and attach imported/equivalent/not-applicable/unsupported evidence.	-
VUE-2D0D233D754AAAE16294	compiler-dom	packages/compiler-dom/__tests__/parse.spec.ts:429:5	e02b8c7b87ab6c61674bf2cc3ca70586153923e2	single-declaration	StringLiteral	6623708dcf099fc28493fec92422a3fa651fa6e9c10ea763584b660cc08cb829	blocked	BV1	BF2 must runner-enumerate profiles and attach imported/equivalent/not-applicable/unsupported evidence.	-
VUE-C614A8562CD60FAF7140	compiler-dom	packages/compiler-dom/__tests__/parse.spec.ts:442:5	e02b8c7b87ab6c61674bf2cc3ca70586153923e2	single-declaration	StringLiteral	ca3b4b262c156a77c60e810d2f107c316f2fb393799473557cc2cce5969c4f14	blocked	BV1	BF2 must runner-enumerate profiles and attach imported/equivalent/not-applicable/unsupported evidence.	-
VUE-7C78C2105BBDF040A866	compiler-dom	packages/compiler-dom/__tests__/parse.spec.ts:452:5	e02b8c7b87ab6c61674bf2cc3ca70586153923e2	single-declaration	StringLiteral	c16140ef6a97eadc3ff421f4f2542ca06b7bf5406944f774caef7bf579bcb0e6	blocked	BV1	BF2 must runner-enumerate profiles and attach imported/equivalent/not-applicable/unsupported evidence.	-
VUE-75A83F5D25ED36C0F48A	compiler-dom	packages/compiler-dom/__tests__/parse.spec.ts:465:5	e02b8c7b87ab6c61674bf2cc3ca70586153923e2	single-declaration	StringLiteral	82fbf93f11dd0d320272fbae221606f9d6d21f00004b9f462da27864efac0082	blocked	BV1	BF2 must runner-enumerate profiles and attach imported/equivalent/not-applicable/unsupported evidence.	-
VUE-4B0F8C60C345148E4AAB	compiler-dom	packages/compiler-dom/__tests__/parse.spec.ts:475:5	e02b8c7b87ab6c61674bf2cc3ca70586153923e2	single-declaration	StringLiteral	8d02a86eca60ff700fc44281b4f4c7b222ff74a7e1e8b65bf5df7317ab3fd9c1	blocked	BV1	BF2 must runner-enumerate profiles and attach imported/equivalent/not-applicable/unsupported evidence.	-
VUE-B851E3CB5E34A3CD875D	compiler-dom	packages/compiler-dom/__tests__/parse.spec.ts:485:5	e02b8c7b87ab6c61674bf2cc3ca70586153923e2	single-declaration	StringLiteral	b8f8d58233b12fe6e58953b1a5ccf24750887e568bb697e4d38d2320e337d0be	blocked	BV1	BF2 must runner-enumerate profiles and attach imported/equivalent/not-applicable/unsupported evidence.	-
VUE-CC20AF617D53F667AAD4	compiler-dom	packages/compiler-dom/__tests__/parse.spec.ts:494:5	e02b8c7b87ab6c61674bf2cc3ca70586153923e2	single-declaration	StringLiteral	5a56bdd08b386cb3b885f5056bcf1d25502de3b09bbd8876f84a65f25bebad2a	blocked	BV1	BF2 must runner-enumerate profiles and attach imported/equivalent/not-applicable/unsupported evidence.	-
VUE-B3D216DE302162822153	compiler-dom	packages/compiler-dom/__tests__/parse.spec.ts:505:5	e02b8c7b87ab6c61674bf2cc3ca70586153923e2	single-declaration	StringLiteral	98fff1d71e87a256aa3e983a9cb6d1e690269b7d5513bc748486e6b3a72cb1f1	blocked	BV1	BF2 must runner-enumerate profiles and attach imported/equivalent/not-applicable/unsupported evidence.	-
VUE-C851AE70484B07B4E9F1	compiler-dom	packages/compiler-dom/__tests__/parse.spec.ts:51:5	e02b8c7b87ab6c61674bf2cc3ca70586153923e2	single-declaration	StringLiteral	68a1250fd9cc9e1d2ef356062cecda8fd9b7c9ea50d973412bf2b1a6ae40bcc9	blocked	BV1	BF2 must runner-enumerate profiles and attach imported/equivalent/not-applicable/unsupported evidence.	-
VUE-D4E0B92EE984FDC3D15F	compiler-dom	packages/compiler-dom/__tests__/parse.spec.ts:514:5	e02b8c7b87ab6c61674bf2cc3ca70586153923e2	single-declaration	StringLiteral	fb2e57e891dd616b9a75602c03e5f00a49ff2e55c0c95165bef2aa92d9618b8c	blocked	BV1	BF2 must runner-enumerate profiles and attach imported/equivalent/not-applicable/unsupported evidence.	-
VUE-1E7A067C6249A9C6B1C3	compiler-dom	packages/compiler-dom/__tests__/parse.spec.ts:525:5	e02b8c7b87ab6c61674bf2cc3ca70586153923e2	single-declaration	StringLiteral	e9c80899e880eca5ffec92694d26804a3a38a9fb19b6a758a4ddc68153f35cfe	blocked	BV1	BF2 must runner-enumerate profiles and attach imported/equivalent/not-applicable/unsupported evidence.	-
VUE-451B580D207017DE09F8	compiler-dom	packages/compiler-dom/__tests__/parse.spec.ts:537:5	e02b8c7b87ab6c61674bf2cc3ca70586153923e2	single-declaration	StringLiteral	3b831ed9281e85eaef963f99a399448eaec92052e5afb67e8faf1b8a2b9baf7a	blocked	BV1	BF2 must runner-enumerate profiles and attach imported/equivalent/not-applicable/unsupported evidence.	-
VUE-72F8E695CB9E96C4A64F	compiler-dom	packages/compiler-dom/__tests__/parse.spec.ts:65:5	e02b8c7b87ab6c61674bf2cc3ca70586153923e2	single-declaration	StringLiteral	f9befa4b3e3c0894f02b17f9e3ae7740877ae9c1824e85e260ff301327740296	blocked	BV1	BF2 must runner-enumerate profiles and attach imported/equivalent/not-applicable/unsupported evidence.	-
VUE-5A0783D0D0448EFD690F	compiler-dom	packages/compiler-dom/__tests__/parse.spec.ts:81:5	e02b8c7b87ab6c61674bf2cc3ca70586153923e2	single-declaration	StringLiteral	0926c213dfcc2c980d0252d141f815a4cf880bc405ef3681154c8d5eeafed8c0	blocked	BV1	BF2 must runner-enumerate profiles and attach imported/equivalent/not-applicable/unsupported evidence.	-
VUE-3326695FBBAFDA833490	compiler-dom	packages/compiler-dom/__tests__/parse.spec.ts:97:5	e02b8c7b87ab6c61674bf2cc3ca70586153923e2	single-declaration	StringLiteral	7cd18229e6164fe9775a0b85b85bcde3708708f8ec180e304694b4ee0ccdaf3c	blocked	BV1	BF2 must runner-enumerate profiles and attach imported/equivalent/not-applicable/unsupported evidence.	-
VUE-59C5EC87563950C47F4D	compiler-dom	packages/compiler-dom/__tests__/transforms/ignoreSideEffectTags.spec.ts:16:3	f06b9fd52dd09aff0f2929630f5075f44b4c040e	single-declaration	StringLiteral	6b20e5c0d27976782f0161e4f324077d9b6d575e10e5c5efd53d69818fe8731f	blocked	BV1	BF2 must runner-enumerate profiles and attach imported/equivalent/not-applicable/unsupported evidence.	-
VUE-B3F51D9F1F5F6382CFB6	compiler-dom	packages/compiler-dom/__tests__/transforms/ignoreSideEffectTags.spec.ts:4:3	f06b9fd52dd09aff0f2929630f5075f44b4c040e	single-declaration	StringLiteral	9be8b860376e750176cf53c9e389af5c4f3c6a8d0821975dad058ef6a42fc43a	blocked	BV1	BF2 must runner-enumerate profiles and attach imported/equivalent/not-applicable/unsupported evidence.	-
VUE-6FDD993790812CCC7836	compiler-dom	packages/compiler-dom/__tests__/transforms/stringifyStatic.spec.ts:107:3	e5073724736e98cdf08850a0742b9b06cf5027a9	single-declaration	StringLiteral	70a7897d506ecc07e44f97dfa773e6bd71f8ea168f0cbb7bfe747472bcd56906	blocked	BV1	BF2 must runner-enumerate profiles and attach imported/equivalent/not-applicable/unsupported evidence.	-
VUE-EBDF9F9A77B56DD0EFD7	compiler-dom	packages/compiler-dom/__tests__/transforms/stringifyStatic.spec.ts:125:3	e5073724736e98cdf08850a0742b9b06cf5027a9	single-declaration	StringLiteral	d02c92f945dce552cfebdb9dd279792a9c0893c4f16925e93fb0ce628c733f3b	blocked	BV1	BF2 must runner-enumerate profiles and attach imported/equivalent/not-applicable/unsupported evidence.	-
VUE-33E8090BC7C6815D4ABE	compiler-dom	packages/compiler-dom/__tests__/transforms/stringifyStatic.spec.ts:145:3	e5073724736e98cdf08850a0742b9b06cf5027a9	single-declaration	StringLiteral	f8617e4298e4fc81646dff4cadaf107164b195c6829fdc056c5d40bf414782a4	blocked	BV1	BF2 must runner-enumerate profiles and attach imported/equivalent/not-applicable/unsupported evidence.	-
VUE-FC4CF29354C9F7E5ED32	compiler-dom	packages/compiler-dom/__tests__/transforms/stringifyStatic.spec.ts:166:3	e5073724736e98cdf08850a0742b9b06cf5027a9	single-declaration	StringLiteral	0275475aaaed1aad835c33e62852ca1bee6f07044b1d2bae545b1ee4c6e2f3ce	blocked	BV1	BF2 must runner-enumerate profiles and attach imported/equivalent/not-applicable/unsupported evidence.	-
VUE-3A283364C13EFACCA2E8	compiler-dom	packages/compiler-dom/__tests__/transforms/stringifyStatic.spec.ts:186:3	e5073724736e98cdf08850a0742b9b06cf5027a9	single-declaration	StringLiteral	8256b8d6cda1946f3d02cc3b6b0cac45d19cff6fd193a95cefe3db0027224cda	blocked	BV1	BF2 must runner-enumerate profiles and attach imported/equivalent/not-applicable/unsupported evidence.	-
VUE-F6FC591E0D4E97D8585E	compiler-dom	packages/compiler-dom/__tests__/transforms/stringifyStatic.spec.ts:207:3	e5073724736e98cdf08850a0742b9b06cf5027a9	single-declaration	StringLiteral	07aef02f8cbc198b65fda4e595ca4b6fbb8ddcfa27be654b30d3c36c75feb3c6	blocked	BV1	BF2 must runner-enumerate profiles and attach imported/equivalent/not-applicable/unsupported evidence.	-
VUE-FE3982D64EB99E2808D8	compiler-dom	packages/compiler-dom/__tests__/transforms/stringifyStatic.spec.ts:243:3	e5073724736e98cdf08850a0742b9b06cf5027a9	single-declaration	StringLiteral	397e376d063817e4ffc57b2d67bb8bda0d045000acbaaa4bdb120b2d10bfcaff	blocked	BV1	BF2 must runner-enumerate profiles and attach imported/equivalent/not-applicable/unsupported evidence.	-
VUE-1D558969C0672BCABFB3	compiler-dom	packages/compiler-dom/__tests__/transforms/stringifyStatic.spec.ts:282:3	e5073724736e98cdf08850a0742b9b06cf5027a9	single-declaration	StringLiteral	3b82edccc1d1ae12cad1cfe40eb97334cc08990e5998c0c0c9906a1ecf302f1b	blocked	BV1	BF2 must runner-enumerate profiles and attach imported/equivalent/not-applicable/unsupported evidence.	-
VUE-83FCF1434233E40447DF	compiler-dom	packages/compiler-dom/__tests__/transforms/stringifyStatic.spec.ts:316:3	e5073724736e98cdf08850a0742b9b06cf5027a9	single-declaration	StringLiteral	2b6a5b4dae510cf60e6ab5dbec8e9d192fc1f706f8a4f1ffd0734f53bf7bd098	blocked	BV1	BF2 must runner-enumerate profiles and attach imported/equivalent/not-applicable/unsupported evidence.	-
VUE-CEBC70DA12A3FCB506E8	compiler-dom	packages/compiler-dom/__tests__/transforms/stringifyStatic.spec.ts:326:3	e5073724736e98cdf08850a0742b9b06cf5027a9	single-declaration	StringLiteral	e5a4b6c0194958569c390661f22dcb101755e7a2ae02bf74f300c4a5728945de	blocked	BV1	BF2 must runner-enumerate profiles and attach imported/equivalent/not-applicable/unsupported evidence.	-
VUE-2ACAB54956767DCD236E	compiler-dom	packages/compiler-dom/__tests__/transforms/stringifyStatic.spec.ts:348:3	e5073724736e98cdf08850a0742b9b06cf5027a9	single-declaration	StringLiteral	36a359a1fd2dc37d75ace876b1d8c6a54e7ba3266154c2386db21a50e6da496d	blocked	BV1	BF2 must runner-enumerate profiles and attach imported/equivalent/not-applicable/unsupported evidence.	-
VUE-794401D9A6DEB52105D0	compiler-dom	packages/compiler-dom/__tests__/transforms/stringifyStatic.spec.ts:365:3	e5073724736e98cdf08850a0742b9b06cf5027a9	single-declaration	StringLiteral	78e309f8dc9458d1a0e272913f11375878c96d12433035be6b3579645f11c62e	blocked	BV1	BF2 must runner-enumerate profiles and attach imported/equivalent/not-applicable/unsupported evidence.	-
VUE-F5C45DDAAB6F6BD33174	compiler-dom	packages/compiler-dom/__tests__/transforms/stringifyStatic.spec.ts:392:3	e5073724736e98cdf08850a0742b9b06cf5027a9	parameterized-declaration	StringLiteral	7203005d86aaaefa9492cc8cca5cdbb0d6145d2aa9f782c1be44a398bec1c8d8	blocked	BV1	BF2 must runner-enumerate profiles and attach imported/equivalent/not-applicable/unsupported evidence.	-
VUE-73E04E8E73078842E73F	compiler-dom	packages/compiler-dom/__tests__/transforms/stringifyStatic.spec.ts:409:3	e5073724736e98cdf08850a0742b9b06cf5027a9	single-declaration	StringLiteral	7e319af8736aa4e3913bfcf428bf3e55e0f64a8bae94ad13d7cf5ddd57513464	blocked	BV1	BF2 must runner-enumerate profiles and attach imported/equivalent/not-applicable/unsupported evidence.	-
VUE-E7BAEDB035365D674A94	compiler-dom	packages/compiler-dom/__tests__/transforms/stringifyStatic.spec.ts:430:3	e5073724736e98cdf08850a0742b9b06cf5027a9	single-declaration	StringLiteral	6ad3d57d41843391bf8b82d56c495a561e2ef9e876d4126492c428b8461d5e80	blocked	BV1	BF2 must runner-enumerate profiles and attach imported/equivalent/not-applicable/unsupported evidence.	-
VUE-1A5A3925CBF85F33A93D	compiler-dom	packages/compiler-dom/__tests__/transforms/stringifyStatic.spec.ts:449:3	e5073724736e98cdf08850a0742b9b06cf5027a9	single-declaration	StringLiteral	c965cfeed70a176ca24524d00812d1573201f6dc19bba1e4eba254fa859fcb8b	blocked	BV1	BF2 must runner-enumerate profiles and attach imported/equivalent/not-applicable/unsupported evidence.	-
VUE-B7216CA9B37E3683EE1C	compiler-dom	packages/compiler-dom/__tests__/transforms/stringifyStatic.spec.ts:459:3	e5073724736e98cdf08850a0742b9b06cf5027a9	single-declaration	StringLiteral	5b5f1cc4c80921292a64e02e8ae5b38092b410ff2c80fca7f2b02ebeb1721bd7	blocked	BV1	BF2 must runner-enumerate profiles and attach imported/equivalent/not-applicable/unsupported evidence.	-
VUE-3C351859D2E68221F179	compiler-dom	packages/compiler-dom/__tests__/transforms/stringifyStatic.spec.ts:469:3	e5073724736e98cdf08850a0742b9b06cf5027a9	single-declaration	StringLiteral	73bcc360cfe37b59b201fb293686975c60c404efb95f66aae213c547358718da	blocked	BV1	BF2 must runner-enumerate profiles and attach imported/equivalent/not-applicable/unsupported evidence.	-
VUE-ED577CDA75681D39494E	compiler-dom	packages/compiler-dom/__tests__/transforms/stringifyStatic.spec.ts:480:3	e5073724736e98cdf08850a0742b9b06cf5027a9	single-declaration	StringLiteral	d4756279e526182279b4fe4df5b066525d329d62f351eb8c90d4012feb099bb7	blocked	BV1	BF2 must runner-enumerate profiles and attach imported/equivalent/not-applicable/unsupported evidence.	-
VUE-38706CF85EF8C93F1BD4	compiler-dom	packages/compiler-dom/__tests__/transforms/stringifyStatic.spec.ts:500:3	e5073724736e98cdf08850a0742b9b06cf5027a9	single-declaration	StringLiteral	68d67b46268c7336937ffb7c59b622b8c0c2dc92a179600cff3982bc8ea1276d	blocked	BV1	BF2 must runner-enumerate profiles and attach imported/equivalent/not-applicable/unsupported evidence.	-
VUE-C02CBBFF3B4A515CA989	compiler-dom	packages/compiler-dom/__tests__/transforms/stringifyStatic.spec.ts:511:3	e5073724736e98cdf08850a0742b9b06cf5027a9	single-declaration	StringLiteral	a0d82733fdbe8e6f3b147fdb39ad394ebfd8a362a0e9bcb377e7f41f6b8f03ce	blocked	BV1	BF2 must runner-enumerate profiles and attach imported/equivalent/not-applicable/unsupported evidence.	-
VUE-90D4FAB24AA5E08C39DB	compiler-dom	packages/compiler-dom/__tests__/transforms/stringifyStatic.spec.ts:521:3	e5073724736e98cdf08850a0742b9b06cf5027a9	single-declaration	StringLiteral	5f276b25784706bd567bb6e54a2216deeda9a84f5dbbe30cde61fc830b5d2fda	blocked	BV1	BF2 must runner-enumerate profiles and attach imported/equivalent/not-applicable/unsupported evidence.	-
VUE-82EEF4B0B084C16577E7	compiler-dom	packages/compiler-dom/__tests__/transforms/stringifyStatic.spec.ts:532:3	e5073724736e98cdf08850a0742b9b06cf5027a9	single-declaration	StringLiteral	8bc5005784f2902333e70468b0d2039ae1c1e639497f531e0156fbb5b8bd02df	blocked	BV1	BF2 must runner-enumerate profiles and attach imported/equivalent/not-applicable/unsupported evidence.	-
VUE-B0863082E2C022652E18	compiler-dom	packages/compiler-dom/__tests__/transforms/stringifyStatic.spec.ts:546:3	e5073724736e98cdf08850a0742b9b06cf5027a9	single-declaration	StringLiteral	19bf1fcf423bd89ca5e2a85757a8677b5e8bd29f748a226221b09b3af262110d	blocked	BV1	BF2 must runner-enumerate profiles and attach imported/equivalent/not-applicable/unsupported evidence.	-
VUE-12ED762D6952A5918C05	compiler-dom	packages/compiler-dom/__tests__/transforms/stringifyStatic.spec.ts:77:3	e5073724736e98cdf08850a0742b9b06cf5027a9	single-declaration	StringLiteral	e0079f0d494b7da1d7f6e8cd0c8d0b54e5c24965bac36f4459cfce4e40e75b8e	blocked	BV1	BF2 must runner-enumerate profiles and attach imported/equivalent/not-applicable/unsupported evidence.	-
VUE-901768DC398E3F27D13F	compiler-dom	packages/compiler-dom/__tests__/transforms/stringifyStatic.spec.ts:85:3	e5073724736e98cdf08850a0742b9b06cf5027a9	single-declaration	StringLiteral	9b7927511383cfeeaf8f1ce27c8865221495317d7351b676ba2f2328f3867085	blocked	BV1	BF2 must runner-enumerate profiles and attach imported/equivalent/not-applicable/unsupported evidence.	-
VUE-500E63908894AA579B43	compiler-dom	packages/compiler-dom/__tests__/transforms/transformStyle.spec.ts:29:3	51c40c45d98eec49cd4bd08add23f31733ace006	single-declaration	StringLiteral	36aa2fa0943dc35a47d432f69ae20c3ed3826817b77f589cc5a15e7efa2d5684	blocked	BV1	BF2 must runner-enumerate profiles and attach imported/equivalent/not-applicable/unsupported evidence.	-
VUE-2DD5FEB0185C6F136348	compiler-dom	packages/compiler-dom/__tests__/transforms/transformStyle.spec.ts:47:3	51c40c45d98eec49cd4bd08add23f31733ace006	single-declaration	StringLiteral	798b184452a5975aea7e30b41113412eb6802ce7778dfbb06085227bbb01656f	blocked	BV1	BF2 must runner-enumerate profiles and attach imported/equivalent/not-applicable/unsupported evidence.	-
VUE-CCB05725CA6D0C54303D	compiler-dom	packages/compiler-dom/__tests__/transforms/Transition.spec.ts:103:3	93039d2e42b3d64cfaf2a449d2348c8bdf04a209	single-declaration	StringLiteral	4166d473167f1354747aeebaf6011deea7e02de87ac001158fda68105c959684	blocked	BV1	BF2 must runner-enumerate profiles and attach imported/equivalent/not-applicable/unsupported evidence.	-
VUE-CDCDD8979E6CC39C066E	compiler-dom	packages/compiler-dom/__tests__/transforms/Transition.spec.ts:114:3	93039d2e42b3d64cfaf2a449d2348c8bdf04a209	single-declaration	StringLiteral	704ce7c3f7cd7926d22f1abcbdcddcfd7b08dc3d8b5c50d55f1dd60fdaa7aea5	blocked	BV1	BF2 must runner-enumerate profiles and attach imported/equivalent/not-applicable/unsupported evidence.	-
VUE-54333B2ADF119A9D61E0	compiler-dom	packages/compiler-dom/__tests__/transforms/Transition.spec.ts:127:3	93039d2e42b3d64cfaf2a449d2348c8bdf04a209	single-declaration	StringLiteral	7e6b3f82a7925c9fcc2c0975af244657662ee1d56a3312d6e31d5bb06de93eaf	blocked	BV1	BF2 must runner-enumerate profiles and attach imported/equivalent/not-applicable/unsupported evidence.	-
VUE-8AADB0F431C1975242FD	compiler-dom	packages/compiler-dom/__tests__/transforms/Transition.spec.ts:139:3	93039d2e42b3d64cfaf2a449d2348c8bdf04a209	single-declaration	StringLiteral	6e406b5218303a4b3c70b42b681d4977e552118fb3c4985ec7f3b7f739752b59	blocked	BV1	BF2 must runner-enumerate profiles and attach imported/equivalent/not-applicable/unsupported evidence.	-
VUE-BF3170B39F7A140B7278	compiler-dom	packages/compiler-dom/__tests__/transforms/Transition.spec.ts:152:1	93039d2e42b3d64cfaf2a449d2348c8bdf04a209	single-declaration	StringLiteral	781adc62b650fb7aecf0e70e77cf7cf26297efc8da7679c259852591f648608a	blocked	BV1	BF2 must runner-enumerate profiles and attach imported/equivalent/not-applicable/unsupported evidence.	-
VUE-EA159CD06F32CEF0DFE3	compiler-dom	packages/compiler-dom/__tests__/transforms/Transition.spec.ts:162:1	93039d2e42b3d64cfaf2a449d2348c8bdf04a209	single-declaration	StringLiteral	196764b8b74a47864e74f6e0f0f6095ff8f8ab1c9a6d0bb8e4d251f78f374d58	blocked	BV1	BF2 must runner-enumerate profiles and attach imported/equivalent/not-applicable/unsupported evidence.	-
VUE-13EABAE96CF83A3BEA31	compiler-dom	packages/compiler-dom/__tests__/transforms/Transition.spec.ts:180:1	93039d2e42b3d64cfaf2a449d2348c8bdf04a209	single-declaration	StringLiteral	49ee8557a25a620cf6405257f2a85c64c07fb0da51f9f5aca83b4259d336f88b	blocked	BV1	BF2 must runner-enumerate profiles and attach imported/equivalent/not-applicable/unsupported evidence.	-
VUE-63031DD6267A50DAAF8B	compiler-dom	packages/compiler-dom/__tests__/transforms/Transition.spec.ts:22:3	93039d2e42b3d64cfaf2a449d2348c8bdf04a209	single-declaration	StringLiteral	d0b1e85faa99867c65edb14790541594831230ab661735c8ddd5e5a842373c04	blocked	BV1	BF2 must runner-enumerate profiles and attach imported/equivalent/not-applicable/unsupported evidence.	-
VUE-6112826CADF97724C78C	compiler-dom	packages/compiler-dom/__tests__/transforms/Transition.spec.ts:34:3	93039d2e42b3d64cfaf2a449d2348c8bdf04a209	single-declaration	StringLiteral	5cee974ce610c1f38205ba05343ed2dbb45653e69366ba7daeefddbf223d2722	blocked	BV1	BF2 must runner-enumerate profiles and attach imported/equivalent/not-applicable/unsupported evidence.	-
VUE-91186D5A697175B0BF2D	compiler-dom	packages/compiler-dom/__tests__/transforms/Transition.spec.ts:45:3	93039d2e42b3d64cfaf2a449d2348c8bdf04a209	single-declaration	StringLiteral	1022810a3d5cd44d3f5d35e2c3286caf7bd17843ad160cbbbc458aa1c1ba9c29	blocked	BV1	BF2 must runner-enumerate profiles and attach imported/equivalent/not-applicable/unsupported evidence.	-
VUE-3E21F45753C78F40567B	compiler-dom	packages/compiler-dom/__tests__/transforms/Transition.spec.ts:57:3	93039d2e42b3d64cfaf2a449d2348c8bdf04a209	single-declaration	StringLiteral	738b5bc854ab86448226ba122037f9ab500ad8ce333d3762c091475c6b9fcaf8	blocked	BV1	BF2 must runner-enumerate profiles and attach imported/equivalent/not-applicable/unsupported evidence.	-
VUE-601E0C52EC9E2042FD32	compiler-dom	packages/compiler-dom/__tests__/transforms/Transition.spec.ts:68:3	93039d2e42b3d64cfaf2a449d2348c8bdf04a209	single-declaration	StringLiteral	486ee1989dc21a9b585dfa11605265b919bbf33370d90ea7c71a0fdf41337457	blocked	BV1	BF2 must runner-enumerate profiles and attach imported/equivalent/not-applicable/unsupported evidence.	-
VUE-EEF5E462369C43219A67	compiler-dom	packages/compiler-dom/__tests__/transforms/Transition.spec.ts:80:3	93039d2e42b3d64cfaf2a449d2348c8bdf04a209	single-declaration	StringLiteral	18d0f16bc3806c894d602c288634ecbb5b3474cef5601a33465d4c118a0a95a4	blocked	BV1	BF2 must runner-enumerate profiles and attach imported/equivalent/not-applicable/unsupported evidence.	-
VUE-A48E2D79B0401F8D7C8E	compiler-dom	packages/compiler-dom/__tests__/transforms/Transition.spec.ts:92:3	93039d2e42b3d64cfaf2a449d2348c8bdf04a209	single-declaration	StringLiteral	80d89c80669561b837cdcbb0e12699648a773437129f34e48ba99db68f84c423	blocked	BV1	BF2 must runner-enumerate profiles and attach imported/equivalent/not-applicable/unsupported evidence.	-
VUE-3AE549CCEB0CBFACB209	compiler-dom	packages/compiler-dom/__tests__/transforms/validateHtmlNesting.spec.ts:101:3	46d69846baed0a1c48f3670e4550d6e86a7214b4	single-declaration	StringLiteral	af8bd250c605a54b014d0845c31f7465877f4f5cbc5d83309879ec45f21c2fef	blocked	BV1	BF2 must runner-enumerate profiles and attach imported/equivalent/not-applicable/unsupported evidence.	-
VUE-CB2AEBA5614B3D2F1908	compiler-dom	packages/compiler-dom/__tests__/transforms/validateHtmlNesting.spec.ts:111:3	46d69846baed0a1c48f3670e4550d6e86a7214b4	single-declaration	StringLiteral	bc9b227350ffd334a0742d6187de209546ea8d0c8fb9e85ed26d83eba7c75ea7	blocked	BV1	BF2 must runner-enumerate profiles and attach imported/equivalent/not-applicable/unsupported evidence.	-
VUE-976B27779D6F82319AF9	compiler-dom	packages/compiler-dom/__tests__/transforms/validateHtmlNesting.spec.ts:119:3	46d69846baed0a1c48f3670e4550d6e86a7214b4	single-declaration	StringLiteral	aae64600e949905e2c4ecb054fd1c808421862881e70d7b616802ddc83601eab	blocked	BV1	BF2 must runner-enumerate profiles and attach imported/equivalent/not-applicable/unsupported evidence.	-
VUE-E8C6E43BA721DED344DE	compiler-dom	packages/compiler-dom/__tests__/transforms/validateHtmlNesting.spec.ts:132:3	46d69846baed0a1c48f3670e4550d6e86a7214b4	single-declaration	StringLiteral	7b71e660ca589fb3e0471e89eb0733044fef3e20a8ffe778cca3033e3135facd	blocked	BV1	BF2 must runner-enumerate profiles and attach imported/equivalent/not-applicable/unsupported evidence.	-
VUE-8973553F8350D72D0D0A	compiler-dom	packages/compiler-dom/__tests__/transforms/validateHtmlNesting.spec.ts:14:3	46d69846baed0a1c48f3670e4550d6e86a7214b4	single-declaration	StringLiteral	239c0ca2dec56b72374bc86e6dfb6b66376c36381839ac0a4cf5a5e273c77cea	blocked	BV1	BF2 must runner-enumerate profiles and attach imported/equivalent/not-applicable/unsupported evidence.	-
VUE-5559EDF9E9408315ABE2	compiler-dom	packages/compiler-dom/__tests__/transforms/validateHtmlNesting.spec.ts:140:3	46d69846baed0a1c48f3670e4550d6e86a7214b4	single-declaration	StringLiteral	3e5aac7ae41aa7db18bdb4ca121031a7b2a31d885f7924b55e7514e47685562b	blocked	BV1	BF2 must runner-enumerate profiles and attach imported/equivalent/not-applicable/unsupported evidence.	-
VUE-0395DA9FBBEE04E232A1	compiler-dom	packages/compiler-dom/__tests__/transforms/validateHtmlNesting.spec.ts:152:5	46d69846baed0a1c48f3670e4550d6e86a7214b4	single-declaration	StringLiteral	dbe88d753e3e601cf3849cc5c6d9b3825831bb61a7ce3e2e04e088ed517ce77b	blocked	BV1	BF2 must runner-enumerate profiles and attach imported/equivalent/not-applicable/unsupported evidence.	-
VUE-ED8B4DDC09618122AB52	compiler-dom	packages/compiler-dom/__tests__/transforms/validateHtmlNesting.spec.ts:172:5	46d69846baed0a1c48f3670e4550d6e86a7214b4	single-declaration	StringLiteral	eb8a8c0e8c9852edbc5a2e6744975981c00e83db33653ce676093b4c639fe07a	blocked	BV1	BF2 must runner-enumerate profiles and attach imported/equivalent/not-applicable/unsupported evidence.	-
VUE-BD76873684AD5E943493	compiler-dom	packages/compiler-dom/__tests__/transforms/validateHtmlNesting.spec.ts:180:5	46d69846baed0a1c48f3670e4550d6e86a7214b4	single-declaration	StringLiteral	4d12c2fb2ed1800083f4a84dbcdc7656cec21c25e6c68d14c108c9a206a1cbcf	blocked	BV1	BF2 must runner-enumerate profiles and attach imported/equivalent/not-applicable/unsupported evidence.	-
VUE-4A6A1ADE879C1A2F8981	compiler-dom	packages/compiler-dom/__tests__/transforms/validateHtmlNesting.spec.ts:189:5	46d69846baed0a1c48f3670e4550d6e86a7214b4	single-declaration	StringLiteral	d8832ea755e71e8c2405e2e62c75f6ba087983697bb1b8f0d8b508429c9dde0e	blocked	BV1	BF2 must runner-enumerate profiles and attach imported/equivalent/not-applicable/unsupported evidence.	-
VUE-9799A64B766EC256415E	compiler-dom	packages/compiler-dom/__tests__/transforms/validateHtmlNesting.spec.ts:23:3	46d69846baed0a1c48f3670e4550d6e86a7214b4	single-declaration	StringLiteral	7bb8930c7a7f3ed0398bb07725902a214e825590d1f4518cbf34e5a74a0aea81	blocked	BV1	BF2 must runner-enumerate profiles and attach imported/equivalent/not-applicable/unsupported evidence.	-
VUE-0481505134522E880012	compiler-dom	packages/compiler-dom/__tests__/transforms/validateHtmlNesting.spec.ts:37:3	46d69846baed0a1c48f3670e4550d6e86a7214b4	single-declaration	StringLiteral	dcc44c8c6208e9aca79a5f33b360d97e6331615f070fd33012addd7886de6007	blocked	BV1	BF2 must runner-enumerate profiles and attach imported/equivalent/not-applicable/unsupported evidence.	-
VUE-D144A45486862F74F7DA	compiler-dom	packages/compiler-dom/__tests__/transforms/validateHtmlNesting.spec.ts:5:3	46d69846baed0a1c48f3670e4550d6e86a7214b4	single-declaration	StringLiteral	89c9ab9239b1daef7761f81ea92da322121395c762d906139796a6b7bbd7ae9c	blocked	BV1	BF2 must runner-enumerate profiles and attach imported/equivalent/not-applicable/unsupported evidence.	-
VUE-B8D32C2EBA730A897F68	compiler-dom	packages/compiler-dom/__tests__/transforms/validateHtmlNesting.spec.ts:50:3	46d69846baed0a1c48f3670e4550d6e86a7214b4	single-declaration	StringLiteral	8463b36ac8817d189f4b2578336b86f752a6d9229562fdd56268f96822e84f17	blocked	BV1	BF2 must runner-enumerate profiles and attach imported/equivalent/not-applicable/unsupported evidence.	-
VUE-D922CA99C3FC49ADD99C	compiler-dom	packages/compiler-dom/__tests__/transforms/validateHtmlNesting.spec.ts:69:3	46d69846baed0a1c48f3670e4550d6e86a7214b4	single-declaration	StringLiteral	d749929fe94b9a37dbe5d74cb297ad24b46e467898545f4e109eb21835046ac4	blocked	BV1	BF2 must runner-enumerate profiles and attach imported/equivalent/not-applicable/unsupported evidence.	-
VUE-B6BB9024EED581042474	compiler-dom	packages/compiler-dom/__tests__/transforms/validateHtmlNesting.spec.ts:78:3	46d69846baed0a1c48f3670e4550d6e86a7214b4	single-declaration	StringLiteral	a8a63836fc37e6a7ce77eb14108d8d4dac6fa32667579001c3d60e3da2df8609	blocked	BV1	BF2 must runner-enumerate profiles and attach imported/equivalent/not-applicable/unsupported evidence.	-
VUE-42EA592BF7D258CB29F7	compiler-dom	packages/compiler-dom/__tests__/transforms/validateHtmlNesting.spec.ts:87:3	46d69846baed0a1c48f3670e4550d6e86a7214b4	single-declaration	StringLiteral	980bb6b4ccd5814a0c904b10d039bd29da382fa2587c9cb9585d00e5258ab9d4	blocked	BV1	BF2 must runner-enumerate profiles and attach imported/equivalent/not-applicable/unsupported evidence.	-
VUE-80B1E483BE77959E30DE	compiler-dom	packages/compiler-dom/__tests__/transforms/vHtml.spec.ts:26:3	bca2fdf955815278be12167cb96ed4f29e22bd34	single-declaration	StringLiteral	e6bae23f20c8ed9b467f10a45f6a7879848467ce805a0e96d5dd4fc0b3f159db	blocked	BV1	BF2 must runner-enumerate profiles and attach imported/equivalent/not-applicable/unsupported evidence.	-
VUE-25FB96DF4D34D80E7F4B	compiler-dom	packages/compiler-dom/__tests__/transforms/vHtml.spec.ts:39:3	bca2fdf955815278be12167cb96ed4f29e22bd34	single-declaration	StringLiteral	1abed482af2356c8d74e007ad79d5140198f5323952d59da6a3192a58646f4e0	blocked	BV1	BF2 must runner-enumerate profiles and attach imported/equivalent/not-applicable/unsupported evidence.	-
VUE-A234665EE819AF9447C8	compiler-dom	packages/compiler-dom/__tests__/transforms/vHtml.spec.ts:58:3	bca2fdf955815278be12167cb96ed4f29e22bd34	single-declaration	StringLiteral	d6db70ebbab1195fc2eb51be389e791d807dc9e695850b02952d4fc205b9673d	blocked	BV1	BF2 must runner-enumerate profiles and attach imported/equivalent/not-applicable/unsupported evidence.	-
VUE-81C51426B7D6590A935E	compiler-dom	packages/compiler-dom/__tests__/transforms/vModel.spec.ts:103:5	6fe39900ca864ef025ceaf0be218fc70d51f216d	single-declaration	StringLiteral	9307e9c5a1df0018c28b60aae7982fea61ccfb4e8c97ac1c660466297e213a54	blocked	BV1	BF2 must runner-enumerate profiles and attach imported/equivalent/not-applicable/unsupported evidence.	-
VUE-A6CC91ADAEAB69A3757D	compiler-dom	packages/compiler-dom/__tests__/transforms/vModel.spec.ts:115:5	6fe39900ca864ef025ceaf0be218fc70d51f216d	single-declaration	StringLiteral	5ad66075fc1be5f0a499e5130002f40df4e6cc92c99b6cebcb22808dab62f0f3	blocked	BV1	BF2 must runner-enumerate profiles and attach imported/equivalent/not-applicable/unsupported evidence.	-
VUE-303411E39F82027C0A20	compiler-dom	packages/compiler-dom/__tests__/transforms/vModel.spec.ts:127:5	6fe39900ca864ef025ceaf0be218fc70d51f216d	single-declaration	StringLiteral	0e1f3b63ce99da97987677931ece9b68520da423f6cfa02cc7f52446662b22ae	blocked	BV1	BF2 must runner-enumerate profiles and attach imported/equivalent/not-applicable/unsupported evidence.	-
VUE-4B26EA14475376D63281	compiler-dom	packages/compiler-dom/__tests__/transforms/vModel.spec.ts:138:5	6fe39900ca864ef025ceaf0be218fc70d51f216d	single-declaration	StringLiteral	71d417c180a7da398c0e1fdd7beeb91cf1cb4cd8b17f47790612aef948311fc9	blocked	BV1	BF2 must runner-enumerate profiles and attach imported/equivalent/not-applicable/unsupported evidence.	-
VUE-79258A7B65CFA7B07D09	compiler-dom	packages/compiler-dom/__tests__/transforms/vModel.spec.ts:150:5	6fe39900ca864ef025ceaf0be218fc70d51f216d	single-declaration	StringLiteral	646714367363918eec39e02901eeafabec0612df096aa8ff637ad653308ef656	blocked	BV1	BF2 must runner-enumerate profiles and attach imported/equivalent/not-applicable/unsupported evidence.	-
VUE-23D99492E264E30934BE	compiler-dom	packages/compiler-dom/__tests__/transforms/vModel.spec.ts:163:5	6fe39900ca864ef025ceaf0be218fc70d51f216d	single-declaration	StringLiteral	5d4f3635d99ed851a446b6be5d58bc32ade55d1e23ae396b873e304d024ab283	blocked	BV1	BF2 must runner-enumerate profiles and attach imported/equivalent/not-applicable/unsupported evidence.	-
VUE-5290D87E3BDFD3CF1D62	compiler-dom	packages/compiler-dom/__tests__/transforms/vModel.spec.ts:173:5	6fe39900ca864ef025ceaf0be218fc70d51f216d	single-declaration	StringLiteral	00280638f53852cc5d271a37b7fc5bf044ac38f9090fa23017d432327c171bdd	blocked	BV1	BF2 must runner-enumerate profiles and attach imported/equivalent/not-applicable/unsupported evidence.	-
VUE-8B2AF55B01E24233B2DD	compiler-dom	packages/compiler-dom/__tests__/transforms/vModel.spec.ts:179:5	6fe39900ca864ef025ceaf0be218fc70d51f216d	single-declaration	StringLiteral	bab426f3fdd75ca6724596ede41c2f532c67dbb30f5159716ab3f99f64b2dbc4	blocked	BV1	BF2 must runner-enumerate profiles and attach imported/equivalent/not-applicable/unsupported evidence.	-
VUE-A200F4E4EDF005F5216A	compiler-dom	packages/compiler-dom/__tests__/transforms/vModel.spec.ts:185:5	6fe39900ca864ef025ceaf0be218fc70d51f216d	single-declaration	StringLiteral	552640fe03130ed83a08605da4914d19b166655f89c5d4d51e0ddf98dddfc82c	blocked	BV1	BF2 must runner-enumerate profiles and attach imported/equivalent/not-applicable/unsupported evidence.	-
VUE-355740D25C70FB3BDAAE	compiler-dom	packages/compiler-dom/__tests__/transforms/vModel.spec.ts:32:3	6fe39900ca864ef025ceaf0be218fc70d51f216d	single-declaration	StringLiteral	916b102537c5abd9ea5e1030b94e32071146d61597bd89c2b6ebee1b9b5e2de3	blocked	BV1	BF2 must runner-enumerate profiles and attach imported/equivalent/not-applicable/unsupported evidence.	-
VUE-17352D83E82FA2A0C101	compiler-dom	packages/compiler-dom/__tests__/transforms/vModel.spec.ts:39:3	6fe39900ca864ef025ceaf0be218fc70d51f216d	single-declaration	StringLiteral	486121a19cb04e063bfbace44816e5613de7754eb64797d878d97e88c7638054	blocked	BV1	BF2 must runner-enumerate profiles and attach imported/equivalent/not-applicable/unsupported evidence.	-
VUE-9570B3DC5EC38AF596B4	compiler-dom	packages/compiler-dom/__tests__/transforms/vModel.spec.ts:46:3	6fe39900ca864ef025ceaf0be218fc70d51f216d	single-declaration	StringLiteral	5490d640de7b8a265917c09be68d0e7e978239afca050fb3b4ec67c10769acb1	blocked	BV1	BF2 must runner-enumerate profiles and attach imported/equivalent/not-applicable/unsupported evidence.	-
VUE-F00A164C9841A00EF761	compiler-dom	packages/compiler-dom/__tests__/transforms/vModel.spec.ts:53:3	6fe39900ca864ef025ceaf0be218fc70d51f216d	single-declaration	StringLiteral	65b964f1ee5f300c14f3af624f590e081867321e6d8acedfc2d301b2c41624e2	blocked	BV1	BF2 must runner-enumerate profiles and attach imported/equivalent/not-applicable/unsupported evidence.	-
VUE-814DE7C8878C0F325F78	compiler-dom	packages/compiler-dom/__tests__/transforms/vModel.spec.ts:60:3	6fe39900ca864ef025ceaf0be218fc70d51f216d	single-declaration	StringLiteral	462670ea08047021dcc3ef9c6becab79a3e908e8cd44af7b129b8cce43690858	blocked	BV1	BF2 must runner-enumerate profiles and attach imported/equivalent/not-applicable/unsupported evidence.	-
VUE-8B2E14BB806A45B3DE86	compiler-dom	packages/compiler-dom/__tests__/transforms/vModel.spec.ts:68:3	6fe39900ca864ef025ceaf0be218fc70d51f216d	single-declaration	StringLiteral	4e1101b0f919aaa00d93038ecfe7b2cd828c9d3a095bbfa55deddb9498ca7a78	blocked	BV1	BF2 must runner-enumerate profiles and attach imported/equivalent/not-applicable/unsupported evidence.	-
VUE-3BC08861A9F662179EDA	compiler-dom	packages/compiler-dom/__tests__/transforms/vModel.spec.ts:75:3	6fe39900ca864ef025ceaf0be218fc70d51f216d	single-declaration	StringLiteral	2443ba50f6ee6f7eb7aed0efed7715dace830ac2d34c60455e2eb6df35303bc1	blocked	BV1	BF2 must runner-enumerate profiles and attach imported/equivalent/not-applicable/unsupported evidence.	-
VUE-632A02D97FF5E308DCF8	compiler-dom	packages/compiler-dom/__tests__/transforms/vModel.spec.ts:88:3	6fe39900ca864ef025ceaf0be218fc70d51f216d	single-declaration	StringLiteral	84da0c86f3275c1d6dc3a309524cb4e5e2e0c482797068352650eef741baf8a3	blocked	BV1	BF2 must runner-enumerate profiles and attach imported/equivalent/not-applicable/unsupported evidence.	-
VUE-10D7E5608CF1DE63D2D7	compiler-dom	packages/compiler-dom/__tests__/transforms/vModel.spec.ts:95:3	6fe39900ca864ef025ceaf0be218fc70d51f216d	single-declaration	StringLiteral	461ab2fb87d4dfd01f277bc716a914915a7135941cb97167c042fd6115fac1c7	blocked	BV1	BF2 must runner-enumerate profiles and attach imported/equivalent/not-applicable/unsupported evidence.	-
VUE-651FEEE468DA587C89A8	compiler-dom	packages/compiler-dom/__tests__/transforms/vOn.spec.ts:120:3	f1ab2417770bfd2b9af2aff9bccaa056348f927a	single-declaration	StringLiteral	cfa37d7423133872fd73b91f371a5472472e5316856af177db103b52d8ea1c11	blocked	BV1	BF2 must runner-enumerate profiles and attach imported/equivalent/not-applicable/unsupported evidence.	-
VUE-6CD7B3C268B444B7E740	compiler-dom	packages/compiler-dom/__tests__/transforms/vOn.spec.ts:135:3	f1ab2417770bfd2b9af2aff9bccaa056348f927a	single-declaration	StringLiteral	bf07e06400c52560a8e3b9d318c78d89640d8070c1cbf0632fe47fdf014eef2f	blocked	BV1	BF2 must runner-enumerate profiles and attach imported/equivalent/not-applicable/unsupported evidence.	-
VUE-EF92E4706F8A5CE0A2A5	compiler-dom	packages/compiler-dom/__tests__/transforms/vOn.spec.ts:150:3	f1ab2417770bfd2b9af2aff9bccaa056348f927a	single-declaration	StringLiteral	67ca37e1f1aec5fe65e82115f2c9c061da20219d96606713e7343c31c87c4cec	blocked	BV1	BF2 must runner-enumerate profiles and attach imported/equivalent/not-applicable/unsupported evidence.	-
VUE-BEC0D0B9EB19A918FC73	compiler-dom	packages/compiler-dom/__tests__/transforms/vOn.spec.ts:171:3	f1ab2417770bfd2b9af2aff9bccaa056348f927a	single-declaration	StringLiteral	1ca594686bde87e0e5c972dcb8ebde1502549cb2dff2c7d7d2deb4e6334662dc	blocked	BV1	BF2 must runner-enumerate profiles and attach imported/equivalent/not-applicable/unsupported evidence.	-
VUE-F49EFFC45B9CCB6B13EC	compiler-dom	packages/compiler-dom/__tests__/transforms/vOn.spec.ts:186:3	f1ab2417770bfd2b9af2aff9bccaa056348f927a	single-declaration	StringLiteral	c573caae93a8710e4dab4d8ecece6442de52cf7f0eef117332000fde4373cf40	blocked	BV1	BF2 must runner-enumerate profiles and attach imported/equivalent/not-applicable/unsupported evidence.	-
VUE-12D185FF23A194819289	compiler-dom	packages/compiler-dom/__tests__/transforms/vOn.spec.ts:224:3	f1ab2417770bfd2b9af2aff9bccaa056348f927a	single-declaration	StringLiteral	b993558d816eb45122fdc0a899b72f867b51951f76e1dafa902f4c9d98dfb868	blocked	BV1	BF2 must runner-enumerate profiles and attach imported/equivalent/not-applicable/unsupported evidence.	-
VUE-754F887A79146ACF3841	compiler-dom	packages/compiler-dom/__tests__/transforms/vOn.spec.ts:262:3	f1ab2417770bfd2b9af2aff9bccaa056348f927a	single-declaration	StringLiteral	45a7c025b446c3bfa60579d888429265991e5b0f5b7179094448afa1db2663aa	blocked	BV1	BF2 must runner-enumerate profiles and attach imported/equivalent/not-applicable/unsupported evidence.	-
VUE-101EF89D7AC38169B36D	compiler-dom	packages/compiler-dom/__tests__/transforms/vOn.spec.ts:291:3	f1ab2417770bfd2b9af2aff9bccaa056348f927a	single-declaration	StringLiteral	49af08b79ec8298463888848c45192a37946fe6ca4cedec0c071fb47bb208ed7	blocked	BV1	BF2 must runner-enumerate profiles and attach imported/equivalent/not-applicable/unsupported evidence.	-
VUE-7CF8D4C2D0914940DEA9	compiler-dom	packages/compiler-dom/__tests__/transforms/vOn.spec.ts:305:3	f1ab2417770bfd2b9af2aff9bccaa056348f927a	single-declaration	StringLiteral	fb47bf6c3cb5f7cf0b078ccb89a41d8f0d08bdb9c9f304f682ad8ab037618aee	blocked	BV1	BF2 must runner-enumerate profiles and attach imported/equivalent/not-applicable/unsupported evidence.	-
VUE-AB5BCA3A5C47EF51C8A1	compiler-dom	packages/compiler-dom/__tests__/transforms/vOn.spec.ts:37:3	f1ab2417770bfd2b9af2aff9bccaa056348f927a	single-declaration	StringLiteral	1c37be557b4c8dfab0dd47ffe1989c5ca4795f7b208a3187dabd75bad3ef39ff	blocked	BV1	BF2 must runner-enumerate profiles and attach imported/equivalent/not-applicable/unsupported evidence.	-
VUE-3DA1094616EEA82B2974	compiler-dom	packages/compiler-dom/__tests__/transforms/vOn.spec.ts:52:3	f1ab2417770bfd2b9af2aff9bccaa056348f927a	single-declaration	StringLiteral	97817caf5db1b56cca079d74ac090656afc49a89985fb3272e688b31c965ff02	blocked	BV1	BF2 must runner-enumerate profiles and attach imported/equivalent/not-applicable/unsupported evidence.	-
VUE-062A817F1C0A9F9B719B	compiler-dom	packages/compiler-dom/__tests__/transforms/vOn.spec.ts:78:3	f1ab2417770bfd2b9af2aff9bccaa056348f927a	single-declaration	StringLiteral	fd66937e99317665fd420008fdf25d498658176033d8ef2cba2b6fcbb3faf265	blocked	BV1	BF2 must runner-enumerate profiles and attach imported/equivalent/not-applicable/unsupported evidence.	-
VUE-C1D1EF29C98D08E11B85	compiler-dom	packages/compiler-dom/__tests__/transforms/vOn.spec.ts:96:3	f1ab2417770bfd2b9af2aff9bccaa056348f927a	single-declaration	StringLiteral	92bc5523c35a5bc986b4868699c33b050d5a5cafebb2436ef5154f1157d08e28	blocked	BV1	BF2 must runner-enumerate profiles and attach imported/equivalent/not-applicable/unsupported evidence.	-
VUE-38B13C8228ABB1B161EC	compiler-dom	packages/compiler-dom/__tests__/transforms/vShow.spec.ts:24:3	11aa62464d348636a919f19dc7728d05b244e5e9	single-declaration	StringLiteral	916b102537c5abd9ea5e1030b94e32071146d61597bd89c2b6ebee1b9b5e2de3	blocked	BV1	BF2 must runner-enumerate profiles and attach imported/equivalent/not-applicable/unsupported evidence.	-
VUE-B3381D36F79D46526DEC	compiler-dom	packages/compiler-dom/__tests__/transforms/vShow.spec.ts:30:3	11aa62464d348636a919f19dc7728d05b244e5e9	single-declaration	StringLiteral	d6db70ebbab1195fc2eb51be389e791d807dc9e695850b02952d4fc205b9673d	blocked	BV1	BF2 must runner-enumerate profiles and attach imported/equivalent/not-applicable/unsupported evidence.	-
VUE-F81D2A16C7CB1E3EE492	compiler-dom	packages/compiler-dom/__tests__/transforms/vText.spec.ts:26:3	e96ab297298ca40359263dba64937786488418b3	single-declaration	StringLiteral	f03743da68e66006f941327b3cb7a7b71eb247cb87a451105782b7adcd4086a3	blocked	BV1	BF2 must runner-enumerate profiles and attach imported/equivalent/not-applicable/unsupported evidence.	-
VUE-E0CD49379D02C3BB9102	compiler-dom	packages/compiler-dom/__tests__/transforms/vText.spec.ts:41:3	e96ab297298ca40359263dba64937786488418b3	single-declaration	StringLiteral	6a0b29ede77fe55164ad5b1d5ad27e48049deaeb9de39768a8d9ce0181df839a	blocked	BV1	BF2 must runner-enumerate profiles and attach imported/equivalent/not-applicable/unsupported evidence.	-
VUE-4147ED13054BB0A412AA	compiler-dom	packages/compiler-dom/__tests__/transforms/vText.spec.ts:62:3	e96ab297298ca40359263dba64937786488418b3	single-declaration	StringLiteral	d6db70ebbab1195fc2eb51be389e791d807dc9e695850b02952d4fc205b9673d	blocked	BV1	BF2 must runner-enumerate profiles and attach imported/equivalent/not-applicable/unsupported evidence.	-
VUE-5C9C182A078C9DED5098	compiler-sfc	packages/compiler-sfc/__tests__/compileScript.spec.ts:1009:5	144368aa26174ec42728e10f961e505ac6f98b3e	single-declaration	StringLiteral	3073c829f00651a24c149466164fb12750c6add3da6b3557536248260815e6bb	blocked	B2/BV1	BF2 must runner-enumerate profiles and attach imported/equivalent/not-applicable/unsupported evidence.	B2-parse-facet-vue.md#vue-5c9c182a078c9ded5098:pass
VUE-7D08646FABB5DA65426C	compiler-sfc	packages/compiler-sfc/__tests__/compileScript.spec.ts:1029:5	144368aa26174ec42728e10f961e505ac6f98b3e	single-declaration	StringLiteral	af981d00f9f06b9bff25e5fa4c4b0f573eb40c8e357e11e2f9609d3c6e33ef91	blocked	B2/BV1	BF2 must runner-enumerate profiles and attach imported/equivalent/not-applicable/unsupported evidence.	B2-parse-facet-vue.md#vue-7d08646fabb5da65426c:pass
VUE-9E778CC0562DB658E43B	compiler-sfc	packages/compiler-sfc/__tests__/compileScript.spec.ts:1042:5	144368aa26174ec42728e10f961e505ac6f98b3e	single-declaration	StringLiteral	350416ce519db19c274645fbca4003b50cb5e865e9f6ed033b9e5a50b71b027d	blocked	B2/BV1	BF2 must runner-enumerate profiles and attach imported/equivalent/not-applicable/unsupported evidence.	B2-parse-facet-vue.md#vue-9e778cc0562db658e43b:pass
VUE-8215F16D78101CD43468	compiler-sfc	packages/compiler-sfc/__tests__/compileScript.spec.ts:1053:5	144368aa26174ec42728e10f961e505ac6f98b3e	single-declaration	StringLiteral	29a9c955dea408d74c1af1476d724a72e0f718adcab6ea933a8aa3e6f1747770	blocked	B2/BV1	BF2 must runner-enumerate profiles and attach imported/equivalent/not-applicable/unsupported evidence.	B2-parse-facet-vue.md#vue-8215f16d78101cd43468:pass
VUE-7012FA3963CC587CD4E7	compiler-sfc	packages/compiler-sfc/__tests__/compileScript.spec.ts:1073:5	144368aa26174ec42728e10f961e505ac6f98b3e	single-declaration	StringLiteral	6163679eece7aaa0f94b21f6308a81a6e02301fd5aa134e9d0e79d1c52ffced7	blocked	B2/BV1	BF2 must runner-enumerate profiles and attach imported/equivalent/not-applicable/unsupported evidence.	B2-parse-facet-vue.md#vue-7012fa3963cc587cd4e7:pass
VUE-A773FFBD2A1707B3E132	compiler-sfc	packages/compiler-sfc/__tests__/compileScript.spec.ts:1077:5	144368aa26174ec42728e10f961e505ac6f98b3e	single-declaration	StringLiteral	b5072a725c43683b188218fa6b214f213e3f8e1a700196c9e24a0ca71da875ef	blocked	B2/BV1	BF2 must runner-enumerate profiles and attach imported/equivalent/not-applicable/unsupported evidence.	B2-parse-facet-vue.md#vue-a773ffbd2a1707b3e132:pass
VUE-1C9DB9ADF006C9D64150	compiler-sfc	packages/compiler-sfc/__tests__/compileScript.spec.ts:1081:5	144368aa26174ec42728e10f961e505ac6f98b3e	single-declaration	StringLiteral	07aef7fee22d4856461d6d8631b87b6ca5db3cd1df62b35ccb27923e554996ef	blocked	B2/BV1	BF2 must runner-enumerate profiles and attach imported/equivalent/not-applicable/unsupported evidence.	B2-parse-facet-vue.md#vue-1c9db9adf006c9d64150:pass
VUE-DEF880897F116D10A225	compiler-sfc	packages/compiler-sfc/__tests__/compileScript.spec.ts:1086:5	144368aa26174ec42728e10f961e505ac6f98b3e	single-declaration	StringLiteral	6e032cfd0aeacd651e626b1c33bddb7f9aab4b139c07c24ecf860d3b8cfa6704	blocked	B2/BV1	BF2 must runner-enumerate profiles and attach imported/equivalent/not-applicable/unsupported evidence.	B2-parse-facet-vue.md#vue-def880897f116d10a225:pass
VUE-5F2E99C4E50A51DABF09	compiler-sfc	packages/compiler-sfc/__tests__/compileScript.spec.ts:1093:5	144368aa26174ec42728e10f961e505ac6f98b3e	single-declaration	StringLiteral	99e4155362fae1ac922ea8ddce3b8fbac264a4d169bccde92e9de0e635a6b82a	blocked	B2/BV1	BF2 must runner-enumerate profiles and attach imported/equivalent/not-applicable/unsupported evidence.	B2-parse-facet-vue.md#vue-5f2e99c4e50a51dabf09:pass
VUE-4D3F9BE30B439F1B2748	compiler-sfc	packages/compiler-sfc/__tests__/compileScript.spec.ts:1099:5	144368aa26174ec42728e10f961e505ac6f98b3e	single-declaration	StringLiteral	5e062c3bd5cbd09371474379f2a6ca7071bb02c6cb1b0859235ec57e42da19ee	blocked	B2/BV1	BF2 must runner-enumerate profiles and attach imported/equivalent/not-applicable/unsupported evidence.	B2-parse-facet-vue.md#vue-4d3f9be30b439f1b2748:pass
VUE-9FA10F4609184B011507	compiler-sfc	packages/compiler-sfc/__tests__/compileScript.spec.ts:1104:5	144368aa26174ec42728e10f961e505ac6f98b3e	single-declaration	StringLiteral	8378162888da4a04f6c43d12a6dd89916e866a5495b3f8b9b01a49381413fb5d	blocked	B2/BV1	BF2 must runner-enumerate profiles and attach imported/equivalent/not-applicable/unsupported evidence.	B2-parse-facet-vue.md#vue-9fa10f4609184b011507:pass
VUE-3CD26A7E95BCC6D0D4BD	compiler-sfc	packages/compiler-sfc/__tests__/compileScript.spec.ts:1108:5	144368aa26174ec42728e10f961e505ac6f98b3e	single-declaration	StringLiteral	fe9ff60eaa8269652514a163883a2c3966298077fad605335720a9bcc0eed22e	blocked	B2/BV1	BF2 must runner-enumerate profiles and attach imported/equivalent/not-applicable/unsupported evidence.	B2-parse-facet-vue.md#vue-3cd26a7e95bcc6d0d4bd:pass
VUE-F1E26ED928AF4171F880	compiler-sfc	packages/compiler-sfc/__tests__/compileScript.spec.ts:1130:5	144368aa26174ec42728e10f961e505ac6f98b3e	single-declaration	StringLiteral	a97155611f129f36c4eabcc05e96662b95105e3d8f7f732f99297c33c9c83d80	blocked	B2/BV1	BF2 must runner-enumerate profiles and attach imported/equivalent/not-applicable/unsupported evidence.	B2-parse-facet-vue.md#vue-f1e26ed928af4171f880:pass
VUE-57C399DA66C585234D93	compiler-sfc	packages/compiler-sfc/__tests__/compileScript.spec.ts:1149:5	144368aa26174ec42728e10f961e505ac6f98b3e	single-declaration	StringLiteral	f76cb3239db5b997828b88237062efb008e4b2c73c0e5d5293a0877904ccfb4f	blocked	B2/BV1	BF2 must runner-enumerate profiles and attach imported/equivalent/not-applicable/unsupported evidence.	B2-parse-facet-vue.md#vue-57c399da66c585234d93:pass
VUE-A889517E090683F5234E	compiler-sfc	packages/compiler-sfc/__tests__/compileScript.spec.ts:115:3	144368aa26174ec42728e10f961e505ac6f98b3e	single-declaration	StringLiteral	682ce2e7e7698924bfe62304a9f1df1041fed239fc04eb0a111c4d5ad1a48498	blocked	B2/BV1	BF2 must runner-enumerate profiles and attach imported/equivalent/not-applicable/unsupported evidence.	B2-parse-facet-vue.md#vue-a889517e090683f5234e:pass
VUE-C3E0C7FC0802DC5DBF04	compiler-sfc	packages/compiler-sfc/__tests__/compileScript.spec.ts:1161:5	144368aa26174ec42728e10f961e505ac6f98b3e	single-declaration	StringLiteral	29898d87fb101c729d26448aa04e57bc44b4db86209e15900363649f6c1ca86c	blocked	B2/BV1	BF2 must runner-enumerate profiles and attach imported/equivalent/not-applicable/unsupported evidence.	B2-parse-facet-vue.md#vue-c3e0c7fc0802dc5dbf04:pass
VUE-ED1CC6BD567AD80F9C19	compiler-sfc	packages/compiler-sfc/__tests__/compileScript.spec.ts:1177:5	144368aa26174ec42728e10f961e505ac6f98b3e	single-declaration	StringLiteral	7b720eb8013c4c9d4157282e8663086967c054502b2dfc91d81ed18a239ca28b	blocked	B2/BV1	BF2 must runner-enumerate profiles and attach imported/equivalent/not-applicable/unsupported evidence. Parse-facet residual: an error assertion covers a case with multiple frontend invocations; retained for the co-owner.	B2-parse-facet-vue.md#vue-ed1cc6bd567ad80f9c19:unverifiable
VUE-ED3DFACCE4156A6F8FD7	compiler-sfc	packages/compiler-sfc/__tests__/compileScript.spec.ts:1192:5	144368aa26174ec42728e10f961e505ac6f98b3e	single-declaration	StringLiteral	81f1802485d3b7d97511abd3f24f09e472644c5f239d2f27f58175322a904de5	blocked	B2/BV1	BF2 must runner-enumerate profiles and attach imported/equivalent/not-applicable/unsupported evidence. Parse-facet residual: official error is retained for the co-owner because the carrier parse boundary did not surface it.	B2-parse-facet-vue.md#vue-ed3dfacce4156a6f8fd7:unverifiable
VUE-C4AAD84AEC0E27768F20	compiler-sfc	packages/compiler-sfc/__tests__/compileScript.spec.ts:1213:5	144368aa26174ec42728e10f961e505ac6f98b3e	single-declaration	StringLiteral	8193e0ee30d78fea2d4758e80bee682ce12c773666fee6895d7ed98ec6671dae	blocked	B2/BV1	BF2 must runner-enumerate profiles and attach imported/equivalent/not-applicable/unsupported evidence. Parse-facet residual: official error is retained for the co-owner because the carrier parse boundary did not surface it.	B2-parse-facet-vue.md#vue-c4aad84aec0e27768f20:unverifiable
VUE-6A7F6762C474F7C92E3C	compiler-sfc	packages/compiler-sfc/__tests__/compileScript.spec.ts:1246:5	144368aa26174ec42728e10f961e505ac6f98b3e	single-declaration	StringLiteral	29b67922c2a1eb807b5f8981cb9b2fbcaa7db4215c2a4e96c81b68dfaa280da6	blocked	B2/BV1	BF2 must runner-enumerate profiles and attach imported/equivalent/not-applicable/unsupported evidence.	B2-parse-facet-vue.md#vue-6a7f6762c474f7c92e3c:pass
VUE-A5178C040994D9F5BAF1	compiler-sfc	packages/compiler-sfc/__tests__/compileScript.spec.ts:1262:5	144368aa26174ec42728e10f961e505ac6f98b3e	single-declaration	StringLiteral	fa504141c7803f1b9e187651b7889c86b76a49d9953992b8aaf611027cbb7d7b	blocked	B2/BV1	BF2 must runner-enumerate profiles and attach imported/equivalent/not-applicable/unsupported evidence.	B2-parse-facet-vue.md#vue-a5178c040994d9f5baf1:pass
VUE-9FA612E5574D23DD9822	compiler-sfc	packages/compiler-sfc/__tests__/compileScript.spec.ts:1278:5	144368aa26174ec42728e10f961e505ac6f98b3e	single-declaration	StringLiteral	ce5290f7367fa8b032ca22893855d956437ab3f40ffd667b05b2aae8bd8ab622	blocked	B2/BV1	BF2 must runner-enumerate profiles and attach imported/equivalent/not-applicable/unsupported evidence. Parse-facet residual: official error is retained for the co-owner because the carrier parse boundary did not surface it.	B2-parse-facet-vue.md#vue-9fa612e5574d23dd9822:unverifiable
VUE-0C336C2EDA80564B69C3	compiler-sfc	packages/compiler-sfc/__tests__/compileScript.spec.ts:1313:3	144368aa26174ec42728e10f961e505ac6f98b3e	single-declaration	StringLiteral	22fc3cc81d638a028ed48f8fcb657f04ee24d4f7d3a9142aa01cc5e398904049	blocked	B2/BV1	BF2 must runner-enumerate profiles and attach imported/equivalent/not-applicable/unsupported evidence.	B2-parse-facet-vue.md#vue-0c336c2eda80564b69c3:pass
VUE-A744885AAC343281A2B5	compiler-sfc	packages/compiler-sfc/__tests__/compileScript.spec.ts:1330:3	144368aa26174ec42728e10f961e505ac6f98b3e	single-declaration	StringLiteral	1db15fd45f7b14f1fda47930c272d2c83b3e8e0362caca1c0ec06ca99ef7285e	blocked	B2/BV1	BF2 must runner-enumerate profiles and attach imported/equivalent/not-applicable/unsupported evidence.	B2-parse-facet-vue.md#vue-a744885aac343281a2b5:pass
VUE-C817B023AE637FE8620E	compiler-sfc	packages/compiler-sfc/__tests__/compileScript.spec.ts:1345:3	144368aa26174ec42728e10f961e505ac6f98b3e	single-declaration	StringLiteral	127e0c770b89e55d2923f5fa04c276e4e2e641d1c76549a95f2923c3c1c8f59c	blocked	B2/BV1	BF2 must runner-enumerate profiles and attach imported/equivalent/not-applicable/unsupported evidence.	B2-parse-facet-vue.md#vue-c817b023ae637fe8620e:pass
VUE-EA2ADBBB7203FBA1CECF	compiler-sfc	packages/compiler-sfc/__tests__/compileScript.spec.ts:1369:3	144368aa26174ec42728e10f961e505ac6f98b3e	single-declaration	StringLiteral	9b999e39a257e58e062e5c9bc9bb412a6605eaedf79d527cbaa1a6bb4e1d3698	blocked	B2/BV1	BF2 must runner-enumerate profiles and attach imported/equivalent/not-applicable/unsupported evidence.	B2-parse-facet-vue.md#vue-ea2adbbb7203fba1cecf:pass
VUE-00347BB191A9DDBA45D0	compiler-sfc	packages/compiler-sfc/__tests__/compileScript.spec.ts:1390:3	144368aa26174ec42728e10f961e505ac6f98b3e	single-declaration	StringLiteral	4484e841cbbf550c66ce8717a252cb73721b285a11cd63745074627238f30b9e	blocked	B2/BV1	BF2 must runner-enumerate profiles and attach imported/equivalent/not-applicable/unsupported evidence.	B2-parse-facet-vue.md#vue-00347bb191a9ddba45d0:pass
VUE-FB6813B67A2C09008DA4	compiler-sfc	packages/compiler-sfc/__tests__/compileScript.spec.ts:1404:3	144368aa26174ec42728e10f961e505ac6f98b3e	single-declaration	StringLiteral	85d1b9ce04357c56e89136327d22ec36702cb7a683539536bf9c2777ccba4d1e	blocked	B2/BV1	BF2 must runner-enumerate profiles and attach imported/equivalent/not-applicable/unsupported evidence.	B2-parse-facet-vue.md#vue-fb6813b67a2c09008da4:pass
VUE-E1B2EEBF53F894FAFE41	compiler-sfc	packages/compiler-sfc/__tests__/compileScript.spec.ts:1425:3	144368aa26174ec42728e10f961e505ac6f98b3e	single-declaration	StringLiteral	5360522b0234e8dbf0613572116d5b98ba5428f2aa31ecdbe787c5dda159683e	blocked	B2/BV1	BF2 must runner-enumerate profiles and attach imported/equivalent/not-applicable/unsupported evidence.	B2-parse-facet-vue.md#vue-e1b2eebf53f894fafe41:pass
VUE-EFDF7BD39518592C6E0F	compiler-sfc	packages/compiler-sfc/__tests__/compileScript.spec.ts:144:3	144368aa26174ec42728e10f961e505ac6f98b3e	single-declaration	StringLiteral	548817309290dfab4cfda8dcf39b10412a6e112868bd3e79717a643653bd6fdf	blocked	B2/BV1	BF2 must runner-enumerate profiles and attach imported/equivalent/not-applicable/unsupported evidence. Parse-facet residual: official error is retained for the co-owner because the carrier parse boundary did not surface it.	B2-parse-facet-vue.md#vue-efdf7bd39518592c6e0f:unverifiable
VUE-A411FE3448AB050A1BCF	compiler-sfc	packages/compiler-sfc/__tests__/compileScript.spec.ts:1445:3	144368aa26174ec42728e10f961e505ac6f98b3e	single-declaration	StringLiteral	f88be6e9b220d9cd692ac6da063e139de6f4b8482d71a019034d5c9316b21b8d	blocked	B2/BV1	BF2 must runner-enumerate profiles and attach imported/equivalent/not-applicable/unsupported evidence.	B2-parse-facet-vue.md#vue-a411fe3448ab050a1bcf:pass
VUE-6540C2347C337F439A5F	compiler-sfc	packages/compiler-sfc/__tests__/compileScript.spec.ts:1458:3	144368aa26174ec42728e10f961e505ac6f98b3e	single-declaration	StringLiteral	9525c16b7245695419d019d39d9adf1d99954572b44a1d9f9688b1a775595be9	blocked	B2/BV1	BF2 must runner-enumerate profiles and attach imported/equivalent/not-applicable/unsupported evidence.	B2-parse-facet-vue.md#vue-6540c2347c337f439a5f:pass
VUE-181646228F29CBBDDF56	compiler-sfc	packages/compiler-sfc/__tests__/compileScript.spec.ts:1478:3	144368aa26174ec42728e10f961e505ac6f98b3e	single-declaration	StringLiteral	949bb5d2e12e504862f3bd96c1ade87fd911d9d0750d7d7a0c4f5bdaf96b3518	blocked	B2/BV1	BF2 must runner-enumerate profiles and attach imported/equivalent/not-applicable/unsupported evidence.	B2-parse-facet-vue.md#vue-181646228f29cbbddf56:pass
VUE-55A5DDC403C16CFD2F40	compiler-sfc	packages/compiler-sfc/__tests__/compileScript.spec.ts:1492:3	144368aa26174ec42728e10f961e505ac6f98b3e	single-declaration	StringLiteral	f18be89bc77db099996cffac033cb4900c047a9bebd1246906d7c1406edf8e2d	blocked	B2/BV1	BF2 must runner-enumerate profiles and attach imported/equivalent/not-applicable/unsupported evidence.	B2-parse-facet-vue.md#vue-55a5ddc403c16cfd2f40:pass
VUE-10CE047618F600A58DE2	compiler-sfc	packages/compiler-sfc/__tests__/compileScript.spec.ts:1509:3	144368aa26174ec42728e10f961e505ac6f98b3e	single-declaration	StringLiteral	23a1fe092cce7590dce5abb2c70d2ee9a744e2a67451988b40f03106802f0411	blocked	B2/BV1	BF2 must runner-enumerate profiles and attach imported/equivalent/not-applicable/unsupported evidence.	B2-parse-facet-vue.md#vue-10ce047618f600a58de2:pass
VUE-15BE478B5634DFF6E373	compiler-sfc	packages/compiler-sfc/__tests__/compileScript.spec.ts:1546:3	144368aa26174ec42728e10f961e505ac6f98b3e	single-declaration	StringLiteral	9d5ece5c5e5ef5bbbd39775cd90a4f35d1da67f3c082df7ab228c4a29acbffb5	blocked	B2/BV1	BF2 must runner-enumerate profiles and attach imported/equivalent/not-applicable/unsupported evidence.	B2-parse-facet-vue.md#vue-15be478b5634dff6e373:pass
VUE-DD3352A34CED48DBC5A2	compiler-sfc	packages/compiler-sfc/__tests__/compileScript.spec.ts:1574:5	144368aa26174ec42728e10f961e505ac6f98b3e	single-declaration	StringLiteral	8630f6bdb0e06a9167722b29c0d0428180b912f248abe561843f8c31877ac1a8	blocked	B2/BV1	BF2 must runner-enumerate profiles and attach imported/equivalent/not-applicable/unsupported evidence.	B2-parse-facet-vue.md#vue-dd3352a34ced48dbc5a2:pass
VUE-893D0074297EB395B074	compiler-sfc	packages/compiler-sfc/__tests__/compileScript.spec.ts:1588:5	144368aa26174ec42728e10f961e505ac6f98b3e	single-declaration	StringLiteral	f2d10c5caef32582e2f87a4c746631b91bb68f6ecb40fdaa350977ba1aafe335	blocked	B2/BV1	BF2 must runner-enumerate profiles and attach imported/equivalent/not-applicable/unsupported evidence.	B2-parse-facet-vue.md#vue-893d0074297eb395b074:pass
VUE-B068784F7632E4AF13AB	compiler-sfc	packages/compiler-sfc/__tests__/compileScript.spec.ts:1607:5	144368aa26174ec42728e10f961e505ac6f98b3e	single-declaration	StringLiteral	0fb51b5337a65f4fe75d74207d2638bfd2cc21d648445c9887ca369f6b86fc0b	blocked	B2/BV1	BF2 must runner-enumerate profiles and attach imported/equivalent/not-applicable/unsupported evidence.	B2-parse-facet-vue.md#vue-b068784f7632e4af13ab:pass
VUE-9A25BD40FB3414B4AB5F	compiler-sfc	packages/compiler-sfc/__tests__/compileScript.spec.ts:161:5	144368aa26174ec42728e10f961e505ac6f98b3e	single-declaration	StringLiteral	2042cd044ab458d4dd52a662871bc885007ba7dc799ec71bd8ffbf091c090fb1	blocked	B2/BV1	BF2 must runner-enumerate profiles and attach imported/equivalent/not-applicable/unsupported evidence.	B2-parse-facet-vue.md#vue-9a25bd40fb3414b4ab5f:pass
VUE-E3990E59579F3F6200B1	compiler-sfc	packages/compiler-sfc/__tests__/compileScript.spec.ts:1630:3	144368aa26174ec42728e10f961e505ac6f98b3e	single-declaration	StringLiteral	59ff77c2c7093146d38511d35a486c003969c724681dd712f741cfef79f290b4	blocked	B2/BV1	BF2 must runner-enumerate profiles and attach imported/equivalent/not-applicable/unsupported evidence.	B2-parse-facet-vue.md#vue-e3990e59579f3f6200b1:pass
VUE-F313B831C8AF4F14F8BF	compiler-sfc	packages/compiler-sfc/__tests__/compileScript.spec.ts:1644:3	144368aa26174ec42728e10f961e505ac6f98b3e	single-declaration	StringLiteral	d270882ae1de19ee59d74848d1a847e17c3bc267f33e7062501e82a12bc9b626	blocked	B2/BV1	BF2 must runner-enumerate profiles and attach imported/equivalent/not-applicable/unsupported evidence.	B2-parse-facet-vue.md#vue-f313b831c8af4f14f8bf:pass
VUE-40226B595A59D385FFB2	compiler-sfc	packages/compiler-sfc/__tests__/compileScript.spec.ts:1662:3	144368aa26174ec42728e10f961e505ac6f98b3e	single-declaration	StringLiteral	aea2ee2406fc0eea6ffa59dc4ee1f0555164e64bdfeb5fd93df39fc1f9470573	blocked	B2/BV1	BF2 must runner-enumerate profiles and attach imported/equivalent/not-applicable/unsupported evidence.	B2-parse-facet-vue.md#vue-40226b595a59d385ffb2:pass
VUE-34D0BEEEE3285D94F281	compiler-sfc	packages/compiler-sfc/__tests__/compileScript.spec.ts:1681:3	144368aa26174ec42728e10f961e505ac6f98b3e	single-declaration	StringLiteral	aea2ee2406fc0eea6ffa59dc4ee1f0555164e64bdfeb5fd93df39fc1f9470573	blocked	B2/BV1	BF2 must runner-enumerate profiles and attach imported/equivalent/not-applicable/unsupported evidence.	B2-parse-facet-vue.md#vue-34d0beeee3285d94f281:pass
VUE-F16BAF7BEC71A4F8A85B	compiler-sfc	packages/compiler-sfc/__tests__/compileScript.spec.ts:1700:3	144368aa26174ec42728e10f961e505ac6f98b3e	single-declaration	StringLiteral	e1d0c21581a300a19db9dc4c924e8f8106b5e2fd473229c9dcb5d3d2a5062281	blocked	B2/BV1	BF2 must runner-enumerate profiles and attach imported/equivalent/not-applicable/unsupported evidence.	B2-parse-facet-vue.md#vue-f16baf7bec71a4f8a85b:pass
VUE-3FB681ADC70C20EE87CF	compiler-sfc	packages/compiler-sfc/__tests__/compileScript.spec.ts:1714:3	144368aa26174ec42728e10f961e505ac6f98b3e	single-declaration	StringLiteral	e5f2862119d3f9fd074639dac5814a1547711f8beb4af3ee0bc699f829eb154f	blocked	B2/BV1	BF2 must runner-enumerate profiles and attach imported/equivalent/not-applicable/unsupported evidence.	B2-parse-facet-vue.md#vue-3fb681adc70c20ee87cf:pass
VUE-2667EE013A9AF3572EED	compiler-sfc	packages/compiler-sfc/__tests__/compileScript.spec.ts:1728:3	144368aa26174ec42728e10f961e505ac6f98b3e	single-declaration	StringLiteral	f5827428c5055d190e58c4d863008b53897503e3003572cd4ad49e03b7881906	blocked	B2/BV1	BF2 must runner-enumerate profiles and attach imported/equivalent/not-applicable/unsupported evidence.	B2-parse-facet-vue.md#vue-2667ee013a9af3572eed:pass
VUE-9331DA60D158E8D68707	compiler-sfc	packages/compiler-sfc/__tests__/compileScript.spec.ts:1747:3	144368aa26174ec42728e10f961e505ac6f98b3e	single-declaration	StringLiteral	8078b4199b7c20d9afb383c268872591db6473d4d963a9c7c7b572a1e0d1e48d	blocked	B2/BV1	BF2 must runner-enumerate profiles and attach imported/equivalent/not-applicable/unsupported evidence.	B2-parse-facet-vue.md#vue-9331da60d158e8d68707:pass
VUE-B39365FD4FB4A44D5499	compiler-sfc	packages/compiler-sfc/__tests__/compileScript.spec.ts:176:5	144368aa26174ec42728e10f961e505ac6f98b3e	single-declaration	StringLiteral	90b73720394001f43bbdcfb49d540bdeced9fb1d828824b88ed6e41122d73d42	blocked	B2/BV1	BF2 must runner-enumerate profiles and attach imported/equivalent/not-applicable/unsupported evidence.	B2-parse-facet-vue.md#vue-b39365fd4fb4a44d5499:pass
VUE-F47435E8BE7C31614AF5	compiler-sfc	packages/compiler-sfc/__tests__/compileScript.spec.ts:1763:5	144368aa26174ec42728e10f961e505ac6f98b3e	single-declaration	StringLiteral	6be4264e3d03b0b957f737a443e5a0c28df72fb95ec91f4da1b74dcdcd2f8550	blocked	B2/BV1	BF2 must runner-enumerate profiles and attach imported/equivalent/not-applicable/unsupported evidence. Parse-facet residual: official error is retained for the co-owner because the carrier parse boundary did not surface it.	B2-parse-facet-vue.md#vue-f47435e8be7c31614af5:unverifiable
VUE-FE28498C1A44DB7AEA0F	compiler-sfc	packages/compiler-sfc/__tests__/compileScript.spec.ts:1779:5	144368aa26174ec42728e10f961e505ac6f98b3e	single-declaration	StringLiteral	a4795365e5b1017161f956860db87b53d7603fc425682125dbf783e23006f6d6	blocked	B2/BV1	BF2 must runner-enumerate profiles and attach imported/equivalent/not-applicable/unsupported evidence.	B2-parse-facet-vue.md#vue-fe28498c1a44db7aea0f:pass
VUE-B43F706ECA503081516B	compiler-sfc	packages/compiler-sfc/__tests__/compileScript.spec.ts:1798:3	144368aa26174ec42728e10f961e505ac6f98b3e	single-declaration	StringLiteral	a83cfb74d36fcd839e7cfbdcca1bfc37e79b04e39cee3c884bb051f2c91a6455	blocked	B2/BV1	BF2 must runner-enumerate profiles and attach imported/equivalent/not-applicable/unsupported evidence.	B2-parse-facet-vue.md#vue-b43f706eca503081516b:pass
VUE-DAE8F4D7257A80144966	compiler-sfc	packages/compiler-sfc/__tests__/compileScript.spec.ts:1819:3	144368aa26174ec42728e10f961e505ac6f98b3e	single-declaration	StringLiteral	742e46c7965b57f021cfd9a49e8fcdf51878b78d8fa2a0261f16f221992935c1	blocked	B2/BV1	BF2 must runner-enumerate profiles and attach imported/equivalent/not-applicable/unsupported evidence.	B2-parse-facet-vue.md#vue-dae8f4d7257a80144966:pass
VUE-B4E025D0E36B776518F2	compiler-sfc	packages/compiler-sfc/__tests__/compileScript.spec.ts:1834:3	144368aa26174ec42728e10f961e505ac6f98b3e	single-declaration	StringLiteral	b915fc213f716eb5ee7fcbf3c4e9ef161ced139f6ec1741f3722b29f9e6e44c6	blocked	B2/BV1	BF2 must runner-enumerate profiles and attach imported/equivalent/not-applicable/unsupported evidence.	B2-parse-facet-vue.md#vue-b4e025d0e36b776518f2:pass
VUE-863E610C652CE1E0BC98	compiler-sfc	packages/compiler-sfc/__tests__/compileScript.spec.ts:191:5	144368aa26174ec42728e10f961e505ac6f98b3e	single-declaration	StringLiteral	6b879b71a09336397a7ccd2c9e6c26d82e261bd33bfc09febd84219455d50b15	blocked	B2/BV1	BF2 must runner-enumerate profiles and attach imported/equivalent/not-applicable/unsupported evidence.	B2-parse-facet-vue.md#vue-863e610c652ce1e0bc98:pass
VUE-5B657411B9A389E02987	compiler-sfc	packages/compiler-sfc/__tests__/compileScript.spec.ts:208:5	144368aa26174ec42728e10f961e505ac6f98b3e	single-declaration	StringLiteral	5d3ecb45de66e39ba13dcb5893beaff5106f1f2d30fa27dea7ee172999e6f5f5	blocked	B2/BV1	BF2 must runner-enumerate profiles and attach imported/equivalent/not-applicable/unsupported evidence.	B2-parse-facet-vue.md#vue-5b657411b9a389e02987:pass
VUE-850EC6A15C21E1090038	compiler-sfc	packages/compiler-sfc/__tests__/compileScript.spec.ts:224:5	144368aa26174ec42728e10f961e505ac6f98b3e	single-declaration	StringLiteral	27bd56860663ccc5bbd99f4246d68f9f1056b3309ddb21c81c9f9a963251c82c	blocked	B2/BV1	BF2 must runner-enumerate profiles and attach imported/equivalent/not-applicable/unsupported evidence.	B2-parse-facet-vue.md#vue-850ec6a15c21e1090038:pass
VUE-EC3B45D4C86A12EB9F9F	compiler-sfc	packages/compiler-sfc/__tests__/compileScript.spec.ts:23:3	144368aa26174ec42728e10f961e505ac6f98b3e	single-declaration	StringLiteral	a681c7efcf46d1bdffb831b1f6d9cf30c4f0bc5698844e5f191e58dba9df5af2	blocked	B2/BV1	BF2 must runner-enumerate profiles and attach imported/equivalent/not-applicable/unsupported evidence.	B2-parse-facet-vue.md#vue-ec3b45d4c86a12eb9f9f:pass
VUE-F115BA1B580E5955679B	compiler-sfc	packages/compiler-sfc/__tests__/compileScript.spec.ts:243:7	144368aa26174ec42728e10f961e505ac6f98b3e	single-declaration	StringLiteral	5e577f1b737524913f91a4acec37b192f9ca8e7d3f57beb7c63d7207bb7e8040	blocked	B2/BV1	BF2 must runner-enumerate profiles and attach imported/equivalent/not-applicable/unsupported evidence.	B2-parse-facet-vue.md#vue-f115ba1b580e5955679b:pass
VUE-9920788906E15EC760A8	compiler-sfc	packages/compiler-sfc/__tests__/compileScript.spec.ts:261:7	144368aa26174ec42728e10f961e505ac6f98b3e	single-declaration	StringLiteral	8834a1cddcfa193fd80fdd774341295d7464bd7084e17a708f41b91e4322a7c7	blocked	B2/BV1	BF2 must runner-enumerate profiles and attach imported/equivalent/not-applicable/unsupported evidence.	B2-parse-facet-vue.md#vue-9920788906e15ec760a8:pass
VUE-338AE9CB7574150BF2A4	compiler-sfc	packages/compiler-sfc/__tests__/compileScript.spec.ts:278:5	144368aa26174ec42728e10f961e505ac6f98b3e	single-declaration	StringLiteral	eae85b32a0ca9e926c7e576c1bf4950cb6e84cd29c77baadb257a48a16867fd8	blocked	B2/BV1	BF2 must runner-enumerate profiles and attach imported/equivalent/not-applicable/unsupported evidence.	B2-parse-facet-vue.md#vue-338ae9cb7574150bf2a4:pass
VUE-ADCD7021407EB2315E53	compiler-sfc	packages/compiler-sfc/__tests__/compileScript.spec.ts:296:5	144368aa26174ec42728e10f961e505ac6f98b3e	single-declaration	StringLiteral	342f2232c297d4e9d541df98dcfa6c1b18fd76f11099cb27e8bce57567fc26cc	blocked	B2/BV1	BF2 must runner-enumerate profiles and attach imported/equivalent/not-applicable/unsupported evidence.	B2-parse-facet-vue.md#vue-adcd7021407eb2315e53:pass
VUE-25EDBB894D3616A31D66	compiler-sfc	packages/compiler-sfc/__tests__/compileScript.spec.ts:305:5	144368aa26174ec42728e10f961e505ac6f98b3e	single-declaration	StringLiteral	5c8f7d5c9638e5d2eee5845d6637103730a41aa5c5beddaba0c5c995927b0da9	blocked	B2/BV1	BF2 must runner-enumerate profiles and attach imported/equivalent/not-applicable/unsupported evidence.	B2-parse-facet-vue.md#vue-25edbb894d3616a31d66:pass
VUE-1783D0968D48AA733107	compiler-sfc	packages/compiler-sfc/__tests__/compileScript.spec.ts:317:5	144368aa26174ec42728e10f961e505ac6f98b3e	single-declaration	StringLiteral	e8ccd08b2e0d2f99695cdfa698a10c89c42aec0ee4ed5fff1a25950fbc6a2f33	blocked	B2/BV1	BF2 must runner-enumerate profiles and attach imported/equivalent/not-applicable/unsupported evidence.	B2-parse-facet-vue.md#vue-1783d0968d48aa733107:pass
VUE-841594DFFC92AABD58C5	compiler-sfc	packages/compiler-sfc/__tests__/compileScript.spec.ts:328:5	144368aa26174ec42728e10f961e505ac6f98b3e	single-declaration	StringLiteral	fa8efc78237cec112fddc7d5269d6c3da4273bbbc77465f6988e96a9ac0339ec	blocked	B2/BV1	BF2 must runner-enumerate profiles and attach imported/equivalent/not-applicable/unsupported evidence.	B2-parse-facet-vue.md#vue-841594dffc92aabd58c5:pass
VUE-C871E9479AC72E179005	compiler-sfc	packages/compiler-sfc/__tests__/compileScript.spec.ts:34:3	144368aa26174ec42728e10f961e505ac6f98b3e	single-declaration	StringLiteral	454fb4b4057fd2c0cba6f795812ba83e882676b494aaefe2bbdb11d7414191b7	blocked	B2/BV1	BF2 must runner-enumerate profiles and attach imported/equivalent/not-applicable/unsupported evidence.	B2-parse-facet-vue.md#vue-c871e9479ac72e179005:pass
VUE-F820FFC0ED6ECFE20C96	compiler-sfc	packages/compiler-sfc/__tests__/compileScript.spec.ts:350:5	144368aa26174ec42728e10f961e505ac6f98b3e	single-declaration	StringLiteral	a336ce141deac097c3b5b3126c4687042509ff927c1e9bb54460e4074f9566f3	blocked	B2/BV1	BF2 must runner-enumerate profiles and attach imported/equivalent/not-applicable/unsupported evidence.	B2-parse-facet-vue.md#vue-f820ffc0ed6ecfe20c96:pass
VUE-3623354A9BB5803437FC	compiler-sfc	packages/compiler-sfc/__tests__/compileScript.spec.ts:387:5	144368aa26174ec42728e10f961e505ac6f98b3e	single-declaration	StringLiteral	6c167b5567abccb00e36db035e00fc20c8212a8f799472c8b7f3c68abcc70101	blocked	B2/BV1	BF2 must runner-enumerate profiles and attach imported/equivalent/not-applicable/unsupported evidence.	B2-parse-facet-vue.md#vue-3623354a9bb5803437fc:pass
VUE-4C3A59405E3EF7353333	compiler-sfc	packages/compiler-sfc/__tests__/compileScript.spec.ts:404:7	144368aa26174ec42728e10f961e505ac6f98b3e	single-declaration	StringLiteral	55202e2206bab47acfee4b774d9e0f8269d6e20dd8ab60d1d00780529eaa8287	blocked	B2/BV1	BF2 must runner-enumerate profiles and attach imported/equivalent/not-applicable/unsupported evidence.	B2-parse-facet-vue.md#vue-4c3a59405e3ef7353333:pass
VUE-3A1D95A4567C90BEF2E5	compiler-sfc	packages/compiler-sfc/__tests__/compileScript.spec.ts:421:7	144368aa26174ec42728e10f961e505ac6f98b3e	single-declaration	StringLiteral	5b5974f023998cf4a6577587e336c4c09960adf60b473c485404f4370d3544eb	blocked	B2/BV1	BF2 must runner-enumerate profiles and attach imported/equivalent/not-applicable/unsupported evidence.	B2-parse-facet-vue.md#vue-3a1d95a4567c90bef2e5:pass
VUE-FAB32AF8B708A9B5F8DB	compiler-sfc	packages/compiler-sfc/__tests__/compileScript.spec.ts:438:7	144368aa26174ec42728e10f961e505ac6f98b3e	single-declaration	StringLiteral	7de59cdac5650cd16b93d11c123a5a5eecb2eb1606fdf1d168d7288077beae7f	blocked	B2/BV1	BF2 must runner-enumerate profiles and attach imported/equivalent/not-applicable/unsupported evidence.	B2-parse-facet-vue.md#vue-fab32af8b708a9b5f8db:pass
VUE-FA3DEE37B98E165E8A55	compiler-sfc	packages/compiler-sfc/__tests__/compileScript.spec.ts:452:5	144368aa26174ec42728e10f961e505ac6f98b3e	single-declaration	StringLiteral	bcd1767a3750472b9d27003bbcceac3ba698c22b6e4f08f7e738b603d36e5152	blocked	B2/BV1	BF2 must runner-enumerate profiles and attach imported/equivalent/not-applicable/unsupported evidence.	B2-parse-facet-vue.md#vue-fa3dee37b98e165e8a55:pass
VUE-A40EC6617AC5944B7B9D	compiler-sfc	packages/compiler-sfc/__tests__/compileScript.spec.ts:469:5	144368aa26174ec42728e10f961e505ac6f98b3e	single-declaration	StringLiteral	ba71f16433f1c681726dc9f98f38c2da6ba9f549f36b5261dfcb6ccd761d5571	blocked	B2/BV1	BF2 must runner-enumerate profiles and attach imported/equivalent/not-applicable/unsupported evidence.	B2-parse-facet-vue.md#vue-a40ec6617ac5944b7b9d:pass
VUE-72289A6ED7BEFC789107	compiler-sfc	packages/compiler-sfc/__tests__/compileScript.spec.ts:491:5	144368aa26174ec42728e10f961e505ac6f98b3e	single-declaration	StringLiteral	b8de86c129ca216b0c078020372ff5f32d5a6ef6ce9198f89982bc4ba1f34c22	blocked	B2/BV1	BF2 must runner-enumerate profiles and attach imported/equivalent/not-applicable/unsupported evidence.	B2-parse-facet-vue.md#vue-72289a6ed7befc789107:pass
VUE-8B240682D1231BC9DF5E	compiler-sfc	packages/compiler-sfc/__tests__/compileScript.spec.ts:506:5	144368aa26174ec42728e10f961e505ac6f98b3e	single-declaration	StringLiteral	b302ac623a13bc46a5ea9a0f6b9b3cad72340f9058aa72f6987ce1cd57f7716c	blocked	B2/BV1	BF2 must runner-enumerate profiles and attach imported/equivalent/not-applicable/unsupported evidence.	B2-parse-facet-vue.md#vue-8b240682d1231bc9df5e:pass
VUE-ADDD236D8C6D2B608899	compiler-sfc	packages/compiler-sfc/__tests__/compileScript.spec.ts:529:5	144368aa26174ec42728e10f961e505ac6f98b3e	single-declaration	StringLiteral	ab697269b07cb18a0ea2d5e133d0272cdcddfd35ab174f6ff8036515be8f1306	blocked	B2/BV1	BF2 must runner-enumerate profiles and attach imported/equivalent/not-applicable/unsupported evidence.	B2-parse-facet-vue.md#vue-addd236d8c6d2b608899:pass
VUE-3F91CDF6BB708E6D4B04	compiler-sfc	packages/compiler-sfc/__tests__/compileScript.spec.ts:574:5	144368aa26174ec42728e10f961e505ac6f98b3e	single-declaration	StringLiteral	207574b7c42b958d53387067f6febc4c4eb0d78c5f75ebbe8c168d045293ff7a	blocked	B2/BV1	BF2 must runner-enumerate profiles and attach imported/equivalent/not-applicable/unsupported evidence.	B2-parse-facet-vue.md#vue-3f91cdf6bb708e6d4b04:pass
VUE-04389F2F432E6E32A8C9	compiler-sfc	packages/compiler-sfc/__tests__/compileScript.spec.ts:601:5	144368aa26174ec42728e10f961e505ac6f98b3e	single-declaration	StringLiteral	363afe66f87b61893b0e94fba269a32ef769fb54436f93855ee16a66253d4e39	blocked	B2/BV1	BF2 must runner-enumerate profiles and attach imported/equivalent/not-applicable/unsupported evidence.	B2-parse-facet-vue.md#vue-04389f2f432e6e32a8c9:pass
VUE-796B528714F8732FF5DA	compiler-sfc	packages/compiler-sfc/__tests__/compileScript.spec.ts:618:5	144368aa26174ec42728e10f961e505ac6f98b3e	single-declaration	StringLiteral	a9a4e2cb517075fea4c9cd4681748f8296c32f7e8fc13ddca9c585a45fd0a74e	blocked	B2/BV1	BF2 must runner-enumerate profiles and attach imported/equivalent/not-applicable/unsupported evidence.	B2-parse-facet-vue.md#vue-796b528714f8732ff5da:pass
VUE-DF85BD50D90CFDB6719B	compiler-sfc	packages/compiler-sfc/__tests__/compileScript.spec.ts:638:5	144368aa26174ec42728e10f961e505ac6f98b3e	single-declaration	StringLiteral	1e03a0ea788c98eb01e5253e8b5c055c10cdcc2738788c071740bb0a36fd8544	blocked	B2/BV1	BF2 must runner-enumerate profiles and attach imported/equivalent/not-applicable/unsupported evidence.	B2-parse-facet-vue.md#vue-df85bd50d90cfdb6719b:pass
VUE-67F842F6D3E35DBEE2A7	compiler-sfc	packages/compiler-sfc/__tests__/compileScript.spec.ts:688:5	144368aa26174ec42728e10f961e505ac6f98b3e	single-declaration	StringLiteral	0530ec387d45d504c752df966ad1c8e885c5043e4981c42d4720040f9bc0676b	blocked	B2/BV1	BF2 must runner-enumerate profiles and attach imported/equivalent/not-applicable/unsupported evidence.	B2-parse-facet-vue.md#vue-67f842f6d3e35dbee2a7:pass
VUE-C947ECB5A414EF9ECCF6	compiler-sfc	packages/compiler-sfc/__tests__/compileScript.spec.ts:719:5	144368aa26174ec42728e10f961e505ac6f98b3e	single-declaration	StringLiteral	5a3ea7a655b9d471121add7964550a2a7a9c8650fb0ecbbf17a27d1f44a09c1a	blocked	B2/BV1	BF2 must runner-enumerate profiles and attach imported/equivalent/not-applicable/unsupported evidence.	B2-parse-facet-vue.md#vue-c947ecb5a414ef9eccf6:pass
VUE-2F1FE1E666143B6F6E89	compiler-sfc	packages/compiler-sfc/__tests__/compileScript.spec.ts:72:3	144368aa26174ec42728e10f961e505ac6f98b3e	single-declaration	StringLiteral	818cf0d867bba8e56076a32b8ddb3f7f88ec10fbb6de6f60fe780f026c83329e	blocked	B2/BV1	BF2 must runner-enumerate profiles and attach imported/equivalent/not-applicable/unsupported evidence.	B2-parse-facet-vue.md#vue-2f1fe1e666143b6f6e89:pass
VUE-2EFBC1D44EE7EBCAD4F6	compiler-sfc	packages/compiler-sfc/__tests__/compileScript.spec.ts:745:5	144368aa26174ec42728e10f961e505ac6f98b3e	single-declaration	StringLiteral	04b3a074505c77f4653d856602868e29b307aa5ad1736ce3f2fe264880171a12	blocked	B2/BV1	BF2 must runner-enumerate profiles and attach imported/equivalent/not-applicable/unsupported evidence.	B2-parse-facet-vue.md#vue-2efbc1d44ee7ebcad4f6:pass
VUE-065AC848AC796D17B1CE	compiler-sfc	packages/compiler-sfc/__tests__/compileScript.spec.ts:783:5	144368aa26174ec42728e10f961e505ac6f98b3e	single-declaration	StringLiteral	537d7ca7147a23a7860fd8e8ec7b400be6475d41dfe35a09a816e25035c5787f	blocked	B2/BV1	BF2 must runner-enumerate profiles and attach imported/equivalent/not-applicable/unsupported evidence.	B2-parse-facet-vue.md#vue-065ac848ac796d17b1ce:pass
VUE-B0CAA8C6178275F7552C	compiler-sfc	packages/compiler-sfc/__tests__/compileScript.spec.ts:802:5	144368aa26174ec42728e10f961e505ac6f98b3e	single-declaration	StringLiteral	625f414738f5af69cafc62187241c57feaed040d96ad79a7753a1480da9c37eb	blocked	B2/BV1	BF2 must runner-enumerate profiles and attach imported/equivalent/not-applicable/unsupported evidence.	B2-parse-facet-vue.md#vue-b0caa8c6178275f7552c:pass
VUE-E05A225911BC09004353	compiler-sfc	packages/compiler-sfc/__tests__/compileScript.spec.ts:821:5	144368aa26174ec42728e10f961e505ac6f98b3e	single-declaration	StringLiteral	ddc507fbd919c5416e2d9fc211550da3c5426206fcff93592f4289691ce436cd	blocked	B2/BV1	BF2 must runner-enumerate profiles and attach imported/equivalent/not-applicable/unsupported evidence.	B2-parse-facet-vue.md#vue-e05a225911bc09004353:pass
VUE-DCABE4A7C2CE3681E180	compiler-sfc	packages/compiler-sfc/__tests__/compileScript.spec.ts:848:7	144368aa26174ec42728e10f961e505ac6f98b3e	single-declaration	StringLiteral	19c95646f72ad1dfdec88bc4698382725dc21dbc200ba2aca7673a5e4594c38c	blocked	B2/BV1	BF2 must runner-enumerate profiles and attach imported/equivalent/not-applicable/unsupported evidence.	B2-parse-facet-vue.md#vue-dcabe4a7c2ce3681e180:pass
VUE-7A75DEA40EFB23141E87	compiler-sfc	packages/compiler-sfc/__tests__/compileScript.spec.ts:857:7	144368aa26174ec42728e10f961e505ac6f98b3e	single-declaration	StringLiteral	df397057f9d248dd7da78ba21129cc6fde104a18ca4ca72799b60b616893d827	blocked	B2/BV1	BF2 must runner-enumerate profiles and attach imported/equivalent/not-applicable/unsupported evidence.	B2-parse-facet-vue.md#vue-7a75dea40efb23141e87:pass
VUE-E4B42551CCE3C5080914	compiler-sfc	packages/compiler-sfc/__tests__/compileScript.spec.ts:863:7	144368aa26174ec42728e10f961e505ac6f98b3e	single-declaration	StringLiteral	dc13014a29ea6a73b28c48e0a856129979f50602cd5ec59e5fc47625e4f407f7	blocked	B2/BV1	BF2 must runner-enumerate profiles and attach imported/equivalent/not-applicable/unsupported evidence.	B2-parse-facet-vue.md#vue-e4b42551cce3c5080914:pass
VUE-4E9A09F4A3AFEC7A60C8	compiler-sfc	packages/compiler-sfc/__tests__/compileScript.spec.ts:870:7	144368aa26174ec42728e10f961e505ac6f98b3e	single-declaration	StringLiteral	e95991b935ee6791ae087e0684792ac575fc79e2f97d11e0c501af2ad57a290d	blocked	B2/BV1	BF2 must runner-enumerate profiles and attach imported/equivalent/not-applicable/unsupported evidence.	B2-parse-facet-vue.md#vue-4e9a09f4a3afec7a60c8:pass
VUE-EC3E401B463BEEBA4660	compiler-sfc	packages/compiler-sfc/__tests__/compileScript.spec.ts:877:7	144368aa26174ec42728e10f961e505ac6f98b3e	single-declaration	StringLiteral	1dc035ac10a9fb1f8efff475efbee95f94213874ab2b94bbf59fc5df8588156b	blocked	B2/BV1	BF2 must runner-enumerate profiles and attach imported/equivalent/not-applicable/unsupported evidence.	B2-parse-facet-vue.md#vue-ec3e401b463beeba4660:pass
VUE-8ABF3C99FDD84B8B144E	compiler-sfc	packages/compiler-sfc/__tests__/compileScript.spec.ts:89:3	144368aa26174ec42728e10f961e505ac6f98b3e	single-declaration	StringLiteral	896a8487e776548a0260aeac4f5e3d33311b4c814d62ea0b46d5ca9a810639eb	blocked	B2/BV1	BF2 must runner-enumerate profiles and attach imported/equivalent/not-applicable/unsupported evidence.	B2-parse-facet-vue.md#vue-8abf3c99fdd84b8b144e:pass
VUE-EDE7B44A085E0AA3C5BD	compiler-sfc	packages/compiler-sfc/__tests__/compileScript.spec.ts:895:7	144368aa26174ec42728e10f961e505ac6f98b3e	single-declaration	StringLiteral	d390e914c5c8ab4de2f4caacd6da369607939b1eee5bd3f23c4a73b2e3ebd56c	blocked	B2/BV1	BF2 must runner-enumerate profiles and attach imported/equivalent/not-applicable/unsupported evidence.	B2-parse-facet-vue.md#vue-ede7b44a085e0aa3c5bd:pass
VUE-0C378FE143486F1DC12C	compiler-sfc	packages/compiler-sfc/__tests__/compileScript.spec.ts:906:7	144368aa26174ec42728e10f961e505ac6f98b3e	single-declaration	StringLiteral	c2be8c9a18bc14f4d4c8f9f31667ca0755efc592553ecfae1c8f056f1f9566f2	blocked	B2/BV1	BF2 must runner-enumerate profiles and attach imported/equivalent/not-applicable/unsupported evidence.	B2-parse-facet-vue.md#vue-0c378fe143486f1dc12c:pass
VUE-CD4B477A735DC8404FFB	compiler-sfc	packages/compiler-sfc/__tests__/compileScript.spec.ts:917:9	144368aa26174ec42728e10f961e505ac6f98b3e	single-declaration	StringLiteral	3559781b7210685ae61c78f9046fe40df91f7779650b559575965e35e36b507c	blocked	B2/BV1	BF2 must runner-enumerate profiles and attach imported/equivalent/not-applicable/unsupported evidence.	B2-parse-facet-vue.md#vue-cd4b477a735dc8404ffb:pass
VUE-56776D16909AA2CAA5B6	compiler-sfc	packages/compiler-sfc/__tests__/compileScript.spec.ts:927:9	144368aa26174ec42728e10f961e505ac6f98b3e	single-declaration	StringLiteral	64eeef9dacd2ad80ab3bdf1606f5c13798b1b0fac1329a111ade03ddfe995f55	blocked	B2/BV1	BF2 must runner-enumerate profiles and attach imported/equivalent/not-applicable/unsupported evidence.	B2-parse-facet-vue.md#vue-56776d16909aa2caa5b6:pass
VUE-3349AABFE99E20D09039	compiler-sfc	packages/compiler-sfc/__tests__/compileScript.spec.ts:937:9	144368aa26174ec42728e10f961e505ac6f98b3e	single-declaration	StringLiteral	0fd533f2ca5cfd3ff915d7429f1fb5c74182cc9fcf0fa9af7895207f36c5d730	blocked	B2/BV1	BF2 must runner-enumerate profiles and attach imported/equivalent/not-applicable/unsupported evidence.	B2-parse-facet-vue.md#vue-3349aabfe99e20d09039:pass
VUE-701CA47948A880C7B336	compiler-sfc	packages/compiler-sfc/__tests__/compileScript.spec.ts:947:9	144368aa26174ec42728e10f961e505ac6f98b3e	single-declaration	StringLiteral	c108de05b585d199eb072bd38794c98f45aa6db28df9343500b6502530887ff9	blocked	B2/BV1	BF2 must runner-enumerate profiles and attach imported/equivalent/not-applicable/unsupported evidence.	B2-parse-facet-vue.md#vue-701ca47948a880c7b336:pass
VUE-4922D6C681DDE007E87A	compiler-sfc	packages/compiler-sfc/__tests__/compileScript.spec.ts:957:9	144368aa26174ec42728e10f961e505ac6f98b3e	single-declaration	StringLiteral	e6c56fc4c93559760448d4a5e6766f48d7f3df7b760fa081fb44e5b64a7e1ebb	blocked	B2/BV1	BF2 must runner-enumerate profiles and attach imported/equivalent/not-applicable/unsupported evidence.	B2-parse-facet-vue.md#vue-4922d6c681dde007e87a:pass
VUE-CDA13852E71DE3FA65E3	compiler-sfc	packages/compiler-sfc/__tests__/compileScript.spec.ts:970:9	144368aa26174ec42728e10f961e505ac6f98b3e	single-declaration	StringLiteral	ea5bc9c6eede4c89512d840910f634ba814b9b06bfd2299dde1bc3ae13d2163f	blocked	B2/BV1	BF2 must runner-enumerate profiles and attach imported/equivalent/not-applicable/unsupported evidence.	B2-parse-facet-vue.md#vue-cda13852e71de3fa65e3:pass
VUE-46F8EB627D1BC5215AD9	compiler-sfc	packages/compiler-sfc/__tests__/compileScript.spec.ts:988:5	144368aa26174ec42728e10f961e505ac6f98b3e	single-declaration	StringLiteral	acf3fe86dfb7fd2399e5066302df1da0c443cd33460aceb2c843829e043a8b86	blocked	B2/BV1	BF2 must runner-enumerate profiles and attach imported/equivalent/not-applicable/unsupported evidence.	B2-parse-facet-vue.md#vue-46f8eb627d1bc5215ad9:pass
VUE-762A711942B0CE460CDD	compiler-sfc	packages/compiler-sfc/__tests__/compileScript.spec.ts:997:5	144368aa26174ec42728e10f961e505ac6f98b3e	single-declaration	StringLiteral	2c58025bfde0b3a06c12406d8e6b3e2ce9c2d87c24c62627a69a45f056caa73b	blocked	B2/BV1	BF2 must runner-enumerate profiles and attach imported/equivalent/not-applicable/unsupported evidence.	B2-parse-facet-vue.md#vue-762a711942b0ce460cdd:pass
VUE-5165BBE141F96E6B2DF5	compiler-sfc	packages/compiler-sfc/__tests__/compileScript/defineEmits.spec.ts:106:3	99cb78a594ad8f74b0e344dda21c884f8e8ed777	single-declaration	StringLiteral	606cc89b9156049c25da90959ab4b39f2c86eaa7b275ebd820a53515202867af	blocked	B2/BV1	BF2 must runner-enumerate profiles and attach imported/equivalent/not-applicable/unsupported evidence.	B2-parse-facet-vue.md#vue-5165bbe141f96e6b2df5:pass
VUE-5A6B3BEDF02704215C01	compiler-sfc	packages/compiler-sfc/__tests__/compileScript/defineEmits.spec.ts:119:3	99cb78a594ad8f74b0e344dda21c884f8e8ed777	single-declaration	StringLiteral	defcff7db87848fcd3a2f6f3d04bfa7a1569df0360f9176d27812e0896dda43d	blocked	B2/BV1	BF2 must runner-enumerate profiles and attach imported/equivalent/not-applicable/unsupported evidence.	B2-parse-facet-vue.md#vue-5a6b3bedf02704215c01:pass
VUE-4CCB635972B7F990CFCC	compiler-sfc	packages/compiler-sfc/__tests__/compileScript/defineEmits.spec.ts:130:3	99cb78a594ad8f74b0e344dda21c884f8e8ed777	single-declaration	StringLiteral	3dbf1822ce1af9eb0b62bc1b39b5e8cd4a54d9713ee1abee34e27cf4c8e2b315	blocked	B2/BV1	BF2 must runner-enumerate profiles and attach imported/equivalent/not-applicable/unsupported evidence.	B2-parse-facet-vue.md#vue-4ccb635972b7f990cfcc:pass
VUE-B42E0583C45A58D832CD	compiler-sfc	packages/compiler-sfc/__tests__/compileScript/defineEmits.spec.ts:141:3	99cb78a594ad8f74b0e344dda21c884f8e8ed777	single-declaration	StringLiteral	02182161f05bb889e70f010cbdd3c263710ea5d473f13848ba1cd8388abd3b1e	blocked	B2/BV1	BF2 must runner-enumerate profiles and attach imported/equivalent/not-applicable/unsupported evidence.	B2-parse-facet-vue.md#vue-b42e0583c45a58d832cd:pass
VUE-4DA27B818199F7A19119	compiler-sfc	packages/compiler-sfc/__tests__/compileScript/defineEmits.spec.ts:152:3	99cb78a594ad8f74b0e344dda21c884f8e8ed777	single-declaration	StringLiteral	e6625cf56bf6b4c73d8f358c1e250f167de9928d1fd7679ea3d9c2f806e7dff9	blocked	B2/BV1	BF2 must runner-enumerate profiles and attach imported/equivalent/not-applicable/unsupported evidence.	B2-parse-facet-vue.md#vue-4da27b818199f7a19119:pass
VUE-118A3D7D7A3DC26FFF08	compiler-sfc	packages/compiler-sfc/__tests__/compileScript/defineEmits.spec.ts:164:3	99cb78a594ad8f74b0e344dda21c884f8e8ed777	single-declaration	StringLiteral	084895fbc0c4b03e567444f6dbe42cd9ee4b8b6cbb490047db4b29ce9450c12a	blocked	B2/BV1	BF2 must runner-enumerate profiles and attach imported/equivalent/not-applicable/unsupported evidence.	B2-parse-facet-vue.md#vue-118a3d7d7a3dc26fff08:pass
VUE-077761E7A6EE1EC625D5	compiler-sfc	packages/compiler-sfc/__tests__/compileScript/defineEmits.spec.ts:175:3	99cb78a594ad8f74b0e344dda21c884f8e8ed777	single-declaration	StringLiteral	5bac673c60d652fa4d8ffb84a3aec7e4ca161868ae1a5dca5c221887cb912cbd	blocked	B2/BV1	BF2 must runner-enumerate profiles and attach imported/equivalent/not-applicable/unsupported evidence.	B2-parse-facet-vue.md#vue-077761e7a6ee1ec625d5:pass
VUE-F21643DE4C407CB4B08B	compiler-sfc	packages/compiler-sfc/__tests__/compileScript/defineEmits.spec.ts:186:3	99cb78a594ad8f74b0e344dda21c884f8e8ed777	single-declaration	StringLiteral	347278e92daf95c6a72acada583c0ef387fea111114a1844225379bba0319591	blocked	B2/BV1	BF2 must runner-enumerate profiles and attach imported/equivalent/not-applicable/unsupported evidence.	B2-parse-facet-vue.md#vue-f21643de4c407cb4b08b:pass
VUE-D8FAB11CD68EBE0D9D36	compiler-sfc	packages/compiler-sfc/__tests__/compileScript/defineEmits.spec.ts:197:3	99cb78a594ad8f74b0e344dda21c884f8e8ed777	single-declaration	StringLiteral	726fe1b0448c15f9fa8d22cd5002dce7bc616abb3c0454f6d1b9eacb538ee1c7	blocked	B2/BV1	BF2 must runner-enumerate profiles and attach imported/equivalent/not-applicable/unsupported evidence.	B2-parse-facet-vue.md#vue-d8fab11cd68ebe0d9d36:pass
VUE-A16EBAC1AD346AF4FDDA	compiler-sfc	packages/compiler-sfc/__tests__/compileScript/defineEmits.spec.ts:214:5	99cb78a594ad8f74b0e344dda21c884f8e8ed777	single-declaration	StringLiteral	18fa0f92d6af87db039c61105fe490e455e547a6dedac07ae37c2c8b673afa2f	blocked	B2/BV1	BF2 must runner-enumerate profiles and attach imported/equivalent/not-applicable/unsupported evidence. Parse-facet residual: official error is retained for the co-owner because the carrier parse boundary did not surface it.	B2-parse-facet-vue.md#vue-a16ebac1ad346af4fdda:unverifiable
VUE-FC45C3FCBD27C7FF4212	compiler-sfc	packages/compiler-sfc/__tests__/compileScript/defineEmits.spec.ts:222:5	99cb78a594ad8f74b0e344dda21c884f8e8ed777	single-declaration	StringLiteral	5b272f20576e00b500b901676f273f5b460cd87e6ad72a9d93500361e56109be	blocked	B2/BV1	BF2 must runner-enumerate profiles and attach imported/equivalent/not-applicable/unsupported evidence. Parse-facet residual: official error is retained for the co-owner because the carrier parse boundary did not surface it.	B2-parse-facet-vue.md#vue-fc45c3fcbd27c7ff4212:unverifiable
VUE-AA52347AD79DB6DD028D	compiler-sfc	packages/compiler-sfc/__tests__/compileScript/defineEmits.spec.ts:27:3	99cb78a594ad8f74b0e344dda21c884f8e8ed777	single-declaration	StringLiteral	e6d4792662d588b61d4fe7aaa3405338ea717123554b1a5c56bf5b6781a8773c	blocked	B2/BV1	BF2 must runner-enumerate profiles and attach imported/equivalent/not-applicable/unsupported evidence.	B2-parse-facet-vue.md#vue-aa52347ad79db6dd028d:pass
VUE-F5E709DA8BD55361C9E6	compiler-sfc	packages/compiler-sfc/__tests__/compileScript/defineEmits.spec.ts:40:3	99cb78a594ad8f74b0e344dda21c884f8e8ed777	single-declaration	StringLiteral	9bc90ee03add5de432a21f595f52ba067933601b2b7c7d30bef12d8170793499	blocked	B2/BV1	BF2 must runner-enumerate profiles and attach imported/equivalent/not-applicable/unsupported evidence.	B2-parse-facet-vue.md#vue-f5e709da8bd55361c9e6:pass
VUE-E8D20C4165FEDBCDDA2B	compiler-sfc	packages/compiler-sfc/__tests__/compileScript/defineEmits.spec.ts:5:3	99cb78a594ad8f74b0e344dda21c884f8e8ed777	single-declaration	StringLiteral	92090856e77873124d22d4ce5e7b41e56b8eef37518def6dbbe706586ad777ae	blocked	B2/BV1	BF2 must runner-enumerate profiles and attach imported/equivalent/not-applicable/unsupported evidence.	B2-parse-facet-vue.md#vue-e8d20c4165fedbcdda2b:pass
VUE-D10046176BC5E3772D2C	compiler-sfc	packages/compiler-sfc/__tests__/compileScript/defineEmits.spec.ts:50:3	99cb78a594ad8f74b0e344dda21c884f8e8ed777	single-declaration	StringLiteral	d14d6f4abd67c32496b70111a0067cfbc297734348e45980b7d5f820c6135d2c	blocked	B2/BV1	BF2 must runner-enumerate profiles and attach imported/equivalent/not-applicable/unsupported evidence.	B2-parse-facet-vue.md#vue-d10046176bc5e3772d2c:pass
VUE-46C9BEC4E0DD59CD5C03	compiler-sfc	packages/compiler-sfc/__tests__/compileScript/defineEmits.spec.ts:61:3	99cb78a594ad8f74b0e344dda21c884f8e8ed777	single-declaration	StringLiteral	47ccfd0c728ec536ee4b134d2198c25232500f0d776e666cf936ed068d324c5e	blocked	B2/BV1	BF2 must runner-enumerate profiles and attach imported/equivalent/not-applicable/unsupported evidence.	B2-parse-facet-vue.md#vue-46c9bec4e0dd59cd5c03:pass
VUE-95BB6BE7EACB3277DA96	compiler-sfc	packages/compiler-sfc/__tests__/compileScript/defineEmits.spec.ts:72:3	99cb78a594ad8f74b0e344dda21c884f8e8ed777	single-declaration	StringLiteral	edca250de6594550b6b6c18546e70d7135bc5be2542a027bc3dd2812e957bd61	blocked	B2/BV1	BF2 must runner-enumerate profiles and attach imported/equivalent/not-applicable/unsupported evidence.	B2-parse-facet-vue.md#vue-95bb6be7eacb3277da96:pass
VUE-4313872CB9D53A30E9BA	compiler-sfc	packages/compiler-sfc/__tests__/compileScript/defineEmits.spec.ts:83:3	99cb78a594ad8f74b0e344dda21c884f8e8ed777	single-declaration	StringLiteral	852917e3afc637bd7770d5dc9ec1b5c56d9c0a06f52c8757c098ff1ba04318e6	blocked	B2/BV1	BF2 must runner-enumerate profiles and attach imported/equivalent/not-applicable/unsupported evidence.	B2-parse-facet-vue.md#vue-4313872cb9d53a30e9ba:pass
VUE-4AE04EFF3D29382E80D2	compiler-sfc	packages/compiler-sfc/__tests__/compileScript/defineEmits.spec.ts:95:3	99cb78a594ad8f74b0e344dda21c884f8e8ed777	single-declaration	StringLiteral	68d04db962ecae39dddc1e8e28fbedcf4f5884b26c05245583082689a36d65bd	blocked	B2/BV1	BF2 must runner-enumerate profiles and attach imported/equivalent/not-applicable/unsupported evidence.	B2-parse-facet-vue.md#vue-4ae04eff3d29382e80d2:pass
VUE-82B85AF9E3D899642707	compiler-sfc	packages/compiler-sfc/__tests__/compileScript/defineExpose.spec.ts:18:1	7b2a9f7cbe4c845963f86524bbebc65698b606ca	single-declaration	StringLiteral	e0bf3d46c75ac132ff2433d9139f2cef7d6daec4526a969db6c138c20800cadb	blocked	B2/BV1	BF2 must runner-enumerate profiles and attach imported/equivalent/not-applicable/unsupported evidence.	B2-parse-facet-vue.md#vue-82b85af9e3d899642707:pass
VUE-48275060F27F5E902CF7	compiler-sfc	packages/compiler-sfc/__tests__/compileScript/defineExpose.spec.ts:3:1	7b2a9f7cbe4c845963f86524bbebc65698b606ca	single-declaration	StringLiteral	7e560633c72b088194ef03ee863abed00e97cac25d05d1c501c4d48b415a54de	blocked	B2/BV1	BF2 must runner-enumerate profiles and attach imported/equivalent/not-applicable/unsupported evidence.	B2-parse-facet-vue.md#vue-48275060f27f5e902cf7:pass
VUE-FB6ED74BF081B24063AD	compiler-sfc	packages/compiler-sfc/__tests__/compileScript/defineModel.spec.ts:121:3	4cf2f01132632456f2a1421a48d4bda0374c4146	single-declaration	StringLiteral	acf0a04ea7dcda7e7fe0d934049374dff90b9e9fcc5c414b273445a039befa44	blocked	B2/BV1	BF2 must runner-enumerate profiles and attach imported/equivalent/not-applicable/unsupported evidence.	B2-parse-facet-vue.md#vue-fb6ed74bf081b24063ad:pass
VUE-825E574F45307A2C80A2	compiler-sfc	packages/compiler-sfc/__tests__/compileScript/defineModel.spec.ts:163:3	4cf2f01132632456f2a1421a48d4bda0374c4146	single-declaration	StringLiteral	a999e99ce301242fcabbdcb97967244cba49f43c8f6ae9104b3025f3d038c38e	blocked	B2/BV1	BF2 must runner-enumerate profiles and attach imported/equivalent/not-applicable/unsupported evidence.	B2-parse-facet-vue.md#vue-825e574f45307a2c80a2:pass
VUE-2463317CA568D894137D	compiler-sfc	packages/compiler-sfc/__tests__/compileScript/defineModel.spec.ts:201:3	4cf2f01132632456f2a1421a48d4bda0374c4146	single-declaration	StringLiteral	f6cd15fc84ed0c1bc2784026aac5f81e12328a1282f70dabf1b3e85fef50c557	blocked	B2/BV1	BF2 must runner-enumerate profiles and attach imported/equivalent/not-applicable/unsupported evidence.	B2-parse-facet-vue.md#vue-2463317ca568d894137d:pass
VUE-2D01EA94E7ADDD9F77B6	compiler-sfc	packages/compiler-sfc/__tests__/compileScript/defineModel.spec.ts:214:3	4cf2f01132632456f2a1421a48d4bda0374c4146	single-declaration	StringLiteral	2e3e155b46e3b0002971af194b9ac4d3d2c5ad39f34ae1dd6ba8c959ffdad2db	blocked	B2/BV1	BF2 must runner-enumerate profiles and attach imported/equivalent/not-applicable/unsupported evidence.	B2-parse-facet-vue.md#vue-2d01ea94e7addd9f77b6:pass
VUE-535269A8AC01CE09CFF8	compiler-sfc	packages/compiler-sfc/__tests__/compileScript/defineModel.spec.ts:229:3	4cf2f01132632456f2a1421a48d4bda0374c4146	single-declaration	StringLiteral	a7af78eef057d0ee15f69b9f778c6927c7d74405f6df674b8c97fcd849286f12	blocked	B2/BV1	BF2 must runner-enumerate profiles and attach imported/equivalent/not-applicable/unsupported evidence.	B2-parse-facet-vue.md#vue-535269a8ac01ce09cff8:pass
VUE-279890807A6360CC1FF3	compiler-sfc	packages/compiler-sfc/__tests__/compileScript/defineModel.spec.ts:274:3	4cf2f01132632456f2a1421a48d4bda0374c4146	single-declaration	StringLiteral	9e497126586f4b041996af1903f9f7d45f7270b651ab863d9ee3ae27b0711e65	blocked	B2/BV1	BF2 must runner-enumerate profiles and attach imported/equivalent/not-applicable/unsupported evidence.	B2-parse-facet-vue.md#vue-279890807a6360cc1ff3:pass
VUE-C15FF410D66970F5DE34	compiler-sfc	packages/compiler-sfc/__tests__/compileScript/defineModel.spec.ts:290:3	4cf2f01132632456f2a1421a48d4bda0374c4146	single-declaration	StringLiteral	f5a37bff124d4d3fe62e85b4aa62c54e2cc88d86c1626decd89ff9844cd547a8	blocked	B2/BV1	BF2 must runner-enumerate profiles and attach imported/equivalent/not-applicable/unsupported evidence.	B2-parse-facet-vue.md#vue-c15ff410d66970f5de34:pass
VUE-48750E8086471F075B29	compiler-sfc	packages/compiler-sfc/__tests__/compileScript/defineModel.spec.ts:39:3	4cf2f01132632456f2a1421a48d4bda0374c4146	single-declaration	StringLiteral	ec1435e08f3cd0270a0af38d7c3ccf1c05d7398f4db9cbe12846160dc990b1cc	blocked	B2/BV1	BF2 must runner-enumerate profiles and attach imported/equivalent/not-applicable/unsupported evidence.	B2-parse-facet-vue.md#vue-48750e8086471f075b29:pass
VUE-CF88721942F0CF404C01	compiler-sfc	packages/compiler-sfc/__tests__/compileScript/defineModel.spec.ts:5:3	4cf2f01132632456f2a1421a48d4bda0374c4146	single-declaration	StringLiteral	92090856e77873124d22d4ce5e7b41e56b8eef37518def6dbbe706586ad777ae	blocked	B2/BV1	BF2 must runner-enumerate profiles and attach imported/equivalent/not-applicable/unsupported evidence.	B2-parse-facet-vue.md#vue-cf88721942f0cf404c01:pass
VUE-856E9A56A74EE4B6964B	compiler-sfc	packages/compiler-sfc/__tests__/compileScript/defineModel.spec.ts:62:3	4cf2f01132632456f2a1421a48d4bda0374c4146	single-declaration	StringLiteral	26efe68ad002c4dccb8d71b043e51eed8f00ff19bc9f8ce9e3a83a83a406f89a	blocked	B2/BV1	BF2 must runner-enumerate profiles and attach imported/equivalent/not-applicable/unsupported evidence.	B2-parse-facet-vue.md#vue-856e9a56a74ee4b6964b:pass
VUE-A05C0F19A22C53A5842C	compiler-sfc	packages/compiler-sfc/__tests__/compileScript/defineModel.spec.ts:76:3	4cf2f01132632456f2a1421a48d4bda0374c4146	single-declaration	StringLiteral	0f99d5ceaafca4d7ded36b9f0d34a518b2d555f26c3bc53b96f8a095f08ffebc	blocked	B2/BV1	BF2 must runner-enumerate profiles and attach imported/equivalent/not-applicable/unsupported evidence.	B2-parse-facet-vue.md#vue-a05c0f19a22c53a5842c:pass
VUE-2D376075BD555D323832	compiler-sfc	packages/compiler-sfc/__tests__/compileScript/defineModel.spec.ts:98:3	4cf2f01132632456f2a1421a48d4bda0374c4146	single-declaration	StringLiteral	d581a8af96f6bbf79f60a88e982445cda4c14b872d1c6468a6bee6faa75aaf4d	blocked	B2/BV1	BF2 must runner-enumerate profiles and attach imported/equivalent/not-applicable/unsupported evidence.	B2-parse-facet-vue.md#vue-2d376075bd555d323832:pass
VUE-13D78908327560A6AD1A	compiler-sfc	packages/compiler-sfc/__tests__/compileScript/defineOptions.spec.ts:108:3	286f1e11bfda401378603cb6ce25e3b60e908039	single-declaration	StringLiteral	c10cbe954855cf395cb4a1fc12276af67db605efa0c1037c5ad2fd148bf9038c	blocked	B2/BV1	BF2 must runner-enumerate profiles and attach imported/equivalent/not-applicable/unsupported evidence. Parse-facet residual: official error is retained for the co-owner because the carrier parse boundary did not surface it.	B2-parse-facet-vue.md#vue-13d78908327560a6ad1a:unverifiable
VUE-77550112F980589CA778	compiler-sfc	packages/compiler-sfc/__tests__/compileScript/defineOptions.spec.ts:19:3	286f1e11bfda401378603cb6ce25e3b60e908039	single-declaration	StringLiteral	0bcef2328301830e3a29ca94f919b10605e2fa15888d87a909d673adb2340ca8	blocked	B2/BV1	BF2 must runner-enumerate profiles and attach imported/equivalent/not-applicable/unsupported evidence.	B2-parse-facet-vue.md#vue-77550112f980589ca778:pass
VUE-8FB353F03DF7BA92B545	compiler-sfc	packages/compiler-sfc/__tests__/compileScript/defineOptions.spec.ts:31:3	286f1e11bfda401378603cb6ce25e3b60e908039	single-declaration	StringLiteral	8b041654dbb85439416544f14aae31eb92e19380bdb1ee3dbf3da49da7fa377b	blocked	B2/BV1	BF2 must runner-enumerate profiles and attach imported/equivalent/not-applicable/unsupported evidence. Parse-facet residual: official error is retained for the co-owner because the carrier parse boundary did not surface it.	B2-parse-facet-vue.md#vue-8fb353f03df7ba92b545:unverifiable
VUE-ED28DCB952007A959850	compiler-sfc	packages/compiler-sfc/__tests__/compileScript/defineOptions.spec.ts:4:3	286f1e11bfda401378603cb6ce25e3b60e908039	single-declaration	StringLiteral	92090856e77873124d22d4ce5e7b41e56b8eef37518def6dbbe706586ad777ae	blocked	B2/BV1	BF2 must runner-enumerate profiles and attach imported/equivalent/not-applicable/unsupported evidence.	B2-parse-facet-vue.md#vue-ed28dcb952007a959850:pass
VUE-2DC4F429ADCF2533253D	compiler-sfc	packages/compiler-sfc/__tests__/compileScript/defineOptions.spec.ts:42:3	286f1e11bfda401378603cb6ce25e3b60e908039	single-declaration	StringLiteral	e5424ee27b65745c5e21768fc7d18ab29d15953463e6cd8a803566e35a4aca8a	blocked	B2/BV1	BF2 must runner-enumerate profiles and attach imported/equivalent/not-applicable/unsupported evidence. Parse-facet residual: official error is retained for the co-owner because the carrier parse boundary did not surface it.	B2-parse-facet-vue.md#vue-2dc4f429adcf2533253d:unverifiable
VUE-C4967C8E1AF5E33DF2AA	compiler-sfc	packages/compiler-sfc/__tests__/compileScript/defineOptions.spec.ts:84:3	286f1e11bfda401378603cb6ce25e3b60e908039	single-declaration	StringLiteral	57150279c18a1ed3828b20ce95d7190a5a0000e49814bac7d1a5545498a000cc	blocked	B2/BV1	BF2 must runner-enumerate profiles and attach imported/equivalent/not-applicable/unsupported evidence. Parse-facet residual: official error is retained for the co-owner because the carrier parse boundary did not surface it.	B2-parse-facet-vue.md#vue-c4967c8e1af5e33df2aa:unverifiable
VUE-55B3D8CB7A9090180CB4	compiler-sfc	packages/compiler-sfc/__tests__/compileScript/defineOptions.spec.ts:96:3	286f1e11bfda401378603cb6ce25e3b60e908039	single-declaration	StringLiteral	9c0bd25b9cfa43a24cf7cceb270387c01c4a2351526a206415bcc4f9358efa97	blocked	B2/BV1	BF2 must runner-enumerate profiles and attach imported/equivalent/not-applicable/unsupported evidence. Parse-facet residual: official error is retained for the co-owner because the carrier parse boundary did not surface it.	B2-parse-facet-vue.md#vue-55b3d8cb7a9090180cb4:unverifiable
VUE-2EBF2D3FEB4E97BB0805	compiler-sfc	packages/compiler-sfc/__tests__/compileScript/defineProps.spec.ts:240:3	8c984c16b09d0b7bc131e3c5e9016563dd4ae0b9	single-declaration	StringLiteral	7acd0b6c9e3f9998f0d8f86aa7a108570197c84efbf63aec9b388cd2052c402a	blocked	B2/BV1	BF2 must runner-enumerate profiles and attach imported/equivalent/not-applicable/unsupported evidence.	B2-parse-facet-vue.md#vue-2ebf2d3feb4e97bb0805:pass
VUE-DF9BBA223F97F7D3211D	compiler-sfc	packages/compiler-sfc/__tests__/compileScript/defineProps.spec.ts:254:3	8c984c16b09d0b7bc131e3c5e9016563dd4ae0b9	single-declaration	StringLiteral	45e624e04c4acebbbdffdfacba29b1d5c05b1077f00f7533b374cbd30ba3459e	blocked	B2/BV1	BF2 must runner-enumerate profiles and attach imported/equivalent/not-applicable/unsupported evidence.	B2-parse-facet-vue.md#vue-df9bba223f97f7d3211d:pass
VUE-BC56321B2D930DEE7B44	compiler-sfc	packages/compiler-sfc/__tests__/compileScript/defineProps.spec.ts:279:3	8c984c16b09d0b7bc131e3c5e9016563dd4ae0b9	single-declaration	StringLiteral	377ab114a7a59003dec7afad45d53b4fdf40a5b755a6dd65f7d99e76255f1928	blocked	B2/BV1	BF2 must runner-enumerate profiles and attach imported/equivalent/not-applicable/unsupported evidence.	B2-parse-facet-vue.md#vue-bc56321b2d930dee7b44:pass
VUE-26D7372C03AB4604CDA9	compiler-sfc	packages/compiler-sfc/__tests__/compileScript/defineProps.spec.ts:303:3	8c984c16b09d0b7bc131e3c5e9016563dd4ae0b9	single-declaration	StringLiteral	c03649a9c84658e3d832932eaf9e70333fdd847496430a00d526ad3b40f70ce7	blocked	B2/BV1	BF2 must runner-enumerate profiles and attach imported/equivalent/not-applicable/unsupported evidence.	B2-parse-facet-vue.md#vue-26d7372c03ab4604cda9:pass
VUE-B7F5BA19A5EA2D8E0C73	compiler-sfc	packages/compiler-sfc/__tests__/compileScript/defineProps.spec.ts:324:3	8c984c16b09d0b7bc131e3c5e9016563dd4ae0b9	single-declaration	StringLiteral	742a02ef8edc00e9c3f4ca427cba98e6a4100aac9db9c2b64ed38f87130942d7	blocked	B2/BV1	BF2 must runner-enumerate profiles and attach imported/equivalent/not-applicable/unsupported evidence.	B2-parse-facet-vue.md#vue-b7f5ba19a5ea2d8e0c73:pass
VUE-182156C3178955BCB575	compiler-sfc	packages/compiler-sfc/__tests__/compileScript/defineProps.spec.ts:338:3	8c984c16b09d0b7bc131e3c5e9016563dd4ae0b9	single-declaration	StringLiteral	06e515e4c7d1d3bf6204574f0d38dc9efaf9d17b9ee501d1787a2f865dff973d	blocked	B2/BV1	BF2 must runner-enumerate profiles and attach imported/equivalent/not-applicable/unsupported evidence.	B2-parse-facet-vue.md#vue-182156c3178955bcb575:pass
VUE-EFF96F55497768C4D8E1	compiler-sfc	packages/compiler-sfc/__tests__/compileScript/defineProps.spec.ts:354:3	8c984c16b09d0b7bc131e3c5e9016563dd4ae0b9	single-declaration	StringLiteral	f0e110742870a511007a75b6c65c6b853ac0938350c359164bd2d71d1f9e2d48	blocked	B2/BV1	BF2 must runner-enumerate profiles and attach imported/equivalent/not-applicable/unsupported evidence.	B2-parse-facet-vue.md#vue-eff96f55497768c4d8e1:pass
VUE-FB147FAB2E202376B99D	compiler-sfc	packages/compiler-sfc/__tests__/compileScript/defineProps.spec.ts:36:3	8c984c16b09d0b7bc131e3c5e9016563dd4ae0b9	single-declaration	StringLiteral	6d9f63f4fdb2ae5ea5a34d726f74e384e2473fd6b69253afa684a38b4be8885a	blocked	B2/BV1	BF2 must runner-enumerate profiles and attach imported/equivalent/not-applicable/unsupported evidence.	B2-parse-facet-vue.md#vue-fb147fab2e202376b99d:pass
VUE-1BD37CA7555EEEA275E1	compiler-sfc	packages/compiler-sfc/__tests__/compileScript/defineProps.spec.ts:368:3	8c984c16b09d0b7bc131e3c5e9016563dd4ae0b9	single-declaration	StringLiteral	9f407c62194983141b118ad9852d99df4e910edd4598aac9b39f42147423f924	blocked	B2/BV1	BF2 must runner-enumerate profiles and attach imported/equivalent/not-applicable/unsupported evidence.	B2-parse-facet-vue.md#vue-1bd37ca7555eeea275e1:pass
VUE-A5F2A7E235A52AA63560	compiler-sfc	packages/compiler-sfc/__tests__/compileScript/defineProps.spec.ts:382:3	8c984c16b09d0b7bc131e3c5e9016563dd4ae0b9	single-declaration	StringLiteral	572f84d29fdcbd0207fbb50fc1a24e12d0846db4d141a7f788f4891048d74552	blocked	B2/BV1	BF2 must runner-enumerate profiles and attach imported/equivalent/not-applicable/unsupported evidence.	B2-parse-facet-vue.md#vue-a5f2a7e235a52aa63560:pass
VUE-F31D9FC41552633E2979	compiler-sfc	packages/compiler-sfc/__tests__/compileScript/defineProps.spec.ts:395:3	8c984c16b09d0b7bc131e3c5e9016563dd4ae0b9	single-declaration	StringLiteral	c93e45ac35afef43e5ea19395c3914877c8bb9bb91a925ed993299fee1a326e4	blocked	B2/BV1	BF2 must runner-enumerate profiles and attach imported/equivalent/not-applicable/unsupported evidence.	B2-parse-facet-vue.md#vue-f31d9fc41552633e2979:pass
VUE-54DB474309469C95A37B	compiler-sfc	packages/compiler-sfc/__tests__/compileScript/defineProps.spec.ts:452:3	8c984c16b09d0b7bc131e3c5e9016563dd4ae0b9	single-declaration	StringLiteral	a8c257fdc9c9a1886358a6d24ece7e292237340aa3f46b20d10aaf27126a8a48	blocked	B2/BV1	BF2 must runner-enumerate profiles and attach imported/equivalent/not-applicable/unsupported evidence.	B2-parse-facet-vue.md#vue-54db474309469c95a37b:pass
VUE-693A26E382F037FFBE17	compiler-sfc	packages/compiler-sfc/__tests__/compileScript/defineProps.spec.ts:469:3	8c984c16b09d0b7bc131e3c5e9016563dd4ae0b9	single-declaration	StringLiteral	ed8e257e3c84eca013583f1501481468893da34dc9dbabca7f1a330d40bbd985	blocked	B2/BV1	BF2 must runner-enumerate profiles and attach imported/equivalent/not-applicable/unsupported evidence.	B2-parse-facet-vue.md#vue-693a26e382f037ffbe17:pass
VUE-13DB4A54BA3AAA62B2A4	compiler-sfc	packages/compiler-sfc/__tests__/compileScript/defineProps.spec.ts:49:3	8c984c16b09d0b7bc131e3c5e9016563dd4ae0b9	single-declaration	StringLiteral	594c61f396ea49ac5e4a66f17888f0fc38cc6a720831797f010147b4e58726fb	blocked	B2/BV1	BF2 must runner-enumerate profiles and attach imported/equivalent/not-applicable/unsupported evidence.	B2-parse-facet-vue.md#vue-13db4a54ba3aaa62b2a4:pass
VUE-6A320AAF993E29D324DB	compiler-sfc	packages/compiler-sfc/__tests__/compileScript/defineProps.spec.ts:496:3	8c984c16b09d0b7bc131e3c5e9016563dd4ae0b9	single-declaration	StringLiteral	88cbee2632220ecd42d99cde85f1cfd726ad299898a625e835877e778da8aee9	blocked	B2/BV1	BF2 must runner-enumerate profiles and attach imported/equivalent/not-applicable/unsupported evidence.	B2-parse-facet-vue.md#vue-6a320aaf993e29d324db:pass
VUE-55B2CA5760CFDCAB7080	compiler-sfc	packages/compiler-sfc/__tests__/compileScript/defineProps.spec.ts:5:3	8c984c16b09d0b7bc131e3c5e9016563dd4ae0b9	single-declaration	StringLiteral	92090856e77873124d22d4ce5e7b41e56b8eef37518def6dbbe706586ad777ae	blocked	B2/BV1	BF2 must runner-enumerate profiles and attach imported/equivalent/not-applicable/unsupported evidence.	B2-parse-facet-vue.md#vue-55b2ca5760cfdcab7080:pass
VUE-35B0564DC5646CCF3CD3	compiler-sfc	packages/compiler-sfc/__tests__/compileScript/defineProps.spec.ts:519:3	8c984c16b09d0b7bc131e3c5e9016563dd4ae0b9	single-declaration	StringLiteral	61739352d1bfb736f18e5521519431ecb9920c9147422f4293ff9fe7e182a136	blocked	B2/BV1	BF2 must runner-enumerate profiles and attach imported/equivalent/not-applicable/unsupported evidence.	B2-parse-facet-vue.md#vue-35b0564dc5646ccf3cd3:pass
VUE-4B859A70CFFF21179C8C	compiler-sfc	packages/compiler-sfc/__tests__/compileScript/defineProps.spec.ts:543:3	8c984c16b09d0b7bc131e3c5e9016563dd4ae0b9	single-declaration	StringLiteral	23279c71c3e0ae2e61de3a655a4f66f5036e89f8fc675223665cf82315474aaf	blocked	B2/BV1	BF2 must runner-enumerate profiles and attach imported/equivalent/not-applicable/unsupported evidence.	B2-parse-facet-vue.md#vue-4b859a70cfff21179c8c:pass
VUE-34C11024C9034E28A552	compiler-sfc	packages/compiler-sfc/__tests__/compileScript/defineProps.spec.ts:571:3	8c984c16b09d0b7bc131e3c5e9016563dd4ae0b9	single-declaration	StringLiteral	a9f6ad663d6b06d21d0295d8bdba1dd24a81049240984f9279fee58098ad9496	blocked	B2/BV1	BF2 must runner-enumerate profiles and attach imported/equivalent/not-applicable/unsupported evidence.	B2-parse-facet-vue.md#vue-34c11024c9034e28a552:pass
VUE-7D848FCF9D906A6C6722	compiler-sfc	packages/compiler-sfc/__tests__/compileScript/defineProps.spec.ts:593:3	8c984c16b09d0b7bc131e3c5e9016563dd4ae0b9	single-declaration	StringLiteral	4759d8f5ba791b9c61a3d81dbcd254ce123b86e7dc169e112843425ae6b18f15	blocked	B2/BV1	BF2 must runner-enumerate profiles and attach imported/equivalent/not-applicable/unsupported evidence.	B2-parse-facet-vue.md#vue-7d848fcf9d906a6c6722:pass
VUE-15654202D7B524A92051	compiler-sfc	packages/compiler-sfc/__tests__/compileScript/defineProps.spec.ts:64:3	8c984c16b09d0b7bc131e3c5e9016563dd4ae0b9	single-declaration	StringLiteral	8eba19fbe3bd911f4e8ee3afec6ed0e837bc5909071e517a3a654b01143787b6	blocked	B2/BV1	BF2 must runner-enumerate profiles and attach imported/equivalent/not-applicable/unsupported evidence.	B2-parse-facet-vue.md#vue-15654202d7b524a92051:pass
VUE-CD010F6611C8CFFFFCE2	compiler-sfc	packages/compiler-sfc/__tests__/compileScript/defineProps.spec.ts:644:3	8c984c16b09d0b7bc131e3c5e9016563dd4ae0b9	single-declaration	StringLiteral	722acae2c8faf0485d786ed21c5a8c7bf260053b7ca6c5b2d990ad990a662f80	blocked	B2/BV1	BF2 must runner-enumerate profiles and attach imported/equivalent/not-applicable/unsupported evidence.	B2-parse-facet-vue.md#vue-cd010f6611c8cffffce2:pass
VUE-01EF3EA4E1EC8AE8DDE1	compiler-sfc	packages/compiler-sfc/__tests__/compileScript/defineProps.spec.ts:659:3	8c984c16b09d0b7bc131e3c5e9016563dd4ae0b9	single-declaration	StringLiteral	cbba2d11b2f0bc1c0871aab4a674e5016a920f8abe0446ddc675a7fcfaaab814	blocked	B2/BV1	BF2 must runner-enumerate profiles and attach imported/equivalent/not-applicable/unsupported evidence.	B2-parse-facet-vue.md#vue-01ef3ea4e1ec8ae8dde1:pass
VUE-4FC488969D9CF7ECBB52	compiler-sfc	packages/compiler-sfc/__tests__/compileScript/defineProps.spec.ts:678:3	8c984c16b09d0b7bc131e3c5e9016563dd4ae0b9	single-declaration	StringLiteral	9597f6c1e288cf0b10ca53ee387df80513fce9e7788629c4e010471d1ba955fe	blocked	B2/BV1	BF2 must runner-enumerate profiles and attach imported/equivalent/not-applicable/unsupported evidence. Parse-facet residual: official error is retained for the co-owner because the carrier parse boundary did not surface it.	B2-parse-facet-vue.md#vue-4fc488969d9cf7ecbb52:unverifiable
VUE-E653DB722CCFBAEF550E	compiler-sfc	packages/compiler-sfc/__tests__/compileScript/defineProps.spec.ts:694:5	8c984c16b09d0b7bc131e3c5e9016563dd4ae0b9	single-declaration	StringLiteral	18fa0f92d6af87db039c61105fe490e455e547a6dedac07ae37c2c8b673afa2f	blocked	B2/BV1	BF2 must runner-enumerate profiles and attach imported/equivalent/not-applicable/unsupported evidence. Parse-facet residual: official error is retained for the co-owner because the carrier parse boundary did not surface it.	B2-parse-facet-vue.md#vue-e653db722ccfbaef550e:unverifiable
VUE-AD5D2A58ECB37111354C	compiler-sfc	packages/compiler-sfc/__tests__/compileScript/defineProps.spec.ts:703:3	8c984c16b09d0b7bc131e3c5e9016563dd4ae0b9	single-declaration	StringLiteral	7caea1d6458a18e1d40c213f894727f42b3e5c1b38d9d12059cfe5a4b91a6998	blocked	B2/BV1	BF2 must runner-enumerate profiles and attach imported/equivalent/not-applicable/unsupported evidence.	B2-parse-facet-vue.md#vue-ad5d2a58ecb37111354c:pass
VUE-2C74D156E5334A1B98D2	compiler-sfc	packages/compiler-sfc/__tests__/compileScript/defineProps.spec.ts:75:3	8c984c16b09d0b7bc131e3c5e9016563dd4ae0b9	single-declaration	StringLiteral	2d1471e7a4c39ba5ceca2a0d2d33a144bff1b33cb7bb6660535267edefed6246	blocked	B2/BV1	BF2 must runner-enumerate profiles and attach imported/equivalent/not-applicable/unsupported evidence.	B2-parse-facet-vue.md#vue-2c74d156e5334a1b98d2:pass
VUE-BC519F4E1557A818477F	compiler-sfc	packages/compiler-sfc/__tests__/compileScript/defineProps.spec.ts:803:3	8c984c16b09d0b7bc131e3c5e9016563dd4ae0b9	single-declaration	StringLiteral	2fe44ccb20ce38e07aa07acdcc76f5bee5d2f779e3ef028e9102045c38979aa5	blocked	B2/BV1	BF2 must runner-enumerate profiles and attach imported/equivalent/not-applicable/unsupported evidence.	B2-parse-facet-vue.md#vue-bc519f4e1557a818477f:pass
VUE-D3EBAE184F87D0D8D9CB	compiler-sfc	packages/compiler-sfc/__tests__/compileScript/defineProps.spec.ts:816:3	8c984c16b09d0b7bc131e3c5e9016563dd4ae0b9	single-declaration	StringLiteral	597f070a88b48ecacddf1130499679ff83337550c2da3477449eda528f040a82	blocked	B2/BV1	BF2 must runner-enumerate profiles and attach imported/equivalent/not-applicable/unsupported evidence.	B2-parse-facet-vue.md#vue-d3ebae184f87d0d8d9cb:pass
VUE-3BA1E26AA1336AFF11A3	compiler-sfc	packages/compiler-sfc/__tests__/compileScript/defineProps.spec.ts:87:3	8c984c16b09d0b7bc131e3c5e9016563dd4ae0b9	single-declaration	StringLiteral	9bc90ee03add5de432a21f595f52ba067933601b2b7c7d30bef12d8170793499	blocked	B2/BV1	BF2 must runner-enumerate profiles and attach imported/equivalent/not-applicable/unsupported evidence.	B2-parse-facet-vue.md#vue-3ba1e26aa1336aff11a3:pass
VUE-AE2DB4D27587737AC7AC	compiler-sfc	packages/compiler-sfc/__tests__/compileScript/definePropsDestructure.spec.ts:111:3	7d59db8d2128929cbd6cc770aac0e6398f391059	single-declaration	StringLiteral	6f70a82d53b253fc8928105851679cd894cc635d6ff7850609f5133591d504eb	blocked	B2/BV1	BF2 must runner-enumerate profiles and attach imported/equivalent/not-applicable/unsupported evidence.	B2-parse-facet-vue.md#vue-ae2db4d27587737ac7ac:pass
VUE-7735279DD1F5E6DB5372	compiler-sfc	packages/compiler-sfc/__tests__/compileScript/definePropsDestructure.spec.ts:129:3	7d59db8d2128929cbd6cc770aac0e6398f391059	single-declaration	StringLiteral	fafa22e1d64498fce44caf75602702b114d9c1cf478ff52c399e11a77f00a326	blocked	B2/BV1	BF2 must runner-enumerate profiles and attach imported/equivalent/not-applicable/unsupported evidence.	B2-parse-facet-vue.md#vue-7735279dd1f5e6db5372:pass
VUE-374E8FEF2DD5B92F5B81	compiler-sfc	packages/compiler-sfc/__tests__/compileScript/definePropsDestructure.spec.ts:13:3	7d59db8d2128929cbd6cc770aac0e6398f391059	single-declaration	StringLiteral	92090856e77873124d22d4ce5e7b41e56b8eef37518def6dbbe706586ad777ae	blocked	B2/BV1	BF2 must runner-enumerate profiles and attach imported/equivalent/not-applicable/unsupported evidence.	B2-parse-facet-vue.md#vue-374e8fef2dd5b92f5b81:pass
VUE-EB2A3AC0CD78AB8E9CDD	compiler-sfc	packages/compiler-sfc/__tests__/compileScript/definePropsDestructure.spec.ts:147:3	7d59db8d2128929cbd6cc770aac0e6398f391059	single-declaration	StringLiteral	3c9f276c491b050344f4a25ae4c518a3e48c605e7754e09834bc9e4a7822a225	blocked	B2/BV1	BF2 must runner-enumerate profiles and attach imported/equivalent/not-applicable/unsupported evidence.	B2-parse-facet-vue.md#vue-eb2a3ac0cd78ab8e9cdd:pass
VUE-F3774CCD6361105EDAAA	compiler-sfc	packages/compiler-sfc/__tests__/compileScript/definePropsDestructure.spec.ts:163:3	7d59db8d2128929cbd6cc770aac0e6398f391059	single-declaration	StringLiteral	3e13f0172e872f9598b90457d8a36365d168919cfa62eab5927d18049cdf7bb8	blocked	B2/BV1	BF2 must runner-enumerate profiles and attach imported/equivalent/not-applicable/unsupported evidence.	B2-parse-facet-vue.md#vue-f3774ccd6361105edaaa:pass
VUE-AC683F4572FF54B7A25A	compiler-sfc	packages/compiler-sfc/__tests__/compileScript/definePropsDestructure.spec.ts:184:3	7d59db8d2128929cbd6cc770aac0e6398f391059	single-declaration	StringLiteral	a744ad45c8177e4961e1b0a741fbd37661635548c20e5790159c414bfcba87c2	blocked	B2/BV1	BF2 must runner-enumerate profiles and attach imported/equivalent/not-applicable/unsupported evidence.	B2-parse-facet-vue.md#vue-ac683f4572ff54b7a25a:pass
VUE-308FD0C3CDC46E6B5BD3	compiler-sfc	packages/compiler-sfc/__tests__/compileScript/definePropsDestructure.spec.ts:202:3	7d59db8d2128929cbd6cc770aac0e6398f391059	single-declaration	StringLiteral	2cf506200ebf9e92502172606f3c4713dfaa2f335033a841702809082cd65c6d	blocked	B2/BV1	BF2 must runner-enumerate profiles and attach imported/equivalent/not-applicable/unsupported evidence.	B2-parse-facet-vue.md#vue-308fd0c3cdc46e6b5bd3:pass
VUE-6F99981365536839B75B	compiler-sfc	packages/compiler-sfc/__tests__/compileScript/definePropsDestructure.spec.ts:222:3	7d59db8d2128929cbd6cc770aac0e6398f391059	single-declaration	StringLiteral	6724f5b2af399366cb69da6ba44c9784bbe14149a289d22d6ea04b7a056b7bd9	blocked	B2/BV1	BF2 must runner-enumerate profiles and attach imported/equivalent/not-applicable/unsupported evidence.	B2-parse-facet-vue.md#vue-6f99981365536839b75b:pass
VUE-5DBE29F7BCC72187B563	compiler-sfc	packages/compiler-sfc/__tests__/compileScript/definePropsDestructure.spec.ts:245:3	7d59db8d2128929cbd6cc770aac0e6398f391059	single-declaration	StringLiteral	a615768bb337f0bb7be7911d4b8952aabfbe3eee7574327673ecfc8a2452c480	blocked	B2/BV1	BF2 must runner-enumerate profiles and attach imported/equivalent/not-applicable/unsupported evidence.	B2-parse-facet-vue.md#vue-5dbe29f7bcc72187b563:pass
VUE-12143B9D0AD5A9E4825C	compiler-sfc	packages/compiler-sfc/__tests__/compileScript/definePropsDestructure.spec.ts:261:3	7d59db8d2128929cbd6cc770aac0e6398f391059	single-declaration	StringLiteral	a9ae7b69be4e058b6a03739c7bd9e118ee1ac3f391686015f6c70f12a67202f2	blocked	B2/BV1	BF2 must runner-enumerate profiles and attach imported/equivalent/not-applicable/unsupported evidence.	B2-parse-facet-vue.md#vue-12143b9d0ad5a9e4825c:pass
VUE-EFDB063D0EFE48F3F635	compiler-sfc	packages/compiler-sfc/__tests__/compileScript/definePropsDestructure.spec.ts:294:3	7d59db8d2128929cbd6cc770aac0e6398f391059	single-declaration	StringLiteral	fe3a50a6489a869eaa0b8c321ece99b20326374f64f597627989f7b929919473	blocked	B2/BV1	BF2 must runner-enumerate profiles and attach imported/equivalent/not-applicable/unsupported evidence.	B2-parse-facet-vue.md#vue-efdb063d0efe48f3f635:pass
VUE-7F57FC18365C235691B2	compiler-sfc	packages/compiler-sfc/__tests__/compileScript/definePropsDestructure.spec.ts:30:3	7d59db8d2128929cbd6cc770aac0e6398f391059	single-declaration	StringLiteral	47ccf5bf2df669441515dc6c2ba40ab55a85c03784aff03e66fe400f1c8fce8c	blocked	B2/BV1	BF2 must runner-enumerate profiles and attach imported/equivalent/not-applicable/unsupported evidence.	B2-parse-facet-vue.md#vue-7f57fc18365c235691b2:pass
VUE-15CE552B4B0D5FCF6123	compiler-sfc	packages/compiler-sfc/__tests__/compileScript/definePropsDestructure.spec.ts:316:3	7d59db8d2128929cbd6cc770aac0e6398f391059	single-declaration	StringLiteral	0a08d1c11fc7cd9b20239d07eee6740012a634430d10dd74156cab78527fd0cb	blocked	B2/BV1	BF2 must runner-enumerate profiles and attach imported/equivalent/not-applicable/unsupported evidence.	B2-parse-facet-vue.md#vue-15ce552b4b0d5fcf6123:pass
VUE-018F210D4D8D7FE29553	compiler-sfc	packages/compiler-sfc/__tests__/compileScript/definePropsDestructure.spec.ts:331:3	7d59db8d2128929cbd6cc770aac0e6398f391059	single-declaration	StringLiteral	ca6678b2eb6e75d8ca77db405ea1e6aaea3c7b4866291f6bbdcdfc7c140d64fa	blocked	B2/BV1	BF2 must runner-enumerate profiles and attach imported/equivalent/not-applicable/unsupported evidence.	B2-parse-facet-vue.md#vue-018f210d4d8d7fe29553:pass
VUE-9BA92E4ACBD5619F6250	compiler-sfc	packages/compiler-sfc/__tests__/compileScript/definePropsDestructure.spec.ts:358:3	7d59db8d2128929cbd6cc770aac0e6398f391059	single-declaration	StringLiteral	1ced532dfb0dba9e0c757b97482c8cb0021bc56e9741844c7e572c93475cb9cf	blocked	B2/BV1	BF2 must runner-enumerate profiles and attach imported/equivalent/not-applicable/unsupported evidence.	B2-parse-facet-vue.md#vue-9ba92e4acbd5619f6250:pass
VUE-98416C373661DB8AC07F	compiler-sfc	packages/compiler-sfc/__tests__/compileScript/definePropsDestructure.spec.ts:379:3	7d59db8d2128929cbd6cc770aac0e6398f391059	single-declaration	StringLiteral	5374ceb9e02fdba2ff6a3d7b19de25fd861262c5e9c6ecb01856e659b123c507	blocked	B2/BV1	BF2 must runner-enumerate profiles and attach imported/equivalent/not-applicable/unsupported evidence.	B2-parse-facet-vue.md#vue-98416c373661db8ac07f:pass
VUE-74D8BDE1E3AF4899FD9F	compiler-sfc	packages/compiler-sfc/__tests__/compileScript/definePropsDestructure.spec.ts:397:3	7d59db8d2128929cbd6cc770aac0e6398f391059	single-declaration	StringLiteral	700d36646e4faff6b6f97351f3ca71d3d276c1571bc867a2a0688846747617d3	blocked	B2/BV1	BF2 must runner-enumerate profiles and attach imported/equivalent/not-applicable/unsupported evidence.	B2-parse-facet-vue.md#vue-74d8bde1e3af4899fd9f:pass
VUE-8FAA8E03C90C111C1155	compiler-sfc	packages/compiler-sfc/__tests__/compileScript/definePropsDestructure.spec.ts:419:3	7d59db8d2128929cbd6cc770aac0e6398f391059	single-declaration	StringLiteral	2a6f45e6cfd73c4fc8939d9a1529fd77d2a6d5de00505a91e94b0cf9d8c8cd77	blocked	B2/BV1	BF2 must runner-enumerate profiles and attach imported/equivalent/not-applicable/unsupported evidence.	B2-parse-facet-vue.md#vue-8faa8e03c90c111c1155:pass
VUE-D42BDA75B1A7EF7C3EEE	compiler-sfc	packages/compiler-sfc/__tests__/compileScript/definePropsDestructure.spec.ts:436:3	7d59db8d2128929cbd6cc770aac0e6398f391059	single-declaration	StringLiteral	8bdcc7411fa3fa9b6bc059b4c13eae8d6ee4fd2f950317fe4bb5c51223aa80fa	blocked	B2/BV1	BF2 must runner-enumerate profiles and attach imported/equivalent/not-applicable/unsupported evidence.	B2-parse-facet-vue.md#vue-d42bda75b1a7ef7c3eee:pass
VUE-8ABD6CD38C7034BA648F	compiler-sfc	packages/compiler-sfc/__tests__/compileScript/definePropsDestructure.spec.ts:449:3	7d59db8d2128929cbd6cc770aac0e6398f391059	single-declaration	StringLiteral	08de257a83e1a63087b5b14bf4852d4759560ba684591c674696787a80cddbca	blocked	B2/BV1	BF2 must runner-enumerate profiles and attach imported/equivalent/not-applicable/unsupported evidence.	B2-parse-facet-vue.md#vue-8abd6cd38c7034ba648f:pass
VUE-04CF0B85F2447FA80D63	compiler-sfc	packages/compiler-sfc/__tests__/compileScript/definePropsDestructure.spec.ts:462:3	7d59db8d2128929cbd6cc770aac0e6398f391059	single-declaration	StringLiteral	16782ceecd0beeed7d3261fd724f86ec52178182380823acf1217ccf28d677e8	blocked	B2/BV1	BF2 must runner-enumerate profiles and attach imported/equivalent/not-applicable/unsupported evidence.	B2-parse-facet-vue.md#vue-04cf0b85f2447fa80d63:pass
VUE-A3CAC47D61A0ECA07768	compiler-sfc	packages/compiler-sfc/__tests__/compileScript/definePropsDestructure.spec.ts:476:3	7d59db8d2128929cbd6cc770aac0e6398f391059	single-declaration	StringLiteral	5fde0e5aabdff98d1131dc0947070c60edf0cb732081b294cb1269afc6ef68a2	blocked	B2/BV1	BF2 must runner-enumerate profiles and attach imported/equivalent/not-applicable/unsupported evidence.	B2-parse-facet-vue.md#vue-a3cac47d61a0eca07768:pass
VUE-35857FC65E92E8EBB583	compiler-sfc	packages/compiler-sfc/__tests__/compileScript/definePropsDestructure.spec.ts:492:3	7d59db8d2128929cbd6cc770aac0e6398f391059	single-declaration	StringLiteral	73f5e7c4e40676b1269cce6f0f35ad6e9b203aab21bfe8b34c38236bfeb7f632	blocked	B2/BV1	BF2 must runner-enumerate profiles and attach imported/equivalent/not-applicable/unsupported evidence.	B2-parse-facet-vue.md#vue-35857fc65e92e8ebb583:pass
VUE-D5A37E889C69386CE5F1	compiler-sfc	packages/compiler-sfc/__tests__/compileScript/definePropsDestructure.spec.ts:50:3	7d59db8d2128929cbd6cc770aac0e6398f391059	single-declaration	StringLiteral	902ccb67d4d7990d909b63abbc020498d8ac33b0a0818717ac3677451d50d9e6	blocked	B2/BV1	BF2 must runner-enumerate profiles and attach imported/equivalent/not-applicable/unsupported evidence.	B2-parse-facet-vue.md#vue-d5a37e889c69386ce5f1:pass
VUE-AD22CCA2349284CEA299	compiler-sfc	packages/compiler-sfc/__tests__/compileScript/definePropsDestructure.spec.ts:505:5	7d59db8d2128929cbd6cc770aac0e6398f391059	single-declaration	StringLiteral	2516a44b5036f85cabb32f2c0bd6101ac145d1fa5be652d98622d485e2479c18	blocked	B2/BV1	BF2 must runner-enumerate profiles and attach imported/equivalent/not-applicable/unsupported evidence. Parse-facet residual: official error is retained for the co-owner because the carrier parse boundary did not surface it.	B2-parse-facet-vue.md#vue-ad22cca2349284cea299:unverifiable
VUE-2C7F338DC2F6837854AF	compiler-sfc	packages/compiler-sfc/__tests__/compileScript/definePropsDestructure.spec.ts:519:5	7d59db8d2128929cbd6cc770aac0e6398f391059	single-declaration	StringLiteral	11fc9f26e693e4b5a2b933b4832dae1c4fb7a4a24856cf7773b36deb063d9caa	blocked	B2/BV1	BF2 must runner-enumerate profiles and attach imported/equivalent/not-applicable/unsupported evidence. Parse-facet residual: official error is retained for the co-owner because the carrier parse boundary did not surface it.	B2-parse-facet-vue.md#vue-2c7f338dc2f6837854af:unverifiable
VUE-D6F10595FC222E0A448C	compiler-sfc	packages/compiler-sfc/__tests__/compileScript/definePropsDestructure.spec.ts:527:5	7d59db8d2128929cbd6cc770aac0e6398f391059	single-declaration	StringLiteral	9b9846a19660b08f0677a90beaa1f11ae4524768a1bb34b27d920f8429e16eeb	blocked	B2/BV1	BF2 must runner-enumerate profiles and attach imported/equivalent/not-applicable/unsupported evidence.	B2-parse-facet-vue.md#vue-d6f10595fc222e0a448c:pass
VUE-FC439E43BD5D467A8753	compiler-sfc	packages/compiler-sfc/__tests__/compileScript/definePropsDestructure.spec.ts:538:5	7d59db8d2128929cbd6cc770aac0e6398f391059	single-declaration	StringLiteral	731e89f416822170479902ec3643187e12040b4c67c84c9a3213d3c69696023a	blocked	B2/BV1	BF2 must runner-enumerate profiles and attach imported/equivalent/not-applicable/unsupported evidence. Parse-facet residual: official error is retained for the co-owner because the carrier parse boundary did not surface it.	B2-parse-facet-vue.md#vue-fc439e43bd5d467a8753:unverifiable
VUE-9BBA8F22344F08419BA4	compiler-sfc	packages/compiler-sfc/__tests__/compileScript/definePropsDestructure.spec.ts:551:5	7d59db8d2128929cbd6cc770aac0e6398f391059	single-declaration	StringLiteral	c90bac588e32fd0e619ab6f66057b6992234da5d0fde91cba62b62f6cd1200c7	blocked	B2/BV1	BF2 must runner-enumerate profiles and attach imported/equivalent/not-applicable/unsupported evidence. Parse-facet residual: official error is retained for the co-owner because the carrier parse boundary did not surface it.	B2-parse-facet-vue.md#vue-9bba8f22344f08419ba4:unverifiable
VUE-10C86CFAEEA548D9B1FC	compiler-sfc	packages/compiler-sfc/__tests__/compileScript/definePropsDestructure.spec.ts:571:5	7d59db8d2128929cbd6cc770aac0e6398f391059	single-declaration	StringLiteral	d4cf96ee787315b59fcfc3a72586db8a09760a3ca52cc7948f2d836f06be4363	blocked	B2/BV1	BF2 must runner-enumerate profiles and attach imported/equivalent/not-applicable/unsupported evidence. Parse-facet residual: official error is retained for the co-owner because the carrier parse boundary did not surface it.	B2-parse-facet-vue.md#vue-10c86cfaeea548d9b1fc:unverifiable
VUE-60A39A8AAF0F8FF757B7	compiler-sfc	packages/compiler-sfc/__tests__/compileScript/definePropsDestructure.spec.ts:622:5	7d59db8d2128929cbd6cc770aac0e6398f391059	single-declaration	StringLiteral	c7fbc0755221253b524883dd2e0336cda24eff1a640a757009a2925d99d16271	blocked	B2/BV1	BF2 must runner-enumerate profiles and attach imported/equivalent/not-applicable/unsupported evidence. Parse-facet residual: official error is retained for the co-owner because the carrier parse boundary did not surface it.	B2-parse-facet-vue.md#vue-60a39a8aaf0f8ff757b7:unverifiable
VUE-DCF96D875259891C98EB	compiler-sfc	packages/compiler-sfc/__tests__/compileScript/definePropsDestructure.spec.ts:633:5	7d59db8d2128929cbd6cc770aac0e6398f391059	single-declaration	StringLiteral	d3bf167802a5041bbcdadcef5f266b4dfded31ff00e88a341a8e1829ade433a9	blocked	B2/BV1	BF2 must runner-enumerate profiles and attach imported/equivalent/not-applicable/unsupported evidence.	B2-parse-facet-vue.md#vue-dcf96d875259891c98eb:pass
VUE-E347857DD59897202047	compiler-sfc	packages/compiler-sfc/__tests__/compileScript/definePropsDestructure.spec.ts:71:3	7d59db8d2128929cbd6cc770aac0e6398f391059	single-declaration	StringLiteral	247ef3335a3978771c09beab932b53ebe30061473ce68a6702910b5d50c2c7d7	blocked	B2/BV1	BF2 must runner-enumerate profiles and attach imported/equivalent/not-applicable/unsupported evidence.	B2-parse-facet-vue.md#vue-e347857dd59897202047:pass
VUE-4ED75A029097150D30C4	compiler-sfc	packages/compiler-sfc/__tests__/compileScript/definePropsDestructure.spec.ts:93:3	7d59db8d2128929cbd6cc770aac0e6398f391059	single-declaration	StringLiteral	73b5ef60f298fb1d0892ba84214f4389ff58f1070b643684d22c1f1543b7ce46	blocked	B2/BV1	BF2 must runner-enumerate profiles and attach imported/equivalent/not-applicable/unsupported evidence.	B2-parse-facet-vue.md#vue-4ed75a029097150d30c4:pass
VUE-67A255904EC925B64A32	compiler-sfc	packages/compiler-sfc/__tests__/compileScript/defineSlots.spec.ts:17:3	357709afdf3a2f448f8ee64b1ed60984138790bc	single-declaration	StringLiteral	d29f9ca997272b767d82f9065450a1de00f381a8634fb091c279675400baf504	blocked	B2/BV1	BF2 must runner-enumerate profiles and attach imported/equivalent/not-applicable/unsupported evidence.	B2-parse-facet-vue.md#vue-67a255904ec925b64a32:pass
VUE-CB7D6932FE12725205BF	compiler-sfc	packages/compiler-sfc/__tests__/compileScript/defineSlots.spec.ts:30:3	357709afdf3a2f448f8ee64b1ed60984138790bc	single-declaration	StringLiteral	b99417db4a9a7234c72b9b4e46290fc13def17b87390317250a50ebb98b4e678	blocked	B2/BV1	BF2 must runner-enumerate profiles and attach imported/equivalent/not-applicable/unsupported evidence.	B2-parse-facet-vue.md#vue-cb7d6932fe12725205bf:pass
VUE-3D1EB2F0B4951BD9886B	compiler-sfc	packages/compiler-sfc/__tests__/compileScript/defineSlots.spec.ts:4:3	357709afdf3a2f448f8ee64b1ed60984138790bc	single-declaration	StringLiteral	92090856e77873124d22d4ce5e7b41e56b8eef37518def6dbbe706586ad777ae	blocked	B2/BV1	BF2 must runner-enumerate profiles and attach imported/equivalent/not-applicable/unsupported evidence.	B2-parse-facet-vue.md#vue-3d1eb2f0b4951bd9886b:pass
VUE-54DC2EF5463D50745B1F	compiler-sfc	packages/compiler-sfc/__tests__/compileScript/hoistStatic.spec.ts:109:3	ce6191777cc0c644c10bc98bce65b3a4f80260c4	single-declaration	StringLiteral	916fa38f668f2bff09ac4baae7e9059d734304c00313d07d6e0e77d1064ac14e	blocked	B2/BV1	BF2 must runner-enumerate profiles and attach imported/equivalent/not-applicable/unsupported evidence.	B2-parse-facet-vue.md#vue-54dc2ef5463d50745b1f:pass
VUE-32CB4154FBE19854D922	compiler-sfc	packages/compiler-sfc/__tests__/compileScript/hoistStatic.spec.ts:14:3	ce6191777cc0c644c10bc98bce65b3a4f80260c4	single-declaration	StringLiteral	526dee5667280e48fa6e4699dc49c6cafb088f640a3ff80baa3fd795f18b5978	blocked	B2/BV1	BF2 must runner-enumerate profiles and attach imported/equivalent/not-applicable/unsupported evidence.	B2-parse-facet-vue.md#vue-32cb4154fbe19854d922:pass
VUE-B127531766A25A2510AB	compiler-sfc	packages/compiler-sfc/__tests__/compileScript/hoistStatic.spec.ts:140:3	ce6191777cc0c644c10bc98bce65b3a4f80260c4	single-declaration	StringLiteral	e940e7694c2f957ef0a870f27566a1cc54aa066108b37d7819bac8d8a48d1da5	blocked	B2/BV1	BF2 must runner-enumerate profiles and attach imported/equivalent/not-applicable/unsupported evidence.	B2-parse-facet-vue.md#vue-b127531766a25a2510ab:pass
VUE-EDFD50961FBE208C7F32	compiler-sfc	packages/compiler-sfc/__tests__/compileScript/hoistStatic.spec.ts:158:3	ce6191777cc0c644c10bc98bce65b3a4f80260c4	single-declaration	StringLiteral	dbcfe6416ca0f0e93737ecbc21ddc086a00a68f88c87c1802c69859f80da8d1c	blocked	B2/BV1	BF2 must runner-enumerate profiles and attach imported/equivalent/not-applicable/unsupported evidence.	B2-parse-facet-vue.md#vue-edfd50961fbe208c7f32:pass
VUE-C0765419AE6E687440D6	compiler-sfc	packages/compiler-sfc/__tests__/compileScript/hoistStatic.spec.ts:178:3	ce6191777cc0c644c10bc98bce65b3a4f80260c4	single-declaration	StringLiteral	5a3cf1cd3cba458b687c82e1fa88a530e051e187f034e6f9ced363b8e34180b8	blocked	B2/BV1	BF2 must runner-enumerate profiles and attach imported/equivalent/not-applicable/unsupported evidence.	B2-parse-facet-vue.md#vue-c0765419ae6e687440d6:pass
VUE-1E338E2C9CBB22C57B32	compiler-sfc	packages/compiler-sfc/__tests__/compileScript/hoistStatic.spec.ts:193:3	ce6191777cc0c644c10bc98bce65b3a4f80260c4	single-declaration	StringLiteral	f30d5714c402dfec12a2c1435afa063fa2b04ab4814e6b1caa59633bd2e8359f	blocked	B2/BV1	BF2 must runner-enumerate profiles and attach imported/equivalent/not-applicable/unsupported evidence.	B2-parse-facet-vue.md#vue-1e338e2c9cbb22c57b32:pass
VUE-53F817222A97EC250652	compiler-sfc	packages/compiler-sfc/__tests__/compileScript/hoistStatic.spec.ts:208:3	ce6191777cc0c644c10bc98bce65b3a4f80260c4	single-declaration	StringLiteral	f073ea8e12aec07865082e97830725a2d1aca2d72d348bc9c57cd6c416ac4edf	blocked	B2/BV1	BF2 must runner-enumerate profiles and attach imported/equivalent/not-applicable/unsupported evidence.	B2-parse-facet-vue.md#vue-53f817222a97ec250652:pass
VUE-0513CC7DAEF7843510C6	compiler-sfc	packages/compiler-sfc/__tests__/compileScript/hoistStatic.spec.ts:42:3	ce6191777cc0c644c10bc98bce65b3a4f80260c4	single-declaration	StringLiteral	beb1fc4b5b5a1db37776cb21466d46098bd8c94e035e2032bfd5c5887447a07f	blocked	B2/BV1	BF2 must runner-enumerate profiles and attach imported/equivalent/not-applicable/unsupported evidence.	B2-parse-facet-vue.md#vue-0513cc7daef7843510c6:pass
VUE-5F46474B5E05036D7D94	compiler-sfc	packages/compiler-sfc/__tests__/compileScript/hoistStatic.spec.ts:65:3	ce6191777cc0c644c10bc98bce65b3a4f80260c4	single-declaration	StringLiteral	810225070e24627013239c3a5f66c43944094484633653bb3a3352ac7ef67658	blocked	B2/BV1	BF2 must runner-enumerate profiles and attach imported/equivalent/not-applicable/unsupported evidence.	B2-parse-facet-vue.md#vue-5f46474b5e05036d7d94:pass
VUE-DF6967205FBA22E63F26	compiler-sfc	packages/compiler-sfc/__tests__/compileScript/hoistStatic.spec.ts:87:3	ce6191777cc0c644c10bc98bce65b3a4f80260c4	single-declaration	StringLiteral	93a9f3b2bf80cc7aa4ed0d2b34d68d4de77e9079799a84f75fb70c0d887fa16e	blocked	B2/BV1	BF2 must runner-enumerate profiles and attach imported/equivalent/not-applicable/unsupported evidence.	B2-parse-facet-vue.md#vue-df6967205fba22e63f26:pass
VUE-1E32F16FDBAD01B5DE25	compiler-sfc	packages/compiler-sfc/__tests__/compileScript/importUsageCheck.spec.ts:102:1	210fa09688a4175a66278eedcd19a026d56c2a3d	single-declaration	StringLiteral	843736b4b66e0a3f1df1aafb8c0e05c59c24c39a3818e1dec3c496f5544b7cb2	blocked	B2/BV1	BF2 must runner-enumerate profiles and attach imported/equivalent/not-applicable/unsupported evidence.	B2-parse-facet-vue.md#vue-1e32f16fdbad01b5de25:pass
VUE-B7DD7693C4908B448B7E	compiler-sfc	packages/compiler-sfc/__tests__/compileScript/importUsageCheck.spec.ts:119:1	210fa09688a4175a66278eedcd19a026d56c2a3d	single-declaration	StringLiteral	1d0c7df159615db59858f38ecd6d7030082e6b2eb60be77d6c1fea9201ee52a3	blocked	B2/BV1	BF2 must runner-enumerate profiles and attach imported/equivalent/not-applicable/unsupported evidence.	B2-parse-facet-vue.md#vue-b7dd7693c4908b448b7e:pass
VUE-D7E2BD04BD601E3A8234	compiler-sfc	packages/compiler-sfc/__tests__/compileScript/importUsageCheck.spec.ts:135:1	210fa09688a4175a66278eedcd19a026d56c2a3d	single-declaration	StringLiteral	b4fad14f8731ac00e61ab21f3ec7a864e163b5b1464083192fe27249e1caa354	blocked	B2/BV1	BF2 must runner-enumerate profiles and attach imported/equivalent/not-applicable/unsupported evidence.	B2-parse-facet-vue.md#vue-d7e2bd04bd601e3a8234:pass
VUE-7BB2B39D32074C3DDCE7	compiler-sfc	packages/compiler-sfc/__tests__/compileScript/importUsageCheck.spec.ts:155:1	210fa09688a4175a66278eedcd19a026d56c2a3d	single-declaration	StringLiteral	a3832cab75b47cdcee1a424e34230ddfeb1601c475686364c0876ac01af16979	blocked	B2/BV1	BF2 must runner-enumerate profiles and attach imported/equivalent/not-applicable/unsupported evidence.	B2-parse-facet-vue.md#vue-7bb2b39d32074c3ddce7:pass
VUE-5B0D55B6363A26295428	compiler-sfc	packages/compiler-sfc/__tests__/compileScript/importUsageCheck.spec.ts:167:1	210fa09688a4175a66278eedcd19a026d56c2a3d	single-declaration	StringLiteral	ba8aca0aa50ee91dc4777665b32aabe34c6c16c2a118724d91271da4c9b80e1f	blocked	B2/BV1	BF2 must runner-enumerate profiles and attach imported/equivalent/not-applicable/unsupported evidence.	B2-parse-facet-vue.md#vue-5b0d55b6363a26295428:pass
VUE-365866EDC4EACDCAAE98	compiler-sfc	packages/compiler-sfc/__tests__/compileScript/importUsageCheck.spec.ts:185:1	210fa09688a4175a66278eedcd19a026d56c2a3d	single-declaration	StringLiteral	7f87ae22d5dc61405939ba4f5d3cc740d7ee86fad59d5624a029cb284a58371a	blocked	B2/BV1	BF2 must runner-enumerate profiles and attach imported/equivalent/not-applicable/unsupported evidence.	B2-parse-facet-vue.md#vue-365866edc4eacdcaae98:pass
VUE-EA9085F91175CC6CE9E4	compiler-sfc	packages/compiler-sfc/__tests__/compileScript/importUsageCheck.spec.ts:198:1	210fa09688a4175a66278eedcd19a026d56c2a3d	single-declaration	StringLiteral	832315bb86c91e2e0d57a2a33cfd8a6f209f8dbe61f2af9d365455176bcd05cb	blocked	B2/BV1	BF2 must runner-enumerate profiles and attach imported/equivalent/not-applicable/unsupported evidence.	B2-parse-facet-vue.md#vue-ea9085f91175cc6ce9e4:pass
VUE-D41E367FD5239D37FF53	compiler-sfc	packages/compiler-sfc/__tests__/compileScript/importUsageCheck.spec.ts:211:1	210fa09688a4175a66278eedcd19a026d56c2a3d	single-declaration	StringLiteral	3ecfa94f2ebe5ea6a5a1fc1d5dc2e06390677a63f1458b22995356419c8aad0c	blocked	B2/BV1	BF2 must runner-enumerate profiles and attach imported/equivalent/not-applicable/unsupported evidence.	B2-parse-facet-vue.md#vue-d41e367fd5239d37ff53:pass
VUE-9DF1DB81304D519AFB08	compiler-sfc	packages/compiler-sfc/__tests__/compileScript/importUsageCheck.spec.ts:225:1	210fa09688a4175a66278eedcd19a026d56c2a3d	single-declaration	StringLiteral	bdd002afb20042a3fddc4a7bba6f2d5e17a85c8f65e1fdede4eeb1d1288953de	blocked	B2/BV1	BF2 must runner-enumerate profiles and attach imported/equivalent/not-applicable/unsupported evidence.	B2-parse-facet-vue.md#vue-9df1db81304d519afb08:pass
VUE-6041A38D471C968A3B3F	compiler-sfc	packages/compiler-sfc/__tests__/compileScript/importUsageCheck.spec.ts:238:1	210fa09688a4175a66278eedcd19a026d56c2a3d	single-declaration	StringLiteral	2d6df0d4dad9972ac62c1e7b1b13089cfdbfc7e92fb6062d3992b1f527e58609	blocked	B2/BV1	BF2 must runner-enumerate profiles and attach imported/equivalent/not-applicable/unsupported evidence.	B2-parse-facet-vue.md#vue-6041a38d471c968a3b3f:pass
VUE-5D5B8480752644A08409	compiler-sfc	packages/compiler-sfc/__tests__/compileScript/importUsageCheck.spec.ts:255:1	210fa09688a4175a66278eedcd19a026d56c2a3d	single-declaration	StringLiteral	683255f4d86e6c9f18b562a7dd8f94f88eb9a7926e9094c8314bbee6c534ba3a	blocked	B2/BV1	BF2 must runner-enumerate profiles and attach imported/equivalent/not-applicable/unsupported evidence.	B2-parse-facet-vue.md#vue-5d5b8480752644a08409:pass
VUE-20EF30882460C9F53D6B	compiler-sfc	packages/compiler-sfc/__tests__/compileScript/importUsageCheck.spec.ts:32:1	210fa09688a4175a66278eedcd19a026d56c2a3d	single-declaration	StringLiteral	b199bdad612bd498760e5f4c03556f0c6d77d8b230e7ab9f5a501db66e7fd749	blocked	B2/BV1	BF2 must runner-enumerate profiles and attach imported/equivalent/not-applicable/unsupported evidence.	B2-parse-facet-vue.md#vue-20ef30882460c9f53d6b:pass
VUE-83B628BA71E85D18C7AF	compiler-sfc	packages/compiler-sfc/__tests__/compileScript/importUsageCheck.spec.ts:45:1	210fa09688a4175a66278eedcd19a026d56c2a3d	single-declaration	StringLiteral	879cf46bff923bff0129e3294fe8191984fa09deb943121f9fb4407f4207add8	blocked	B2/BV1	BF2 must runner-enumerate profiles and attach imported/equivalent/not-applicable/unsupported evidence.	B2-parse-facet-vue.md#vue-83b628ba71e85d18c7af:pass
VUE-D986BEBC7689996FF0E0	compiler-sfc	packages/compiler-sfc/__tests__/compileScript/importUsageCheck.spec.ts:67:1	210fa09688a4175a66278eedcd19a026d56c2a3d	single-declaration	StringLiteral	7e21a93c3b926c4fcb18be89ebdc4e02d4ade36c4c90b70992417e212933b1e5	blocked	B2/BV1	BF2 must runner-enumerate profiles and attach imported/equivalent/not-applicable/unsupported evidence.	B2-parse-facet-vue.md#vue-d986bebc7689996ff0e0:pass
VUE-6A63DADAE0B5098D63A5	compiler-sfc	packages/compiler-sfc/__tests__/compileScript/importUsageCheck.spec.ts:8:1	210fa09688a4175a66278eedcd19a026d56c2a3d	single-declaration	StringLiteral	a0ecf3389981e48485aa48fa8cc47137e1dbd8999cbe906b76231bd9817b111f	blocked	B2/BV1	BF2 must runner-enumerate profiles and attach imported/equivalent/not-applicable/unsupported evidence.	B2-parse-facet-vue.md#vue-6a63dadae0b5098d63a5:pass
VUE-A55B5825601CF78A8E51	compiler-sfc	packages/compiler-sfc/__tests__/compileScript/importUsageCheck.spec.ts:83:1	210fa09688a4175a66278eedcd19a026d56c2a3d	single-declaration	StringLiteral	3399aa593a3608e05c5902a1e7a6c677809bb61bb1032f96efa67225d591d29d	blocked	B2/BV1	BF2 must runner-enumerate profiles and attach imported/equivalent/not-applicable/unsupported evidence.	B2-parse-facet-vue.md#vue-a55b5825601cf78a8e51:pass
VUE-453911DBFA5375B143F1	compiler-sfc	packages/compiler-sfc/__tests__/compileScript/resolveType.spec.ts:1014:5	ad066c7a069823e5af5b27d73b05cc399d6f6252	single-declaration	StringLiteral	10cd0dc576719b81a4714c4389c4226365d3da06f7b63ce86cf5efc8c434dcbc	blocked	B2/BV1	BF2 must runner-enumerate profiles and attach imported/equivalent/not-applicable/unsupported evidence.	B2-parse-facet-vue.md#vue-453911dbfa5375b143f1:pass
VUE-1C0FE60ECB376BCBD7F7	compiler-sfc	packages/compiler-sfc/__tests__/compileScript/resolveType.spec.ts:1045:5	ad066c7a069823e5af5b27d73b05cc399d6f6252	single-declaration	StringLiteral	096477169a3493df6007e8d2809744947a887eaaf15151c1b35e6cf3c10adc08	blocked	B2/BV1	BF2 must runner-enumerate profiles and attach imported/equivalent/not-applicable/unsupported evidence.	B2-parse-facet-vue.md#vue-1c0fe60ecb376bcbd7f7:pass
VUE-A996077FBD5131CA0238	compiler-sfc	packages/compiler-sfc/__tests__/compileScript/resolveType.spec.ts:1061:5	ad066c7a069823e5af5b27d73b05cc399d6f6252	single-declaration	StringLiteral	503d8de51f1c4ad5df95af9701b3c9d207817455a83e232dab98d501071740e6	blocked	B2/BV1	BF2 must runner-enumerate profiles and attach imported/equivalent/not-applicable/unsupported evidence.	B2-parse-facet-vue.md#vue-a996077fbd5131ca0238:pass
VUE-295AFBFE33B53997E449	compiler-sfc	packages/compiler-sfc/__tests__/compileScript/resolveType.spec.ts:1083:5	ad066c7a069823e5af5b27d73b05cc399d6f6252	single-declaration	StringLiteral	4abfa11c5c46501c6b70407a0e6615793cd3cf7a9d8a8f72d321b9234c60c46f	blocked	B2/BV1	BF2 must runner-enumerate profiles and attach imported/equivalent/not-applicable/unsupported evidence.	B2-parse-facet-vue.md#vue-295afbfe33b53997e449:pass
VUE-B646A1B7C825BEC84D7F	compiler-sfc	packages/compiler-sfc/__tests__/compileScript/resolveType.spec.ts:110:3	ad066c7a069823e5af5b27d73b05cc399d6f6252	single-declaration	StringLiteral	2c093ce3ddd2888ce69df3ac71e0b2ff87724ef28f21255a078655cd9243f420	blocked	B2/BV1	BF2 must runner-enumerate profiles and attach imported/equivalent/not-applicable/unsupported evidence.	B2-parse-facet-vue.md#vue-b646a1b7c825bec84d7f:pass
VUE-1687D42D9E67AA154591	compiler-sfc	packages/compiler-sfc/__tests__/compileScript/resolveType.spec.ts:1104:5	ad066c7a069823e5af5b27d73b05cc399d6f6252	single-declaration	StringLiteral	2e834c1a39d0265adbaa524a1310ad574476bdb172011ad130db43dbb383cffd	blocked	B2/BV1	BF2 must runner-enumerate profiles and attach imported/equivalent/not-applicable/unsupported evidence.	B2-parse-facet-vue.md#vue-1687d42d9e67aa154591:pass
VUE-9A5D5066DEB6FF548C74	compiler-sfc	packages/compiler-sfc/__tests__/compileScript/resolveType.spec.ts:1122:5	ad066c7a069823e5af5b27d73b05cc399d6f6252	single-declaration	StringLiteral	51ac6fc10626ff46e8fe00e9154f5ad179e595f102ff625f47c041cfd1d944a5	blocked	B2/BV1	BF2 must runner-enumerate profiles and attach imported/equivalent/not-applicable/unsupported evidence.	B2-parse-facet-vue.md#vue-9a5d5066deb6ff548c74:pass
VUE-5DFAEF7697E97BED6A57	compiler-sfc	packages/compiler-sfc/__tests__/compileScript/resolveType.spec.ts:1140:5	ad066c7a069823e5af5b27d73b05cc399d6f6252	single-declaration	StringLiteral	074fdfb7944930e891ac3aab37c3d9517d9b1c18bc72d522fadaf2da1e3d0460	blocked	B2/BV1	BF2 must runner-enumerate profiles and attach imported/equivalent/not-applicable/unsupported evidence.	B2-parse-facet-vue.md#vue-5dfaef7697e97bed6a57:pass
VUE-7D97248FD916228B0846	compiler-sfc	packages/compiler-sfc/__tests__/compileScript/resolveType.spec.ts:1160:5	ad066c7a069823e5af5b27d73b05cc399d6f6252	single-declaration	StringLiteral	eb8bcd07d0eb78824d7bff01def0d5278b81a8103fcd56d17b096da4bcbf12e2	blocked	B2/BV1	BF2 must runner-enumerate profiles and attach imported/equivalent/not-applicable/unsupported evidence.	B2-parse-facet-vue.md#vue-7d97248fd916228b0846:pass
VUE-AD6FFFF7E74C75725F53	compiler-sfc	packages/compiler-sfc/__tests__/compileScript/resolveType.spec.ts:118:3	ad066c7a069823e5af5b27d73b05cc399d6f6252	single-declaration	StringLiteral	6d9ac09d502e96e82ef3f35c9cdd56351c1df51cef899d0eef2542cdcaa93faf	blocked	B2/BV1	BF2 must runner-enumerate profiles and attach imported/equivalent/not-applicable/unsupported evidence.	B2-parse-facet-vue.md#vue-ad6ffff7e74c75725f53:pass
VUE-59754AF1394AB28FDB0C	compiler-sfc	packages/compiler-sfc/__tests__/compileScript/resolveType.spec.ts:1181:5	ad066c7a069823e5af5b27d73b05cc399d6f6252	single-declaration	StringLiteral	d4303a6e48d1b9811f952bea21bf84aa6d76faee7c38afe2b429b2d2dd1e70c8	blocked	B2/BV1	BF2 must runner-enumerate profiles and attach imported/equivalent/not-applicable/unsupported evidence.	B2-parse-facet-vue.md#vue-59754af1394ab28fdb0c:pass
VUE-3061D5DD664FB9E2CACD	compiler-sfc	packages/compiler-sfc/__tests__/compileScript/resolveType.spec.ts:1200:5	ad066c7a069823e5af5b27d73b05cc399d6f6252	single-declaration	StringLiteral	bb985c007e42dc78c5fd8de4db5611a734e445bfa8cfd59f191695896c3dbce9	blocked	B2/BV1	BF2 must runner-enumerate profiles and attach imported/equivalent/not-applicable/unsupported evidence.	B2-parse-facet-vue.md#vue-3061d5dd664fb9e2cacd:pass
VUE-36C60B0D3717EAFB1D50	compiler-sfc	packages/compiler-sfc/__tests__/compileScript/resolveType.spec.ts:1218:5	ad066c7a069823e5af5b27d73b05cc399d6f6252	single-declaration	StringLiteral	e9d385abcc8d91eef03ca32037109619d931859c749babfbe22f298bf54d9b2f	blocked	B2/BV1	BF2 must runner-enumerate profiles and attach imported/equivalent/not-applicable/unsupported evidence.	B2-parse-facet-vue.md#vue-36c60b0d3717eafb1d50:pass
VUE-48E9D00DD1128415D9A2	compiler-sfc	packages/compiler-sfc/__tests__/compileScript/resolveType.spec.ts:1243:5	ad066c7a069823e5af5b27d73b05cc399d6f6252	single-declaration	StringLiteral	d1c26d05603ec7bbe7a30ff527768dbbedf97d746c3b74714336e59a25a48eb4	blocked	B2/BV1	BF2 must runner-enumerate profiles and attach imported/equivalent/not-applicable/unsupported evidence.	B2-parse-facet-vue.md#vue-48e9d00dd1128415d9a2:pass
VUE-1CA3BEC860A105EFC02A	compiler-sfc	packages/compiler-sfc/__tests__/compileScript/resolveType.spec.ts:127:3	ad066c7a069823e5af5b27d73b05cc399d6f6252	single-declaration	StringLiteral	b630cc559963b72396bbc294c0680a8e5475f84c235083ac78a8e7f2d9dd8c13	blocked	B2/BV1	BF2 must runner-enumerate profiles and attach imported/equivalent/not-applicable/unsupported evidence.	B2-parse-facet-vue.md#vue-1ca3bec860a105efc02a:pass
VUE-C69CA01ECB8D2B9D05A5	compiler-sfc	packages/compiler-sfc/__tests__/compileScript/resolveType.spec.ts:1277:5	ad066c7a069823e5af5b27d73b05cc399d6f6252	single-declaration	StringLiteral	8e09e91f19851caf1ca5001d6c601d306e110b42420f41722ebf57575e4c1dd3	blocked	B2/BV1	BF2 must runner-enumerate profiles and attach imported/equivalent/not-applicable/unsupported evidence.	B2-parse-facet-vue.md#vue-c69ca01ecb8d2b9d05a5:pass
VUE-8163B89A1957B10FB35B	compiler-sfc	packages/compiler-sfc/__tests__/compileScript/resolveType.spec.ts:1296:5	ad066c7a069823e5af5b27d73b05cc399d6f6252	single-declaration	StringLiteral	8cc91d5d0e0e98a64a1e693965af89eef90d9daa0983a9e913a5ec8e2eef7536	blocked	B2/BV1	BF2 must runner-enumerate profiles and attach imported/equivalent/not-applicable/unsupported evidence.	B2-parse-facet-vue.md#vue-8163b89a1957b10fb35b:pass
VUE-2DC02A4B18C2AA1C5568	compiler-sfc	packages/compiler-sfc/__tests__/compileScript/resolveType.spec.ts:1331:5	ad066c7a069823e5af5b27d73b05cc399d6f6252	single-declaration	StringLiteral	460ce4dc51d011a703763b4dec21f3deca3415e0dc0cfe85dc538ffca0ba7f2c	blocked	B2/BV1	BF2 must runner-enumerate profiles and attach imported/equivalent/not-applicable/unsupported evidence.	B2-parse-facet-vue.md#vue-2dc02a4b18c2aa1c5568:pass
VUE-D2D4304ECACA910688C4	compiler-sfc	packages/compiler-sfc/__tests__/compileScript/resolveType.spec.ts:1370:5	ad066c7a069823e5af5b27d73b05cc399d6f6252	single-declaration	StringLiteral	b0b16dca2483bd4f12a497326aa080fd1d9a139df23fe15d654537bc30163b21	blocked	B2/BV1	BF2 must runner-enumerate profiles and attach imported/equivalent/not-applicable/unsupported evidence.	B2-parse-facet-vue.md#vue-d2d4304ecaca910688c4:pass
VUE-29F1D76681510455CF4B	compiler-sfc	packages/compiler-sfc/__tests__/compileScript/resolveType.spec.ts:1408:5	ad066c7a069823e5af5b27d73b05cc399d6f6252	single-declaration	StringLiteral	277f58eb7078e4e4843466ef3131336aa00995c834091cff87777f2cc4efd399	blocked	B2/BV1	BF2 must runner-enumerate profiles and attach imported/equivalent/not-applicable/unsupported evidence.	B2-parse-facet-vue.md#vue-29f1d76681510455cf4b:pass
VUE-D8A9DE2F50DE1C026975	compiler-sfc	packages/compiler-sfc/__tests__/compileScript/resolveType.spec.ts:144:3	ad066c7a069823e5af5b27d73b05cc399d6f6252	single-declaration	StringLiteral	ec852f00f43191c1a09c513da2192158cfb982bddfc5768c84ec0eb578da0862	blocked	B2/BV1	BF2 must runner-enumerate profiles and attach imported/equivalent/not-applicable/unsupported evidence.	B2-parse-facet-vue.md#vue-d8a9de2f50de1c026975:pass
VUE-C77F8D17641943577F5A	compiler-sfc	packages/compiler-sfc/__tests__/compileScript/resolveType.spec.ts:1456:5	ad066c7a069823e5af5b27d73b05cc399d6f6252	single-declaration	StringLiteral	11f9eedc8f00f4e686ee4b18f98f27a89ad54769c51a18f26917e1407d5dc6d4	blocked	B2/BV1	BF2 must runner-enumerate profiles and attach imported/equivalent/not-applicable/unsupported evidence.	B2-parse-facet-vue.md#vue-c77f8d17641943577f5a:pass
VUE-34DA8A643A0AE6417BA7	compiler-sfc	packages/compiler-sfc/__tests__/compileScript/resolveType.spec.ts:1498:5	ad066c7a069823e5af5b27d73b05cc399d6f6252	single-declaration	StringLiteral	affeea7918f10dcf32a71658f07afcd1bb5f7132a546b3a111eb4a510c524d22	blocked	B2/BV1	BF2 must runner-enumerate profiles and attach imported/equivalent/not-applicable/unsupported evidence.	B2-parse-facet-vue.md#vue-34da8a643a0ae6417ba7:pass
VUE-64896962C653B9A93CF4	compiler-sfc	packages/compiler-sfc/__tests__/compileScript/resolveType.spec.ts:1526:5	ad066c7a069823e5af5b27d73b05cc399d6f6252	single-declaration	StringLiteral	099e993c132d43bfc8b718285676487fe4bd70f455de40591ce258ebf8d005f8	blocked	B2/BV1	BF2 must runner-enumerate profiles and attach imported/equivalent/not-applicable/unsupported evidence.	B2-parse-facet-vue.md#vue-64896962c653b9a93cf4:pass
VUE-79A4A9B88AF0EB47D582	compiler-sfc	packages/compiler-sfc/__tests__/compileScript/resolveType.spec.ts:1552:5	ad066c7a069823e5af5b27d73b05cc399d6f6252	single-declaration	StringLiteral	3b4047bd674a9c322ce96f2497808781355d6b28a6541ff6f91351591b3665eb	blocked	B2/BV1	BF2 must runner-enumerate profiles and attach imported/equivalent/not-applicable/unsupported evidence.	B2-parse-facet-vue.md#vue-79a4a9b88af0eb47d582:pass
VUE-C3D83C0EB7ADBFC39B3F	compiler-sfc	packages/compiler-sfc/__tests__/compileScript/resolveType.spec.ts:156:3	ad066c7a069823e5af5b27d73b05cc399d6f6252	single-declaration	StringLiteral	06782cb894acac9c28fdf140520afefade1a6f4c4034cc99d594c80afe2b95a9	blocked	B2/BV1	BF2 must runner-enumerate profiles and attach imported/equivalent/not-applicable/unsupported evidence.	B2-parse-facet-vue.md#vue-c3d83c0eb7adbfc39b3f:pass
VUE-437B811B7117770DD2DD	compiler-sfc	packages/compiler-sfc/__tests__/compileScript/resolveType.spec.ts:1579:5	ad066c7a069823e5af5b27d73b05cc399d6f6252	single-declaration	StringLiteral	9842dbe324c7e0d429f9751284c6c02de053789dc40f5c9896e55fc56cdc8895	blocked	B2/BV1	BF2 must runner-enumerate profiles and attach imported/equivalent/not-applicable/unsupported evidence.	B2-parse-facet-vue.md#vue-437b811b7117770dd2dd:pass
VUE-5CD1BFA782E84F8144CA	compiler-sfc	packages/compiler-sfc/__tests__/compileScript/resolveType.spec.ts:1624:5	ad066c7a069823e5af5b27d73b05cc399d6f6252	single-declaration	StringLiteral	4f624157b9325c261a86258cfa8d344732b82a704a2f84aa6eb9a7018c59ff02	blocked	B2/BV1	BF2 must runner-enumerate profiles and attach imported/equivalent/not-applicable/unsupported evidence.	B2-parse-facet-vue.md#vue-5cd1bfa782e84f8144ca:pass
VUE-51F0D0A24302F70BF8CC	compiler-sfc	packages/compiler-sfc/__tests__/compileScript/resolveType.spec.ts:1648:5	ad066c7a069823e5af5b27d73b05cc399d6f6252	single-declaration	StringLiteral	68efbc7d4b74c3f46b21a9d43339a4a2f93622ebb59982795cf717592594756b	blocked	B2/BV1	BF2 must runner-enumerate profiles and attach imported/equivalent/not-applicable/unsupported evidence.	B2-parse-facet-vue.md#vue-51f0d0a24302f70bf8cc:pass
VUE-42E9A59F8E8CF3898FEF	compiler-sfc	packages/compiler-sfc/__tests__/compileScript/resolveType.spec.ts:1675:5	ad066c7a069823e5af5b27d73b05cc399d6f6252	single-declaration	StringLiteral	4e1f10661db0931435b9809946dee1dcff492e2e88d319128a7d3381ba6838cb	blocked	B2/BV1	BF2 must runner-enumerate profiles and attach imported/equivalent/not-applicable/unsupported evidence.	B2-parse-facet-vue.md#vue-42e9a59f8e8cf3898fef:pass
VUE-2FA1588CC0090E3E07F4	compiler-sfc	packages/compiler-sfc/__tests__/compileScript/resolveType.spec.ts:168:3	ad066c7a069823e5af5b27d73b05cc399d6f6252	single-declaration	StringLiteral	7e32e5c08b17bbf32cb651e6dd47b071e699ac12ff4bc8f2c0cbc33263140b4d	blocked	B2/BV1	BF2 must runner-enumerate profiles and attach imported/equivalent/not-applicable/unsupported evidence.	B2-parse-facet-vue.md#vue-2fa1588cc0090e3e07f4:pass
VUE-EDB4D908B533E4BF59F5	compiler-sfc	packages/compiler-sfc/__tests__/compileScript/resolveType.spec.ts:1712:5	ad066c7a069823e5af5b27d73b05cc399d6f6252	single-declaration	StringLiteral	68313cbd9146708da767d497b416e6dd36dbee09506a9bce3a187f5073e66db7	blocked	B2/BV1	BF2 must runner-enumerate profiles and attach imported/equivalent/not-applicable/unsupported evidence.	B2-parse-facet-vue.md#vue-edb4d908b533e4bf59f5:pass
VUE-225B02E03EF5DC905DDB	compiler-sfc	packages/compiler-sfc/__tests__/compileScript/resolveType.spec.ts:1740:5	ad066c7a069823e5af5b27d73b05cc399d6f6252	single-declaration	StringLiteral	8b88d8bb780e4925430ce3092fdf4e4fc1efa7642108f09a61243db8404bad49	blocked	B2/BV1	BF2 must runner-enumerate profiles and attach imported/equivalent/not-applicable/unsupported evidence.	B2-parse-facet-vue.md#vue-225b02e03ef5dc905ddb:pass
VUE-D036E77AACF24DBEE101	compiler-sfc	packages/compiler-sfc/__tests__/compileScript/resolveType.spec.ts:1760:5	ad066c7a069823e5af5b27d73b05cc399d6f6252	single-declaration	StringLiteral	4b0bd92aa59e77f1ad94329de54ff26346882858b089f036c25563e34644a438	blocked	B2/BV1	BF2 must runner-enumerate profiles and attach imported/equivalent/not-applicable/unsupported evidence.	B2-parse-facet-vue.md#vue-d036e77aacf24dbee101:pass
VUE-F1EB2E042546225618D6	compiler-sfc	packages/compiler-sfc/__tests__/compileScript/resolveType.spec.ts:1778:5	ad066c7a069823e5af5b27d73b05cc399d6f6252	single-declaration	BinaryExpression	6bb38c85356667a59c52c37d59f6a4dd5306e544599f9532330041f8b03bdfe5	blocked	B2/BV1	BF2 must runner-enumerate profiles and attach imported/equivalent/not-applicable/unsupported evidence.	B2-parse-facet-vue.md#vue-f1eb2e042546225618d6:pass
VUE-0B76F16040349F81DDCB	compiler-sfc	packages/compiler-sfc/__tests__/compileScript/resolveType.spec.ts:18:3	ad066c7a069823e5af5b27d73b05cc399d6f6252	single-declaration	StringLiteral	5a8ec801176d17cdc6f0b27788ffe98c1bdb4a8366461737690ceb28a1104f3b	blocked	B2/BV1	BF2 must runner-enumerate profiles and attach imported/equivalent/not-applicable/unsupported evidence.	B2-parse-facet-vue.md#vue-0b76f16040349f81ddcb:pass
VUE-62C455E313451F1F5429	compiler-sfc	packages/compiler-sfc/__tests__/compileScript/resolveType.spec.ts:180:3	ad066c7a069823e5af5b27d73b05cc399d6f6252	single-declaration	StringLiteral	5fef93166541b44abca9e491369e0e296ab41c2560f9b5d2855cc5e47fc8204f	blocked	B2/BV1	BF2 must runner-enumerate profiles and attach imported/equivalent/not-applicable/unsupported evidence.	B2-parse-facet-vue.md#vue-62c455e313451f1f5429:pass
VUE-3212F1F9582A688D068A	compiler-sfc	packages/compiler-sfc/__tests__/compileScript/resolveType.spec.ts:1820:5	ad066c7a069823e5af5b27d73b05cc399d6f6252	single-declaration	StringLiteral	6b858781f704817975b02898b219a8f24f401d785fd58eb5558f94760587b292	blocked	B2/BV1	BF2 must runner-enumerate profiles and attach imported/equivalent/not-applicable/unsupported evidence.	B2-parse-facet-vue.md#vue-3212f1f9582a688d068a:pass
VUE-0E53713E4D25A402EDC7	compiler-sfc	packages/compiler-sfc/__tests__/compileScript/resolveType.spec.ts:1849:5	ad066c7a069823e5af5b27d73b05cc399d6f6252	single-declaration	StringLiteral	232d3aa943bc7b6a37e38cd255911cd152633869012e2b359ee69038f987e14a	blocked	B2/BV1	BF2 must runner-enumerate profiles and attach imported/equivalent/not-applicable/unsupported evidence.	B2-parse-facet-vue.md#vue-0e53713e4d25a402edc7:pass
VUE-07596A247343F04AD3F4	compiler-sfc	packages/compiler-sfc/__tests__/compileScript/resolveType.spec.ts:1855:5	ad066c7a069823e5af5b27d73b05cc399d6f6252	single-declaration	StringLiteral	bc4cf55fdfc6be7f1f8f6bf7a990c3ee7ad9261e72a3115aed8f09ea25644b62	blocked	B2/BV1	BF2 must runner-enumerate profiles and attach imported/equivalent/not-applicable/unsupported evidence.	B2-parse-facet-vue.md#vue-07596a247343f04ad3f4:pass
VUE-FE3534ADCD2A41DC719D	compiler-sfc	packages/compiler-sfc/__tests__/compileScript/resolveType.spec.ts:1861:5	ad066c7a069823e5af5b27d73b05cc399d6f6252	single-declaration	StringLiteral	bbbadb89b046e300b502fb539011a53aec79ac91ee03705929227c4b34fb0797	blocked	B2/BV1	BF2 must runner-enumerate profiles and attach imported/equivalent/not-applicable/unsupported evidence.	B2-parse-facet-vue.md#vue-fe3534adcd2a41dc719d:pass
VUE-D5D1C6D772243DEA55E3	compiler-sfc	packages/compiler-sfc/__tests__/compileScript/resolveType.spec.ts:1867:5	ad066c7a069823e5af5b27d73b05cc399d6f6252	single-declaration	StringLiteral	f5755985bf4b4ef401bc5a8abe1ecf98afb3caee3a58f557970eb89ffdfe538d	blocked	B2/BV1	BF2 must runner-enumerate profiles and attach imported/equivalent/not-applicable/unsupported evidence.	B2-parse-facet-vue.md#vue-d5d1c6d772243dea55e3:pass
VUE-A5D386E3A7437CC525DF	compiler-sfc	packages/compiler-sfc/__tests__/compileScript/resolveType.spec.ts:1873:5	ad066c7a069823e5af5b27d73b05cc399d6f6252	single-declaration	StringLiteral	90b48e6415ef9995a4a00f1a4e9e58d883ac6995393f9486f3c60f99252933c5	blocked	B2/BV1	BF2 must runner-enumerate profiles and attach imported/equivalent/not-applicable/unsupported evidence.	B2-parse-facet-vue.md#vue-a5d386e3a7437cc525df:pass
VUE-7370EA37DA8E77A27DEF	compiler-sfc	packages/compiler-sfc/__tests__/compileScript/resolveType.spec.ts:1884:5	ad066c7a069823e5af5b27d73b05cc399d6f6252	single-declaration	StringLiteral	345da9589edecc9ca517b233a6438663a7108d42a4719e8885bcc3efd959d092	blocked	B2/BV1	BF2 must runner-enumerate profiles and attach imported/equivalent/not-applicable/unsupported evidence.	B2-parse-facet-vue.md#vue-7370ea37da8e77a27def:pass
VUE-92C55FFC27E9BE832CDC	compiler-sfc	packages/compiler-sfc/__tests__/compileScript/resolveType.spec.ts:1894:5	ad066c7a069823e5af5b27d73b05cc399d6f6252	single-declaration	StringLiteral	7493a8638069ff34a886f9d89fc6c724b25cc49f67987b96ebd603d77cde37f6	blocked	B2/BV1	BF2 must runner-enumerate profiles and attach imported/equivalent/not-applicable/unsupported evidence.	B2-parse-facet-vue.md#vue-92c55ffc27e9be832cdc:pass
VUE-8B2E75C087137A99B250	compiler-sfc	packages/compiler-sfc/__tests__/compileScript/resolveType.spec.ts:1915:5	ad066c7a069823e5af5b27d73b05cc399d6f6252	single-declaration	StringLiteral	a1205d092a65e9403f15d917883698b1968fbd485989f05fbb70182c878424cc	blocked	B2/BV1	BF2 must runner-enumerate profiles and attach imported/equivalent/not-applicable/unsupported evidence.	B2-parse-facet-vue.md#vue-8b2e75c087137a99b250:pass
VUE-1B2F45DFDC071DEF08EB	compiler-sfc	packages/compiler-sfc/__tests__/compileScript/resolveType.spec.ts:192:3	ad066c7a069823e5af5b27d73b05cc399d6f6252	single-declaration	StringLiteral	52cb4158e3fb8b70dd978c8406a3ed5ae563f65fa4908911e998703997ea25e7	blocked	B2/BV1	BF2 must runner-enumerate profiles and attach imported/equivalent/not-applicable/unsupported evidence.	B2-parse-facet-vue.md#vue-1b2f45dfdc071def08eb:pass
VUE-4663ECDBC80ED93AC537	compiler-sfc	packages/compiler-sfc/__tests__/compileScript/resolveType.spec.ts:1928:5	ad066c7a069823e5af5b27d73b05cc399d6f6252	single-declaration	StringLiteral	e6456ce0c210dec9ac63be90ee400fe8e04e00e587db77e69d285c53fcfa8945	blocked	B2/BV1	BF2 must runner-enumerate profiles and attach imported/equivalent/not-applicable/unsupported evidence.	B2-parse-facet-vue.md#vue-4663ecdbc80ed93ac537:pass
VUE-8E8F6F261DCC4CF66075	compiler-sfc	packages/compiler-sfc/__tests__/compileScript/resolveType.spec.ts:1944:5	ad066c7a069823e5af5b27d73b05cc399d6f6252	single-declaration	StringLiteral	be5b7e39cd1c9db16e4ae03ed7d8da1b6e9b7a21510f72b2f5da4fffec05c74f	blocked	B2/BV1	BF2 must runner-enumerate profiles and attach imported/equivalent/not-applicable/unsupported evidence.	B2-parse-facet-vue.md#vue-8e8f6f261dcc4cf66075:pass
VUE-255BFE65EB03B655DA10	compiler-sfc	packages/compiler-sfc/__tests__/compileScript/resolveType.spec.ts:1968:5	ad066c7a069823e5af5b27d73b05cc399d6f6252	single-declaration	StringLiteral	85dd80c5eed6e556e57c90a7ae17f33c7d81694b83d4eee5e7395104bc10cfed	blocked	B2/BV1	BF2 must runner-enumerate profiles and attach imported/equivalent/not-applicable/unsupported evidence.	B2-parse-facet-vue.md#vue-255bfe65eb03b655da10:pass
VUE-2B431EC7A030E0BCE8C9	compiler-sfc	packages/compiler-sfc/__tests__/compileScript/resolveType.spec.ts:2002:5	ad066c7a069823e5af5b27d73b05cc399d6f6252	single-declaration	StringLiteral	030d8f03894321fd5aa2eecb19dfac5c4cb92b83e52cf85e799a0ffb25362b47	blocked	B2/BV1	BF2 must runner-enumerate profiles and attach imported/equivalent/not-applicable/unsupported evidence.	B2-parse-facet-vue.md#vue-2b431ec7a030e0bce8c9:pass
VUE-A061D464314FDD64309E	compiler-sfc	packages/compiler-sfc/__tests__/compileScript/resolveType.spec.ts:2022:5	ad066c7a069823e5af5b27d73b05cc399d6f6252	single-declaration	StringLiteral	ffbe3fabb2fdf3d257aad6e1b1702aea01898ea32b3bd74ca3cab349580d235b	blocked	B2/BV1	BF2 must runner-enumerate profiles and attach imported/equivalent/not-applicable/unsupported evidence.	B2-parse-facet-vue.md#vue-a061d464314fdd64309e:pass
VUE-1346B37AD30F2CE16719	compiler-sfc	packages/compiler-sfc/__tests__/compileScript/resolveType.spec.ts:2042:5	ad066c7a069823e5af5b27d73b05cc399d6f6252	single-declaration	StringLiteral	73c8a9793ccdab312c98e137d52dee11fab6d39e48d9973fde1e043e9c1e4dc8	blocked	B2/BV1	BF2 must runner-enumerate profiles and attach imported/equivalent/not-applicable/unsupported evidence.	B2-parse-facet-vue.md#vue-1346b37ad30f2ce16719:pass
VUE-9DB7FF5D3DA0F21905AE	compiler-sfc	packages/compiler-sfc/__tests__/compileScript/resolveType.spec.ts:220:3	ad066c7a069823e5af5b27d73b05cc399d6f6252	single-declaration	StringLiteral	37652892054f8f8f474eadd126007175d4bce1b13931130808870dc27f208c7a	blocked	B2/BV1	BF2 must runner-enumerate profiles and attach imported/equivalent/not-applicable/unsupported evidence.	B2-parse-facet-vue.md#vue-9db7ff5d3da0f21905ae:pass
VUE-A1353C6FD470A3395C0C	compiler-sfc	packages/compiler-sfc/__tests__/compileScript/resolveType.spec.ts:237:3	ad066c7a069823e5af5b27d73b05cc399d6f6252	single-declaration	StringLiteral	c65c67a8023ba4ed7908b8682538a8dbac0d57d3579ee465648612cac7928caf	blocked	B2/BV1	BF2 must runner-enumerate profiles and attach imported/equivalent/not-applicable/unsupported evidence.	B2-parse-facet-vue.md#vue-a1353c6fd470a3395c0c:pass
VUE-A85EAE64383FA7BEBF8F	compiler-sfc	packages/compiler-sfc/__tests__/compileScript/resolveType.spec.ts:263:3	ad066c7a069823e5af5b27d73b05cc399d6f6252	single-declaration	StringLiteral	ba06f3a5eebcfdd407b75a608757eb466f80e1db5bb492497d52a65687fe5871	blocked	B2/BV1	BF2 must runner-enumerate profiles and attach imported/equivalent/not-applicable/unsupported evidence.	B2-parse-facet-vue.md#vue-a85eae64383fa7bebf8f:pass
VUE-30D34CB7C66B06B98BC5	compiler-sfc	packages/compiler-sfc/__tests__/compileScript/resolveType.spec.ts:279:3	ad066c7a069823e5af5b27d73b05cc399d6f6252	single-declaration	StringLiteral	2d1377882f1f0769f07b8e6aa69ffd4c4f1c0d7c4eeabbf601a24b5d8432218e	blocked	B2/BV1	BF2 must runner-enumerate profiles and attach imported/equivalent/not-applicable/unsupported evidence.	B2-parse-facet-vue.md#vue-30d34cb7c66b06b98bc5:pass
VUE-53E7B016828B7A55A0F0	compiler-sfc	packages/compiler-sfc/__tests__/compileScript/resolveType.spec.ts:295:3	ad066c7a069823e5af5b27d73b05cc399d6f6252	single-declaration	StringLiteral	8731caa8b8f73da490c3bd771678e6cc0edee50a480659c453da969a9c6b87e8	blocked	B2/BV1	BF2 must runner-enumerate profiles and attach imported/equivalent/not-applicable/unsupported evidence.	B2-parse-facet-vue.md#vue-53e7b016828b7a55a0f0:pass
VUE-AD44B9FB6AC054017B8E	compiler-sfc	packages/compiler-sfc/__tests__/compileScript/resolveType.spec.ts:308:3	ad066c7a069823e5af5b27d73b05cc399d6f6252	single-declaration	StringLiteral	df32d6a5dd165469127a059924b4092e97a1b3b3165ae64ba5c72aca9735b96f	blocked	B2/BV1	BF2 must runner-enumerate profiles and attach imported/equivalent/not-applicable/unsupported evidence.	B2-parse-facet-vue.md#vue-ad44b9fb6ac054017b8e:pass
VUE-CED22233EC045D26E567	compiler-sfc	packages/compiler-sfc/__tests__/compileScript/resolveType.spec.ts:320:3	ad066c7a069823e5af5b27d73b05cc399d6f6252	single-declaration	StringLiteral	e1815aef1ca7eb24267fcef889ce143795c357f77d22c977500d3825ccd0ff89	blocked	B2/BV1	BF2 must runner-enumerate profiles and attach imported/equivalent/not-applicable/unsupported evidence.	B2-parse-facet-vue.md#vue-ced22233ec045d26e567:pass
VUE-A3F5F56A2C22EB94799D	compiler-sfc	packages/compiler-sfc/__tests__/compileScript/resolveType.spec.ts:337:3	ad066c7a069823e5af5b27d73b05cc399d6f6252	single-declaration	StringLiteral	ff266268f61dc0b59b03da36448925a7ffb18797fa6c028dafc4ef650319fa28	blocked	B2/BV1	BF2 must runner-enumerate profiles and attach imported/equivalent/not-applicable/unsupported evidence.	B2-parse-facet-vue.md#vue-a3f5f56a2c22eb94799d:pass
VUE-159D88A4D8EAD169100D	compiler-sfc	packages/compiler-sfc/__tests__/compileScript/resolveType.spec.ts:347:3	ad066c7a069823e5af5b27d73b05cc399d6f6252	single-declaration	StringLiteral	af3284146bb004ada67f7535425d764737908f2ca2554f101f0d729e2a6a6de5	blocked	B2/BV1	BF2 must runner-enumerate profiles and attach imported/equivalent/not-applicable/unsupported evidence.	B2-parse-facet-vue.md#vue-159d88a4d8ead169100d:pass
VUE-7A11F684ED3AFB8BDFCA	compiler-sfc	packages/compiler-sfc/__tests__/compileScript/resolveType.spec.ts:358:3	ad066c7a069823e5af5b27d73b05cc399d6f6252	single-declaration	StringLiteral	75f180ae0169e65e53f61bc6511eeb719fdf0c003433d7af8fc5b04190425fac	blocked	B2/BV1	BF2 must runner-enumerate profiles and attach imported/equivalent/not-applicable/unsupported evidence.	B2-parse-facet-vue.md#vue-7a11f684ed3afb8bdfca:pass
VUE-D350796FE75A3F0D1F35	compiler-sfc	packages/compiler-sfc/__tests__/compileScript/resolveType.spec.ts:370:3	ad066c7a069823e5af5b27d73b05cc399d6f6252	single-declaration	StringLiteral	318907f7c3aa32c2318eaaeee1a6bb0b9c654d57ec7e55c9898d116d8bcbf33c	blocked	B2/BV1	BF2 must runner-enumerate profiles and attach imported/equivalent/not-applicable/unsupported evidence.	B2-parse-facet-vue.md#vue-d350796fe75a3f0d1f35:pass
VUE-27C2EF9550466267A53B	compiler-sfc	packages/compiler-sfc/__tests__/compileScript/resolveType.spec.ts:38:3	ad066c7a069823e5af5b27d73b05cc399d6f6252	single-declaration	StringLiteral	9a10b33dac96dac10be6d5d1ca9091cbb420b39b4c864c9f875da8aed8fb1714	blocked	B2/BV1	BF2 must runner-enumerate profiles and attach imported/equivalent/not-applicable/unsupported evidence.	B2-parse-facet-vue.md#vue-27c2ef9550466267a53b:pass
VUE-D32B2E35CC5476DA2647	compiler-sfc	packages/compiler-sfc/__tests__/compileScript/resolveType.spec.ts:384:3	ad066c7a069823e5af5b27d73b05cc399d6f6252	single-declaration	StringLiteral	d67a69fe086582a952309daa02cd3fef27f679d0e1011a0812da90ed74e50291	blocked	B2/BV1	BF2 must runner-enumerate profiles and attach imported/equivalent/not-applicable/unsupported evidence.	B2-parse-facet-vue.md#vue-d32b2e35cc5476da2647:pass
VUE-2C6BDB15988ACED2ED41	compiler-sfc	packages/compiler-sfc/__tests__/compileScript/resolveType.spec.ts:401:3	ad066c7a069823e5af5b27d73b05cc399d6f6252	single-declaration	StringLiteral	13e20649a26d2424eadf671023cbc3e1fd95f2cb060a2bb40f40b5e77dbf101c	blocked	B2/BV1	BF2 must runner-enumerate profiles and attach imported/equivalent/not-applicable/unsupported evidence.	B2-parse-facet-vue.md#vue-2c6bdb15988aced2ed41:pass
VUE-3FD569FADE4EDE5A6F28	compiler-sfc	packages/compiler-sfc/__tests__/compileScript/resolveType.spec.ts:420:3	ad066c7a069823e5af5b27d73b05cc399d6f6252	single-declaration	StringLiteral	86613ed770deec570e48ff594f4d5ea698e2b1181f0f9ae8da05e0783e5cddeb	blocked	B2/BV1	BF2 must runner-enumerate profiles and attach imported/equivalent/not-applicable/unsupported evidence.	B2-parse-facet-vue.md#vue-3fd569fade4ede5a6f28:pass
VUE-F4242BD76DB13213CCAA	compiler-sfc	packages/compiler-sfc/__tests__/compileScript/resolveType.spec.ts:440:3	ad066c7a069823e5af5b27d73b05cc399d6f6252	single-declaration	StringLiteral	e305e2b8d0876b97b9ba16af0da9400205c06d7204b9d1e2c42ec5025235215c	blocked	B2/BV1	BF2 must runner-enumerate profiles and attach imported/equivalent/not-applicable/unsupported evidence.	B2-parse-facet-vue.md#vue-f4242bd76db13213ccaa:pass
VUE-9BBE50E175E9A9D6CB27	compiler-sfc	packages/compiler-sfc/__tests__/compileScript/resolveType.spec.ts:460:3	ad066c7a069823e5af5b27d73b05cc399d6f6252	single-declaration	StringLiteral	06201fe56e40013bee0196d518681e0aa5e696136b1a6623465921ceab7a2c18	blocked	B2/BV1	BF2 must runner-enumerate profiles and attach imported/equivalent/not-applicable/unsupported evidence.	B2-parse-facet-vue.md#vue-9bbe50e175e9a9d6cb27:pass
VUE-08A8F3513D32475D375A	compiler-sfc	packages/compiler-sfc/__tests__/compileScript/resolveType.spec.ts:480:3	ad066c7a069823e5af5b27d73b05cc399d6f6252	single-declaration	StringLiteral	88d6fd40858a2da2c6c6fc5598f37f2405417ea6741135397b7cbe2e7fc220db	blocked	B2/BV1	BF2 must runner-enumerate profiles and attach imported/equivalent/not-applicable/unsupported evidence.	B2-parse-facet-vue.md#vue-08a8f3513d32475d375a:pass
VUE-DE89FF0202BE4249BE4B	compiler-sfc	packages/compiler-sfc/__tests__/compileScript/resolveType.spec.ts:49:3	ad066c7a069823e5af5b27d73b05cc399d6f6252	single-declaration	StringLiteral	d0195d0ae0f78811d1530e168f8f0c581abb1c4e459e4c9fbd7c93e7edecf922	blocked	B2/BV1	BF2 must runner-enumerate profiles and attach imported/equivalent/not-applicable/unsupported evidence.	B2-parse-facet-vue.md#vue-de89ff0202be4249be4b:pass
VUE-DA653DFB4A5EBC21F65A	compiler-sfc	packages/compiler-sfc/__tests__/compileScript/resolveType.spec.ts:498:3	ad066c7a069823e5af5b27d73b05cc399d6f6252	single-declaration	StringLiteral	7a3640cfe92e9ed05ebd6ad10e15e80b695b0a68b1253c4f7dde20887186d6ce	blocked	B2/BV1	BF2 must runner-enumerate profiles and attach imported/equivalent/not-applicable/unsupported evidence.	B2-parse-facet-vue.md#vue-da653dfb4a5ebc21f65a:pass
VUE-C4474C743E975553C04C	compiler-sfc	packages/compiler-sfc/__tests__/compileScript/resolveType.spec.ts:509:3	ad066c7a069823e5af5b27d73b05cc399d6f6252	single-declaration	StringLiteral	86492c1da142931667232f3b9d51b6e02b41576f48297c349c4419676ec9ae83	blocked	B2/BV1	BF2 must runner-enumerate profiles and attach imported/equivalent/not-applicable/unsupported evidence.	B2-parse-facet-vue.md#vue-c4474c743e975553c04c:pass
VUE-F3D976B41A1AFB2FD5D6	compiler-sfc	packages/compiler-sfc/__tests__/compileScript/resolveType.spec.ts:519:3	ad066c7a069823e5af5b27d73b05cc399d6f6252	single-declaration	StringLiteral	24d85df0b3aa421152e12dde672a5e49ccdb6766803bdb0593dec5ba195c6acb	blocked	B2/BV1	BF2 must runner-enumerate profiles and attach imported/equivalent/not-applicable/unsupported evidence.	B2-parse-facet-vue.md#vue-f3d976b41a1afb2fd5d6:pass
VUE-675943134D1BBB966E78	compiler-sfc	packages/compiler-sfc/__tests__/compileScript/resolveType.spec.ts:555:3	ad066c7a069823e5af5b27d73b05cc399d6f6252	single-declaration	StringLiteral	1f0ebd7a571ab4abb5e856c5b3f4e50bed5be4564965a0eb2af354fa7bf28c4c	blocked	B2/BV1	BF2 must runner-enumerate profiles and attach imported/equivalent/not-applicable/unsupported evidence.	B2-parse-facet-vue.md#vue-675943134d1bbb966e78:pass
VUE-0EAE7D79468AFA606826	compiler-sfc	packages/compiler-sfc/__tests__/compileScript/resolveType.spec.ts:585:3	ad066c7a069823e5af5b27d73b05cc399d6f6252	single-declaration	StringLiteral	a4bbfc344df913a5e3281a754104c5ac556a74ac788d6e93cf43815efcd26c85	blocked	B2/BV1	BF2 must runner-enumerate profiles and attach imported/equivalent/not-applicable/unsupported evidence.	B2-parse-facet-vue.md#vue-0eae7d79468afa606826:pass
VUE-730ED0E1E668A4E5414C	compiler-sfc	packages/compiler-sfc/__tests__/compileScript/resolveType.spec.ts:597:3	ad066c7a069823e5af5b27d73b05cc399d6f6252	single-declaration	StringLiteral	55f6082f0c7329e367d8563b371512d5f2a590dc4105f95327b873edf8934c23	blocked	B2/BV1	BF2 must runner-enumerate profiles and attach imported/equivalent/not-applicable/unsupported evidence.	B2-parse-facet-vue.md#vue-730ed0e1e668a4e5414c:pass
VUE-604E52D65466A8874758	compiler-sfc	packages/compiler-sfc/__tests__/compileScript/resolveType.spec.ts:60:3	ad066c7a069823e5af5b27d73b05cc399d6f6252	single-declaration	StringLiteral	28ad8f3957f6c48052ea86867220009a998a990196c8f262ebe45fc663016434	blocked	B2/BV1	BF2 must runner-enumerate profiles and attach imported/equivalent/not-applicable/unsupported evidence.	B2-parse-facet-vue.md#vue-604e52d65466a8874758:pass
VUE-995F3CF98E1592B3DA9E	compiler-sfc	packages/compiler-sfc/__tests__/compileScript/resolveType.spec.ts:609:3	ad066c7a069823e5af5b27d73b05cc399d6f6252	single-declaration	StringLiteral	7d0fd3190694705ea0f342fab962dd03f119d3c0cc0af24ad6a44963241a90b2	blocked	B2/BV1	BF2 must runner-enumerate profiles and attach imported/equivalent/not-applicable/unsupported evidence.	B2-parse-facet-vue.md#vue-995f3cf98e1592b3da9e:pass
VUE-14D88A5F28DE75CF3CE3	compiler-sfc	packages/compiler-sfc/__tests__/compileScript/resolveType.spec.ts:640:3	ad066c7a069823e5af5b27d73b05cc399d6f6252	single-declaration	StringLiteral	7268623aa8e42508dbbf0edd6e5623647fcc62305ecf31d8b892414ed767bf2d	blocked	B2/BV1	BF2 must runner-enumerate profiles and attach imported/equivalent/not-applicable/unsupported evidence.	B2-parse-facet-vue.md#vue-14d88a5f28de75cf3ce3:pass
VUE-C2CC307E161FCBBE6D38	compiler-sfc	packages/compiler-sfc/__tests__/compileScript/resolveType.spec.ts:655:3	ad066c7a069823e5af5b27d73b05cc399d6f6252	single-declaration	StringLiteral	33799e9f63d90b7a6f7ba8a2e93938c6e96eb2c5a7dadfd4ed8de45931356a1e	blocked	B2/BV1	BF2 must runner-enumerate profiles and attach imported/equivalent/not-applicable/unsupported evidence.	B2-parse-facet-vue.md#vue-c2cc307e161fcbbe6d38:pass
VUE-D4EEA9852A91E59DE501	compiler-sfc	packages/compiler-sfc/__tests__/compileScript/resolveType.spec.ts:674:3	ad066c7a069823e5af5b27d73b05cc399d6f6252	single-declaration	StringLiteral	cee8025de189982d6c40e76c2adccfbd7cc7f98b17dcdd4af55a90293a1b9779	blocked	B2/BV1	BF2 must runner-enumerate profiles and attach imported/equivalent/not-applicable/unsupported evidence.	B2-parse-facet-vue.md#vue-d4eea9852a91e59de501:pass
VUE-DB00903ADF69CE84CB5E	compiler-sfc	packages/compiler-sfc/__tests__/compileScript/resolveType.spec.ts:693:3	ad066c7a069823e5af5b27d73b05cc399d6f6252	single-declaration	StringLiteral	bbdd142769d5f9ee768959fbf64e1fe019f585c6f1d4905033fe1634ab920c7e	blocked	B2/BV1	BF2 must runner-enumerate profiles and attach imported/equivalent/not-applicable/unsupported evidence.	B2-parse-facet-vue.md#vue-db00903adf69ce84cb5e:pass
VUE-4E16FC4C44C5CC85783D	compiler-sfc	packages/compiler-sfc/__tests__/compileScript/resolveType.spec.ts:71:3	ad066c7a069823e5af5b27d73b05cc399d6f6252	single-declaration	StringLiteral	d29a0b24588fda4daa863fb8fd42c117ffad096f5c5274f2ace1af0f6a30fb49	blocked	B2/BV1	BF2 must runner-enumerate profiles and attach imported/equivalent/not-applicable/unsupported evidence.	B2-parse-facet-vue.md#vue-4e16fc4c44c5cc85783d:pass
VUE-C77C93A7E38A67A58A9B	compiler-sfc	packages/compiler-sfc/__tests__/compileScript/resolveType.spec.ts:714:3	ad066c7a069823e5af5b27d73b05cc399d6f6252	single-declaration	StringLiteral	69274630f2a7943a4f0e7133fda6bc211449eea64a4ee942517e809bfa0d8972	blocked	B2/BV1	BF2 must runner-enumerate profiles and attach imported/equivalent/not-applicable/unsupported evidence.	B2-parse-facet-vue.md#vue-c77c93a7e38a67a58a9b:pass
VUE-DBC9157DD64F22D55EF5	compiler-sfc	packages/compiler-sfc/__tests__/compileScript/resolveType.spec.ts:736:3	ad066c7a069823e5af5b27d73b05cc399d6f6252	single-declaration	StringLiteral	30819a2fc8008fe2562aa4cfb0ce4f081db938a5719cad067a569c36a4d34c49	blocked	B2/BV1	BF2 must runner-enumerate profiles and attach imported/equivalent/not-applicable/unsupported evidence.	B2-parse-facet-vue.md#vue-dbc9157dd64f22d55ef5:pass
VUE-9DB1F0F978E99988AC9B	compiler-sfc	packages/compiler-sfc/__tests__/compileScript/resolveType.spec.ts:754:3	ad066c7a069823e5af5b27d73b05cc399d6f6252	single-declaration	StringLiteral	b15d3cc9888bafb308dd5402efad166ab60e5bebe93e47614b1862d6a979b151	blocked	B2/BV1	BF2 must runner-enumerate profiles and attach imported/equivalent/not-applicable/unsupported evidence.	B2-parse-facet-vue.md#vue-9db1f0f978e99988ac9b:pass
VUE-76A28EB6F659CCC7C985	compiler-sfc	packages/compiler-sfc/__tests__/compileScript/resolveType.spec.ts:773:3	ad066c7a069823e5af5b27d73b05cc399d6f6252	single-declaration	StringLiteral	29f35f330f11f5d2aec27e4563310ba2541c435b6c4f9c0c437687e2d11a788b	blocked	B2/BV1	BF2 must runner-enumerate profiles and attach imported/equivalent/not-applicable/unsupported evidence.	B2-parse-facet-vue.md#vue-76a28eb6f659ccc7c985:pass
VUE-D266996D423611E559F7	compiler-sfc	packages/compiler-sfc/__tests__/compileScript/resolveType.spec.ts:791:5	ad066c7a069823e5af5b27d73b05cc399d6f6252	single-declaration	StringLiteral	2c093ce3ddd2888ce69df3ac71e0b2ff87724ef28f21255a078655cd9243f420	blocked	B2/BV1	BF2 must runner-enumerate profiles and attach imported/equivalent/not-applicable/unsupported evidence.	B2-parse-facet-vue.md#vue-d266996d423611e559f7:pass
VUE-28890C53C5EE7E0DE059	compiler-sfc	packages/compiler-sfc/__tests__/compileScript/resolveType.spec.ts:807:5	ad066c7a069823e5af5b27d73b05cc399d6f6252	single-declaration	StringLiteral	a50ef688dfe445df0317760e9247306e98eac602a30c1a58a156a89dfa41c66e	blocked	B2/BV1	BF2 must runner-enumerate profiles and attach imported/equivalent/not-applicable/unsupported evidence.	B2-parse-facet-vue.md#vue-28890c53c5ee7e0de059:pass
VUE-8D4DF5D5A26C01019E61	compiler-sfc	packages/compiler-sfc/__tests__/compileScript/resolveType.spec.ts:82:3	ad066c7a069823e5af5b27d73b05cc399d6f6252	single-declaration	StringLiteral	221eac9b35be8270179a3e6a252fb3a835577031c0961f49b0f22ef41054e0f6	blocked	B2/BV1	BF2 must runner-enumerate profiles and attach imported/equivalent/not-applicable/unsupported evidence.	B2-parse-facet-vue.md#vue-8d4df5d5a26c01019e61:pass
VUE-CFF217638D789EE03AFA	compiler-sfc	packages/compiler-sfc/__tests__/compileScript/resolveType.spec.ts:820:5	ad066c7a069823e5af5b27d73b05cc399d6f6252	single-declaration	StringLiteral	d40199053a483f59ef087ea94228f16538f395a9e973c024162b6f4e04b131e9	blocked	B2/BV1	BF2 must runner-enumerate profiles and attach imported/equivalent/not-applicable/unsupported evidence.	B2-parse-facet-vue.md#vue-cff217638d789ee03afa:pass
VUE-07782A51B998A44A1D7B	compiler-sfc	packages/compiler-sfc/__tests__/compileScript/resolveType.spec.ts:832:5	ad066c7a069823e5af5b27d73b05cc399d6f6252	single-declaration	StringLiteral	715db3d81b98995c0460a510ad9638e25c6393e4cf9fa71030386597b4273da7	blocked	B2/BV1	BF2 must runner-enumerate profiles and attach imported/equivalent/not-applicable/unsupported evidence.	B2-parse-facet-vue.md#vue-07782a51b998a44a1d7b:pass
VUE-E3641C3E666F2BF97D58	compiler-sfc	packages/compiler-sfc/__tests__/compileScript/resolveType.spec.ts:856:5	ad066c7a069823e5af5b27d73b05cc399d6f6252	single-declaration	StringLiteral	bc4b06fc098250205fb4b3f948707ec9b94d885ba4f0ebc0f923e486ee565c8a	blocked	B2/BV1	BF2 must runner-enumerate profiles and attach imported/equivalent/not-applicable/unsupported evidence.	B2-parse-facet-vue.md#vue-e3641c3e666f2bf97d58:pass
VUE-C2FA67A86217AA1E5968	compiler-sfc	packages/compiler-sfc/__tests__/compileScript/resolveType.spec.ts:888:5	ad066c7a069823e5af5b27d73b05cc399d6f6252	single-declaration	StringLiteral	133e9e8e2206c1d8af192aae788c162e49118baaa83790e3096747e07612cf81	blocked	B2/BV1	BF2 must runner-enumerate profiles and attach imported/equivalent/not-applicable/unsupported evidence.	B2-parse-facet-vue.md#vue-c2fa67a86217aa1e5968:pass
VUE-7314E932CBAE0B68C8C5	compiler-sfc	packages/compiler-sfc/__tests__/compileScript/resolveType.spec.ts:899:5	ad066c7a069823e5af5b27d73b05cc399d6f6252	single-declaration	StringLiteral	5da5b6d18e62e2b75c60d52b9692a1f085ba4358c7099948eb07ae313f60e659	blocked	B2/BV1	BF2 must runner-enumerate profiles and attach imported/equivalent/not-applicable/unsupported evidence.	B2-parse-facet-vue.md#vue-7314e932cbae0b68c8c5:pass
VUE-1B7779F1F56E8D0FB313	compiler-sfc	packages/compiler-sfc/__tests__/compileScript/resolveType.spec.ts:914:5	ad066c7a069823e5af5b27d73b05cc399d6f6252	single-declaration	StringLiteral	3bea0b6e3de3b3c4ff1f5264171793a14851868a7a29a429055a8e76a2a7085b	blocked	B2/BV1	BF2 must runner-enumerate profiles and attach imported/equivalent/not-applicable/unsupported evidence.	B2-parse-facet-vue.md#vue-1b7779f1f56e8d0fb313:pass
VUE-A3C54037D5678DE694B7	compiler-sfc	packages/compiler-sfc/__tests__/compileScript/resolveType.spec.ts:927:5	ad066c7a069823e5af5b27d73b05cc399d6f6252	single-declaration	StringLiteral	a7ed3adf891ce302c5c18050d278c72448edd2a76a9581d3311098c7c043821b	blocked	B2/BV1	BF2 must runner-enumerate profiles and attach imported/equivalent/not-applicable/unsupported evidence.	B2-parse-facet-vue.md#vue-a3c54037d5678de694b7:pass
VUE-590521607E5242202BBF	compiler-sfc	packages/compiler-sfc/__tests__/compileScript/resolveType.spec.ts:938:5	ad066c7a069823e5af5b27d73b05cc399d6f6252	single-declaration	StringLiteral	760ecdd6e968a47f13b27b1ef2b3385b83f91018291f4c022deba32b8d10cba7	blocked	B2/BV1	BF2 must runner-enumerate profiles and attach imported/equivalent/not-applicable/unsupported evidence.	B2-parse-facet-vue.md#vue-590521607e5242202bbf:pass
VUE-766EBA381397B05D5158	compiler-sfc	packages/compiler-sfc/__tests__/compileScript/resolveType.spec.ts:952:5	ad066c7a069823e5af5b27d73b05cc399d6f6252	single-declaration	StringLiteral	e03dca540220e34a8ee1b4cd1c8a7cc7bfb2eb1876ca8395e8d21f36229d1945	blocked	B2/BV1	BF2 must runner-enumerate profiles and attach imported/equivalent/not-applicable/unsupported evidence.	B2-parse-facet-vue.md#vue-766eba381397b05d5158:pass
VUE-53E3D1F91903113CC400	compiler-sfc	packages/compiler-sfc/__tests__/compileScript/resolveType.spec.ts:970:5	ad066c7a069823e5af5b27d73b05cc399d6f6252	single-declaration	StringLiteral	8d9bf8903776cd84034fedab7ec34ff6b18aa1945e7dedd18d5d5b767f28972c	blocked	B2/BV1	BF2 must runner-enumerate profiles and attach imported/equivalent/not-applicable/unsupported evidence.	B2-parse-facet-vue.md#vue-53e3d1f91903113cc400:pass
VUE-C0869AC134C10700CA86	compiler-sfc	packages/compiler-sfc/__tests__/compileScript/resolveType.spec.ts:99:3	ad066c7a069823e5af5b27d73b05cc399d6f6252	single-declaration	StringLiteral	4ff6d1875ab2c18b61a34ae399f2ef83878fec87b28a6490c9042119e45c2f53	blocked	B2/BV1	BF2 must runner-enumerate profiles and attach imported/equivalent/not-applicable/unsupported evidence.	B2-parse-facet-vue.md#vue-c0869ac134c10700ca86:pass
VUE-394AE483142A22CE2DEF	compiler-sfc	packages/compiler-sfc/__tests__/compileScript/resolveType.spec.ts:994:5	ad066c7a069823e5af5b27d73b05cc399d6f6252	single-declaration	StringLiteral	46e0462d1ac3afc39c1cc2cf722f90477f86236f592a869437a58ff75be6a4c6	blocked	B2/BV1	BF2 must runner-enumerate profiles and attach imported/equivalent/not-applicable/unsupported evidence.	B2-parse-facet-vue.md#vue-394ae483142a22ce2def:pass
VUE-6F4410EB4E31D36F01A2	compiler-sfc	packages/compiler-sfc/__tests__/compileStyle.spec.ts:100:3	642474e717ede3ca6be1d32b7f78c17ef33fb874	single-declaration	StringLiteral	0a0dc216b094bde6ccfdac0935aaa4b4013392eb91a70a29032ee23e036d18a5	blocked	B2/BV1	BF2 must runner-enumerate profiles and attach imported/equivalent/not-applicable/unsupported evidence.	B2-parse-facet-vue.md#vue-6f4410eb4e31d36f01a2:pass
VUE-423B2209C8B343132C3E	compiler-sfc	packages/compiler-sfc/__tests__/compileStyle.spec.ts:106:3	642474e717ede3ca6be1d32b7f78c17ef33fb874	single-declaration	StringLiteral	765126c00b74a88313287f7c393027f41dec1aadb902399c9a2c678ea96fd1f0	blocked	B2/BV1	BF2 must runner-enumerate profiles and attach imported/equivalent/not-applicable/unsupported evidence.	B2-parse-facet-vue.md#vue-423b2209c8b343132c3e:pass
VUE-F008E4F11EB296E53375	compiler-sfc	packages/compiler-sfc/__tests__/compileStyle.spec.ts:112:3	642474e717ede3ca6be1d32b7f78c17ef33fb874	single-declaration	StringLiteral	77e9185032af76a897bab8ee72dcba6d658917524c529ae2e9739370d5beb611	blocked	B2/BV1	BF2 must runner-enumerate profiles and attach imported/equivalent/not-applicable/unsupported evidence.	B2-parse-facet-vue.md#vue-f008e4f11eb296e53375:pass
VUE-FFC32626E6AB238D47E5	compiler-sfc	packages/compiler-sfc/__tests__/compileStyle.spec.ts:118:3	642474e717ede3ca6be1d32b7f78c17ef33fb874	single-declaration	StringLiteral	359b993843e06208d2d973954a597e47ec27fd237028d91a21db2cdac141e759	blocked	B2/BV1	BF2 must runner-enumerate profiles and attach imported/equivalent/not-applicable/unsupported evidence.	B2-parse-facet-vue.md#vue-ffc32626e6ab238d47e5:pass
VUE-92538B3911F1E687CB2A	compiler-sfc	packages/compiler-sfc/__tests__/compileStyle.spec.ts:124:3	642474e717ede3ca6be1d32b7f78c17ef33fb874	single-declaration	StringLiteral	1eff485166cfcce63a781b771a7dd402cc5f9c2e3d885e7d70fb3f70bd8da755	blocked	B2/BV1	BF2 must runner-enumerate profiles and attach imported/equivalent/not-applicable/unsupported evidence.	B2-parse-facet-vue.md#vue-92538b3911f1e687cb2a:pass
VUE-DF8656E76AAA7C67232F	compiler-sfc	packages/compiler-sfc/__tests__/compileStyle.spec.ts:198:3	642474e717ede3ca6be1d32b7f78c17ef33fb874	single-declaration	StringLiteral	c70f4ed1d2deb7fe7a64a06c3886c66fc87ec46d664d3033d6366696455edfb1	blocked	B2/BV1	BF2 must runner-enumerate profiles and attach imported/equivalent/not-applicable/unsupported evidence.	B2-parse-facet-vue.md#vue-df8656e76aaa7c67232f:pass
VUE-F84CB0C4AF93191254CA	compiler-sfc	packages/compiler-sfc/__tests__/compileStyle.spec.ts:221:3	642474e717ede3ca6be1d32b7f78c17ef33fb874	single-declaration	StringLiteral	427e29d481a6ea65b47f3f9ef4cf9ff486f658891ae8e58f2276d9d407e0f04a	blocked	B2/BV1	BF2 must runner-enumerate profiles and attach imported/equivalent/not-applicable/unsupported evidence.	B2-parse-facet-vue.md#vue-f84cb0c4af93191254ca:pass
VUE-C04B50710F432986333A	compiler-sfc	packages/compiler-sfc/__tests__/compileStyle.spec.ts:245:3	642474e717ede3ca6be1d32b7f78c17ef33fb874	single-declaration	StringLiteral	2d5012199a500602d6a35780cc8ca1c17edaeb3b6f8b6a6f3cae76f74532363e	blocked	B2/BV1	BF2 must runner-enumerate profiles and attach imported/equivalent/not-applicable/unsupported evidence.	B2-parse-facet-vue.md#vue-c04b50710f432986333a:pass
VUE-C8357EBAEB765A76673F	compiler-sfc	packages/compiler-sfc/__tests__/compileStyle.spec.ts:263:3	642474e717ede3ca6be1d32b7f78c17ef33fb874	single-declaration	StringLiteral	260999188678fbc544c4825322ea25cc9d089b49a72718f0662490092ddaa705	blocked	B2/BV1	BF2 must runner-enumerate profiles and attach imported/equivalent/not-applicable/unsupported evidence.	B2-parse-facet-vue.md#vue-c8357ebaeb765a76673f:pass
VUE-DC3F67EB83A89CE8AE01	compiler-sfc	packages/compiler-sfc/__tests__/compileStyle.spec.ts:29:3	642474e717ede3ca6be1d32b7f78c17ef33fb874	single-declaration	StringLiteral	a50946d42f068c3fc79e69a634a151a43bf870fc7004956bcfb40f72ab6d3309	blocked	B2/BV1	BF2 must runner-enumerate profiles and attach imported/equivalent/not-applicable/unsupported evidence.	B2-parse-facet-vue.md#vue-dc3f67eb83a89ce8ae01:pass
VUE-161A8596DF243833D66E	compiler-sfc	packages/compiler-sfc/__tests__/compileStyle.spec.ts:305:3	642474e717ede3ca6be1d32b7f78c17ef33fb874	single-declaration	StringLiteral	f98b47d96b156cb594c073ba6f997f7d72bc8f684b2180f6f2a2182ae5ad8e80	blocked	B2/BV1	BF2 must runner-enumerate profiles and attach imported/equivalent/not-applicable/unsupported evidence.	B2-parse-facet-vue.md#vue-161a8596df243833d66e:pass
VUE-16779C2D99017CC818F8	compiler-sfc	packages/compiler-sfc/__tests__/compileStyle.spec.ts:314:3	642474e717ede3ca6be1d32b7f78c17ef33fb874	single-declaration	StringLiteral	71688def4c82407ac5fe2df96d726b1c4ec557a7e127e686d1d2a5d34969da70	blocked	B2/BV1	BF2 must runner-enumerate profiles and attach imported/equivalent/not-applicable/unsupported evidence.	B2-parse-facet-vue.md#vue-16779c2d99017cc818f8:pass
VUE-F9807065436E2488DA65	compiler-sfc	packages/compiler-sfc/__tests__/compileStyle.spec.ts:323:3	642474e717ede3ca6be1d32b7f78c17ef33fb874	single-declaration	StringLiteral	ed4dd238871f413e1aa904f348769b88bde79bbd75cafdc923a1051975a0b80b	blocked	B2/BV1	BF2 must runner-enumerate profiles and attach imported/equivalent/not-applicable/unsupported evidence.	B2-parse-facet-vue.md#vue-f9807065436e2488da65:pass
VUE-601BCB85E0754F6E2D63	compiler-sfc	packages/compiler-sfc/__tests__/compileStyle.spec.ts:38:3	642474e717ede3ca6be1d32b7f78c17ef33fb874	single-declaration	StringLiteral	5e354783fb1074f46bd8877372e1a7289380d185c355475539495f7ef0731e13	blocked	B2/BV1	BF2 must runner-enumerate profiles and attach imported/equivalent/not-applicable/unsupported evidence.	B2-parse-facet-vue.md#vue-601bcb85e0754f6e2d63:pass
VUE-AF8D74A73B06D0196D1F	compiler-sfc	packages/compiler-sfc/__tests__/compileStyle.spec.ts:389:3	642474e717ede3ca6be1d32b7f78c17ef33fb874	single-declaration	StringLiteral	8819becac620d1b186b9a79280b2ca3035c8b6f43ffa6b197b9d0a7103f07fa5	blocked	B2/BV1	BF2 must runner-enumerate profiles and attach imported/equivalent/not-applicable/unsupported evidence.	B2-parse-facet-vue.md#vue-af8d74a73b06d0196d1f:pass
VUE-FFD2C4DCA9E4DF801B47	compiler-sfc	packages/compiler-sfc/__tests__/compileStyle.spec.ts:397:5	642474e717ede3ca6be1d32b7f78c17ef33fb874	single-declaration	StringLiteral	054878f49345a00e54fe3369a374e8dd20a7ff9e4c599ed22a9c1ada59b73b01	blocked	B2/BV1	BF2 must runner-enumerate profiles and attach imported/equivalent/not-applicable/unsupported evidence.	B2-parse-facet-vue.md#vue-ffd2c4dca9e4df801b47:pass
VUE-F015EE88B5F9D5B33632	compiler-sfc	packages/compiler-sfc/__tests__/compileStyle.spec.ts:413:5	642474e717ede3ca6be1d32b7f78c17ef33fb874	single-declaration	StringLiteral	b1c9e5361a7e2db01e24edc724faa557af77d9400052f1d1caab1fbbb85399db	blocked	B2/BV1	BF2 must runner-enumerate profiles and attach imported/equivalent/not-applicable/unsupported evidence.	B2-parse-facet-vue.md#vue-f015ee88b5f9d5b33632:pass
VUE-4A08B7187A231763DA5B	compiler-sfc	packages/compiler-sfc/__tests__/compileStyle.spec.ts:424:5	642474e717ede3ca6be1d32b7f78c17ef33fb874	single-declaration	StringLiteral	d04c43128f79bca8d3436cef6e72dfa035ab5b4b9809981cf61bfd635aaa475b	blocked	B2/BV1	BF2 must runner-enumerate profiles and attach imported/equivalent/not-applicable/unsupported evidence.	B2-parse-facet-vue.md#vue-4a08b7187a231763da5b:pass
VUE-1ED5EAE821BFE38D5E17	compiler-sfc	packages/compiler-sfc/__tests__/compileStyle.spec.ts:438:3	642474e717ede3ca6be1d32b7f78c17ef33fb874	single-declaration	StringLiteral	3ff86ec79d1ef7fc3c3943560d73e67a9b8ad7523c6429e2fddfcaa5d98a500e	blocked	B2/BV1	BF2 must runner-enumerate profiles and attach imported/equivalent/not-applicable/unsupported evidence.	B2-parse-facet-vue.md#vue-1ed5eae821bfe38d5e17:pass
VUE-5A9A3F7851817F4269E1	compiler-sfc	packages/compiler-sfc/__tests__/compileStyle.spec.ts:451:3	642474e717ede3ca6be1d32b7f78c17ef33fb874	single-declaration	StringLiteral	ef795ec2bd98e840a02f2e40e6b53f29dee17dfb27b1064e2bdda08062279ef0	blocked	B2/BV1	BF2 must runner-enumerate profiles and attach imported/equivalent/not-applicable/unsupported evidence.	B2-parse-facet-vue.md#vue-5a9a3f7851817f4269e1:pass
VUE-5880885C1BA0EC156C0F	compiler-sfc	packages/compiler-sfc/__tests__/compileStyle.spec.ts:470:3	642474e717ede3ca6be1d32b7f78c17ef33fb874	single-declaration	StringLiteral	359771958394b44bd55ba2eb7cb360273a78382d4c0180b2b3fc588bea7fca98	blocked	B2/BV1	BF2 must runner-enumerate profiles and attach imported/equivalent/not-applicable/unsupported evidence.	B2-parse-facet-vue.md#vue-5880885c1ba0ec156c0f:pass
VUE-C33C02DFDDA34F7E28B2	compiler-sfc	packages/compiler-sfc/__tests__/compileStyle.spec.ts:485:3	642474e717ede3ca6be1d32b7f78c17ef33fb874	single-declaration	StringLiteral	644704ae966e0ea9f4c66ca4cf3565d129cfa592da906e29a1a49b1e084a54ea	blocked	B2/BV1	BF2 must runner-enumerate profiles and attach imported/equivalent/not-applicable/unsupported evidence.	B2-parse-facet-vue.md#vue-c33c02dfdda34f7e28b2:pass
VUE-72B34EE16E17A066E859	compiler-sfc	packages/compiler-sfc/__tests__/compileStyle.spec.ts:507:3	642474e717ede3ca6be1d32b7f78c17ef33fb874	single-declaration	StringLiteral	a509ac189ba2a42877f920639d14b312410a3dd4f7fdc66735831b9ce22c3de5	blocked	B2/BV1	BF2 must runner-enumerate profiles and attach imported/equivalent/not-applicable/unsupported evidence.	B2-parse-facet-vue.md#vue-72b34ee16e17a066e859:pass
VUE-E4E060F1D73556B9E89C	compiler-sfc	packages/compiler-sfc/__tests__/compileStyle.spec.ts:535:3	642474e717ede3ca6be1d32b7f78c17ef33fb874	single-declaration	StringLiteral	e213ac3b4a56cddbfba2760bc367a4b911886a250c9d2856f973dbe9d8be7412	blocked	B2/BV1	BF2 must runner-enumerate profiles and attach imported/equivalent/not-applicable/unsupported evidence.	B2-parse-facet-vue.md#vue-e4e060f1d73556b9e89c:pass
VUE-94CB6FC8FB293920113F	compiler-sfc	packages/compiler-sfc/__tests__/compileStyle.spec.ts:62:3	642474e717ede3ca6be1d32b7f78c17ef33fb874	single-declaration	StringLiteral	70576920cb082c779a716ac9152d627ca0596ff5269fe3a93b84764a60fc5acf	blocked	B2/BV1	BF2 must runner-enumerate profiles and attach imported/equivalent/not-applicable/unsupported evidence.	B2-parse-facet-vue.md#vue-94cb6fc8fb293920113f:pass
VUE-B0CF3187A4C187456C29	compiler-sfc	packages/compiler-sfc/__tests__/compileStyle.spec.ts:68:3	642474e717ede3ca6be1d32b7f78c17ef33fb874	single-declaration	StringLiteral	1e78afe5f0fc42a093f0624b26947c7c00f1cf8604155e01098a974ec902260c	blocked	B2/BV1	BF2 must runner-enumerate profiles and attach imported/equivalent/not-applicable/unsupported evidence.	B2-parse-facet-vue.md#vue-b0cf3187a4c187456c29:pass
VUE-E4DBF54F5E95D2FA5BD6	compiler-sfc	packages/compiler-sfc/__tests__/compileTemplate.spec.ts:109:1	9b906d99c91a1d5f98b6e0294a198dc1dcb2e640	single-declaration	StringLiteral	000a25a534bded8429240891f38c903610c76892b6012e415f30fb3098e1f413	blocked	B2/BV1	BF2 must runner-enumerate profiles and attach imported/equivalent/not-applicable/unsupported evidence.	B2-parse-facet-vue.md#vue-e4dbf54f5e95d2fa5bd6:pass
VUE-8187EAD31D840D485430	compiler-sfc	packages/compiler-sfc/__tests__/compileTemplate.spec.ts:137:1	9b906d99c91a1d5f98b6e0294a198dc1dcb2e640	single-declaration	StringLiteral	ddc507fbd919c5416e2d9fc211550da3c5426206fcff93592f4289691ce436cd	blocked	B2/BV1	BF2 must runner-enumerate profiles and attach imported/equivalent/not-applicable/unsupported evidence.	B2-parse-facet-vue.md#vue-8187ead31d840d485430:pass
VUE-6C01626107E4449624EE	compiler-sfc	packages/compiler-sfc/__tests__/compileTemplate.spec.ts:161:1	9b906d99c91a1d5f98b6e0294a198dc1dcb2e640	single-declaration	StringLiteral	d0f186b93dbfc4550188e7d52081e7a8610c66750b3007e6ef807b064bef3caf	blocked	B2/BV1	BF2 must runner-enumerate profiles and attach imported/equivalent/not-applicable/unsupported evidence.	B2-parse-facet-vue.md#vue-6c01626107e4449624ee:pass
VUE-D51DF1D1E9110E5022D7	compiler-sfc	packages/compiler-sfc/__tests__/compileTemplate.spec.ts:18:1	9b906d99c91a1d5f98b6e0294a198dc1dcb2e640	single-declaration	StringLiteral	ba71f16433f1c681726dc9f98f38c2da6ba9f549f36b5261dfcb6ccd761d5571	blocked	B2/BV1	BF2 must runner-enumerate profiles and attach imported/equivalent/not-applicable/unsupported evidence.	B2-parse-facet-vue.md#vue-d51df1d1e9110e5022d7:pass
VUE-C0D89C5B58A30B7B1190	compiler-sfc	packages/compiler-sfc/__tests__/compileTemplate.spec.ts:190:1	9b906d99c91a1d5f98b6e0294a198dc1dcb2e640	single-declaration	StringLiteral	a8ad6a4c84ee391fc95bac80cebf3849ac565afccf76800f5e084bc2d92051d8	blocked	B2/BV1	BF2 must runner-enumerate profiles and attach imported/equivalent/not-applicable/unsupported evidence.	B2-parse-facet-vue.md#vue-c0d89c5b58a30b7b1190:pass
VUE-F34861DCEEF9B60A1922	compiler-sfc	packages/compiler-sfc/__tests__/compileTemplate.spec.ts:227:1	9b906d99c91a1d5f98b6e0294a198dc1dcb2e640	single-declaration	StringLiteral	9a9d0d1cf8ee78e64c2c61768f36932719eb3216b0ace7a4340b98da0bf11ff3	blocked	B2/BV1	BF2 must runner-enumerate profiles and attach imported/equivalent/not-applicable/unsupported evidence.	B2-parse-facet-vue.md#vue-f34861dceef9b60a1922:pass
VUE-E187C8C44E2FD00CB9CE	compiler-sfc	packages/compiler-sfc/__tests__/compileTemplate.spec.ts:266:1	9b906d99c91a1d5f98b6e0294a198dc1dcb2e640	single-declaration	StringLiteral	8dbb0edcb2153b40804d99160ef290d166dc8e8bf9f033e6c33c28395ad4fdc7	blocked	B2/BV1	BF2 must runner-enumerate profiles and attach imported/equivalent/not-applicable/unsupported evidence.	B2-parse-facet-vue.md#vue-e187c8c44e2fd00cb9ce:pass
VUE-B5E9762B1D9FD11084AD	compiler-sfc	packages/compiler-sfc/__tests__/compileTemplate.spec.ts:293:1	9b906d99c91a1d5f98b6e0294a198dc1dcb2e640	single-declaration	StringLiteral	504ebbda640c76ca52108331953b984f046159bd1d9fccfac8b137cfaa9b3f78	blocked	B2/BV1	BF2 must runner-enumerate profiles and attach imported/equivalent/not-applicable/unsupported evidence.	B2-parse-facet-vue.md#vue-b5e9762b1d9fd11084ad:pass
VUE-946E149CF17B6AE47E39	compiler-sfc	packages/compiler-sfc/__tests__/compileTemplate.spec.ts:30:1	9b906d99c91a1d5f98b6e0294a198dc1dcb2e640	single-declaration	StringLiteral	7f16e2125d9709e259fbb850b51c4b09e3b52c08bad23fc99cb15c87809929e5	blocked	B2/BV1	BF2 must runner-enumerate profiles and attach imported/equivalent/not-applicable/unsupported evidence.	B2-parse-facet-vue.md#vue-946e149cf17b6ae47e39:pass
VUE-8C0B384985CE676863D8	compiler-sfc	packages/compiler-sfc/__tests__/compileTemplate.spec.ts:322:1	9b906d99c91a1d5f98b6e0294a198dc1dcb2e640	single-declaration	StringLiteral	13c5dd4978cd26b95b06feb1152a73e938404f417564aa852573546952f8c23d	blocked	B2/BV1	BF2 must runner-enumerate profiles and attach imported/equivalent/not-applicable/unsupported evidence.	B2-parse-facet-vue.md#vue-8c0b384985ce676863d8:pass
VUE-57C0112CD465BF0E50A5	compiler-sfc	packages/compiler-sfc/__tests__/compileTemplate.spec.ts:353:1	9b906d99c91a1d5f98b6e0294a198dc1dcb2e640	single-declaration	StringLiteral	a60d11f73435dcfaaf7ba3150bad7cb33bd6d5b768aeb39ea1ecb9bbfa191aeb	blocked	B2/BV1	BF2 must runner-enumerate profiles and attach imported/equivalent/not-applicable/unsupported evidence.	B2-parse-facet-vue.md#vue-57c0112cd465bf0e50a5:pass
VUE-AF67346308E3CE1B3F5D	compiler-sfc	packages/compiler-sfc/__tests__/compileTemplate.spec.ts:362:1	9b906d99c91a1d5f98b6e0294a198dc1dcb2e640	single-declaration	StringLiteral	7d6ace6bd42d440418a60a39f10d3f95bc14d07b7c81bf3818a0536f8b58a21b	blocked	B2/BV1	BF2 must runner-enumerate profiles and attach imported/equivalent/not-applicable/unsupported evidence. Parse-facet residual: official error is retained for the co-owner because the carrier parse boundary did not surface it.	B2-parse-facet-vue.md#vue-af67346308e3ce1b3f5d:unverifiable
VUE-342C76D859E7B63E0EB9	compiler-sfc	packages/compiler-sfc/__tests__/compileTemplate.spec.ts:387:1	9b906d99c91a1d5f98b6e0294a198dc1dcb2e640	single-declaration	StringLiteral	3416f7de9d80bf9dee7a8259694af7c187a65736d2970ab8cf59d44302dd6489	blocked	B2/BV1	BF2 must runner-enumerate profiles and attach imported/equivalent/not-applicable/unsupported evidence.	B2-parse-facet-vue.md#vue-342c76d859e7b63e0eb9:pass
VUE-B0CF7A90A657B7ECDFD5	compiler-sfc	packages/compiler-sfc/__tests__/compileTemplate.spec.ts:403:1	9b906d99c91a1d5f98b6e0294a198dc1dcb2e640	single-declaration	StringLiteral	949312a5c8c44667e6a281040ab1368dad00ee525c6a778eea94bf9147f5446a	blocked	B2/BV1	BF2 must runner-enumerate profiles and attach imported/equivalent/not-applicable/unsupported evidence.	B2-parse-facet-vue.md#vue-b0cf7a90a657b7ecdfd5:pass
VUE-BA01D217D135BDFE8EE0	compiler-sfc	packages/compiler-sfc/__tests__/compileTemplate.spec.ts:424:1	9b906d99c91a1d5f98b6e0294a198dc1dcb2e640	single-declaration	StringLiteral	15c4234ccb29f654dfb8e9405282990838b23b87ae81f2cfceb9ebe2a0fdfce7	blocked	B2/BV1	BF2 must runner-enumerate profiles and attach imported/equivalent/not-applicable/unsupported evidence.	B2-parse-facet-vue.md#vue-ba01d217d135bdfe8ee0:pass
VUE-279ACDCAD3007AE09BE5	compiler-sfc	packages/compiler-sfc/__tests__/compileTemplate.spec.ts:440:1	9b906d99c91a1d5f98b6e0294a198dc1dcb2e640	single-declaration	StringLiteral	04d098f91215e064eeed2af30e5883ee49132942a884ca78fe2c1f724939ab85	blocked	B2/BV1	BF2 must runner-enumerate profiles and attach imported/equivalent/not-applicable/unsupported evidence.	B2-parse-facet-vue.md#vue-279acdcad3007ae09be5:pass
VUE-977953B5AD8089446A81	compiler-sfc	packages/compiler-sfc/__tests__/compileTemplate.spec.ts:45:1	9b906d99c91a1d5f98b6e0294a198dc1dcb2e640	single-declaration	StringLiteral	487be50016a9ea2a77a91c8476d103aff4e5f4a67bdc9b4017dd446fca15d073	blocked	B2/BV1	BF2 must runner-enumerate profiles and attach imported/equivalent/not-applicable/unsupported evidence.	B2-parse-facet-vue.md#vue-977953b5ad8089446a81:pass
VUE-FEBBBF8C6989652FF9F3	compiler-sfc	packages/compiler-sfc/__tests__/compileTemplate.spec.ts:461:1	9b906d99c91a1d5f98b6e0294a198dc1dcb2e640	single-declaration	StringLiteral	a89a971ac0b8dac132486d57555d220492a5ab3ff9e65ff5c4bda8dde4b25765	blocked	B2/BV1	BF2 must runner-enumerate profiles and attach imported/equivalent/not-applicable/unsupported evidence.	B2-parse-facet-vue.md#vue-febbbf8c6989652ff9f3:pass
VUE-2F2EA98959E0103D0CEC	compiler-sfc	packages/compiler-sfc/__tests__/compileTemplate.spec.ts:487:1	9b906d99c91a1d5f98b6e0294a198dc1dcb2e640	single-declaration	StringLiteral	13d8abc1c86200f5aab0de78fc01ca5c062ac660aa35f7ed5a1349001d91bc65	blocked	B2/BV1	BF2 must runner-enumerate profiles and attach imported/equivalent/not-applicable/unsupported evidence.	B2-parse-facet-vue.md#vue-2f2ea98959e0103d0cec:pass
VUE-4A68EB129A73D65FC3E4	compiler-sfc	packages/compiler-sfc/__tests__/compileTemplate.spec.ts:516:1	9b906d99c91a1d5f98b6e0294a198dc1dcb2e640	single-declaration	StringLiteral	71a95227df97b8dedd772c8108cb3eddd14332ceed2b4ff6941d295e89016e7b	blocked	B2/BV1	BF2 must runner-enumerate profiles and attach imported/equivalent/not-applicable/unsupported evidence.	B2-parse-facet-vue.md#vue-4a68eb129a73d65fc3e4:pass
VUE-1873E5B15ABF1BF98F9B	compiler-sfc	packages/compiler-sfc/__tests__/compileTemplate.spec.ts:535:1	9b906d99c91a1d5f98b6e0294a198dc1dcb2e640	single-declaration	StringLiteral	590db69aae4a9ce4246ecae66e1c7e251f87c2d89780ad2420cc1724601cb26d	blocked	B2/BV1	BF2 must runner-enumerate profiles and attach imported/equivalent/not-applicable/unsupported evidence.	B2-parse-facet-vue.md#vue-1873e5b15abf1bf98f9b:pass
VUE-F7B0BC57792417963DD4	compiler-sfc	packages/compiler-sfc/__tests__/compileTemplate.spec.ts:545:1	9b906d99c91a1d5f98b6e0294a198dc1dcb2e640	single-declaration	StringLiteral	2b5f3ec09f677a4dc33726a6ae0e589e3309a57405eddb0381d0e6fe6c9b3caa	blocked	B2/BV1	BF2 must runner-enumerate profiles and attach imported/equivalent/not-applicable/unsupported evidence.	B2-parse-facet-vue.md#vue-f7b0bc57792417963dd4:pass
VUE-EDF37B652C21BC3C8FF0	compiler-sfc	packages/compiler-sfc/__tests__/compileTemplate.spec.ts:558:1	9b906d99c91a1d5f98b6e0294a198dc1dcb2e640	single-declaration	StringLiteral	5d2c58f3a5590357f9d0282db19d2c916a4354c6216f62fe7746fe89b2f87ce5	blocked	B2/BV1	BF2 must runner-enumerate profiles and attach imported/equivalent/not-applicable/unsupported evidence.	B2-parse-facet-vue.md#vue-edf37b652c21bc3c8ff0:pass
VUE-1D94E9C2332D6E999F5C	compiler-sfc	packages/compiler-sfc/__tests__/compileTemplate.spec.ts:570:1	9b906d99c91a1d5f98b6e0294a198dc1dcb2e640	single-declaration	StringLiteral	256afd56732d41205cc37e2fdb3373ca7800b48954561b4940c43de9aac6201d	blocked	B2/BV1	BF2 must runner-enumerate profiles and attach imported/equivalent/not-applicable/unsupported evidence.	B2-parse-facet-vue.md#vue-1d94e9c2332d6e999f5c:pass
VUE-1679C3F670BF492BCC27	compiler-sfc	packages/compiler-sfc/__tests__/compileTemplate.spec.ts:580:1	9b906d99c91a1d5f98b6e0294a198dc1dcb2e640	single-declaration	StringLiteral	35b060b44a6334bb705fd75298b58a740ffcca74c1defe07985d298722e17f24	blocked	B2/BV1	BF2 must runner-enumerate profiles and attach imported/equivalent/not-applicable/unsupported evidence.	B2-parse-facet-vue.md#vue-1679c3f670bf492bcc27:pass
VUE-74A0D60FD534A32723E8	compiler-sfc	packages/compiler-sfc/__tests__/compileTemplate.spec.ts:590:1	9b906d99c91a1d5f98b6e0294a198dc1dcb2e640	single-declaration	StringLiteral	b857bc0118b134a5ccbc5e2d45f767d954d7755a3a9594b14d9ea311df89a2ad	blocked	B2/BV1	BF2 must runner-enumerate profiles and attach imported/equivalent/not-applicable/unsupported evidence.	B2-parse-facet-vue.md#vue-74a0d60fd534a32723e8:pass
VUE-7D423DE06A64AA59E45B	compiler-sfc	packages/compiler-sfc/__tests__/compileTemplate.spec.ts:605:1	9b906d99c91a1d5f98b6e0294a198dc1dcb2e640	single-declaration	StringLiteral	f2dbc6c59181c4b6f804a27bddadfbf0d8e9283a70c341404eecf6b1014eff84	blocked	B2/BV1	BF2 must runner-enumerate profiles and attach imported/equivalent/not-applicable/unsupported evidence.	B2-parse-facet-vue.md#vue-7d423de06a64aa59e45b:pass
VUE-DB36CED9F11DC5340024	compiler-sfc	packages/compiler-sfc/__tests__/compileTemplate.spec.ts:615:1	9b906d99c91a1d5f98b6e0294a198dc1dcb2e640	single-declaration	StringLiteral	ab68e5a9fd469901b759c6462c1c8f8a760f0980e1310fcacbc7ffcd0b24a975	blocked	B2/BV1	BF2 must runner-enumerate profiles and attach imported/equivalent/not-applicable/unsupported evidence.	B2-parse-facet-vue.md#vue-db36ced9f11dc5340024:pass
VUE-BC02CCB5EB87FF6C4ED3	compiler-sfc	packages/compiler-sfc/__tests__/compileTemplate.spec.ts:67:1	9b906d99c91a1d5f98b6e0294a198dc1dcb2e640	single-declaration	StringLiteral	14c6a84d4141c44f99a460137d09dcc34348119f01bb4482a4c243e6509e2e99	blocked	B2/BV1	BF2 must runner-enumerate profiles and attach imported/equivalent/not-applicable/unsupported evidence.	B2-parse-facet-vue.md#vue-bc02ccb5eb87ff6c4ed3:pass
VUE-D60CB237E2008622687D	compiler-sfc	packages/compiler-sfc/__tests__/compileTemplate.spec.ts:94:1	9b906d99c91a1d5f98b6e0294a198dc1dcb2e640	single-declaration	StringLiteral	2b5cc91090df0d4fd4dc8f1801f2a9f098c30d9811c8951ffbecce3db0c291bc	blocked	B2/BV1	BF2 must runner-enumerate profiles and attach imported/equivalent/not-applicable/unsupported evidence. Parse-facet residual: official error is retained for the co-owner because the carrier parse boundary did not surface it.	B2-parse-facet-vue.md#vue-d60cb237e2008622687d:unverifiable
VUE-66CA000B9412905F2D53	compiler-sfc	packages/compiler-sfc/__tests__/cssVars.spec.ts:102:3	d0d45890e99e2ef67d74f59eb3aa593c267e7473	single-declaration	StringLiteral	bc5fa37c4c69b6cea286b7ba80e633fe36bd62aaa45e054036ad9de524adff89	blocked	B2/BV1	BF2 must runner-enumerate profiles and attach imported/equivalent/not-applicable/unsupported evidence.	B2-parse-facet-vue.md#vue-66ca000b9412905f2d53:pass
VUE-1139134FE928E0820A49	compiler-sfc	packages/compiler-sfc/__tests__/cssVars.spec.ts:134:5	d0d45890e99e2ef67d74f59eb3aa593c267e7473	single-declaration	StringLiteral	1a83829baa938e9b64de136cbf808f220136f93999426071296dbc2fae6d0ae1	blocked	B2/BV1	BF2 must runner-enumerate profiles and attach imported/equivalent/not-applicable/unsupported evidence.	B2-parse-facet-vue.md#vue-1139134fe928e0820a49:pass
VUE-69EFDC33BFC6D74B3BB4	compiler-sfc	packages/compiler-sfc/__tests__/cssVars.spec.ts:143:5	d0d45890e99e2ef67d74f59eb3aa593c267e7473	single-declaration	StringLiteral	2ae92032426e0221dd62e442db74c624a97b732e0916c62abd917976057bf2d4	blocked	B2/BV1	BF2 must runner-enumerate profiles and attach imported/equivalent/not-applicable/unsupported evidence.	B2-parse-facet-vue.md#vue-69efdc33bfc6d74b3bb4:pass
VUE-FA9161CC8F8EDAADB6FF	compiler-sfc	packages/compiler-sfc/__tests__/cssVars.spec.ts:152:5	d0d45890e99e2ef67d74f59eb3aa593c267e7473	single-declaration	StringLiteral	a8b04fe1a687714f9fdca0079d1aac59118eee30c9734a7df19e4338113e9df1	blocked	B2/BV1	BF2 must runner-enumerate profiles and attach imported/equivalent/not-applicable/unsupported evidence.	B2-parse-facet-vue.md#vue-fa9161cc8f8edaadb6ff:pass
VUE-B727A07CA624C8446B12	compiler-sfc	packages/compiler-sfc/__tests__/cssVars.spec.ts:163:5	d0d45890e99e2ef67d74f59eb3aa593c267e7473	single-declaration	StringLiteral	514df17200771d7c02c82d0c42a9da458896534c6fca8dab44ce12709f8b1a46	blocked	B2/BV1	BF2 must runner-enumerate profiles and attach imported/equivalent/not-applicable/unsupported evidence.	B2-parse-facet-vue.md#vue-b727a07ca624c8446b12:pass
VUE-2BF3D7E4C653AFA9DCB0	compiler-sfc	packages/compiler-sfc/__tests__/cssVars.spec.ts:173:5	d0d45890e99e2ef67d74f59eb3aa593c267e7473	single-declaration	StringLiteral	65ca7be9c6fd6574593034e1b12c13a3bce6c740ec8ad26384873a88c8de02da	blocked	B2/BV1	BF2 must runner-enumerate profiles and attach imported/equivalent/not-applicable/unsupported evidence.	B2-parse-facet-vue.md#vue-2bf3d7e4c653afa9dcb0:pass
VUE-A46C63AC968C60CF4D68	compiler-sfc	packages/compiler-sfc/__tests__/cssVars.spec.ts:189:5	d0d45890e99e2ef67d74f59eb3aa593c267e7473	single-declaration	StringLiteral	1689312bb1b67aee73311e2a76a94400fdbc99fc2e5c79b0ea7e527967c4fe23	blocked	B2/BV1	BF2 must runner-enumerate profiles and attach imported/equivalent/not-applicable/unsupported evidence.	B2-parse-facet-vue.md#vue-a46c63ac968c60cf4d68:pass
VUE-F139A3D0E81F66789FE7	compiler-sfc	packages/compiler-sfc/__tests__/cssVars.spec.ts:20:3	d0d45890e99e2ef67d74f59eb3aa593c267e7473	single-declaration	StringLiteral	5794ec99d5e991aff90e64592aa801dfb956285ba97f15d799bd6e72a99fe341	blocked	B2/BV1	BF2 must runner-enumerate profiles and attach imported/equivalent/not-applicable/unsupported evidence.	B2-parse-facet-vue.md#vue-f139a3d0e81f66789fe7:pass
VUE-F6B4269DCF638E116596	compiler-sfc	packages/compiler-sfc/__tests__/cssVars.spec.ts:210:5	d0d45890e99e2ef67d74f59eb3aa593c267e7473	single-declaration	StringLiteral	f9d571c6a2316c36a301c88cfee9cf89bcb556eb6893ef8cdb5bda3395ab9cef	blocked	B2/BV1	BF2 must runner-enumerate profiles and attach imported/equivalent/not-applicable/unsupported evidence.	B2-parse-facet-vue.md#vue-f6b4269dcf638e116596:pass
VUE-B5A19188B866416992C1	compiler-sfc	packages/compiler-sfc/__tests__/cssVars.spec.ts:244:5	d0d45890e99e2ef67d74f59eb3aa593c267e7473	single-declaration	StringLiteral	58fcb80894f95ff1175f090378ec36acb79081af6703de0755525f0795aeee3f	blocked	B2/BV1	BF2 must runner-enumerate profiles and attach imported/equivalent/not-applicable/unsupported evidence.	B2-parse-facet-vue.md#vue-b5a19188b866416992c1:pass
VUE-5A63772BE6418353C42C	compiler-sfc	packages/compiler-sfc/__tests__/cssVars.spec.ts:260:5	d0d45890e99e2ef67d74f59eb3aa593c267e7473	single-declaration	StringLiteral	7a5139ecfc1479feddaca3055e215a5694e1f3e4685da229a2159dca096c5405	blocked	B2/BV1	BF2 must runner-enumerate profiles and attach imported/equivalent/not-applicable/unsupported evidence.	B2-parse-facet-vue.md#vue-5a63772be6418353c42c:pass
VUE-A50A59C367683DAF1BDC	compiler-sfc	packages/compiler-sfc/__tests__/cssVars.spec.ts:277:7	d0d45890e99e2ef67d74f59eb3aa593c267e7473	single-declaration	StringLiteral	8efc374d168ad08ae6ff5eefee66fefc79bb736a15f6b542df78db4996e17ec9	blocked	B2/BV1	BF2 must runner-enumerate profiles and attach imported/equivalent/not-applicable/unsupported evidence.	B2-parse-facet-vue.md#vue-a50a59c367683daf1bdc:pass
VUE-EDCB04E0616775F6769B	compiler-sfc	packages/compiler-sfc/__tests__/cssVars.spec.ts:298:7	d0d45890e99e2ef67d74f59eb3aa593c267e7473	single-declaration	StringLiteral	e07ac4528287e4466731a3568c507dcc392678da645fd2b51db5cd3c84a0f0df	blocked	B2/BV1	BF2 must runner-enumerate profiles and attach imported/equivalent/not-applicable/unsupported evidence.	B2-parse-facet-vue.md#vue-edcb04e0616775f6769b:pass
VUE-47849DE4FFD95EF5D4BA	compiler-sfc	packages/compiler-sfc/__tests__/cssVars.spec.ts:318:7	d0d45890e99e2ef67d74f59eb3aa593c267e7473	single-declaration	StringLiteral	39c40cf74d053efd2e3ba5ecece290bf6d9c4fcf4dd6f09b903cc8fea8dd5281	blocked	B2/BV1	BF2 must runner-enumerate profiles and attach imported/equivalent/not-applicable/unsupported evidence.	B2-parse-facet-vue.md#vue-47849de4ffd95ef5d4ba:pass
VUE-29B339B0FD91297A6137	compiler-sfc	packages/compiler-sfc/__tests__/cssVars.spec.ts:44:3	d0d45890e99e2ef67d74f59eb3aa593c267e7473	single-declaration	StringLiteral	e81200ae4101186759e8225d741e3c70e669a6030dc43fb450c4d6430ea461ce	blocked	B2/BV1	BF2 must runner-enumerate profiles and attach imported/equivalent/not-applicable/unsupported evidence.	B2-parse-facet-vue.md#vue-29b339b0fd91297a6137:pass
VUE-C2B29F8AAB0A25550ED4	compiler-sfc	packages/compiler-sfc/__tests__/cssVars.spec.ts:5:3	d0d45890e99e2ef67d74f59eb3aa593c267e7473	single-declaration	StringLiteral	3c004337e013b3e56d4f9e653d3943d476998c9339438e4cba400a532d763609	blocked	B2/BV1	BF2 must runner-enumerate profiles and attach imported/equivalent/not-applicable/unsupported evidence.	B2-parse-facet-vue.md#vue-c2b29f8aab0a25550ed4:pass
VUE-0F75F7293A1608033F15	compiler-sfc	packages/compiler-sfc/__tests__/cssVars.spec.ts:77:3	d0d45890e99e2ef67d74f59eb3aa593c267e7473	single-declaration	StringLiteral	8da219a202366dfa67f4f5a30af4e0cd5e263c20aacd2701e3be89128b3e3643	blocked	B2/BV1	BF2 must runner-enumerate profiles and attach imported/equivalent/not-applicable/unsupported evidence.	B2-parse-facet-vue.md#vue-0f75f7293a1608033f15:pass
VUE-8CCBB0AEA6C52613D240	compiler-sfc	packages/compiler-sfc/__tests__/parse.spec.ts:108:5	82b8cf98f11ac85c33b99987eee19db201c3f661	single-declaration	StringLiteral	4c38f18022ae90761baf18a98c2b91124323885c7febb768b044f98c38ef2eb4	blocked	B2/BV1	BF2 must runner-enumerate profiles and attach imported/equivalent/not-applicable/unsupported evidence.	B2-parse-facet-vue.md#vue-8ccbb0aea6c52613d240:pass
VUE-4A2B966503D20E7AAA94	compiler-sfc	packages/compiler-sfc/__tests__/parse.spec.ts:12:5	82b8cf98f11ac85c33b99987eee19db201c3f661	single-declaration	StringLiteral	ec7e3f5013f4ae7fc41da411fdd775e0088458077cc7687165be7fb285bbac16	blocked	B2/BV1	BF2 must runner-enumerate profiles and attach imported/equivalent/not-applicable/unsupported evidence.	B2-parse-facet-vue.md#vue-4a2b966503d20e7aaa94:pass
VUE-6F374DC7C235608031A1	compiler-sfc	packages/compiler-sfc/__tests__/parse.spec.ts:123:3	82b8cf98f11ac85c33b99987eee19db201c3f661	single-declaration	StringLiteral	96241bb008747e46c2f26b8c9099b1192702ec168a7a3095bf2b87006bd7b375	blocked	B2/BV1	BF2 must runner-enumerate profiles and attach imported/equivalent/not-applicable/unsupported evidence.	B2-parse-facet-vue.md#vue-6f374dc7c235608031a1:pass
VUE-F7A1FEB1E38B909D0545	compiler-sfc	packages/compiler-sfc/__tests__/parse.spec.ts:185:3	82b8cf98f11ac85c33b99987eee19db201c3f661	single-declaration	StringLiteral	b858b61438f815c6279bbd7159ba8eb7c725eaca4e65d94ccc7e57eb8a3e5cb8	blocked	B2/BV1	BF2 must runner-enumerate profiles and attach imported/equivalent/not-applicable/unsupported evidence.	B2-parse-facet-vue.md#vue-f7a1feb1e38b909d0545:pass
VUE-080131FB7A6ACAA9C141	compiler-sfc	packages/compiler-sfc/__tests__/parse.spec.ts:200:3	82b8cf98f11ac85c33b99987eee19db201c3f661	single-declaration	StringLiteral	774c098454a434aaaa02f920e94b9dfdb9b46cbcd9b5f403954871392ec65808	blocked	B2/BV1	BF2 must runner-enumerate profiles and attach imported/equivalent/not-applicable/unsupported evidence.	B2-parse-facet-vue.md#vue-080131fb7a6acaa9c141:pass
VUE-6FC0401C6E196633C672	compiler-sfc	packages/compiler-sfc/__tests__/parse.spec.ts:210:3	82b8cf98f11ac85c33b99987eee19db201c3f661	single-declaration	StringLiteral	92c19d37afb59f9f68cfbc79ccb1032cc812fc88965aec64f5fa89c171873950	blocked	B2/BV1	BF2 must runner-enumerate profiles and attach imported/equivalent/not-applicable/unsupported evidence.	B2-parse-facet-vue.md#vue-6fc0401c6e196633c672:pass
VUE-DB92CB021B1401A09646	compiler-sfc	packages/compiler-sfc/__tests__/parse.spec.ts:220:3	82b8cf98f11ac85c33b99987eee19db201c3f661	single-declaration	StringLiteral	568d6054f80017a8474e6e14af2fcdc325fae4d99fc7e3ef85cefb7559d74584	blocked	B2/BV1	BF2 must runner-enumerate profiles and attach imported/equivalent/not-applicable/unsupported evidence.	B2-parse-facet-vue.md#vue-db92cb021b1401a09646:pass
VUE-A026474D51B9D87A4769	compiler-sfc	packages/compiler-sfc/__tests__/parse.spec.ts:231:3	82b8cf98f11ac85c33b99987eee19db201c3f661	single-declaration	StringLiteral	c78f11c3665bd61e2260e6a77a341c9b8ca23538bf05ab286986dc2fbc295aed	blocked	B2/BV1	BF2 must runner-enumerate profiles and attach imported/equivalent/not-applicable/unsupported evidence.	B2-parse-facet-vue.md#vue-a026474d51b9d87a4769:pass
VUE-A1B21030EB35DB15DE9B	compiler-sfc	packages/compiler-sfc/__tests__/parse.spec.ts:238:3	82b8cf98f11ac85c33b99987eee19db201c3f661	single-declaration	StringLiteral	2a3e064ad182c63fa0b80a36bfdc88651c17cf7b6c8b5c07217ab52c44b76fba	blocked	B2/BV1	BF2 must runner-enumerate profiles and attach imported/equivalent/not-applicable/unsupported evidence.	B2-parse-facet-vue.md#vue-a1b21030eb35db15de9b:pass
VUE-CE50E1B7E4AECD36827C	compiler-sfc	packages/compiler-sfc/__tests__/parse.spec.ts:243:3	82b8cf98f11ac85c33b99987eee19db201c3f661	single-declaration	StringLiteral	a8288dd3d140a143a69a4c2ec29c35ff44980d965e54af05d756f9b27db5f69f	blocked	B2/BV1	BF2 must runner-enumerate profiles and attach imported/equivalent/not-applicable/unsupported evidence. Parse-facet residual: `ignoreEmpty` has no production equivalent; retained for the co-owner.	B2-parse-facet-vue.md#vue-ce50e1b7e4aecd36827c:unverifiable
VUE-0B5E1870856AC01C39E5	compiler-sfc	packages/compiler-sfc/__tests__/parse.spec.ts:263:3	82b8cf98f11ac85c33b99987eee19db201c3f661	single-declaration	StringLiteral	874dd25ed485fe3595b2f0b05f0fde166a15cf06fe697c30c37fd6bf1e9a06a5	blocked	B2/BV1	BF2 must runner-enumerate profiles and attach imported/equivalent/not-applicable/unsupported evidence.	B2-parse-facet-vue.md#vue-0b5e1870856ac01c39e5:pass
VUE-B0A4F3FF94692639D2B8	compiler-sfc	packages/compiler-sfc/__tests__/parse.spec.ts:272:3	82b8cf98f11ac85c33b99987eee19db201c3f661	single-declaration	StringLiteral	b8351531afb8d5b3227781eaccfc05a6f295e1fda0fe3da31eb4101179b3ef79	blocked	B2/BV1	BF2 must runner-enumerate profiles and attach imported/equivalent/not-applicable/unsupported evidence.	B2-parse-facet-vue.md#vue-b0a4f3ff94692639d2b8:pass
VUE-1EF74AFDDA3357FA5569	compiler-sfc	packages/compiler-sfc/__tests__/parse.spec.ts:282:3	82b8cf98f11ac85c33b99987eee19db201c3f661	single-declaration	StringLiteral	809befdaaac87231c04b5f11054dcde6ad69fbf3d766c212e5351b87bf1811e2	blocked	B2/BV1	BF2 must runner-enumerate profiles and attach imported/equivalent/not-applicable/unsupported evidence.	B2-parse-facet-vue.md#vue-1ef74afdda3357fa5569:pass
VUE-A59CFE5F929A76D8267B	compiler-sfc	packages/compiler-sfc/__tests__/parse.spec.ts:294:3	82b8cf98f11ac85c33b99987eee19db201c3f661	single-declaration	StringLiteral	8a69722aa26efd36361f97b60756b4b5a9ddb7d6c70113a7cdecd797c913b3cc	blocked	B2/BV1	BF2 must runner-enumerate profiles and attach imported/equivalent/not-applicable/unsupported evidence.	B2-parse-facet-vue.md#vue-a59cfe5f929a76d8267b:pass
VUE-FD5B57709B8AD5D714CA	compiler-sfc	packages/compiler-sfc/__tests__/parse.spec.ts:305:3	82b8cf98f11ac85c33b99987eee19db201c3f661	single-declaration	StringLiteral	23b25b06292a9c363951088b14f3c29945c5012d8d5b9182873f0d0e36d54636	blocked	B2/BV1	BF2 must runner-enumerate profiles and attach imported/equivalent/not-applicable/unsupported evidence.	B2-parse-facet-vue.md#vue-fd5b57709b8ad5d714ca:pass
VUE-8249DA849C4C6FEE7795	compiler-sfc	packages/compiler-sfc/__tests__/parse.spec.ts:323:3	82b8cf98f11ac85c33b99987eee19db201c3f661	single-declaration	StringLiteral	e7c486cf4ef5d1e720eac80845b46bfeda03c9af28fdc846321700341f01ecb8	blocked	B2/BV1	BF2 must runner-enumerate profiles and attach imported/equivalent/not-applicable/unsupported evidence.	B2-parse-facet-vue.md#vue-8249da849c4c6fee7795:pass
VUE-A0AC9300150C01ECB47C	compiler-sfc	packages/compiler-sfc/__tests__/parse.spec.ts:328:3	82b8cf98f11ac85c33b99987eee19db201c3f661	single-declaration	StringLiteral	e3a46761500270cb76c98e10bfe1bdbb1f3967f9486655077f338e2507043cbc	blocked	B2/BV1	BF2 must runner-enumerate profiles and attach imported/equivalent/not-applicable/unsupported evidence.	B2-parse-facet-vue.md#vue-a0ac9300150c01ecb47c:pass
VUE-B337C98465D2006F01B9	compiler-sfc	packages/compiler-sfc/__tests__/parse.spec.ts:333:3	82b8cf98f11ac85c33b99987eee19db201c3f661	single-declaration	StringLiteral	3dda515583d5627b39599dde6360478c99d47c24276f02bd7534761ce4d6ce33	blocked	B2/BV1	BF2 must runner-enumerate profiles and attach imported/equivalent/not-applicable/unsupported evidence. Parse-facet residual: official case injects a parser implementation outside the production option surface; retained for the co-owner.	B2-parse-facet-vue.md#vue-b337c98465d2006f01b9:unverifiable
VUE-103B646604BF6B78FE9C	compiler-sfc	packages/compiler-sfc/__tests__/parse.spec.ts:350:3	82b8cf98f11ac85c33b99987eee19db201c3f661	single-declaration	StringLiteral	b5f082849f3bcfe8a2501a9afae40514bab8fea58fb9779d0038d71eca017b9e	blocked	B2/BV1	BF2 must runner-enumerate profiles and attach imported/equivalent/not-applicable/unsupported evidence.	B2-parse-facet-vue.md#vue-103b646604bf6b78fe9c:pass
VUE-E8165A61F561B39D0F8C	compiler-sfc	packages/compiler-sfc/__tests__/parse.spec.ts:358:3	82b8cf98f11ac85c33b99987eee19db201c3f661	single-declaration	StringLiteral	a7ddd64ab06d7dc4ebc92cd80e317a36cfdd1997181cd7427aa09597bad166fc	blocked	B2/BV1	BF2 must runner-enumerate profiles and attach imported/equivalent/not-applicable/unsupported evidence. Parse-facet residual: custom-element callback cannot be represented as a finite exact tag set; retained for the co-owner.	B2-parse-facet-vue.md#vue-e8165a61f561b39d0f8c:unverifiable
VUE-A1CDBD46C634C670C896	compiler-sfc	packages/compiler-sfc/__tests__/parse.spec.ts:385:5	82b8cf98f11ac85c33b99987eee19db201c3f661	single-declaration	StringLiteral	bf71487f8d4499293490b2eeab185463c93a7f63ed246e1900f4d1d0501965cd	blocked	B2/BV1	BF2 must runner-enumerate profiles and attach imported/equivalent/not-applicable/unsupported evidence.	B2-parse-facet-vue.md#vue-a1cdbd46c634c670c896:pass
VUE-CE8980C207A8D9E251A1	compiler-sfc	packages/compiler-sfc/__tests__/parse.spec.ts:389:5	82b8cf98f11ac85c33b99987eee19db201c3f661	single-declaration	StringLiteral	503482f135f1c189efae213c18473177f2cf6d1c91007f6577b1d622c298eb66	blocked	B2/BV1	BF2 must runner-enumerate profiles and attach imported/equivalent/not-applicable/unsupported evidence.	B2-parse-facet-vue.md#vue-ce8980c207a8d9e251a1:pass
VUE-248AD7E981F815B1D8B8	compiler-sfc	packages/compiler-sfc/__tests__/parse.spec.ts:400:5	82b8cf98f11ac85c33b99987eee19db201c3f661	single-declaration	StringLiteral	33ecad240720efb487d5f4c8a7688772083c578cdc97c684cb08bdd0148263a7	blocked	B2/BV1	BF2 must runner-enumerate profiles and attach imported/equivalent/not-applicable/unsupported evidence.	B2-parse-facet-vue.md#vue-248ad7e981f815b1d8b8:pass
VUE-573D5B5F7AF54A98214E	compiler-sfc	packages/compiler-sfc/__tests__/parse.spec.ts:407:5	82b8cf98f11ac85c33b99987eee19db201c3f661	single-declaration	StringLiteral	67f3b6b0ec2e9457368b0c1de9a929ec100bc765b8adca63c7d48db3f79d19a5	blocked	B2/BV1	BF2 must runner-enumerate profiles and attach imported/equivalent/not-applicable/unsupported evidence.	B2-parse-facet-vue.md#vue-573d5b5f7af54a98214e:pass
VUE-1FF0779591D38240C2E2	compiler-sfc	packages/compiler-sfc/__tests__/parse.spec.ts:415:5	82b8cf98f11ac85c33b99987eee19db201c3f661	single-declaration	StringLiteral	237fdcc3da912a89a4e94836079fc65917fa2b81b8e2a5edf4a275681a7e1106	blocked	B2/BV1	BF2 must runner-enumerate profiles and attach imported/equivalent/not-applicable/unsupported evidence.	B2-parse-facet-vue.md#vue-1ff0779591d38240c2e2:pass
VUE-63D7133E42BAF43C270B	compiler-sfc	packages/compiler-sfc/__tests__/parse.spec.ts:424:5	82b8cf98f11ac85c33b99987eee19db201c3f661	single-declaration	StringLiteral	7bf03d0daf45745a388ce633e827259f3528e4fe3b00165150795641c044679b	blocked	B2/BV1	BF2 must runner-enumerate profiles and attach imported/equivalent/not-applicable/unsupported evidence.	B2-parse-facet-vue.md#vue-63d7133e42baf43c270b:pass
VUE-FADC096BED414A11DC0C	compiler-sfc	packages/compiler-sfc/__tests__/parse.spec.ts:433:5	82b8cf98f11ac85c33b99987eee19db201c3f661	single-declaration	StringLiteral	73039a415c42a5482dd7516f4f0c798f9be75fb3c8a9499edb6641c1bbda2ae8	blocked	B2/BV1	BF2 must runner-enumerate profiles and attach imported/equivalent/not-applicable/unsupported evidence.	B2-parse-facet-vue.md#vue-fadc096bed414a11dc0c:pass
VUE-E41E176DE99059AA5A63	compiler-sfc	packages/compiler-sfc/__tests__/parse.spec.ts:440:5	82b8cf98f11ac85c33b99987eee19db201c3f661	single-declaration	StringLiteral	618dd9554ce2bf6abb63f0f6dafd6814540edae7fec7a2ad69dfd8edc5588473	blocked	B2/BV1	BF2 must runner-enumerate profiles and attach imported/equivalent/not-applicable/unsupported evidence.	B2-parse-facet-vue.md#vue-e41e176de99059aa5a63:pass
VUE-0104EC826E24A51E8425	compiler-sfc	packages/compiler-sfc/__tests__/parse.spec.ts:73:5	82b8cf98f11ac85c33b99987eee19db201c3f661	single-declaration	StringLiteral	c549b5fec061e7ab7063c53816a2ed8c69d7093e402827eef9c0dd32028b7bef	blocked	B2/BV1	BF2 must runner-enumerate profiles and attach imported/equivalent/not-applicable/unsupported evidence.	B2-parse-facet-vue.md#vue-0104ec826e24a51e8425:pass
VUE-8B6011A73F8718E72580	compiler-sfc	packages/compiler-sfc/__tests__/parse.spec.ts:88:5	82b8cf98f11ac85c33b99987eee19db201c3f661	single-declaration	StringLiteral	492af39ca2cd16d632790472152d5f2f0b51a97b89742faf729b18db91040aec	blocked	B2/BV1	BF2 must runner-enumerate profiles and attach imported/equivalent/not-applicable/unsupported evidence.	B2-parse-facet-vue.md#vue-8b6011a73f8718e72580:pass
VUE-1747942C3223A89BAB12	compiler-sfc	packages/compiler-sfc/__tests__/rewriteDefault.spec.ts:116:3	5b30b2062ada396b64d8521166d2567a6d4c15ae	single-declaration	TemplateLiteral	b233775bcb182ecff2e61c8f4d366347b5793eda76b712714bcd0039f249a6aa	blocked	B2/BV1	BF2 must runner-enumerate profiles and attach imported/equivalent/not-applicable/unsupported evidence.	B2-parse-facet-vue.md#vue-1747942c3223a89bab12:pass
VUE-30A6F89F7B42E0DE80AD	compiler-sfc	packages/compiler-sfc/__tests__/rewriteDefault.spec.ts:12:3	5b30b2062ada396b64d8521166d2567a6d4c15ae	single-declaration	StringLiteral	c9e5809256b9b3d27976bd51ea6b2972600f56364713abe10842633ef34c8ee6	blocked	B2/BV1	BF2 must runner-enumerate profiles and attach imported/equivalent/not-applicable/unsupported evidence.	B2-parse-facet-vue.md#vue-30a6f89f7b42e0de80ad:pass
VUE-D57309A28B1FA6C71CF6	compiler-sfc	packages/compiler-sfc/__tests__/rewriteDefault.spec.ts:18:3	5b30b2062ada396b64d8521166d2567a6d4c15ae	single-declaration	StringLiteral	deaf5fb0fb8f58851b5676bd5e4a9e5636b664fd7eb45dd61af3dd5daa3142bf	blocked	B2/BV1	BF2 must runner-enumerate profiles and attach imported/equivalent/not-applicable/unsupported evidence.	B2-parse-facet-vue.md#vue-d57309a28b1fa6c71cf6:pass
VUE-A80E133B86814674E9A8	compiler-sfc	packages/compiler-sfc/__tests__/rewriteDefault.spec.ts:199:3	5b30b2062ada396b64d8521166d2567a6d4c15ae	single-declaration	StringLiteral	522d56c97244316b8052e5789916cbe8786212892831b10f90b1d8a118354f44	blocked	B2/BV1	BF2 must runner-enumerate profiles and attach imported/equivalent/not-applicable/unsupported evidence.	B2-parse-facet-vue.md#vue-a80e133b86814674e9a8:pass
VUE-8330F1DA3723D0EB87B1	compiler-sfc	packages/compiler-sfc/__tests__/rewriteDefault.spec.ts:207:3	5b30b2062ada396b64d8521166d2567a6d4c15ae	single-declaration	StringLiteral	a293b6f84224f9f7f6876ca2aecd97bef72ca5b23a502aeda4a84abefd195707	blocked	B2/BV1	BF2 must runner-enumerate profiles and attach imported/equivalent/not-applicable/unsupported evidence.	B2-parse-facet-vue.md#vue-8330f1da3723d0eb87b1:pass
VUE-4F86D3A1858C53C17341	compiler-sfc	packages/compiler-sfc/__tests__/rewriteDefault.spec.ts:220:3	5b30b2062ada396b64d8521166d2567a6d4c15ae	single-declaration	StringLiteral	c450040ccd4846c26279b59e21031748343cefbeaeeb4fa36ae3d78717611301	blocked	B2/BV1	BF2 must runner-enumerate profiles and attach imported/equivalent/not-applicable/unsupported evidence.	B2-parse-facet-vue.md#vue-4f86d3a1858c53c17341:pass
VUE-A8A92A7007969F0FBF5D	compiler-sfc	packages/compiler-sfc/__tests__/rewriteDefault.spec.ts:232:3	5b30b2062ada396b64d8521166d2567a6d4c15ae	single-declaration	StringLiteral	57072cdec874a3992edc133d21497e395e80f79693cff71fc633501840e00fb2	blocked	B2/BV1	BF2 must runner-enumerate profiles and attach imported/equivalent/not-applicable/unsupported evidence.	B2-parse-facet-vue.md#vue-a8a92a7007969f0fbf5d:pass
VUE-A75B688794CAE41F8D22	compiler-sfc	packages/compiler-sfc/__tests__/rewriteDefault.spec.ts:246:3	5b30b2062ada396b64d8521166d2567a6d4c15ae	single-declaration	StringLiteral	d573b1bdef5b7febcf3958ee7660793cca2f2dabd495e6847ed365a5645a8afd	blocked	B2/BV1	BF2 must runner-enumerate profiles and attach imported/equivalent/not-applicable/unsupported evidence.	B2-parse-facet-vue.md#vue-a75b688794cae41f8d22:pass
VUE-748F3D3012075367C013	compiler-sfc	packages/compiler-sfc/__tests__/rewriteDefault.spec.ts:257:3	5b30b2062ada396b64d8521166d2567a6d4c15ae	single-declaration	StringLiteral	85dd9d326328d8e02c599b2133ec94ef75e19d3a54b998062d51e4bcf04fffc4	blocked	B2/BV1	BF2 must runner-enumerate profiles and attach imported/equivalent/not-applicable/unsupported evidence.	B2-parse-facet-vue.md#vue-748f3d3012075367c013:pass
VUE-1E5CB87CCCACD23E82EC	compiler-sfc	packages/compiler-sfc/__tests__/rewriteDefault.spec.ts:26:3	5b30b2062ada396b64d8521166d2567a6d4c15ae	single-declaration	StringLiteral	9fbaa1b788c81e9b7936d3f9aa2c6a9230af539e2dd2e2c7b985d46d6226b5f3	blocked	B2/BV1	BF2 must runner-enumerate profiles and attach imported/equivalent/not-applicable/unsupported evidence.	B2-parse-facet-vue.md#vue-1e5cb87cccacd23e82ec:pass
VUE-332241FC11253B6F215D	compiler-sfc	packages/compiler-sfc/__tests__/rewriteDefault.spec.ts:271:3	5b30b2062ada396b64d8521166d2567a6d4c15ae	single-declaration	StringLiteral	239328ded35a9200883ff2b4a7430848d1b915e01be803f692b3c014d81cbd3b	blocked	B2/BV1	BF2 must runner-enumerate profiles and attach imported/equivalent/not-applicable/unsupported evidence.	B2-parse-facet-vue.md#vue-332241fc11253b6f215d:pass
VUE-037F8031029441D34145	compiler-sfc	packages/compiler-sfc/__tests__/rewriteDefault.spec.ts:284:3	5b30b2062ada396b64d8521166d2567a6d4c15ae	single-declaration	StringLiteral	0478ff56bdc198b7ccf436f1d66e1281168316c9faddaa7493b36451266aba89	blocked	B2/BV1	BF2 must runner-enumerate profiles and attach imported/equivalent/not-applicable/unsupported evidence.	B2-parse-facet-vue.md#vue-037f8031029441d34145:pass
VUE-56E77098328747C72842	compiler-sfc	packages/compiler-sfc/__tests__/rewriteDefault.spec.ts:4:3	5b30b2062ada396b64d8521166d2567a6d4c15ae	single-declaration	StringLiteral	0d2ec703e871a559ad572b4a64cf9f116d44b7b49be08b7ec74b4294f9bed342	blocked	B2/BV1	BF2 must runner-enumerate profiles and attach imported/equivalent/not-applicable/unsupported evidence.	B2-parse-facet-vue.md#vue-56e77098328747c72842:pass
VUE-13A14241738D2177C5EF	compiler-sfc	packages/compiler-sfc/__tests__/rewriteDefault.spec.ts:62:3	5b30b2062ada396b64d8521166d2567a6d4c15ae	single-declaration	StringLiteral	1f9b27b66169ec87f3f6824962d3e970a2ef7e6bf3cd8279a60700850e61fb74	blocked	B2/BV1	BF2 must runner-enumerate profiles and attach imported/equivalent/not-applicable/unsupported evidence.	B2-parse-facet-vue.md#vue-13a14241738d2177c5ef:pass
VUE-A98405A5E9AF8E52D2FE	compiler-sfc	packages/compiler-sfc/__tests__/rewriteDefault.spec.ts:70:3	5b30b2062ada396b64d8521166d2567a6d4c15ae	single-declaration	StringLiteral	9d7ba50f200cc89034afaae792d6825bf5f05a3a90916c3bb39e3ffd10c5f08e	blocked	B2/BV1	BF2 must runner-enumerate profiles and attach imported/equivalent/not-applicable/unsupported evidence.	B2-parse-facet-vue.md#vue-a98405a5e9af8e52d2fe:pass
VUE-5CEF66CADEBD6C56A32D	compiler-sfc	packages/compiler-sfc/__tests__/rewriteDefault.spec.ts:82:3	5b30b2062ada396b64d8521166d2567a6d4c15ae	single-declaration	StringLiteral	16908ecc8f5e67a9e9c10f62e4efd30619df1a8f730c0de0460e978ce1735f81	blocked	B2/BV1	BF2 must runner-enumerate profiles and attach imported/equivalent/not-applicable/unsupported evidence.	B2-parse-facet-vue.md#vue-5cef66cadebd6c56a32d:pass
VUE-103C9CAD9C3D3FAE9666	compiler-sfc	packages/compiler-sfc/__tests__/templateTransformAssetUrl.spec.ts:104:3	82984ad61475067c5c9228e64de38beb52b32f48	single-declaration	StringLiteral	424f0d549eef90e0a1cd2648554830e586bbc08c6f63e52f25e3e787df41ba73	blocked	B2/BV1	BF2 must runner-enumerate profiles and attach imported/equivalent/not-applicable/unsupported evidence.	B2-parse-facet-vue.md#vue-103c9cad9c3d3fae9666:pass
VUE-294CE1FB80A2CA0FDE13	compiler-sfc	packages/compiler-sfc/__tests__/templateTransformAssetUrl.spec.ts:118:3	82984ad61475067c5c9228e64de38beb52b32f48	single-declaration	StringLiteral	714d0d3b79d83ecd339b6789efc97e303d15c32a7e1abd7d30937c03c987d9f4	blocked	B2/BV1	BF2 must runner-enumerate profiles and attach imported/equivalent/not-applicable/unsupported evidence.	B2-parse-facet-vue.md#vue-294ce1fb80a2ca0fde13:pass
VUE-519F307F13572D86CD13	compiler-sfc	packages/compiler-sfc/__tests__/templateTransformAssetUrl.spec.ts:127:3	82984ad61475067c5c9228e64de38beb52b32f48	single-declaration	StringLiteral	cfb9250c5038f0397403553b780c9d491c64a64858c06da325019b3148259439	blocked	B2/BV1	BF2 must runner-enumerate profiles and attach imported/equivalent/not-applicable/unsupported evidence.	B2-parse-facet-vue.md#vue-519f307f13572d86cd13:pass
VUE-E4C4A5E7064C650E5F70	compiler-sfc	packages/compiler-sfc/__tests__/templateTransformAssetUrl.spec.ts:147:3	82984ad61475067c5c9228e64de38beb52b32f48	single-declaration	StringLiteral	46ec6b370d1d57c2240ad28f833a70f1df7f6e891ba7f2f29587192e75800f76	blocked	B2/BV1	BF2 must runner-enumerate profiles and attach imported/equivalent/not-applicable/unsupported evidence.	B2-parse-facet-vue.md#vue-e4c4a5e7064c650e5f70:pass
VUE-5B77402B484D28A4FA75	compiler-sfc	packages/compiler-sfc/__tests__/templateTransformAssetUrl.spec.ts:153:3	82984ad61475067c5c9228e64de38beb52b32f48	single-declaration	StringLiteral	6b2f471c3757f99cdcead30d8a6e13ff5cb43e3edac6007c9e315386700bf83c	blocked	B2/BV1	BF2 must runner-enumerate profiles and attach imported/equivalent/not-applicable/unsupported evidence.	B2-parse-facet-vue.md#vue-5b77402b484d28a4fa75:pass
VUE-0BE836F286FC1162B30E	compiler-sfc	packages/compiler-sfc/__tests__/templateTransformAssetUrl.spec.ts:166:3	82984ad61475067c5c9228e64de38beb52b32f48	single-declaration	StringLiteral	a406cf410858358fde1f2d55d3ac1e9df6bcb72b92dfbe4ba9eded41bb724d20	blocked	B2/BV1	BF2 must runner-enumerate profiles and attach imported/equivalent/not-applicable/unsupported evidence.	B2-parse-facet-vue.md#vue-0be836f286fc1162b30e:pass
VUE-1742ADA34CFCC5A4FA11	compiler-sfc	packages/compiler-sfc/__tests__/templateTransformAssetUrl.spec.ts:176:3	82984ad61475067c5c9228e64de38beb52b32f48	single-declaration	StringLiteral	2b9c21659e99898842b96e6025f7a963550940639fc55e46b4e47b325d1681ed	blocked	B2/BV1	BF2 must runner-enumerate profiles and attach imported/equivalent/not-applicable/unsupported evidence.	B2-parse-facet-vue.md#vue-1742ada34cfcc5a4fa11:pass
VUE-64898FCC27B8B94DE054	compiler-sfc	packages/compiler-sfc/__tests__/templateTransformAssetUrl.spec.ts:184:3	82984ad61475067c5c9228e64de38beb52b32f48	single-declaration	StringLiteral	793b2dd46b3b1dabd48e428fba5ccfb5caa0275bbdcc23ce3bccaccf3e8d26fc	blocked	B2/BV1	BF2 must runner-enumerate profiles and attach imported/equivalent/not-applicable/unsupported evidence.	B2-parse-facet-vue.md#vue-64898fcc27b8b94de054:pass
VUE-41F9A7990C87EF670B1B	compiler-sfc	packages/compiler-sfc/__tests__/templateTransformAssetUrl.spec.ts:192:3	82984ad61475067c5c9228e64de38beb52b32f48	single-declaration	StringLiteral	04b7962b98d04f19f02d337beb3b3ab13c73eff6d51cde655b6d7e3f0c7848e7	blocked	B2/BV1	BF2 must runner-enumerate profiles and attach imported/equivalent/not-applicable/unsupported evidence.	B2-parse-facet-vue.md#vue-41f9a7990c87ef670b1b:pass
VUE-E8B79A82CFE4FF2A48AB	compiler-sfc	packages/compiler-sfc/__tests__/templateTransformAssetUrl.spec.ts:200:3	82984ad61475067c5c9228e64de38beb52b32f48	single-declaration	StringLiteral	00710335110ccec47a16ce8b07588e1aada169ad4d8b5df01fae3462445bceaa	blocked	B2/BV1	BF2 must runner-enumerate profiles and attach imported/equivalent/not-applicable/unsupported evidence.	B2-parse-facet-vue.md#vue-e8b79a82cfe4ff2a48ab:pass
VUE-83E77E85539C06884A4B	compiler-sfc	packages/compiler-sfc/__tests__/templateTransformAssetUrl.spec.ts:208:3	82984ad61475067c5c9228e64de38beb52b32f48	single-declaration	StringLiteral	4c2cc1474f0708a1c9e1859a2ac3236e7ecfc298a3c67ccd00f6ccbd05da6b17	blocked	B2/BV1	BF2 must runner-enumerate profiles and attach imported/equivalent/not-applicable/unsupported evidence.	B2-parse-facet-vue.md#vue-83e77e85539c06884a4b:pass
VUE-40A8435FEBA25734FB4C	compiler-sfc	packages/compiler-sfc/__tests__/templateTransformAssetUrl.spec.ts:229:3	82984ad61475067c5c9228e64de38beb52b32f48	single-declaration	StringLiteral	286e48f3b6a635b501e5c16b0bdd32926ac4a5573e5a14bbe4e0afb8f6492f0b	blocked	B2/BV1	BF2 must runner-enumerate profiles and attach imported/equivalent/not-applicable/unsupported evidence.	B2-parse-facet-vue.md#vue-40a8435feba25734fb4c:pass
VUE-E71B99484E80C3896E37	compiler-sfc	packages/compiler-sfc/__tests__/templateTransformAssetUrl.spec.ts:244:3	82984ad61475067c5c9228e64de38beb52b32f48	single-declaration	StringLiteral	f85769fb908a6a65652596e5d13c2c04bac23c98f2ff9ac658f942594bfef5db	blocked	B2/BV1	BF2 must runner-enumerate profiles and attach imported/equivalent/not-applicable/unsupported evidence.	B2-parse-facet-vue.md#vue-e71b99484e80c3896e37:pass
VUE-74F52872AB2ED427E31A	compiler-sfc	packages/compiler-sfc/__tests__/templateTransformAssetUrl.spec.ts:37:3	82984ad61475067c5c9228e64de38beb52b32f48	single-declaration	StringLiteral	7cd30f164777de9613b91fc755287fb9269f9d150ebbd34cd052d7002ec61382	blocked	B2/BV1	BF2 must runner-enumerate profiles and attach imported/equivalent/not-applicable/unsupported evidence.	B2-parse-facet-vue.md#vue-74f52872ab2ed427e31a:pass
VUE-51CB9BCE3DB8FC5D14EB	compiler-sfc	packages/compiler-sfc/__tests__/templateTransformAssetUrl.spec.ts:54:3	82984ad61475067c5c9228e64de38beb52b32f48	single-declaration	StringLiteral	750b3ab9501f1659904b39b62ddccc902954d90b2720b6189952b3ab7370f1f5	blocked	B2/BV1	BF2 must runner-enumerate profiles and attach imported/equivalent/not-applicable/unsupported evidence.	B2-parse-facet-vue.md#vue-51cb9bce3db8fc5d14eb:pass
VUE-F5D47D27CD60A40BDDE5	compiler-sfc	packages/compiler-sfc/__tests__/templateTransformAssetUrl.spec.ts:69:3	82984ad61475067c5c9228e64de38beb52b32f48	single-declaration	StringLiteral	91ae7cd1eb433e43aa4be13d83b22cb0b90a6d7257a6b2093b7bc51189e16522	blocked	B2/BV1	BF2 must runner-enumerate profiles and attach imported/equivalent/not-applicable/unsupported evidence.	B2-parse-facet-vue.md#vue-f5d47d27cd60a40bdde5:pass
VUE-6E10C37C640277B4E106	compiler-sfc	packages/compiler-sfc/__tests__/templateTransformAssetUrl.spec.ts:75:3	82984ad61475067c5c9228e64de38beb52b32f48	single-declaration	StringLiteral	96f9fc5eec0592a8aceb86f90ce3d13f8bc6b06c827b3ccbc366e2e325c4ee76	blocked	B2/BV1	BF2 must runner-enumerate profiles and attach imported/equivalent/not-applicable/unsupported evidence.	B2-parse-facet-vue.md#vue-6e10c37c640277b4e106:pass
VUE-C331A92A17C3B750791C	compiler-sfc	packages/compiler-sfc/__tests__/templateTransformAssetUrl.spec.ts:90:3	82984ad61475067c5c9228e64de38beb52b32f48	single-declaration	StringLiteral	629f6bad73e2240db7ce50d3a4211b10bf7a732eaacb04800155e74a53c021a2	blocked	B2/BV1	BF2 must runner-enumerate profiles and attach imported/equivalent/not-applicable/unsupported evidence.	B2-parse-facet-vue.md#vue-c331a92a17c3b750791c:pass
VUE-464EBF659F6536624B09	compiler-sfc	packages/compiler-sfc/__tests__/templateTransformSrcset.spec.ts:110:3	5b4ac38d3190f7004fce8d36b6883be1065cc13d	single-declaration	StringLiteral	9679f8e5e883987b5b45e3c67c8549418ab7f1563fb2e0ad55b32ba7957d4a8e	blocked	B2/BV1	BF2 must runner-enumerate profiles and attach imported/equivalent/not-applicable/unsupported evidence.	B2-parse-facet-vue.md#vue-464ebf659f6536624b09:pass
VUE-F324C3B3AD76EE165B48	compiler-sfc	packages/compiler-sfc/__tests__/templateTransformSrcset.spec.ts:122:3	5b4ac38d3190f7004fce8d36b6883be1065cc13d	single-declaration	StringLiteral	b3decb80cf124e9825b3c09713a7093ac7c763d38f08a0fdacc6fafef372babe	blocked	B2/BV1	BF2 must runner-enumerate profiles and attach imported/equivalent/not-applicable/unsupported evidence.	B2-parse-facet-vue.md#vue-f324c3b3ad76ee165b48:pass
VUE-854C33CDDFE6B696E7F9	compiler-sfc	packages/compiler-sfc/__tests__/templateTransformSrcset.spec.ts:136:3	5b4ac38d3190f7004fce8d36b6883be1065cc13d	single-declaration	StringLiteral	7a39784f0bf34fc2d5cf01c8ce40782f167cf6dd2f148fdce2f3ce6d5a4e5a9f	blocked	B2/BV1	BF2 must runner-enumerate profiles and attach imported/equivalent/not-applicable/unsupported evidence.	B2-parse-facet-vue.md#vue-854c33cddfe6b696e7f9:pass
VUE-3E25DF72F664C761E3BC	compiler-sfc	packages/compiler-sfc/__tests__/templateTransformSrcset.spec.ts:55:3	5b4ac38d3190f7004fce8d36b6883be1065cc13d	single-declaration	StringLiteral	dd3bc652968d674534079e0aa43c79418c5abf6785536859be19374d5b728e4a	blocked	B2/BV1	BF2 must runner-enumerate profiles and attach imported/equivalent/not-applicable/unsupported evidence.	B2-parse-facet-vue.md#vue-3e25df72f664c761e3bc:pass
VUE-4C8C9145B2E94E614B58	compiler-sfc	packages/compiler-sfc/__tests__/templateTransformSrcset.spec.ts:59:3	5b4ac38d3190f7004fce8d36b6883be1065cc13d	single-declaration	StringLiteral	a8daf4cadac7ef5f210d17f0acc25e2e6a0af6eadf0c2d4d457e9f4579240650	blocked	B2/BV1	BF2 must runner-enumerate profiles and attach imported/equivalent/not-applicable/unsupported evidence.	B2-parse-facet-vue.md#vue-4c8c9145b2e94e614b58:pass
VUE-CED1F0B73CBFB32DEFC0	compiler-sfc	packages/compiler-sfc/__tests__/templateTransformSrcset.spec.ts:67:3	5b4ac38d3190f7004fce8d36b6883be1065cc13d	single-declaration	StringLiteral	1ddacc31f7bc75729a727f35eeeab64913cb1c7c03277fa8d0ac9e527d51b7ef	blocked	B2/BV1	BF2 must runner-enumerate profiles and attach imported/equivalent/not-applicable/unsupported evidence.	B2-parse-facet-vue.md#vue-ced1f0b73cbfb32defc0:pass
VUE-4373F64CE39BFE787C1A	compiler-sfc	packages/compiler-sfc/__tests__/templateTransformSrcset.spec.ts:75:3	5b4ac38d3190f7004fce8d36b6883be1065cc13d	single-declaration	StringLiteral	910fd9847e44995ce5aecdde6ca9a72edcdfb309f5f0e3a19eed05ad2be3e0d3	blocked	B2/BV1	BF2 must runner-enumerate profiles and attach imported/equivalent/not-applicable/unsupported evidence.	B2-parse-facet-vue.md#vue-4373f64ce39bfe787c1a:pass
VUE-BAA47F734ED2488D7E63	compiler-sfc	packages/compiler-sfc/__tests__/templateTransformSrcset.spec.ts:83:3	5b4ac38d3190f7004fce8d36b6883be1065cc13d	single-declaration	StringLiteral	bd2cb58a43687a1a27c5dd34dac2645bd683c5812254aef3fbb49de9afb69d69	blocked	B2/BV1	BF2 must runner-enumerate profiles and attach imported/equivalent/not-applicable/unsupported evidence.	B2-parse-facet-vue.md#vue-baa47f734ed2488d7e63:pass
VUE-6F857760A0B9B56644A3	compiler-sfc	packages/compiler-sfc/__tests__/templateTransformSrcset.spec.ts:98:3	5b4ac38d3190f7004fce8d36b6883be1065cc13d	single-declaration	StringLiteral	f954373787481477e12728a89833fd4d9df7d11f3aac9ccb3b06807dd6efa446	blocked	B2/BV1	BF2 must runner-enumerate profiles and attach imported/equivalent/not-applicable/unsupported evidence.	B2-parse-facet-vue.md#vue-6f857760a0b9b56644a3:pass
VUE-BB896B3647A8595E65BD	compiler-sfc	packages/compiler-sfc/__tests__/templateUtils.spec.ts:105:3	43609feb096d9f731b380283272c2f489920260a	single-declaration	StringLiteral	38a109c24c326f63e06800702119d98693fa503b9db1f5c24a8b3d77b3bd27de	blocked	B2/BV1	BF2 must runner-enumerate profiles and attach imported/equivalent/not-applicable/unsupported evidence.	B2-parse-facet-vue.md#vue-bb896b3647a8595e65bd:pass
VUE-5BD46E17D89EAFFF846E	compiler-sfc	packages/compiler-sfc/__tests__/templateUtils.spec.ts:133:3	43609feb096d9f731b380283272c2f489920260a	single-declaration	StringLiteral	0db01cf783de8a43078011aa4a69eb2993a200653f39907a3589c2bb02be5f22	blocked	B2/BV1	BF2 must runner-enumerate profiles and attach imported/equivalent/not-applicable/unsupported evidence.	B2-parse-facet-vue.md#vue-5bd46e17d89eafff846e:pass
VUE-9871DC481D5D8B7D1200	compiler-sfc	packages/compiler-sfc/__tests__/templateUtils.spec.ts:15:3	43609feb096d9f731b380283272c2f489920260a	single-declaration	StringLiteral	3ada53be9f211f7aa4878e8177180aad4454b264bb0b7126796006dffc3f2fe8	blocked	B2/BV1	BF2 must runner-enumerate profiles and attach imported/equivalent/not-applicable/unsupported evidence. Parse-facet residual: case does not expose a statically recoverable carrier or carrier-block input; retained for the co-owner.	B2-parse-facet-vue.md#vue-9871dc481d5d8b7d1200:unverifiable
VUE-7B0523108AD88C4092F8	compiler-sfc	packages/compiler-sfc/__tests__/templateUtils.spec.ts:153:3	43609feb096d9f731b380283272c2f489920260a	single-declaration	StringLiteral	f88c7b9c4abb2a32eff7335f6b0ac2e39f1b89571d2c9566f9e97ea74fdd8996	blocked	B2/BV1	BF2 must runner-enumerate profiles and attach imported/equivalent/not-applicable/unsupported evidence.	B2-parse-facet-vue.md#vue-7b0523108ad88c4092f8:pass
VUE-B5F0BC1625C5C2AA3FED	compiler-sfc	packages/compiler-sfc/__tests__/templateUtils.spec.ts:178:3	43609feb096d9f731b380283272c2f489920260a	single-declaration	StringLiteral	0f9f51f20832e42263f3f06cf1019ae2a7bbfc1736539c2edecaf5d205c2eed3	blocked	B2/BV1	BF2 must runner-enumerate profiles and attach imported/equivalent/not-applicable/unsupported evidence.	B2-parse-facet-vue.md#vue-b5f0bc1625c5c2aa3fed:pass
VUE-66C8DEDB5B8E3F686459	compiler-sfc	packages/compiler-sfc/__tests__/templateUtils.spec.ts:203:3	43609feb096d9f731b380283272c2f489920260a	single-declaration	StringLiteral	6342169ccc08021c81d68f691df24cb70c9135e1e8844c594dd64393eb0cabd6	blocked	B2/BV1	BF2 must runner-enumerate profiles and attach imported/equivalent/not-applicable/unsupported evidence.	B2-parse-facet-vue.md#vue-66c8dedb5b8e3f686459:pass
VUE-A22DAE8CA39C351BCB1C	compiler-sfc	packages/compiler-sfc/__tests__/templateUtils.spec.ts:21:3	43609feb096d9f731b380283272c2f489920260a	single-declaration	StringLiteral	89c8233bc83eeed50ad45ad04e08015cfdd8135775b9aa77b987d983bb1626ba	blocked	B2/BV1	BF2 must runner-enumerate profiles and attach imported/equivalent/not-applicable/unsupported evidence. Parse-facet residual: case does not expose a statically recoverable carrier or carrier-block input; retained for the co-owner.	B2-parse-facet-vue.md#vue-a22dae8ca39c351bcb1c:unverifiable
VUE-F32F41D09078AC75ABF7	compiler-sfc	packages/compiler-sfc/__tests__/templateUtils.spec.ts:233:3	43609feb096d9f731b380283272c2f489920260a	single-declaration	StringLiteral	f2c8c293dbd5e65b1a28c73b0d0659206dfb9c9b7af79a2b71e68c088e6c8c04	blocked	B2/BV1	BF2 must runner-enumerate profiles and attach imported/equivalent/not-applicable/unsupported evidence.	B2-parse-facet-vue.md#vue-f32f41d09078ac75abf7:pass
VUE-6242340FFF28510AB4F0	compiler-sfc	packages/compiler-sfc/__tests__/templateUtils.spec.ts:254:3	43609feb096d9f731b380283272c2f489920260a	single-declaration	StringLiteral	7bb1054cf1f50ca9b926db734423365b3b982e3fc289f25cc56044cb437238e3	blocked	B2/BV1	BF2 must runner-enumerate profiles and attach imported/equivalent/not-applicable/unsupported evidence.	B2-parse-facet-vue.md#vue-6242340fff28510ab4f0:pass
VUE-DB4CA5631E432E9FB864	compiler-sfc	packages/compiler-sfc/__tests__/templateUtils.spec.ts:273:3	43609feb096d9f731b380283272c2f489920260a	single-declaration	StringLiteral	f9bfa9d2f51c909eb6e729fd3248aa26cbe0b670471f8d9ccef6776e3b21c422	blocked	B2/BV1	BF2 must runner-enumerate profiles and attach imported/equivalent/not-applicable/unsupported evidence.	B2-parse-facet-vue.md#vue-db4ca5631e432e9fb864:pass
VUE-8D194FECD2DC0C61FE7E	compiler-sfc	packages/compiler-sfc/__tests__/templateUtils.spec.ts:29:3	43609feb096d9f731b380283272c2f489920260a	single-declaration	StringLiteral	be17917036caea7bf2d95e310b3778682ee9a5de0ebcf7144e4becae6d355994	blocked	B2/BV1	BF2 must runner-enumerate profiles and attach imported/equivalent/not-applicable/unsupported evidence. Parse-facet residual: case does not expose a statically recoverable carrier or carrier-block input; retained for the co-owner.	B2-parse-facet-vue.md#vue-8d194fecd2dc0c61fe7e:unverifiable
VUE-7C8B08686BCA4D5A3689	compiler-sfc	packages/compiler-sfc/__tests__/templateUtils.spec.ts:293:3	43609feb096d9f731b380283272c2f489920260a	single-declaration	StringLiteral	703813258a08ccdc45baf63df0c7469ebe49748aad19aca0088fe04daeb9a8ca	blocked	B2/BV1	BF2 must runner-enumerate profiles and attach imported/equivalent/not-applicable/unsupported evidence.	B2-parse-facet-vue.md#vue-7c8b08686bca4d5a3689:pass
VUE-6694B4E817B5C67CCD4A	compiler-sfc	packages/compiler-sfc/__tests__/templateUtils.spec.ts:312:3	43609feb096d9f731b380283272c2f489920260a	single-declaration	StringLiteral	37182ac2c9b2c5eae3501ac8a8a78265fa26ec5d27cd87af3cdb16e26d91edc4	blocked	B2/BV1	BF2 must runner-enumerate profiles and attach imported/equivalent/not-applicable/unsupported evidence.	B2-parse-facet-vue.md#vue-6694b4e817b5c67ccd4a:pass
VUE-CAC3447D3B8102C78FE3	compiler-sfc	packages/compiler-sfc/__tests__/templateUtils.spec.ts:334:3	43609feb096d9f731b380283272c2f489920260a	single-declaration	StringLiteral	0d48b863fbe598f0aa13b30323f3b1665c8e3e112ae71430a52d2c5747e2504e	blocked	B2/BV1	BF2 must runner-enumerate profiles and attach imported/equivalent/not-applicable/unsupported evidence.	B2-parse-facet-vue.md#vue-cac3447d3b8102c78fe3:pass
VUE-1F933F83D483CD156DF5	compiler-sfc	packages/compiler-sfc/__tests__/templateUtils.spec.ts:35:3	43609feb096d9f731b380283272c2f489920260a	single-declaration	StringLiteral	a9f375867be26ce5cd939df9edf6f0021cdf2d4f26f8b3f8b96fbd914149c80a	blocked	B2/BV1	BF2 must runner-enumerate profiles and attach imported/equivalent/not-applicable/unsupported evidence. Parse-facet residual: case does not expose a statically recoverable carrier or carrier-block input; retained for the co-owner.	B2-parse-facet-vue.md#vue-1f933f83d483cd156df5:unverifiable
VUE-D7182F39855BEB648A39	compiler-sfc	packages/compiler-sfc/__tests__/templateUtils.spec.ts:356:3	43609feb096d9f731b380283272c2f489920260a	single-declaration	StringLiteral	e76588adaf5fc4fda13fd6f963c63cb08d722443ded045a761243964851b5c2c	blocked	B2/BV1	BF2 must runner-enumerate profiles and attach imported/equivalent/not-applicable/unsupported evidence.	B2-parse-facet-vue.md#vue-d7182f39855beb648a39:pass
VUE-F932980D0ED2E9994161	compiler-sfc	packages/compiler-sfc/__tests__/templateUtils.spec.ts:41:3	43609feb096d9f731b380283272c2f489920260a	single-declaration	StringLiteral	e4e334c80c3fe0dac4bed89c6ee79568b2bc3eccd2e761c999149bd1a39e59e0	blocked	B2/BV1	BF2 must runner-enumerate profiles and attach imported/equivalent/not-applicable/unsupported evidence. Parse-facet residual: case does not expose a statically recoverable carrier or carrier-block input; retained for the co-owner.	B2-parse-facet-vue.md#vue-f932980d0ed2e9994161:unverifiable
VUE-788D6C30B9902DB517D2	compiler-sfc	packages/compiler-sfc/__tests__/templateUtils.spec.ts:49:3	43609feb096d9f731b380283272c2f489920260a	single-declaration	StringLiteral	1486995ac173b63b95a4938b2347ca215af39f8d0f7b4ba521566cef7aea2392	blocked	B2/BV1	BF2 must runner-enumerate profiles and attach imported/equivalent/not-applicable/unsupported evidence. Parse-facet residual: case does not expose a statically recoverable carrier or carrier-block input; retained for the co-owner.	B2-parse-facet-vue.md#vue-788d6c30b9902db517d2:unverifiable
VUE-D65D6422774C92AF3653	compiler-sfc	packages/compiler-sfc/__tests__/templateUtils.spec.ts:53:3	43609feb096d9f731b380283272c2f489920260a	single-declaration	StringLiteral	656b6399ea74862f7d4e5dc468fe5a01681378f84de360d6c9725617a199566c	blocked	B2/BV1	BF2 must runner-enumerate profiles and attach imported/equivalent/not-applicable/unsupported evidence. Parse-facet residual: case does not expose a statically recoverable carrier or carrier-block input; retained for the co-owner.	B2-parse-facet-vue.md#vue-d65d6422774c92af3653:unverifiable
VUE-647DACAC62A3E69C24FB	compiler-sfc	packages/compiler-sfc/__tests__/templateUtils.spec.ts:57:3	43609feb096d9f731b380283272c2f489920260a	single-declaration	StringLiteral	703d6d1eb355c156cfbbd7e8a780a296d67858c2945a063874985a0aa9d4b166	blocked	B2/BV1	BF2 must runner-enumerate profiles and attach imported/equivalent/not-applicable/unsupported evidence. Parse-facet residual: case does not expose a statically recoverable carrier or carrier-block input; retained for the co-owner.	B2-parse-facet-vue.md#vue-647dacac62a3e69c24fb:unverifiable
VUE-932A532A37F0E8095649	compiler-sfc	packages/compiler-sfc/__tests__/templateUtils.spec.ts:63:3	43609feb096d9f731b380283272c2f489920260a	single-declaration	StringLiteral	aac1edf68f8195e2f993ed9c0021d6848fe01ef010b599c03f8b605e1017da5e	blocked	B2/BV1	BF2 must runner-enumerate profiles and attach imported/equivalent/not-applicable/unsupported evidence.	B2-parse-facet-vue.md#vue-932a532a37f0e8095649:pass
VUE-270289695B08D384D523	compiler-sfc	packages/compiler-sfc/__tests__/templateUtils.spec.ts:83:3	43609feb096d9f731b380283272c2f489920260a	single-declaration	StringLiteral	471176f3ba9fdc5d64a85e54d0f0d6549ca176e51a97afc3fc49221ec098483e	blocked	B2/BV1	BF2 must runner-enumerate profiles and attach imported/equivalent/not-applicable/unsupported evidence.	B2-parse-facet-vue.md#vue-270289695b08d384d523:pass
VUE-37C59FB5ACFD5F1B0D22	compiler-sfc	packages/compiler-sfc/__tests__/templateUtils.spec.ts:9:3	43609feb096d9f731b380283272c2f489920260a	single-declaration	StringLiteral	924fa65627d7cd06885783b99517ac58e5cc19e2ccc8a9a9dc2f98655e8687e7	blocked	B2/BV1	BF2 must runner-enumerate profiles and attach imported/equivalent/not-applicable/unsupported evidence. Parse-facet residual: case does not expose a statically recoverable carrier or carrier-block input; retained for the co-owner.	B2-parse-facet-vue.md#vue-37c59fb5acfd5f1b0d22:unverifiable
VUE-0B39D835F47021B4F58A	compiler-ssr	packages/compiler-ssr/__tests__/ssrComponent.spec.ts:107:5	89ee158d8abdea5e91aa7bc738fcda65719f39e6	single-declaration	StringLiteral	8d912c44adc99a1dad42de408f498c4f9af98a87894eb1dd851462cab2b4cb2f	blocked	BV1	BF2 must runner-enumerate profiles and attach imported/equivalent/not-applicable/unsupported evidence.	-
VUE-96E2B180BDF741732CC0	compiler-ssr	packages/compiler-ssr/__tests__/ssrComponent.spec.ts:118:5	89ee158d8abdea5e91aa7bc738fcda65719f39e6	single-declaration	StringLiteral	2396ad600a43c676c81be42177eaa653c8e163d069bf29ba91bb6ed071b10bee	blocked	BV1	BF2 must runner-enumerate profiles and attach imported/equivalent/not-applicable/unsupported evidence.	-
VUE-3AF0F9179859C4B00016	compiler-ssr	packages/compiler-ssr/__tests__/ssrComponent.spec.ts:131:5	89ee158d8abdea5e91aa7bc738fcda65719f39e6	single-declaration	StringLiteral	15e859be55f57da810993cb444d6ba1b0c53dedf640f2f04b15fa46609e69888	blocked	BV1	BF2 must runner-enumerate profiles and attach imported/equivalent/not-applicable/unsupported evidence.	-
VUE-50AC33B44B60705ECC90	compiler-ssr	packages/compiler-ssr/__tests__/ssrComponent.spec.ts:142:5	89ee158d8abdea5e91aa7bc738fcda65719f39e6	single-declaration	StringLiteral	3af9fd4e0d807fc8d9ab85f648e80779a9cb5ee4855a0330d49b887f9ed90188	blocked	BV1	BF2 must runner-enumerate profiles and attach imported/equivalent/not-applicable/unsupported evidence.	-
VUE-D58030B7D956A0B48174	compiler-ssr	packages/compiler-ssr/__tests__/ssrComponent.spec.ts:155:5	89ee158d8abdea5e91aa7bc738fcda65719f39e6	single-declaration	StringLiteral	3bd47bf6f4456fecea180f5d9c1adcbc12468a5fc3e3b9924de44150f7733d53	blocked	BV1	BF2 must runner-enumerate profiles and attach imported/equivalent/not-applicable/unsupported evidence.	-
VUE-1697709D3D342DDE1F89	compiler-ssr	packages/compiler-ssr/__tests__/ssrComponent.spec.ts:160:5	89ee158d8abdea5e91aa7bc738fcda65719f39e6	single-declaration	StringLiteral	e412019cfe0a34cf8a696da470c829ac663db46db6af53218215c2838242eff4	blocked	BV1	BF2 must runner-enumerate profiles and attach imported/equivalent/not-applicable/unsupported evidence.	-
VUE-4703AB9232C97A2A458D	compiler-ssr	packages/compiler-ssr/__tests__/ssrComponent.spec.ts:198:5	89ee158d8abdea5e91aa7bc738fcda65719f39e6	single-declaration	StringLiteral	acd23e22d934d4d7100129238a7c8b2ac1cb08fc531654bc09719630774dfed3	blocked	BV1	BF2 must runner-enumerate profiles and attach imported/equivalent/not-applicable/unsupported evidence.	-
VUE-FC2FE355E002B99348B9	compiler-ssr	packages/compiler-ssr/__tests__/ssrComponent.spec.ts:21:3	89ee158d8abdea5e91aa7bc738fcda65719f39e6	single-declaration	StringLiteral	f48e120788f03e9dcfe6c5cd1f7ab2af16fdcc01c3c59e8243c847939ade9219	blocked	BV1	BF2 must runner-enumerate profiles and attach imported/equivalent/not-applicable/unsupported evidence.	-
VUE-CACC66C6F7F857AD6A79	compiler-ssr	packages/compiler-ssr/__tests__/ssrComponent.spec.ts:231:5	89ee158d8abdea5e91aa7bc738fcda65719f39e6	single-declaration	StringLiteral	95ff81626344db48095e566e7d8a6626ceff083586926c88a0649f91bb305ed8	blocked	BV1	BF2 must runner-enumerate profiles and attach imported/equivalent/not-applicable/unsupported evidence.	-
VUE-756056522CCF5B960940	compiler-ssr	packages/compiler-ssr/__tests__/ssrComponent.spec.ts:266:5	89ee158d8abdea5e91aa7bc738fcda65719f39e6	single-declaration	StringLiteral	311ba4c34147e741fc954d2770ea733e337f4f54de84f822a105963a9436ecbb	blocked	BV1	BF2 must runner-enumerate profiles and attach imported/equivalent/not-applicable/unsupported evidence.	-
VUE-53ADFE5327890421C565	compiler-ssr	packages/compiler-ssr/__tests__/ssrComponent.spec.ts:34:3	89ee158d8abdea5e91aa7bc738fcda65719f39e6	single-declaration	StringLiteral	c6deef4a5bc20bbc75d7396a05f1fd4e70a42b11c92253a99dcdbcd92c207cf8	blocked	BV1	BF2 must runner-enumerate profiles and attach imported/equivalent/not-applicable/unsupported evidence.	-
VUE-4D02D2A287884E3E84FD	compiler-ssr	packages/compiler-ssr/__tests__/ssrComponent.spec.ts:341:5	89ee158d8abdea5e91aa7bc738fcda65719f39e6	single-declaration	StringLiteral	2b979547ce51a10800a936afd040813c3670a531f5c6ff72c160e6cc3f0f3d4e	blocked	BV1	BF2 must runner-enumerate profiles and attach imported/equivalent/not-applicable/unsupported evidence.	-
VUE-AED1BA54E534311D5459	compiler-ssr	packages/compiler-ssr/__tests__/ssrComponent.spec.ts:369:5	89ee158d8abdea5e91aa7bc738fcda65719f39e6	single-declaration	StringLiteral	0475109d3c7f2e173f8c63cc63d515aa4a0810f0e28bb3e436ea70a6fbf0e232	blocked	BV1	BF2 must runner-enumerate profiles and attach imported/equivalent/not-applicable/unsupported evidence.	-
VUE-D86DF669BC2C9FAC973D	compiler-ssr	packages/compiler-ssr/__tests__/ssrComponent.spec.ts:398:7	89ee158d8abdea5e91aa7bc738fcda65719f39e6	single-declaration	StringLiteral	1d2bc7217483ccc856bc93e5a8f13fc164fb0e96f3e13f8ad70942f335ef0597	blocked	BV1	BF2 must runner-enumerate profiles and attach imported/equivalent/not-applicable/unsupported evidence.	-
VUE-DD1257F556F194C9FD58	compiler-ssr	packages/compiler-ssr/__tests__/ssrComponent.spec.ts:4:3	89ee158d8abdea5e91aa7bc738fcda65719f39e6	single-declaration	StringLiteral	8630f6bdb0e06a9167722b29c0d0428180b912f248abe561843f8c31877ac1a8	blocked	BV1	BF2 must runner-enumerate profiles and attach imported/equivalent/not-applicable/unsupported evidence.	-
VUE-B9CC2C4EE14E8252251D	compiler-ssr	packages/compiler-ssr/__tests__/ssrComponent.spec.ts:409:7	89ee158d8abdea5e91aa7bc738fcda65719f39e6	single-declaration	StringLiteral	f315725847abead6132f5cc65e7a6102b1d21acf0259f792b61054f90d8855b4	blocked	BV1	BF2 must runner-enumerate profiles and attach imported/equivalent/not-applicable/unsupported evidence.	-
VUE-B86DE018415D8B433230	compiler-ssr	packages/compiler-ssr/__tests__/ssrComponent.spec.ts:424:7	89ee158d8abdea5e91aa7bc738fcda65719f39e6	single-declaration	StringLiteral	0b73e98ef60a05d70ece4bd19e95138085dff4035d41bd6d810151d89896b586	blocked	BV1	BF2 must runner-enumerate profiles and attach imported/equivalent/not-applicable/unsupported evidence.	-
VUE-FA293396595C5EE3D81E	compiler-ssr	packages/compiler-ssr/__tests__/ssrComponent.spec.ts:466:5	89ee158d8abdea5e91aa7bc738fcda65719f39e6	single-declaration	StringLiteral	8630f6bdb0e06a9167722b29c0d0428180b912f248abe561843f8c31877ac1a8	blocked	BV1	BF2 must runner-enumerate profiles and attach imported/equivalent/not-applicable/unsupported evidence.	-
VUE-10020941B2D58FAD264D	compiler-ssr	packages/compiler-ssr/__tests__/ssrComponent.spec.ts:57:5	89ee158d8abdea5e91aa7bc738fcda65719f39e6	single-declaration	StringLiteral	62d48c26c7d8237595d00f6bd4fc97bd999bb3b06f55b7a93608ba50f7394e7a	blocked	BV1	BF2 must runner-enumerate profiles and attach imported/equivalent/not-applicable/unsupported evidence.	-
VUE-4229D0F3D4AC156D3CA6	compiler-ssr	packages/compiler-ssr/__tests__/ssrComponent.spec.ts:82:5	89ee158d8abdea5e91aa7bc738fcda65719f39e6	single-declaration	StringLiteral	170e8682a843b92df81945350493b6551dc63875804afce39d52247b9a7db313	blocked	BV1	BF2 must runner-enumerate profiles and attach imported/equivalent/not-applicable/unsupported evidence.	-
VUE-3D54A6E543E808EA7C44	compiler-ssr	packages/compiler-ssr/__tests__/ssrElement.spec.ts:113:5	504093f35340ee7ff950f0907e07fb2d8202eea2	single-declaration	StringLiteral	091ecfca47923eb4a289a43b72a30744cf76ff613b241532f77d617b1fab10a6	blocked	BV1	BF2 must runner-enumerate profiles and attach imported/equivalent/not-applicable/unsupported evidence.	-
VUE-A64D6697540048F7FF87	compiler-ssr	packages/compiler-ssr/__tests__/ssrElement.spec.ts:119:5	504093f35340ee7ff950f0907e07fb2d8202eea2	single-declaration	StringLiteral	e955b727dfde2caa676921c463713845ddcf8be6a94533609db3189fc29ce500	blocked	BV1	BF2 must runner-enumerate profiles and attach imported/equivalent/not-applicable/unsupported evidence.	-
VUE-D9D5AC96744B05367866	compiler-ssr	packages/compiler-ssr/__tests__/ssrElement.spec.ts:125:5	504093f35340ee7ff950f0907e07fb2d8202eea2	single-declaration	StringLiteral	4f1c3ae690ea320d7efc711a47d9552da38fea59cf02df32eaeca8c281407a39	blocked	BV1	BF2 must runner-enumerate profiles and attach imported/equivalent/not-applicable/unsupported evidence.	-
VUE-2E2ACECD71E57CAA601F	compiler-ssr	packages/compiler-ssr/__tests__/ssrElement.spec.ts:131:5	504093f35340ee7ff950f0907e07fb2d8202eea2	single-declaration	StringLiteral	c8b2241cc8e58481b64aebc4038cf154737fd3654cae7a47e78c56c9605b2909	blocked	BV1	BF2 must runner-enumerate profiles and attach imported/equivalent/not-applicable/unsupported evidence.	-
VUE-51A9D68F892C9F61EAD6	compiler-ssr	packages/compiler-ssr/__tests__/ssrElement.spec.ts:14:3	504093f35340ee7ff950f0907e07fb2d8202eea2	single-declaration	StringLiteral	a67b1d89b4975203f0e49f176350ae89dd891e896633d2f5aa181f2bb5f7cfce	blocked	BV1	BF2 must runner-enumerate profiles and attach imported/equivalent/not-applicable/unsupported evidence.	-
VUE-4FDE7C0C01E4E027E785	compiler-ssr	packages/compiler-ssr/__tests__/ssrElement.spec.ts:140:5	504093f35340ee7ff950f0907e07fb2d8202eea2	single-declaration	StringLiteral	1e72d304fe1d6f7837c0a060659089cbf27189a3909df73698e40134af241e6b	blocked	BV1	BF2 must runner-enumerate profiles and attach imported/equivalent/not-applicable/unsupported evidence.	-
VUE-6CAD4EED06474F8A97A5	compiler-ssr	packages/compiler-ssr/__tests__/ssrElement.spec.ts:149:5	504093f35340ee7ff950f0907e07fb2d8202eea2	single-declaration	StringLiteral	df2ceafd1f9c9f3edca48738f52471077dfb1688e7031a909fe9ad8905bbbe05	blocked	BV1	BF2 must runner-enumerate profiles and attach imported/equivalent/not-applicable/unsupported evidence.	-
VUE-F10A4FE5FE89A32835C0	compiler-ssr	packages/compiler-ssr/__tests__/ssrElement.spec.ts:158:5	504093f35340ee7ff950f0907e07fb2d8202eea2	single-declaration	StringLiteral	85810dae0e37d56f5349535004f8e231b6c9a1c7bcaa2ddc0bb32ef828f975d5	blocked	BV1	BF2 must runner-enumerate profiles and attach imported/equivalent/not-applicable/unsupported evidence.	-
VUE-AE06F2FD4F666C1BDA6D	compiler-ssr	packages/compiler-ssr/__tests__/ssrElement.spec.ts:167:5	504093f35340ee7ff950f0907e07fb2d8202eea2	single-declaration	StringLiteral	f04265c8f15557d95820a12b6ba6cec540b9630e5685220b03cac96a13a749e5	blocked	BV1	BF2 must runner-enumerate profiles and attach imported/equivalent/not-applicable/unsupported evidence.	-
VUE-37B9605EBF8531685D49	compiler-ssr	packages/compiler-ssr/__tests__/ssrElement.spec.ts:176:5	504093f35340ee7ff950f0907e07fb2d8202eea2	single-declaration	StringLiteral	3cd41e1684c152070ebfa515e7a69ea492615806a932fa4fad67b3aee3afbfe8	blocked	BV1	BF2 must runner-enumerate profiles and attach imported/equivalent/not-applicable/unsupported evidence.	-
VUE-EBD7F7B79C8EFD120F71	compiler-ssr	packages/compiler-ssr/__tests__/ssrElement.spec.ts:185:5	504093f35340ee7ff950f0907e07fb2d8202eea2	single-declaration	StringLiteral	1990e52ec2b8c241fcdfefed65870eaba041878a1155863f31b126fdf8bdc7b5	blocked	BV1	BF2 must runner-enumerate profiles and attach imported/equivalent/not-applicable/unsupported evidence.	-
VUE-FBE6E121695E5CDFF315	compiler-ssr	packages/compiler-ssr/__tests__/ssrElement.spec.ts:194:5	504093f35340ee7ff950f0907e07fb2d8202eea2	single-declaration	StringLiteral	5823540dcf9c2d4982207602e4320f0d6f20bb9b2f89baabafc5e40630a6c9bf	blocked	BV1	BF2 must runner-enumerate profiles and attach imported/equivalent/not-applicable/unsupported evidence.	-
VUE-69CBCAC040905E32C5E6	compiler-ssr	packages/compiler-ssr/__tests__/ssrElement.spec.ts:20:3	504093f35340ee7ff950f0907e07fb2d8202eea2	single-declaration	StringLiteral	a754a2bf17a9f6e489300fbdb46d4ed5db5217b1311528c708bcf30f47d8e369	blocked	BV1	BF2 must runner-enumerate profiles and attach imported/equivalent/not-applicable/unsupported evidence.	-
VUE-4D89D595CB0BBEC9E79E	compiler-ssr	packages/compiler-ssr/__tests__/ssrElement.spec.ts:208:5	504093f35340ee7ff950f0907e07fb2d8202eea2	single-declaration	StringLiteral	db6d7e411165d11452aeddb649cf2a71c91414d7f1c2f1bc4f7aef2d5924ac50	blocked	BV1	BF2 must runner-enumerate profiles and attach imported/equivalent/not-applicable/unsupported evidence.	-
VUE-793ECB8357DF888E9504	compiler-ssr	packages/compiler-ssr/__tests__/ssrElement.spec.ts:237:5	504093f35340ee7ff950f0907e07fb2d8202eea2	single-declaration	StringLiteral	fb8e8722bbd584c03a1701b6a87868cb07f552a35ca28b323f0f5239491737fd	blocked	BV1	BF2 must runner-enumerate profiles and attach imported/equivalent/not-applicable/unsupported evidence.	-
VUE-3FA4F94106F7BC1F4003	compiler-ssr	packages/compiler-ssr/__tests__/ssrElement.spec.ts:25:5	504093f35340ee7ff950f0907e07fb2d8202eea2	single-declaration	StringLiteral	b7efcceb5ee429293a28fb7cb0fc1d22a3a86b16a8b8b5506f1f450a559ed300	blocked	BV1	BF2 must runner-enumerate profiles and attach imported/equivalent/not-applicable/unsupported evidence.	-
VUE-F8C1C0F408DDA0C4F512	compiler-ssr	packages/compiler-ssr/__tests__/ssrElement.spec.ts:291:5	504093f35340ee7ff950f0907e07fb2d8202eea2	single-declaration	StringLiteral	d90d91070e8cf3d632c5b6d08af15513d726ddcab9cea91d57da6e36aa858db0	blocked	BV1	BF2 must runner-enumerate profiles and attach imported/equivalent/not-applicable/unsupported evidence.	-
VUE-FCDB95AC3F2FCFE2121C	compiler-ssr	packages/compiler-ssr/__tests__/ssrElement.spec.ts:310:5	504093f35340ee7ff950f0907e07fb2d8202eea2	single-declaration	StringLiteral	053923f11e7d13334011db4e3d481db38e87261cc610979389a5c59cf220aa2c	blocked	BV1	BF2 must runner-enumerate profiles and attach imported/equivalent/not-applicable/unsupported evidence.	-
VUE-8C4A080B1273B707F10E	compiler-ssr	packages/compiler-ssr/__tests__/ssrElement.spec.ts:320:5	504093f35340ee7ff950f0907e07fb2d8202eea2	single-declaration	StringLiteral	0d3f43836674ea3bd1d13258787e3474f85be7b6d02d82250233d3bac5b7d847	blocked	BV1	BF2 must runner-enumerate profiles and attach imported/equivalent/not-applicable/unsupported evidence.	-
VUE-0C0BD60B7257A4FC02C5	compiler-ssr	packages/compiler-ssr/__tests__/ssrElement.spec.ts:329:5	504093f35340ee7ff950f0907e07fb2d8202eea2	single-declaration	StringLiteral	eb4087ec52dfd27f053141a4fe59f9d45f3640f4f1b4593069b3e981d71dd613	blocked	BV1	BF2 must runner-enumerate profiles and attach imported/equivalent/not-applicable/unsupported evidence.	-
VUE-607E52F2C147E4D9E843	compiler-ssr	packages/compiler-ssr/__tests__/ssrElement.spec.ts:33:5	504093f35340ee7ff950f0907e07fb2d8202eea2	single-declaration	StringLiteral	a3ee89c132e6dcea7e3a3844dd89c567461ce6f322f0e94fea618a2766f24a40	blocked	BV1	BF2 must runner-enumerate profiles and attach imported/equivalent/not-applicable/unsupported evidence.	-
VUE-5F63C72C85DE686A32F6	compiler-ssr	packages/compiler-ssr/__tests__/ssrElement.spec.ts:340:5	504093f35340ee7ff950f0907e07fb2d8202eea2	single-declaration	StringLiteral	da7113f257b14a192a0401907a763eac61751517b0541fb7b5f996f937de783b	blocked	BV1	BF2 must runner-enumerate profiles and attach imported/equivalent/not-applicable/unsupported evidence.	-
VUE-6E67C0E2BCB1D986DC37	compiler-ssr	packages/compiler-ssr/__tests__/ssrElement.spec.ts:354:5	504093f35340ee7ff950f0907e07fb2d8202eea2	single-declaration	StringLiteral	2013627bfcf10dde2c9cc3efb31107cb1cf77a6e762319e159e01dec75358b37	blocked	BV1	BF2 must runner-enumerate profiles and attach imported/equivalent/not-applicable/unsupported evidence.	-
VUE-6AAFEC4387D8B3D10182	compiler-ssr	packages/compiler-ssr/__tests__/ssrElement.spec.ts:365:5	504093f35340ee7ff950f0907e07fb2d8202eea2	single-declaration	StringLiteral	bd44125009e3a3bbd5bddd1bed9d41afbad5a9b7e52740383cb3a6f8658acf53	blocked	BV1	BF2 must runner-enumerate profiles and attach imported/equivalent/not-applicable/unsupported evidence.	-
VUE-7023A5C29AF76EF952FC	compiler-ssr	packages/compiler-ssr/__tests__/ssrElement.spec.ts:376:5	504093f35340ee7ff950f0907e07fb2d8202eea2	single-declaration	StringLiteral	9186ae08b9cecffe3e72329254de6467e0e1593abd285a5200bf5b6bd95ef36b	blocked	BV1	BF2 must runner-enumerate profiles and attach imported/equivalent/not-applicable/unsupported evidence.	-
VUE-8A93391A3987D1FAE2D9	compiler-ssr	packages/compiler-ssr/__tests__/ssrElement.spec.ts:387:5	504093f35340ee7ff950f0907e07fb2d8202eea2	single-declaration	StringLiteral	29cc1d1d29695ec80dfaf00314373b46c7ebb9521422b148a1624f47b9d7a332	blocked	BV1	BF2 must runner-enumerate profiles and attach imported/equivalent/not-applicable/unsupported evidence.	-
VUE-CF4EB9EACFED4C8B0C63	compiler-ssr	packages/compiler-ssr/__tests__/ssrElement.spec.ts:398:5	504093f35340ee7ff950f0907e07fb2d8202eea2	single-declaration	StringLiteral	2307f2eac3516bd16edd49ce7c219bd5a25791d4f83975f881b35527ba0a6299	blocked	BV1	BF2 must runner-enumerate profiles and attach imported/equivalent/not-applicable/unsupported evidence.	-
VUE-78F74173E76DB9E53E73	compiler-ssr	packages/compiler-ssr/__tests__/ssrElement.spec.ts:41:5	504093f35340ee7ff950f0907e07fb2d8202eea2	single-declaration	StringLiteral	929b5c6a170b659debfcaf05ec074967a528424d99520626221c90fd6c67c9fe	blocked	BV1	BF2 must runner-enumerate profiles and attach imported/equivalent/not-applicable/unsupported evidence.	-
VUE-4962F0FEDA8B1497F741	compiler-ssr	packages/compiler-ssr/__tests__/ssrElement.spec.ts:5:3	504093f35340ee7ff950f0907e07fb2d8202eea2	single-declaration	StringLiteral	5fed8b8de60fd2d6e1fbf9e1e80f4ff690e7d5d86b9e4897211c8a9991c00d70	blocked	BV1	BF2 must runner-enumerate profiles and attach imported/equivalent/not-applicable/unsupported evidence.	-
VUE-48B71F787D60C795E354	compiler-ssr	packages/compiler-ssr/__tests__/ssrElement.spec.ts:50:5	504093f35340ee7ff950f0907e07fb2d8202eea2	single-declaration	StringLiteral	e3ae39f6067f21478af45d9d804cb7792431643dab391badbe7ec01fc843510e	blocked	BV1	BF2 must runner-enumerate profiles and attach imported/equivalent/not-applicable/unsupported evidence.	-
VUE-86A6DF9F5C863F3F9123	compiler-ssr	packages/compiler-ssr/__tests__/ssrElement.spec.ts:56:5	504093f35340ee7ff950f0907e07fb2d8202eea2	single-declaration	StringLiteral	2371c79a7b44ea4c1482424dbc2e49f722ea5e8b2e77ef4e0e092b46e8ad07e0	blocked	BV1	BF2 must runner-enumerate profiles and attach imported/equivalent/not-applicable/unsupported evidence.	-
VUE-FB95A1CB9A1CD1625206	compiler-ssr	packages/compiler-ssr/__tests__/ssrElement.spec.ts:74:5	504093f35340ee7ff950f0907e07fb2d8202eea2	single-declaration	StringLiteral	91a1bbc18962499158d514da38afcd3bc3c684b94c8d8656a9feec16710e0c35	blocked	BV1	BF2 must runner-enumerate profiles and attach imported/equivalent/not-applicable/unsupported evidence.	-
VUE-2B2DD277EBD07EA2CDB2	compiler-ssr	packages/compiler-ssr/__tests__/ssrElement.spec.ts:96:5	504093f35340ee7ff950f0907e07fb2d8202eea2	single-declaration	StringLiteral	50ad743dea887ed9907792a7d8e3b7c255950a30bd3ca077f5ddfe66a6b539ce	blocked	BV1	BF2 must runner-enumerate profiles and attach imported/equivalent/not-applicable/unsupported evidence.	-
VUE-53FD0321541B79780E02	compiler-ssr	packages/compiler-ssr/__tests__/ssrFallthroughAttrs.spec.ts:14:3	3adfe6480d667e282bfecaeac24b81b51ebb85d7	single-declaration	StringLiteral	4f8685622865aa6280f625cccc97d972627df4335d569dd57bd1fc4324ac72f1	blocked	BV1	BF2 must runner-enumerate profiles and attach imported/equivalent/not-applicable/unsupported evidence.	-
VUE-E1CE7532C1BBE07162AA	compiler-ssr	packages/compiler-ssr/__tests__/ssrFallthroughAttrs.spec.ts:25:3	3adfe6480d667e282bfecaeac24b81b51ebb85d7	single-declaration	StringLiteral	21721b7547fb18bf14982f5689b9dad956b5dd29cb80210f91575a330e88c6ed	blocked	BV1	BF2 must runner-enumerate profiles and attach imported/equivalent/not-applicable/unsupported evidence.	-
VUE-0EDF159B2023274C107A	compiler-ssr	packages/compiler-ssr/__tests__/ssrFallthroughAttrs.spec.ts:4:3	3adfe6480d667e282bfecaeac24b81b51ebb85d7	single-declaration	StringLiteral	8630f6bdb0e06a9167722b29c0d0428180b912f248abe561843f8c31877ac1a8	blocked	BV1	BF2 must runner-enumerate profiles and attach imported/equivalent/not-applicable/unsupported evidence.	-
VUE-D240460996DBAFE403E6	compiler-ssr	packages/compiler-ssr/__tests__/ssrFallthroughAttrs.spec.ts:40:3	3adfe6480d667e282bfecaeac24b81b51ebb85d7	single-declaration	StringLiteral	3da5d2e36d0720aed597a72e0b8aee5fe9f098a5f7963dc4a0cb09486636c73a	blocked	BV1	BF2 must runner-enumerate profiles and attach imported/equivalent/not-applicable/unsupported evidence.	-
VUE-93B268CC740290525CA5	compiler-ssr	packages/compiler-ssr/__tests__/ssrFallthroughAttrs.spec.ts:52:3	3adfe6480d667e282bfecaeac24b81b51ebb85d7	single-declaration	TemplateLiteral	ddb5c32e0705e4fd0a6e7ae2a1aab313b615535cf426b539d9672973d55a1de4	blocked	BV1	BF2 must runner-enumerate profiles and attach imported/equivalent/not-applicable/unsupported evidence.	-
VUE-EE71038F4A4032773207	compiler-ssr	packages/compiler-ssr/__tests__/ssrFallthroughAttrs.spec.ts:76:3	3adfe6480d667e282bfecaeac24b81b51ebb85d7	single-declaration	StringLiteral	c9fb90d76521e4d7ed7a581d05733b02ed499a471c0a99da4729ba817a8c477d	blocked	BV1	BF2 must runner-enumerate profiles and attach imported/equivalent/not-applicable/unsupported evidence.	-
VUE-FBFE4E395670A76F01C7	compiler-ssr	packages/compiler-ssr/__tests__/ssrInjectCssVars.spec.ts:116:3	9e70dac0bdca3cc1f535def98297eddd0a1692e2	single-declaration	StringLiteral	faa2e152bc2e10eb3ea8511f469e64f3711db37b5bdfe96ec7c1ce6071d6ef7c	blocked	BV1	BF2 must runner-enumerate profiles and attach imported/equivalent/not-applicable/unsupported evidence.	-
VUE-F525241B56AF7AC479BE	compiler-ssr	packages/compiler-ssr/__tests__/ssrInjectCssVars.spec.ts:21:3	9e70dac0bdca3cc1f535def98297eddd0a1692e2	single-declaration	StringLiteral	40a107b7c2dc5c1d03dcea6c8a6530397247df25ddc885c39511db6ae2cb6571	blocked	BV1	BF2 must runner-enumerate profiles and attach imported/equivalent/not-applicable/unsupported evidence.	-
VUE-AAAD8AB51205AD5097EB	compiler-ssr	packages/compiler-ssr/__tests__/ssrInjectCssVars.spec.ts:40:3	9e70dac0bdca3cc1f535def98297eddd0a1692e2	single-declaration	StringLiteral	25ca6f4f9d5b7645fe5117526bd4d076a0759f9e2566fb580409107513289013	blocked	BV1	BF2 must runner-enumerate profiles and attach imported/equivalent/not-applicable/unsupported evidence.	-
VUE-7F122B10FB7F802ECE97	compiler-ssr	packages/compiler-ssr/__tests__/ssrInjectCssVars.spec.ts:5:3	9e70dac0bdca3cc1f535def98297eddd0a1692e2	single-declaration	StringLiteral	8630f6bdb0e06a9167722b29c0d0428180b912f248abe561843f8c31877ac1a8	blocked	BV1	BF2 must runner-enumerate profiles and attach imported/equivalent/not-applicable/unsupported evidence.	-
VUE-AEA51996165B302F4622	compiler-ssr	packages/compiler-ssr/__tests__/ssrInjectCssVars.spec.ts:60:3	9e70dac0bdca3cc1f535def98297eddd0a1692e2	single-declaration	StringLiteral	a2b17e97a542bf0047b8eade43a9b0487f4a81f9507c4e412a821c370ab10485	blocked	BV1	BF2 must runner-enumerate profiles and attach imported/equivalent/not-applicable/unsupported evidence.	-
VUE-66C6EC5DF8CF54C75D69	compiler-ssr	packages/compiler-ssr/__tests__/ssrInjectCssVars.spec.ts:84:3	9e70dac0bdca3cc1f535def98297eddd0a1692e2	single-declaration	StringLiteral	aebfd3c51b5d715832c87c32e1f7687c0887a5e9ca22d0dcbcbc9cb11b9fe4bb	blocked	BV1	BF2 must runner-enumerate profiles and attach imported/equivalent/not-applicable/unsupported evidence.	-
VUE-F8BD560F80B51D02391C	compiler-ssr	packages/compiler-ssr/__tests__/ssrPortal.spec.ts:17:3	bb262fad0fd5f3b32fc19b2c0a877e87d3d62d57	single-declaration	StringLiteral	8516e7efc2b8873b65184326f3c164d751f4598853820398b74240aadbd3fa36	blocked	BV1	BF2 must runner-enumerate profiles and attach imported/equivalent/not-applicable/unsupported evidence.	-
VUE-9D28005DC6D41420914C	compiler-ssr	packages/compiler-ssr/__tests__/ssrPortal.spec.ts:4:3	bb262fad0fd5f3b32fc19b2c0a877e87d3d62d57	single-declaration	StringLiteral	ba71f16433f1c681726dc9f98f38c2da6ba9f549f36b5261dfcb6ccd761d5571	blocked	BV1	BF2 must runner-enumerate profiles and attach imported/equivalent/not-applicable/unsupported evidence.	-
VUE-BDA4FD5C4863357A5BD0	compiler-ssr	packages/compiler-ssr/__tests__/ssrScopeId.spec.ts:129:3	c3bfd7d8f6e80543498d0c55c175cd19ed84d05d	single-declaration	StringLiteral	a5e1ec5e07ad922f2b5fabc270cc4621e9c86a2d58c651df1fb0a3e148a2cc7a	blocked	BV1	BF2 must runner-enumerate profiles and attach imported/equivalent/not-applicable/unsupported evidence.	-
VUE-4A1468940550B2B50059	compiler-ssr	packages/compiler-ssr/__tests__/ssrScopeId.spec.ts:21:3	c3bfd7d8f6e80543498d0c55c175cd19ed84d05d	single-declaration	StringLiteral	6eb7135a2e5fdba7f02f1420b48cdef3daa277c0248e117cc53783305900c5f2	blocked	BV1	BF2 must runner-enumerate profiles and attach imported/equivalent/not-applicable/unsupported evidence.	-
VUE-C03E3C073BE93F76A691	compiler-ssr	packages/compiler-ssr/__tests__/ssrScopeId.spec.ts:51:3	c3bfd7d8f6e80543498d0c55c175cd19ed84d05d	single-declaration	StringLiteral	ef69953fb7d2ad4f821f41d0b770b900ff77b317ed5f97763256c4e555f50639	blocked	BV1	BF2 must runner-enumerate profiles and attach imported/equivalent/not-applicable/unsupported evidence.	-
VUE-D54BA557126BF60CA862	compiler-ssr	packages/compiler-ssr/__tests__/ssrScopeId.spec.ts:6:3	c3bfd7d8f6e80543498d0c55c175cd19ed84d05d	single-declaration	StringLiteral	8630f6bdb0e06a9167722b29c0d0428180b912f248abe561843f8c31877ac1a8	blocked	BV1	BF2 must runner-enumerate profiles and attach imported/equivalent/not-applicable/unsupported evidence.	-
VUE-0EE75B9212015491BF57	compiler-ssr	packages/compiler-ssr/__tests__/ssrScopeId.spec.ts:80:3	c3bfd7d8f6e80543498d0c55c175cd19ed84d05d	single-declaration	StringLiteral	3d7665c7c3da425004b847354a8c62c49df1a133c7297b55b26c6f52a9ffa5e4	blocked	BV1	BF2 must runner-enumerate profiles and attach imported/equivalent/not-applicable/unsupported evidence.	-
VUE-30812C053B92FB6E57F6	compiler-ssr	packages/compiler-ssr/__tests__/ssrSlotOutlet.spec.ts:119:3	86863cfb85f07d85d2b647fc2118d6e75f0d877a	single-declaration	StringLiteral	b44c62861c9d74d81b05ba1c351d97fa68e143ead2d1c059d6486e8c9989d8ce	blocked	BV1	BF2 must runner-enumerate profiles and attach imported/equivalent/not-applicable/unsupported evidence.	-
VUE-FD9C1ABA88F0829AA599	compiler-ssr	packages/compiler-ssr/__tests__/ssrSlotOutlet.spec.ts:131:3	86863cfb85f07d85d2b647fc2118d6e75f0d877a	single-declaration	StringLiteral	1b7e9c0bf9670c1c0c1b52634fb483b7a5ed77854901f4236256752fbe778607	blocked	BV1	BF2 must runner-enumerate profiles and attach imported/equivalent/not-applicable/unsupported evidence.	-
VUE-A11CAF7463AFDE9A5A16	compiler-ssr	packages/compiler-ssr/__tests__/ssrSlotOutlet.spec.ts:147:3	86863cfb85f07d85d2b647fc2118d6e75f0d877a	single-declaration	StringLiteral	8cb548a1476c932c9f6f5b0fff5eed8a60de7aad3334cc1ba96e1e59bdf61086	blocked	BV1	BF2 must runner-enumerate profiles and attach imported/equivalent/not-applicable/unsupported evidence.	-
VUE-6541F43FBCEDE31A81D9	compiler-ssr	packages/compiler-ssr/__tests__/ssrSlotOutlet.spec.ts:15:3	86863cfb85f07d85d2b647fc2118d6e75f0d877a	single-declaration	StringLiteral	b414687a37ac2a7575629b481a5713af1687024b6e234484ca3b55fa2ba922d6	blocked	BV1	BF2 must runner-enumerate profiles and attach imported/equivalent/not-applicable/unsupported evidence.	-
VUE-C4655CDA4DBA3753A5B4	compiler-ssr	packages/compiler-ssr/__tests__/ssrSlotOutlet.spec.ts:25:3	86863cfb85f07d85d2b647fc2118d6e75f0d877a	single-declaration	StringLiteral	c023b8efab17035b6ac7251185d5f8a431d1d74fd3655e765a8d9d192cb553b3	blocked	BV1	BF2 must runner-enumerate profiles and attach imported/equivalent/not-applicable/unsupported evidence.	-
VUE-0FFD74F80E45A392FE70	compiler-ssr	packages/compiler-ssr/__tests__/ssrSlotOutlet.spec.ts:35:3	86863cfb85f07d85d2b647fc2118d6e75f0d877a	single-declaration	StringLiteral	67f275310240a5d54618e39663b69abec90f46b0437a5377c3be941109da2968	blocked	BV1	BF2 must runner-enumerate profiles and attach imported/equivalent/not-applicable/unsupported evidence.	-
VUE-DC896091606F5EC19B4D	compiler-ssr	packages/compiler-ssr/__tests__/ssrSlotOutlet.spec.ts:49:3	86863cfb85f07d85d2b647fc2118d6e75f0d877a	single-declaration	StringLiteral	9036f5a4c0925fa8f018ebe4d0bedeed6a68af836bfd67142b665effdf8c6f24	blocked	BV1	BF2 must runner-enumerate profiles and attach imported/equivalent/not-applicable/unsupported evidence.	-
VUE-4FF954F739E5665C7087	compiler-ssr	packages/compiler-ssr/__tests__/ssrSlotOutlet.spec.ts:5:3	86863cfb85f07d85d2b647fc2118d6e75f0d877a	single-declaration	StringLiteral	8630f6bdb0e06a9167722b29c0d0428180b912f248abe561843f8c31877ac1a8	blocked	BV1	BF2 must runner-enumerate profiles and attach imported/equivalent/not-applicable/unsupported evidence.	-
VUE-F6675DBD1B998711E4FB	compiler-ssr	packages/compiler-ssr/__tests__/ssrSlotOutlet.spec.ts:62:3	86863cfb85f07d85d2b647fc2118d6e75f0d877a	single-declaration	StringLiteral	159271d59b8d59c1be819ba160bd6db72fc3fd562677112cf6b380979c546944	blocked	BV1	BF2 must runner-enumerate profiles and attach imported/equivalent/not-applicable/unsupported evidence.	-
VUE-765B26D37276FF128102	compiler-ssr	packages/compiler-ssr/__tests__/ssrSlotOutlet.spec.ts:76:3	86863cfb85f07d85d2b647fc2118d6e75f0d877a	single-declaration	StringLiteral	ee4cdb2242a25a82b2542064e4064babe4d3183af9ffb6e175797091dcda2687	blocked	BV1	BF2 must runner-enumerate profiles and attach imported/equivalent/not-applicable/unsupported evidence.	-
VUE-5E1889E90BE451969240	compiler-ssr	packages/compiler-ssr/__tests__/ssrSlotOutlet.spec.ts:91:3	86863cfb85f07d85d2b647fc2118d6e75f0d877a	single-declaration	StringLiteral	ea4104c08c2da09724e0a41c868e60e7d464af03401054ece94aa8796dd829ab	blocked	BV1	BF2 must runner-enumerate profiles and attach imported/equivalent/not-applicable/unsupported evidence.	-
VUE-16FF3757F3D5FA281628	compiler-ssr	packages/compiler-ssr/__tests__/ssrSuspense.spec.ts:22:3	dd8853c8daf062a29952508f0b16c707cc02d949	single-declaration	StringLiteral	3fdeed58d0964dc6ae2c56df645166117e7ad0e325cd1c14998a56706c8fff66	blocked	BV1	BF2 must runner-enumerate profiles and attach imported/equivalent/not-applicable/unsupported evidence.	-
VUE-A266186DFFE728A06E04	compiler-ssr	packages/compiler-ssr/__tests__/ssrSuspense.spec.ts:4:3	dd8853c8daf062a29952508f0b16c707cc02d949	single-declaration	StringLiteral	c7da9db139e93b05dca305b9a10ae310d3068cbb80e794a35f75833c9cc19232	blocked	BV1	BF2 must runner-enumerate profiles and attach imported/equivalent/not-applicable/unsupported evidence.	-
VUE-0AF090AD128F26DD0B6F	compiler-ssr	packages/compiler-ssr/__tests__/ssrText.spec.ts:15:3	1aa391e6a5fafe03a0321aed8c241a3ff55a169d	single-declaration	StringLiteral	024ecca333b720d4c5e3fc17f720f71fbd2a36f88088dd36bbf625daa3a2016a	blocked	BV1	BF2 must runner-enumerate profiles and attach imported/equivalent/not-applicable/unsupported evidence.	-
VUE-E12F6822CC91A251B857	compiler-ssr	packages/compiler-ssr/__tests__/ssrText.spec.ts:24:3	1aa391e6a5fafe03a0321aed8c241a3ff55a169d	single-declaration	StringLiteral	223612790d930608e4ff65bca4465081d5de34b7917a82d3b417e64996627a3e	blocked	BV1	BF2 must runner-enumerate profiles and attach imported/equivalent/not-applicable/unsupported evidence.	-
VUE-DB9E1862C2BCF0090B8D	compiler-ssr	packages/compiler-ssr/__tests__/ssrText.spec.ts:30:3	1aa391e6a5fafe03a0321aed8c241a3ff55a169d	single-declaration	StringLiteral	5af052ba04552dacecb66c56e714c6bcbdd05caeec5561a85778bc16f014b0cc	blocked	BV1	BF2 must runner-enumerate profiles and attach imported/equivalent/not-applicable/unsupported evidence.	-
VUE-9E197A9D74B0D5B455CE	compiler-ssr	packages/compiler-ssr/__tests__/ssrText.spec.ts:36:3	1aa391e6a5fafe03a0321aed8c241a3ff55a169d	single-declaration	StringLiteral	2eb53cc8b9fe09de506dd5110bf427c35e5e891ee624df55e617c263290cecc5	blocked	BV1	BF2 must runner-enumerate profiles and attach imported/equivalent/not-applicable/unsupported evidence.	-
VUE-C4CF98FF328F7F419EAA	compiler-ssr	packages/compiler-ssr/__tests__/ssrText.spec.ts:44:3	1aa391e6a5fafe03a0321aed8c241a3ff55a169d	single-declaration	StringLiteral	ed707c99b8a6418c6e2c9c4a5ba8d62957ea84c1910377c49400f732edeb8db2	blocked	BV1	BF2 must runner-enumerate profiles and attach imported/equivalent/not-applicable/unsupported evidence.	-
VUE-AD63A19F93ACABF588F2	compiler-ssr	packages/compiler-ssr/__tests__/ssrText.spec.ts:5:3	1aa391e6a5fafe03a0321aed8c241a3ff55a169d	single-declaration	StringLiteral	9b3e12c41c70b5958f599a2b223e962545d50089577ee43688c13c9a9c4eeb7d	blocked	BV1	BF2 must runner-enumerate profiles and attach imported/equivalent/not-applicable/unsupported evidence.	-
VUE-2CD9366087AAB2061FBE	compiler-ssr	packages/compiler-ssr/__tests__/ssrText.spec.ts:54:3	1aa391e6a5fafe03a0321aed8c241a3ff55a169d	single-declaration	StringLiteral	0ea7064396408f931e0a8df5230f08f127b9133b26de81854c6d9d7508163be5	blocked	BV1	BF2 must runner-enumerate profiles and attach imported/equivalent/not-applicable/unsupported evidence.	-
VUE-DE4DEB8081038C32FEBE	compiler-ssr	packages/compiler-ssr/__tests__/ssrText.spec.ts:9:3	1aa391e6a5fafe03a0321aed8c241a3ff55a169d	single-declaration	StringLiteral	8313400d94ef84315f38140b1ab34fa5f33a19e2608d7ee6e8c9f4499c4ee1ba	blocked	BV1	BF2 must runner-enumerate profiles and attach imported/equivalent/not-applicable/unsupported evidence.	-
VUE-898676D16C8FD58721D5	compiler-ssr	packages/compiler-ssr/__tests__/ssrTransition.spec.ts:15:3	760393f169c40c0ae8dbf61e6e369352ce55ae4a	single-declaration	StringLiteral	405e452983e067d3926565df3f47c9b8ee7b6d1ba924b3775040b0a0f5fbf631	blocked	BV1	BF2 must runner-enumerate profiles and attach imported/equivalent/not-applicable/unsupported evidence.	-
VUE-9877E6B2BE7583C03A03	compiler-ssr	packages/compiler-ssr/__tests__/ssrTransition.spec.ts:4:3	760393f169c40c0ae8dbf61e6e369352ce55ae4a	single-declaration	StringLiteral	8630f6bdb0e06a9167722b29c0d0428180b912f248abe561843f8c31877ac1a8	blocked	BV1	BF2 must runner-enumerate profiles and attach imported/equivalent/not-applicable/unsupported evidence.	-
VUE-407AB7F8FFB3E4FCAA31	compiler-ssr	packages/compiler-ssr/__tests__/ssrTransitionGroup.spec.ts:104:3	abbb5f53e6ea72ac2c3eea36f8d7970813064fea	single-declaration	StringLiteral	5bb7d724ae02b3048f6f9a18b33db99922229f7f1c3a9d7e1d012977a817473e	blocked	BV1	BF2 must runner-enumerate profiles and attach imported/equivalent/not-applicable/unsupported evidence.	-
VUE-84F6718059B19C851694	compiler-ssr	packages/compiler-ssr/__tests__/ssrTransitionGroup.spec.ts:126:3	abbb5f53e6ea72ac2c3eea36f8d7970813064fea	single-declaration	StringLiteral	faeca1b62b17b3da82f0d09b213843b2d7bb73bfdc1366a4cb1ee8c961fa8072	blocked	BV1	BF2 must runner-enumerate profiles and attach imported/equivalent/not-applicable/unsupported evidence.	-
VUE-90589A589E42B4B4B4D6	compiler-ssr	packages/compiler-ssr/__tests__/ssrTransitionGroup.spec.ts:154:3	abbb5f53e6ea72ac2c3eea36f8d7970813064fea	single-declaration	StringLiteral	9b2538fe62c6836801ba95bbdb4ba775ae65f204172ca0c095dde32564d0d17e	blocked	BV1	BF2 must runner-enumerate profiles and attach imported/equivalent/not-applicable/unsupported evidence.	-
VUE-2207AB2C0CD497C544F8	compiler-ssr	packages/compiler-ssr/__tests__/ssrTransitionGroup.spec.ts:23:3	abbb5f53e6ea72ac2c3eea36f8d7970813064fea	single-declaration	StringLiteral	da415475649bcdb0f189869d59ac8a900c3d72a9a192ad7f5de38a2a9bf150fb	blocked	BV1	BF2 must runner-enumerate profiles and attach imported/equivalent/not-applicable/unsupported evidence.	-
VUE-1E8ECD599687CCCF9AB9	compiler-ssr	packages/compiler-ssr/__tests__/ssrTransitionGroup.spec.ts:42:3	abbb5f53e6ea72ac2c3eea36f8d7970813064fea	single-declaration	StringLiteral	958ff3d29d5f81f8c91e82ac4b40aa2a7907fadb0e3c68a0056c5609b0026d04	blocked	BV1	BF2 must runner-enumerate profiles and attach imported/equivalent/not-applicable/unsupported evidence.	-
VUE-7380CBBCFA7B86106000	compiler-ssr	packages/compiler-ssr/__tests__/ssrTransitionGroup.spec.ts:6:3	abbb5f53e6ea72ac2c3eea36f8d7970813064fea	single-declaration	StringLiteral	8630f6bdb0e06a9167722b29c0d0428180b912f248abe561843f8c31877ac1a8	blocked	BV1	BF2 must runner-enumerate profiles and attach imported/equivalent/not-applicable/unsupported evidence.	-
VUE-CCB1FCA657F983F0394F	compiler-ssr	packages/compiler-ssr/__tests__/ssrTransitionGroup.spec.ts:64:3	abbb5f53e6ea72ac2c3eea36f8d7970813064fea	single-declaration	StringLiteral	916bd2c18345f97cea2e8dd4d584dbda8d9a0fe3d763f55c0d333af81f799897	blocked	BV1	BF2 must runner-enumerate profiles and attach imported/equivalent/not-applicable/unsupported evidence.	-
VUE-BF0245A9520EE1E17A56	compiler-ssr	packages/compiler-ssr/__tests__/ssrTransitionGroup.spec.ts:82:3	abbb5f53e6ea72ac2c3eea36f8d7970813064fea	single-declaration	StringLiteral	dba5eacab5aeb33fd5d19c8dad3f48d621c79b1fafc6490fd34ebda5ed41e966	blocked	BV1	BF2 must runner-enumerate profiles and attach imported/equivalent/not-applicable/unsupported evidence.	-
VUE-52406347FB24881ED860	compiler-ssr	packages/compiler-ssr/__tests__/ssrVFor.spec.ts:115:3	0d957265120986165b35cf80b9247fa1b3f23ac1	single-declaration	StringLiteral	0808704a6866e678a0f14e2a2d0aac6a07685ad43baf3a16da07212d9f59c188	blocked	BV1	BF2 must runner-enumerate profiles and attach imported/equivalent/not-applicable/unsupported evidence.	-
VUE-BC3ACB329C0C9BBBB7E6	compiler-ssr	packages/compiler-ssr/__tests__/ssrVFor.spec.ts:18:3	0d957265120986165b35cf80b9247fa1b3f23ac1	single-declaration	StringLiteral	56b50fd0bfea4a1e11c4cdc09810f73cfe5a645c9133a164e0c40966ae88dd25	blocked	BV1	BF2 must runner-enumerate profiles and attach imported/equivalent/not-applicable/unsupported evidence.	-
VUE-EAB259C06D61D7CE9BC9	compiler-ssr	packages/compiler-ssr/__tests__/ssrVFor.spec.ts:33:3	0d957265120986165b35cf80b9247fa1b3f23ac1	single-declaration	StringLiteral	6f7ab5e784727d758b1fc354d4a466a1450d8b485a6f20e5e05f216c4ced7553	blocked	BV1	BF2 must runner-enumerate profiles and attach imported/equivalent/not-applicable/unsupported evidence.	-
VUE-00D2D59EE8F171E23EA2	compiler-ssr	packages/compiler-ssr/__tests__/ssrVFor.spec.ts:4:3	0d957265120986165b35cf80b9247fa1b3f23ac1	single-declaration	StringLiteral	8630f6bdb0e06a9167722b29c0d0428180b912f248abe561843f8c31877ac1a8	blocked	BV1	BF2 must runner-enumerate profiles and attach imported/equivalent/not-applicable/unsupported evidence.	-
VUE-4D170C6FD67452F4FCE2	compiler-ssr	packages/compiler-ssr/__tests__/ssrVFor.spec.ts:61:3	0d957265120986165b35cf80b9247fa1b3f23ac1	single-declaration	StringLiteral	0926a56847684600c1e660b57ddbbc3325102dfd87e1042b3949255a874c96de	blocked	BV1	BF2 must runner-enumerate profiles and attach imported/equivalent/not-applicable/unsupported evidence.	-
VUE-48600E0E0C7D363A43D1	compiler-ssr	packages/compiler-ssr/__tests__/ssrVFor.spec.ts:76:3	0d957265120986165b35cf80b9247fa1b3f23ac1	single-declaration	StringLiteral	e8c995c89c7870d07984eac0e420d51eb577b3b63b825653abe0e2eaa1cda370	blocked	BV1	BF2 must runner-enumerate profiles and attach imported/equivalent/not-applicable/unsupported evidence.	-
VUE-576920EC5E8299B6ECC6	compiler-ssr	packages/compiler-ssr/__tests__/ssrVFor.spec.ts:93:3	0d957265120986165b35cf80b9247fa1b3f23ac1	single-declaration	StringLiteral	fbe1dfeae0fa8f590be52b3ea278d5ea720f9d6b2f7e27cd7e62a6588de442d3	blocked	BV1	BF2 must runner-enumerate profiles and attach imported/equivalent/not-applicable/unsupported evidence.	-
VUE-70716F506F56B554ED4B	compiler-ssr	packages/compiler-ssr/__tests__/ssrVIf.spec.ts:112:3	7867a4b5fb50724117a0ac01ffec5353d54fbac9	single-declaration	StringLiteral	c2d8e614acc3296bb8eaa9dbfd91db9c58aa722022b7a8dc1166cbf7843907a4	blocked	BV1	BF2 must runner-enumerate profiles and attach imported/equivalent/not-applicable/unsupported evidence.	-
VUE-2072CA30CC5D4AF4D6EE	compiler-ssr	packages/compiler-ssr/__tests__/ssrVIf.spec.ts:128:3	7867a4b5fb50724117a0ac01ffec5353d54fbac9	single-declaration	StringLiteral	b68cec921a58fb982ee132390704b91c769430f9f2a78eb3062580c0f03eab73	blocked	BV1	BF2 must runner-enumerate profiles and attach imported/equivalent/not-applicable/unsupported evidence.	-
VUE-EBAE533C242ABD26C6F1	compiler-ssr	packages/compiler-ssr/__tests__/ssrVIf.spec.ts:148:3	7867a4b5fb50724117a0ac01ffec5353d54fbac9	single-declaration	StringLiteral	8e011c93ffbb16bcf159b8c3c1ffdac7aa6bb93f09b2a1659631cb447bd42db6	blocked	BV1	BF2 must runner-enumerate profiles and attach imported/equivalent/not-applicable/unsupported evidence.	-
VUE-0B5F6037008EB3AF00BD	compiler-ssr	packages/compiler-ssr/__tests__/ssrVIf.spec.ts:18:3	7867a4b5fb50724117a0ac01ffec5353d54fbac9	single-declaration	StringLiteral	d531a01ac1a6946d59bff860eec8b57a00b28ff17f6ece727b1f02e1e3248d32	blocked	BV1	BF2 must runner-enumerate profiles and attach imported/equivalent/not-applicable/unsupported evidence.	-
VUE-3143B83A2AA57D3412FF	compiler-ssr	packages/compiler-ssr/__tests__/ssrVIf.spec.ts:33:3	7867a4b5fb50724117a0ac01ffec5353d54fbac9	single-declaration	StringLiteral	0731d07196cc40c9e4e8166a6b17f2807c62276fce8507e3a0157cc39a954ce7	blocked	BV1	BF2 must runner-enumerate profiles and attach imported/equivalent/not-applicable/unsupported evidence.	-
VUE-7ADE29A5C76C035F4EF7	compiler-ssr	packages/compiler-ssr/__tests__/ssrVIf.spec.ts:4:3	7867a4b5fb50724117a0ac01ffec5353d54fbac9	single-declaration	StringLiteral	8630f6bdb0e06a9167722b29c0d0428180b912f248abe561843f8c31877ac1a8	blocked	BV1	BF2 must runner-enumerate profiles and attach imported/equivalent/not-applicable/unsupported evidence.	-
VUE-20FBED2B403B85E35FFF	compiler-ssr	packages/compiler-ssr/__tests__/ssrVIf.spec.ts:48:3	7867a4b5fb50724117a0ac01ffec5353d54fbac9	single-declaration	StringLiteral	2274b698a3de6fa23629fa5fe93ab372e9011ca7beb031f564a80fd4f54ea313	blocked	BV1	BF2 must runner-enumerate profiles and attach imported/equivalent/not-applicable/unsupported evidence.	-
VUE-30E70FB6E827EEA5EC2E	compiler-ssr	packages/compiler-ssr/__tests__/ssrVIf.spec.ts:65:3	7867a4b5fb50724117a0ac01ffec5353d54fbac9	single-declaration	StringLiteral	dcf3115cc6d3effbc34a2debe87b96bb57421a46391555e048c9776d1d2b0cf4	blocked	BV1	BF2 must runner-enumerate profiles and attach imported/equivalent/not-applicable/unsupported evidence.	-
VUE-DF6E42EF5B63D6C7700E	compiler-ssr	packages/compiler-ssr/__tests__/ssrVIf.spec.ts:82:3	7867a4b5fb50724117a0ac01ffec5353d54fbac9	single-declaration	StringLiteral	8a683ca5589c59d2204571b2009e429842b200a4be4da4c28c9426bc4bc18dfb	blocked	BV1	BF2 must runner-enumerate profiles and attach imported/equivalent/not-applicable/unsupported evidence.	-
VUE-89BCB5C8A931B39ABFEB	compiler-ssr	packages/compiler-ssr/__tests__/ssrVIf.spec.ts:96:3	7867a4b5fb50724117a0ac01ffec5353d54fbac9	single-declaration	StringLiteral	a8c30a654a0d845ac30a0133e7c2bf7052373e70993437d817917397a4db9199	blocked	BV1	BF2 must runner-enumerate profiles and attach imported/equivalent/not-applicable/unsupported evidence.	-
VUE-9A45BF0D3BCF6FFD8206	compiler-ssr	packages/compiler-ssr/__tests__/ssrVModel.spec.ts:297:3	8a439dbf4b5cc6063d0a74d7f1859539b1d8082a	single-declaration	StringLiteral	a796b4429e244fe4ac146c3f55bacdf60291f725da56ca20263d79da87e8795f	blocked	BV1	BF2 must runner-enumerate profiles and attach imported/equivalent/not-applicable/unsupported evidence.	-
VUE-CCABB91C76ED3E33C7F5	compiler-ssr	packages/compiler-ssr/__tests__/ssrVModel.spec.ts:313:3	8a439dbf4b5cc6063d0a74d7f1859539b1d8082a	single-declaration	StringLiteral	1632f9dfff9635246f5f7c1c73498510441a89ea07ca817a3282c48d27b83b67	blocked	BV1	BF2 must runner-enumerate profiles and attach imported/equivalent/not-applicable/unsupported evidence.	-
VUE-E2A2EA4603188142D0CB	compiler-ssr	packages/compiler-ssr/__tests__/ssrVModel.spec.ts:36:3	8a439dbf4b5cc6063d0a74d7f1859539b1d8082a	single-declaration	StringLiteral	3eac570b201d878bb12c43809939e30dec5b16bb34fbd42c6d5f9ebe50fed5be	blocked	BV1	BF2 must runner-enumerate profiles and attach imported/equivalent/not-applicable/unsupported evidence.	-
VUE-E9882DFF5BDA4AC82E7E	compiler-ssr	packages/compiler-ssr/__tests__/ssrVModel.spec.ts:379:3	8a439dbf4b5cc6063d0a74d7f1859539b1d8082a	single-declaration	StringLiteral	5a293e8edf8bdc335b4c51b573ae230f6c37006ef6827b75b5f10a03955870e2	blocked	BV1	BF2 must runner-enumerate profiles and attach imported/equivalent/not-applicable/unsupported evidence.	-
VUE-436C5362047C4230A5D7	compiler-ssr	packages/compiler-ssr/__tests__/ssrVModel.spec.ts:394:3	8a439dbf4b5cc6063d0a74d7f1859539b1d8082a	single-declaration	StringLiteral	47e88314af1e75dd36784375189ede72d800a2d26dd78b7630b9a81bad9f5e82	blocked	BV1	BF2 must runner-enumerate profiles and attach imported/equivalent/not-applicable/unsupported evidence.	-
VUE-010C71DA3182E64A5F7C	compiler-ssr	packages/compiler-ssr/__tests__/ssrVModel.spec.ts:445:3	8a439dbf4b5cc6063d0a74d7f1859539b1d8082a	single-declaration	StringLiteral	6d19aefc86ff375ffaa7995f809fee50bc757c2501acad56b43aa208a02bd7ad	blocked	BV1	BF2 must runner-enumerate profiles and attach imported/equivalent/not-applicable/unsupported evidence.	-
VUE-01B1A393BE9C337DAD05	compiler-ssr	packages/compiler-ssr/__tests__/ssrVModel.spec.ts:8:3	8a439dbf4b5cc6063d0a74d7f1859539b1d8082a	single-declaration	StringLiteral	1a4a740747af0a830babdae02f966fe89fc5e41650c85c85ae7e0db8dae855ee	blocked	BV1	BF2 must runner-enumerate profiles and attach imported/equivalent/not-applicable/unsupported evidence.	-
VUE-2CCC9396D963B233B071	compiler-ssr	packages/compiler-ssr/__tests__/ssrVShow.spec.ts:113:3	d06e2c9d7ca96f895e08fa9933be83ad39b38978	single-declaration	StringLiteral	ee56db64733c2756637c131e434326cbff8afe5b35c8050e0da6d7951c62cf6b	blocked	BV1	BF2 must runner-enumerate profiles and attach imported/equivalent/not-applicable/unsupported evidence.	-
VUE-BF0BE83D74C59DC15C28	compiler-ssr	packages/compiler-ssr/__tests__/ssrVShow.spec.ts:21:3	d06e2c9d7ca96f895e08fa9933be83ad39b38978	single-declaration	StringLiteral	8630f6bdb0e06a9167722b29c0d0428180b912f248abe561843f8c31877ac1a8	blocked	BV1	BF2 must runner-enumerate profiles and attach imported/equivalent/not-applicable/unsupported evidence.	-
VUE-6A83F38C738C841537E0	compiler-ssr	packages/compiler-ssr/__tests__/ssrVShow.spec.ts:36:3	d06e2c9d7ca96f895e08fa9933be83ad39b38978	single-declaration	StringLiteral	6c811f500aee2b35ce4cd0130b8b1fbd5a205f16269cbbdbb4a9310c48f1d8e9	blocked	BV1	BF2 must runner-enumerate profiles and attach imported/equivalent/not-applicable/unsupported evidence.	-
VUE-5B187435765CDDB9AB1D	compiler-ssr	packages/compiler-ssr/__tests__/ssrVShow.spec.ts:54:3	d06e2c9d7ca96f895e08fa9933be83ad39b38978	single-declaration	StringLiteral	69e197f5abd14ef8f9963e52b8bb5b08a55fcc7f7ed9a359272d24765cdab194	blocked	BV1	BF2 must runner-enumerate profiles and attach imported/equivalent/not-applicable/unsupported evidence.	-
VUE-1B485112A340B7E86D4C	compiler-ssr	packages/compiler-ssr/__tests__/ssrVShow.spec.ts:73:3	d06e2c9d7ca96f895e08fa9933be83ad39b38978	single-declaration	StringLiteral	99ba5c1df7a77ee9883f2b35e45ecd9a8de25d9b55331866ad3fb6b3595e2f41	blocked	BV1	BF2 must runner-enumerate profiles and attach imported/equivalent/not-applicable/unsupported evidence.	-
VUE-B8B5AF73439885FEB0BC	compiler-ssr	packages/compiler-ssr/__tests__/ssrVShow.spec.ts:8:3	d06e2c9d7ca96f895e08fa9933be83ad39b38978	single-declaration	StringLiteral	a355b019848cd9451f506ef10be4d0cbe800b2723470491a00e851b1646c83b1	blocked	BV1	BF2 must runner-enumerate profiles and attach imported/equivalent/not-applicable/unsupported evidence.	-
VUE-45A1987147163BF1A3D7	compiler-ssr	packages/compiler-ssr/__tests__/ssrVShow.spec.ts:95:3	d06e2c9d7ca96f895e08fa9933be83ad39b38978	single-declaration	StringLiteral	adf099b66e0feeebdcf1c2126cda922389ddd8eca86ac429223161f3c4f5320f	blocked	BV1	BF2 must runner-enumerate profiles and attach imported/equivalent/not-applicable/unsupported evidence.	-
VUE-9330F7A6F025F02A5F12	compiler-vapor	packages/compiler-vapor/__tests__/abbreviation.spec.ts:112:1	ab51bd37f972cc38aef1c9befe932147360b58e4	single-declaration	StringLiteral	1ca3e20cc6a83b3f020067528416f1270310693dfb36f52d43fcc2a275a47f30	blocked	BV1	BF2 must runner-enumerate profiles and attach imported/equivalent/not-applicable/unsupported evidence.	-
VUE-287B3F82CA30FBCF3D27	compiler-vapor	packages/compiler-vapor/__tests__/abbreviation.spec.ts:120:1	ab51bd37f972cc38aef1c9befe932147360b58e4	single-declaration	StringLiteral	70bfce07debd94e816391efbf501fc0ab6f7412b8506a75401c3a559844ece06	blocked	BV1	BF2 must runner-enumerate profiles and attach imported/equivalent/not-applicable/unsupported evidence.	-
VUE-C5A13AF3CCB841D6F418	compiler-vapor	packages/compiler-vapor/__tests__/abbreviation.spec.ts:131:1	ab51bd37f972cc38aef1c9befe932147360b58e4	single-declaration	StringLiteral	9632e89d24c6497b679fde260f55b666b9ddaeb0f8c721696f013309b00c6bb9	blocked	BV1	BF2 must runner-enumerate profiles and attach imported/equivalent/not-applicable/unsupported evidence.	-
VUE-92E489FD6F0755576354	compiler-vapor	packages/compiler-vapor/__tests__/abbreviation.spec.ts:139:1	ab51bd37f972cc38aef1c9befe932147360b58e4	single-declaration	StringLiteral	c2147d76af59493713f9e5642d7642f89466cf4f52a0af71515be4f08bdb64e2	blocked	BV1	BF2 must runner-enumerate profiles and attach imported/equivalent/not-applicable/unsupported evidence.	-
VUE-D5794F767AD1766B7DED	compiler-vapor	packages/compiler-vapor/__tests__/abbreviation.spec.ts:147:1	ab51bd37f972cc38aef1c9befe932147360b58e4	single-declaration	StringLiteral	dceac1d29bb11bb851ecf8ff75dd0c427897b8de4fc0f30075c83ab7d5b18059	blocked	BV1	BF2 must runner-enumerate profiles and attach imported/equivalent/not-applicable/unsupported evidence.	-
VUE-76C3F6922E63CE821EB8	compiler-vapor	packages/compiler-vapor/__tests__/abbreviation.spec.ts:160:1	ab51bd37f972cc38aef1c9befe932147360b58e4	single-declaration	StringLiteral	ebbdfb7d46d2d6995abf017091c890b1906da6ece65486eda5f9a6b72e4b4454	blocked	BV1	BF2 must runner-enumerate profiles and attach imported/equivalent/not-applicable/unsupported evidence.	-
VUE-F033B369998A242E6B46	compiler-vapor	packages/compiler-vapor/__tests__/abbreviation.spec.ts:241:1	ab51bd37f972cc38aef1c9befe932147360b58e4	single-declaration	StringLiteral	5d7873340910e777d8ee0877a317474b72a35a8bc019fae3cf061815b35c3f7a	blocked	BV1	BF2 must runner-enumerate profiles and attach imported/equivalent/not-applicable/unsupported evidence.	-
VUE-4999ACA84B1C53C67CF7	compiler-vapor	packages/compiler-vapor/__tests__/abbreviation.spec.ts:35:1	ab51bd37f972cc38aef1c9befe932147360b58e4	single-declaration	StringLiteral	d5e33e074b5d421cbac145b662b125d7392bddbe1f66dc3c87a10cf73cf6dd19	blocked	BV1	BF2 must runner-enumerate profiles and attach imported/equivalent/not-applicable/unsupported evidence.	-
VUE-53CF4ECE0950596FCD26	compiler-vapor	packages/compiler-vapor/__tests__/abbreviation.spec.ts:69:1	ab51bd37f972cc38aef1c9befe932147360b58e4	single-declaration	StringLiteral	1ab570eaffc878b61e875957daea31aae3bdb4b61e972f6be6dec07316507705	blocked	BV1	BF2 must runner-enumerate profiles and attach imported/equivalent/not-applicable/unsupported evidence.	-
VUE-7401A13F7A98A332AA3B	compiler-vapor	packages/compiler-vapor/__tests__/abbreviation.spec.ts:91:1	ab51bd37f972cc38aef1c9befe932147360b58e4	single-declaration	StringLiteral	3909caf0f4cd63a152088bf3359d57669d68634ee0a9bdba1044e98d8b79b460	blocked	BV1	BF2 must runner-enumerate profiles and attach imported/equivalent/not-applicable/unsupported evidence.	-
VUE-E4A84F4B61FA61B24B1D	compiler-vapor	packages/compiler-vapor/__tests__/compile.spec.ts:100:7	09626f3412987c022a4fe73f8457e7ee3c26a4ce	single-declaration	StringLiteral	8630f6bdb0e06a9167722b29c0d0428180b912f248abe561843f8c31877ac1a8	blocked	BV1	BF2 must runner-enumerate profiles and attach imported/equivalent/not-applicable/unsupported evidence.	-
VUE-0D108B5EF865C856EEFB	compiler-vapor	packages/compiler-vapor/__tests__/compile.spec.ts:109:7	09626f3412987c022a4fe73f8457e7ee3c26a4ce	single-declaration	StringLiteral	e5973d90d39556e8f492b401f70bfe33fa6cc65ab3faf9f0b4134bbd9bedaa9e	blocked	BV1	BF2 must runner-enumerate profiles and attach imported/equivalent/not-applicable/unsupported evidence.	-
VUE-ABF0D833C390C8510C35	compiler-vapor	packages/compiler-vapor/__tests__/compile.spec.ts:119:7	09626f3412987c022a4fe73f8457e7ee3c26a4ce	single-declaration	StringLiteral	bc3d0d009d9aa7b203112f8611298ce72c9257be718a9a465f6a80b5b7812347	blocked	BV1	BF2 must runner-enumerate profiles and attach imported/equivalent/not-applicable/unsupported evidence.	-
VUE-5E0EF249B81080022EF2	compiler-vapor	packages/compiler-vapor/__tests__/compile.spec.ts:133:7	09626f3412987c022a4fe73f8457e7ee3c26a4ce	single-declaration	StringLiteral	918d1fd3524c93de1a1b3da89827627a024aac522840c386b2a7dfa15820beb5	blocked	BV1	BF2 must runner-enumerate profiles and attach imported/equivalent/not-applicable/unsupported evidence.	-
VUE-41D98813D74259D94B20	compiler-vapor	packages/compiler-vapor/__tests__/compile.spec.ts:14:3	09626f3412987c022a4fe73f8457e7ee3c26a4ce	single-declaration	StringLiteral	7d6454288cec5b756962ec90e02261aa4ba89ec6478486af1c6355c5acc29af2	blocked	BV1	BF2 must runner-enumerate profiles and attach imported/equivalent/not-applicable/unsupported evidence.	-
VUE-878018CF028DA4333EDA	compiler-vapor	packages/compiler-vapor/__tests__/compile.spec.ts:145:7	09626f3412987c022a4fe73f8457e7ee3c26a4ce	single-declaration	StringLiteral	a7e5c342ac4cf716113816db076c7d0c29fb6a0351e397c36fa222168d3c99d1	blocked	BV1	BF2 must runner-enumerate profiles and attach imported/equivalent/not-applicable/unsupported evidence.	-
VUE-ECE909B1D331313F5AA3	compiler-vapor	packages/compiler-vapor/__tests__/compile.spec.ts:155:7	09626f3412987c022a4fe73f8457e7ee3c26a4ce	single-declaration	StringLiteral	b633ce4f1fef59fc52ac8cad0f1587b3861e022164455188f1af53e007317648	blocked	BV1	BF2 must runner-enumerate profiles and attach imported/equivalent/not-applicable/unsupported evidence.	-
VUE-DF0E6280AA89448C77C9	compiler-vapor	packages/compiler-vapor/__tests__/compile.spec.ts:165:7	09626f3412987c022a4fe73f8457e7ee3c26a4ce	single-declaration	StringLiteral	7ad2b5d97aa3edfc91557b1ed1777bc117a05652cea8f5b7e2dc218022512589	blocked	BV1	BF2 must runner-enumerate profiles and attach imported/equivalent/not-applicable/unsupported evidence.	-
VUE-5F7D81BF5E905B80794E	compiler-vapor	packages/compiler-vapor/__tests__/compile.spec.ts:174:7	09626f3412987c022a4fe73f8457e7ee3c26a4ce	single-declaration	StringLiteral	06c6c6f92432bc11ebced9a63ee72e51e0fec3c12da45ef9ef009d1b549a92e5	blocked	BV1	BF2 must runner-enumerate profiles and attach imported/equivalent/not-applicable/unsupported evidence.	-
VUE-FC193C987DEFA75E11FD	compiler-vapor	packages/compiler-vapor/__tests__/compile.spec.ts:184:7	09626f3412987c022a4fe73f8457e7ee3c26a4ce	single-declaration	StringLiteral	df2d90acb5ab8acbdf3b8592e355727ddebad7d276ff92e6dfaebb62924e632f	blocked	BV1	BF2 must runner-enumerate profiles and attach imported/equivalent/not-applicable/unsupported evidence.	-
VUE-B36FB095C2D71A21643E	compiler-vapor	packages/compiler-vapor/__tests__/compile.spec.ts:197:5	09626f3412987c022a4fe73f8457e7ee3c26a4ce	single-declaration	StringLiteral	ed707c99b8a6418c6e2c9c4a5ba8d62957ea84c1910377c49400f732edeb8db2	blocked	BV1	BF2 must runner-enumerate profiles and attach imported/equivalent/not-applicable/unsupported evidence.	-
VUE-2B2B0DF3B7B97E90FBDF	compiler-vapor	packages/compiler-vapor/__tests__/compile.spec.ts:208:5	09626f3412987c022a4fe73f8457e7ee3c26a4ce	single-declaration	StringLiteral	fc39587469036679ca37f7622fbc98982dd393812c8ff22957eaeb34bc949bfb	blocked	BV1	BF2 must runner-enumerate profiles and attach imported/equivalent/not-applicable/unsupported evidence.	-
VUE-7C2F3097A1458E333F3B	compiler-vapor	packages/compiler-vapor/__tests__/compile.spec.ts:224:5	09626f3412987c022a4fe73f8457e7ee3c26a4ce	single-declaration	StringLiteral	6fc8d33c82b238c24579df5e0d11618309735e2e88509b10268ee67161c3a324	blocked	BV1	BF2 must runner-enumerate profiles and attach imported/equivalent/not-applicable/unsupported evidence.	-
VUE-D5B2D89677EEA7239213	compiler-vapor	packages/compiler-vapor/__tests__/compile.spec.ts:231:5	09626f3412987c022a4fe73f8457e7ee3c26a4ce	single-declaration	StringLiteral	cf4d799cbb58b5987e831adca2828d101019f76c2f6b510bcd9991d8aa0b9191	blocked	BV1	BF2 must runner-enumerate profiles and attach imported/equivalent/not-applicable/unsupported evidence.	-
VUE-08A79C4E48A83770521B	compiler-vapor	packages/compiler-vapor/__tests__/compile.spec.ts:238:5	09626f3412987c022a4fe73f8457e7ee3c26a4ce	single-declaration	StringLiteral	088f7345378d462963926dd1668a2dc7f4ea40f8f66abe1088a2a26cf29c4da1	blocked	BV1	BF2 must runner-enumerate profiles and attach imported/equivalent/not-applicable/unsupported evidence.	-
VUE-AA6574028CD5097E1E3D	compiler-vapor	packages/compiler-vapor/__tests__/compile.spec.ts:245:5	09626f3412987c022a4fe73f8457e7ee3c26a4ce	single-declaration	StringLiteral	4d31bbc40782a714bfd45f23ac56b4a195017e1de2e0ada077cfce081c665536	blocked	BV1	BF2 must runner-enumerate profiles and attach imported/equivalent/not-applicable/unsupported evidence.	-
VUE-1FD22EBF1BE1E3E87AAB	compiler-vapor	packages/compiler-vapor/__tests__/compile.spec.ts:25:3	09626f3412987c022a4fe73f8457e7ee3c26a4ce	single-declaration	StringLiteral	2fb3f2bb4f24449b4e58aec56ceb8a8893294d1c914fba8299fe8c7629e1fff4	blocked	BV1	BF2 must runner-enumerate profiles and attach imported/equivalent/not-applicable/unsupported evidence.	-
VUE-6B534C667479C35A32E2	compiler-vapor	packages/compiler-vapor/__tests__/compile.spec.ts:259:5	09626f3412987c022a4fe73f8457e7ee3c26a4ce	single-declaration	StringLiteral	7b363e05163ff340ef749d9aa453a54dc7f50e0af4b4d2a4eaa47085785dd305	blocked	BV1	BF2 must runner-enumerate profiles and attach imported/equivalent/not-applicable/unsupported evidence.	-
VUE-602BCB0FD538296E6849	compiler-vapor	packages/compiler-vapor/__tests__/compile.spec.ts:280:5	09626f3412987c022a4fe73f8457e7ee3c26a4ce	single-declaration	StringLiteral	f9c36c7d2d9cefcdb7469b10bdf42e299698410d32eb3c5b6c79b278789f50d3	blocked	BV1	BF2 must runner-enumerate profiles and attach imported/equivalent/not-applicable/unsupported evidence.	-
VUE-BA36AA95D516FB0781AC	compiler-vapor	packages/compiler-vapor/__tests__/compile.spec.ts:298:5	09626f3412987c022a4fe73f8457e7ee3c26a4ce	single-declaration	StringLiteral	8630f6bdb0e06a9167722b29c0d0428180b912f248abe561843f8c31877ac1a8	blocked	BV1	BF2 must runner-enumerate profiles and attach imported/equivalent/not-applicable/unsupported evidence.	-
VUE-B602BFD9E441565B7958	compiler-vapor	packages/compiler-vapor/__tests__/compile.spec.ts:30:3	09626f3412987c022a4fe73f8457e7ee3c26a4ce	single-declaration	StringLiteral	918991572f901ad27554042ebf25f00a3b84f094757f4a7da4dc0a11b8917263	blocked	BV1	BF2 must runner-enumerate profiles and attach imported/equivalent/not-applicable/unsupported evidence.	-
VUE-924F8A82A6A6D84A7D05	compiler-vapor	packages/compiler-vapor/__tests__/compile.spec.ts:303:5	09626f3412987c022a4fe73f8457e7ee3c26a4ce	single-declaration	StringLiteral	28a538428b850999d385eedbce9b938857fb9926e5032907834b3e39bc725110	blocked	BV1	BF2 must runner-enumerate profiles and attach imported/equivalent/not-applicable/unsupported evidence.	-
VUE-AE63AAC73B0A384E8B44	compiler-vapor	packages/compiler-vapor/__tests__/compile.spec.ts:316:5	09626f3412987c022a4fe73f8457e7ee3c26a4ce	single-declaration	StringLiteral	8630f6bdb0e06a9167722b29c0d0428180b912f248abe561843f8c31877ac1a8	blocked	BV1	BF2 must runner-enumerate profiles and attach imported/equivalent/not-applicable/unsupported evidence.	-
VUE-0C3B067C2A4E9EB19F1C	compiler-vapor	packages/compiler-vapor/__tests__/compile.spec.ts:325:5	09626f3412987c022a4fe73f8457e7ee3c26a4ce	single-declaration	StringLiteral	e0fd77bcf0c584ef90e29df08163d16e6db9869596d478a4686f2adfbd340c57	blocked	BV1	BF2 must runner-enumerate profiles and attach imported/equivalent/not-applicable/unsupported evidence.	-
VUE-F019F6A040452EBFEE7F	compiler-vapor	packages/compiler-vapor/__tests__/compile.spec.ts:338:5	09626f3412987c022a4fe73f8457e7ee3c26a4ce	single-declaration	StringLiteral	5ad7b62f697b061ccb7a775cf20b2c9dec39896e38a872c23a2c58a29be76e7c	blocked	BV1	BF2 must runner-enumerate profiles and attach imported/equivalent/not-applicable/unsupported evidence.	-
VUE-0719D33F700B1C087FEB	compiler-vapor	packages/compiler-vapor/__tests__/compile.spec.ts:352:5	09626f3412987c022a4fe73f8457e7ee3c26a4ce	single-declaration	StringLiteral	faaa8b5d02e07f2a81e8f03d4efce6334889292c419e9f3184e9213f8c0683dc	blocked	BV1	BF2 must runner-enumerate profiles and attach imported/equivalent/not-applicable/unsupported evidence.	-
VUE-B06EB19DB15F3CA9E95C	compiler-vapor	packages/compiler-vapor/__tests__/compile.spec.ts:37:3	09626f3412987c022a4fe73f8457e7ee3c26a4ce	single-declaration	StringLiteral	6ba874d87c3684ba208afc92d7b17c9a6c0dd3b8856e2c0f8c0bf7634418549f	blocked	BV1	BF2 must runner-enumerate profiles and attach imported/equivalent/not-applicable/unsupported evidence.	-
VUE-A15DEB5077FC56CE03A7	compiler-vapor	packages/compiler-vapor/__tests__/compile.spec.ts:374:7	09626f3412987c022a4fe73f8457e7ee3c26a4ce	single-declaration	StringLiteral	bf12c4022827b601242f58480163e890a5d886594fb5a73a256d2ebb3121a32f	blocked	BV1	BF2 must runner-enumerate profiles and attach imported/equivalent/not-applicable/unsupported evidence.	-
VUE-A41EEBF11A5CF1B9C3A8	compiler-vapor	packages/compiler-vapor/__tests__/compile.spec.ts:390:5	09626f3412987c022a4fe73f8457e7ee3c26a4ce	single-declaration	StringLiteral	02e99d395c1a2cfd15226d674d29e80e120598f8e2afdd64995d0251bf7714c8	blocked	BV1	BF2 must runner-enumerate profiles and attach imported/equivalent/not-applicable/unsupported evidence.	-
VUE-C06C871ED7FDDF107467	compiler-vapor	packages/compiler-vapor/__tests__/compile.spec.ts:405:5	09626f3412987c022a4fe73f8457e7ee3c26a4ce	single-declaration	StringLiteral	1807c516d2c0dc6add366d6979525a2bff4eb461a34532313a91127652d734c6	blocked	BV1	BF2 must runner-enumerate profiles and attach imported/equivalent/not-applicable/unsupported evidence.	-
VUE-DC5947E56EC2884884BB	compiler-vapor	packages/compiler-vapor/__tests__/compile.spec.ts:412:5	09626f3412987c022a4fe73f8457e7ee3c26a4ce	single-declaration	StringLiteral	4534375b64327a81b59bc80ee90bf57b548b648576ba03c8e77da99e24b18230	blocked	BV1	BF2 must runner-enumerate profiles and attach imported/equivalent/not-applicable/unsupported evidence.	-
VUE-CA91D76BADF42906A303	compiler-vapor	packages/compiler-vapor/__tests__/compile.spec.ts:426:5	09626f3412987c022a4fe73f8457e7ee3c26a4ce	single-declaration	StringLiteral	f145b07104872d3e7e888e7b9cf01425503acf9816f5180cf4df5b7e19f20f8e	blocked	BV1	BF2 must runner-enumerate profiles and attach imported/equivalent/not-applicable/unsupported evidence.	-
VUE-52E25E45B8E8D78D196A	compiler-vapor	packages/compiler-vapor/__tests__/compile.spec.ts:44:3	09626f3412987c022a4fe73f8457e7ee3c26a4ce	single-declaration	StringLiteral	40a107b7c2dc5c1d03dcea6c8a6530397247df25ddc885c39511db6ae2cb6571	blocked	BV1	BF2 must runner-enumerate profiles and attach imported/equivalent/not-applicable/unsupported evidence.	-
VUE-53D0C7EF9E5D4048043E	compiler-vapor	packages/compiler-vapor/__tests__/compile.spec.ts:447:5	09626f3412987c022a4fe73f8457e7ee3c26a4ce	single-declaration	StringLiteral	2c39e495936631f208d2a528e0ecfd6852a8dd29c3a0cc1a107e98737838b6bf	blocked	BV1	BF2 must runner-enumerate profiles and attach imported/equivalent/not-applicable/unsupported evidence.	-
VUE-3AE6F514930B7E89B569	compiler-vapor	packages/compiler-vapor/__tests__/compile.spec.ts:467:5	09626f3412987c022a4fe73f8457e7ee3c26a4ce	single-declaration	StringLiteral	bf67d65342bc9587e5fc79e28d067f40bd6e9ff6d8bad583d636bd29195dbfba	blocked	BV1	BF2 must runner-enumerate profiles and attach imported/equivalent/not-applicable/unsupported evidence.	-
VUE-E28BC2822D6B956441AF	compiler-vapor	packages/compiler-vapor/__tests__/compile.spec.ts:483:5	09626f3412987c022a4fe73f8457e7ee3c26a4ce	single-declaration	StringLiteral	798d0d417ab959d556068aec27a141f9b8aad19bc77dc95eb021d4cdf90010f2	blocked	BV1	BF2 must runner-enumerate profiles and attach imported/equivalent/not-applicable/unsupported evidence.	-
VUE-4A6F05E85D8C3DA7C98A	compiler-vapor	packages/compiler-vapor/__tests__/compile.spec.ts:49:3	09626f3412987c022a4fe73f8457e7ee3c26a4ce	single-declaration	StringLiteral	ba9d430a627e494fca99d8227c3f7fd7193fa72500afeac7f5674365155e97ba	blocked	BV1	BF2 must runner-enumerate profiles and attach imported/equivalent/not-applicable/unsupported evidence.	-
VUE-48E26CFDC7ACB1942287	compiler-vapor	packages/compiler-vapor/__tests__/compile.spec.ts:60:7	09626f3412987c022a4fe73f8457e7ee3c26a4ce	single-declaration	StringLiteral	8630f6bdb0e06a9167722b29c0d0428180b912f248abe561843f8c31877ac1a8	blocked	BV1	BF2 must runner-enumerate profiles and attach imported/equivalent/not-applicable/unsupported evidence.	-
VUE-5AFE1339EE827252E6B3	compiler-vapor	packages/compiler-vapor/__tests__/compile.spec.ts:75:7	09626f3412987c022a4fe73f8457e7ee3c26a4ce	single-declaration	StringLiteral	e793e2a196cf1de6ed8597c85d3235cdc915e61d397e8bf16126db753df33ce9	blocked	BV1	BF2 must runner-enumerate profiles and attach imported/equivalent/not-applicable/unsupported evidence.	-
VUE-E39FE5778BDB09CA49F3	compiler-vapor	packages/compiler-vapor/__tests__/compile.spec.ts:92:7	09626f3412987c022a4fe73f8457e7ee3c26a4ce	single-declaration	StringLiteral	8630f6bdb0e06a9167722b29c0d0428180b912f248abe561843f8c31877ac1a8	blocked	BV1	BF2 must runner-enumerate profiles and attach imported/equivalent/not-applicable/unsupported evidence.	-
VUE-3A413EF13313F6A0FCF1	compiler-vapor	packages/compiler-vapor/__tests__/staticTemplate.spec.ts:105:3	153aedaf60d7c52d59e0a1484eb5a4a57c6fea84	single-declaration	StringLiteral	0b6d7ffb0bad68ab134e68b46e9fac772f218f5c3a53ca9452882e55f91b4d7f	blocked	BV1	BF2 must runner-enumerate profiles and attach imported/equivalent/not-applicable/unsupported evidence.	-
VUE-6725311FE34F64D4C261	compiler-vapor	packages/compiler-vapor/__tests__/staticTemplate.spec.ts:116:3	153aedaf60d7c52d59e0a1484eb5a4a57c6fea84	single-declaration	StringLiteral	40b56ec8b4a7d22661e33b5c31308a5b90d3dc3e99760cab092f70641711bd25	blocked	BV1	BF2 must runner-enumerate profiles and attach imported/equivalent/not-applicable/unsupported evidence.	-
VUE-5C2B8D5A25641D765E6D	compiler-vapor	packages/compiler-vapor/__tests__/staticTemplate.spec.ts:127:3	153aedaf60d7c52d59e0a1484eb5a4a57c6fea84	single-declaration	StringLiteral	1f5374e0233b5f46d193f3cd6c2a6a6aaf3b144bead6e832f9068d264843cd53	blocked	BV1	BF2 must runner-enumerate profiles and attach imported/equivalent/not-applicable/unsupported evidence.	-
VUE-3EC73C198B06AEBA8701	compiler-vapor	packages/compiler-vapor/__tests__/staticTemplate.spec.ts:136:3	153aedaf60d7c52d59e0a1484eb5a4a57c6fea84	single-declaration	StringLiteral	91c42a7b3bb3f6a7208915a48047af53daa892aedd49423d99bef4f87e990bfb	blocked	BV1	BF2 must runner-enumerate profiles and attach imported/equivalent/not-applicable/unsupported evidence.	-
VUE-460A616F9CC6383C9B3B	compiler-vapor	packages/compiler-vapor/__tests__/staticTemplate.spec.ts:145:3	153aedaf60d7c52d59e0a1484eb5a4a57c6fea84	single-declaration	StringLiteral	76bf7168fd2021dac32c0e748e2349c5a755837e89ce662d462ce91b088a5b64	blocked	BV1	BF2 must runner-enumerate profiles and attach imported/equivalent/not-applicable/unsupported evidence.	-
VUE-5476B24C4E23739DE73C	compiler-vapor	packages/compiler-vapor/__tests__/staticTemplate.spec.ts:154:3	153aedaf60d7c52d59e0a1484eb5a4a57c6fea84	single-declaration	StringLiteral	3b23d2cba52ba19e83b6f2cd3ad84bf2268e4cbdceb1c94744bd2c3ad90cb9a7	blocked	BV1	BF2 must runner-enumerate profiles and attach imported/equivalent/not-applicable/unsupported evidence.	-
VUE-3B7FD03F7EE17BE6DC13	compiler-vapor	packages/compiler-vapor/__tests__/staticTemplate.spec.ts:167:3	153aedaf60d7c52d59e0a1484eb5a4a57c6fea84	single-declaration	StringLiteral	54aafff0b68ecb2fc9b208b72bdd479c1011a009480b545fbc717c94febbf67f	blocked	BV1	BF2 must runner-enumerate profiles and attach imported/equivalent/not-applicable/unsupported evidence.	-
VUE-339EC26275DE810E84AF	compiler-vapor	packages/compiler-vapor/__tests__/staticTemplate.spec.ts:178:3	153aedaf60d7c52d59e0a1484eb5a4a57c6fea84	single-declaration	StringLiteral	1dc74535675669ba8915d225fda6432012ec2d472cd3fd66d43cfbb6ffa0a886	blocked	BV1	BF2 must runner-enumerate profiles and attach imported/equivalent/not-applicable/unsupported evidence.	-
VUE-B40395E2E6DE43A522D9	compiler-vapor	packages/compiler-vapor/__tests__/staticTemplate.spec.ts:185:3	153aedaf60d7c52d59e0a1484eb5a4a57c6fea84	single-declaration	StringLiteral	fb614c00612071ef6530372fd3626b6399f6c0c19c73a3c7db1ceb69abd8b00a	blocked	BV1	BF2 must runner-enumerate profiles and attach imported/equivalent/not-applicable/unsupported evidence.	-
VUE-C6105284E20DA004F1D6	compiler-vapor	packages/compiler-vapor/__tests__/staticTemplate.spec.ts:192:3	153aedaf60d7c52d59e0a1484eb5a4a57c6fea84	single-declaration	StringLiteral	005979f3054c43af30ae1cb4e0faa2160b9f619aefee2f7d5bed2e6b00470dc9	blocked	BV1	BF2 must runner-enumerate profiles and attach imported/equivalent/not-applicable/unsupported evidence.	-
VUE-08CF33B9EEF60CB5B0DC	compiler-vapor	packages/compiler-vapor/__tests__/staticTemplate.spec.ts:202:3	153aedaf60d7c52d59e0a1484eb5a4a57c6fea84	single-declaration	StringLiteral	613c5ba8eb9798b1c6ec12104ac13729b7106aba4bd36236cc3bffae5d745404	blocked	BV1	BF2 must runner-enumerate profiles and attach imported/equivalent/not-applicable/unsupported evidence.	-
VUE-AF14856A9932A2BD72F9	compiler-vapor	packages/compiler-vapor/__tests__/staticTemplate.spec.ts:211:3	153aedaf60d7c52d59e0a1484eb5a4a57c6fea84	single-declaration	StringLiteral	ad0adcf1dd741065b6967e7b11569d3306562723a96a206dca2eed44d3e910d4	blocked	BV1	BF2 must runner-enumerate profiles and attach imported/equivalent/not-applicable/unsupported evidence.	-
VUE-9B7EBF40D6DB005C7AC2	compiler-vapor	packages/compiler-vapor/__tests__/staticTemplate.spec.ts:223:3	153aedaf60d7c52d59e0a1484eb5a4a57c6fea84	single-declaration	StringLiteral	f87423a787c3a3b63ac7f6d68a441223af51611542353f73fc160a0bebf4d3ca	blocked	BV1	BF2 must runner-enumerate profiles and attach imported/equivalent/not-applicable/unsupported evidence.	-
VUE-04C39A7D226AB3731F16	compiler-vapor	packages/compiler-vapor/__tests__/staticTemplate.spec.ts:236:3	153aedaf60d7c52d59e0a1484eb5a4a57c6fea84	single-declaration	StringLiteral	dfed61214c4866a49c99e3c688f57946e4aa443915b28b0779fccc42013a53f4	blocked	BV1	BF2 must runner-enumerate profiles and attach imported/equivalent/not-applicable/unsupported evidence.	-
VUE-56BF63CECB4772D36E07	compiler-vapor	packages/compiler-vapor/__tests__/staticTemplate.spec.ts:245:3	153aedaf60d7c52d59e0a1484eb5a4a57c6fea84	single-declaration	StringLiteral	ae1a32abd320910c3cb6c13feda65d268fe167143e10c3df1d9dea4ea6e54fd9	blocked	BV1	BF2 must runner-enumerate profiles and attach imported/equivalent/not-applicable/unsupported evidence.	-
VUE-4C3A46E094C4A9DB0849	compiler-vapor	packages/compiler-vapor/__tests__/staticTemplate.spec.ts:30:3	153aedaf60d7c52d59e0a1484eb5a4a57c6fea84	single-declaration	StringLiteral	e3446e437450db7a98f199e8f99bded986fee07ec44b18c26aee9389b35e8a9b	blocked	BV1	BF2 must runner-enumerate profiles and attach imported/equivalent/not-applicable/unsupported evidence.	-
VUE-773632124D58B4AF35ED	compiler-vapor	packages/compiler-vapor/__tests__/staticTemplate.spec.ts:41:3	153aedaf60d7c52d59e0a1484eb5a4a57c6fea84	single-declaration	StringLiteral	76265853dca6eea1f899730fddcd4e011781913345a755b26b801ad0cacbccc7	blocked	BV1	BF2 must runner-enumerate profiles and attach imported/equivalent/not-applicable/unsupported evidence.	-
VUE-0EC73D7FC662DB0782A9	compiler-vapor	packages/compiler-vapor/__tests__/staticTemplate.spec.ts:50:3	153aedaf60d7c52d59e0a1484eb5a4a57c6fea84	single-declaration	StringLiteral	7d1aa23fe78d1f1770d4034a022f004d2101d4df59bbe97e00e46d62dab6e509	blocked	BV1	BF2 must runner-enumerate profiles and attach imported/equivalent/not-applicable/unsupported evidence.	-
VUE-B1F3B880462F9EE8FF73	compiler-vapor	packages/compiler-vapor/__tests__/staticTemplate.spec.ts:61:3	153aedaf60d7c52d59e0a1484eb5a4a57c6fea84	single-declaration	StringLiteral	8ddbfbe5f676a6994be5cba639fd205f599176efb6c0f97264532294e45ad45c	blocked	BV1	BF2 must runner-enumerate profiles and attach imported/equivalent/not-applicable/unsupported evidence.	-
VUE-B0FA2032EFD71C4BAEDE	compiler-vapor	packages/compiler-vapor/__tests__/staticTemplate.spec.ts:74:3	153aedaf60d7c52d59e0a1484eb5a4a57c6fea84	single-declaration	StringLiteral	205b197eef4b0da476dc8d2fadce45c3c1fecc8fe78f8c994b63e7d8c689f7c9	blocked	BV1	BF2 must runner-enumerate profiles and attach imported/equivalent/not-applicable/unsupported evidence.	-
VUE-64A5B3985F31D68436E5	compiler-vapor	packages/compiler-vapor/__tests__/staticTemplate.spec.ts:87:3	153aedaf60d7c52d59e0a1484eb5a4a57c6fea84	single-declaration	StringLiteral	48fbde53ba127977628b0a83e730e051f93acbf45d7e9c243fa5ce8e941b7b0d	blocked	BV1	BF2 must runner-enumerate profiles and attach imported/equivalent/not-applicable/unsupported evidence.	-
VUE-E50A8190AD25D0FA44B5	compiler-vapor	packages/compiler-vapor/__tests__/staticTemplate.spec.ts:96:3	153aedaf60d7c52d59e0a1484eb5a4a57c6fea84	single-declaration	StringLiteral	499a5d0c440d3f2ff3cb19860c86e33dd470230a368fcb6fdad0fa23759627ae	blocked	BV1	BF2 must runner-enumerate profiles and attach imported/equivalent/not-applicable/unsupported evidence.	-
VUE-A11CD593E585C3972C4F	compiler-vapor	packages/compiler-vapor/__tests__/transforms/expression.spec.ts:106:5	bfce2e74507c1a2709251e70c6ed3b2b0c209c80	single-declaration	StringLiteral	9c6c9a276e6b74b01784a86eeee5174a7295a5bb547d6d4176abc325ac9e0ad5	blocked	BV1	BF2 must runner-enumerate profiles and attach imported/equivalent/not-applicable/unsupported evidence.	-
VUE-7BB7F26B5F8C68C174AD	compiler-vapor	packages/compiler-vapor/__tests__/transforms/expression.spec.ts:118:5	bfce2e74507c1a2709251e70c6ed3b2b0c209c80	single-declaration	StringLiteral	7bcdaa2ec22fe58d53b018386014a8d2a72721bcfa4e9cabb483fee483a7fcee	blocked	BV1	BF2 must runner-enumerate profiles and attach imported/equivalent/not-applicable/unsupported evidence.	-
VUE-C439BDCC3A418EC1761E	compiler-vapor	packages/compiler-vapor/__tests__/transforms/expression.spec.ts:130:5	bfce2e74507c1a2709251e70c6ed3b2b0c209c80	single-declaration	StringLiteral	6ee57913d158ffe63bdc0ec54d4035943c668994f8d7fcfbbd1202a01bd97d3b	blocked	BV1	BF2 must runner-enumerate profiles and attach imported/equivalent/not-applicable/unsupported evidence.	-
VUE-26B32A9EF916F890020C	compiler-vapor	packages/compiler-vapor/__tests__/transforms/expression.spec.ts:141:5	bfce2e74507c1a2709251e70c6ed3b2b0c209c80	single-declaration	StringLiteral	9874a1268dd3c672c225d83c1c7d1b9db0789ab9c57ccb9436fa4cd9033607a4	blocked	BV1	BF2 must runner-enumerate profiles and attach imported/equivalent/not-applicable/unsupported evidence.	-
VUE-37443EDDE021B9154192	compiler-vapor	packages/compiler-vapor/__tests__/transforms/expression.spec.ts:155:5	bfce2e74507c1a2709251e70c6ed3b2b0c209c80	single-declaration	StringLiteral	6daae69dbaf8d4d766f05c5dfc6f53fee7cadd5bf87e9064f50802420d3d9b58	blocked	BV1	BF2 must runner-enumerate profiles and attach imported/equivalent/not-applicable/unsupported evidence.	-
VUE-543E341FACD01BB85FBC	compiler-vapor	packages/compiler-vapor/__tests__/transforms/expression.spec.ts:16:3	bfce2e74507c1a2709251e70c6ed3b2b0c209c80	single-declaration	StringLiteral	8630f6bdb0e06a9167722b29c0d0428180b912f248abe561843f8c31877ac1a8	blocked	BV1	BF2 must runner-enumerate profiles and attach imported/equivalent/not-applicable/unsupported evidence.	-
VUE-D6EF58921CF346A9502D	compiler-vapor	packages/compiler-vapor/__tests__/transforms/expression.spec.ts:167:5	bfce2e74507c1a2709251e70c6ed3b2b0c209c80	single-declaration	StringLiteral	e5163bf48377c768b1f074565db9cad2a59d27b80d0f573170154131259ebc8f	blocked	BV1	BF2 must runner-enumerate profiles and attach imported/equivalent/not-applicable/unsupported evidence.	-
VUE-C49298054BEAE6C0596B	compiler-vapor	packages/compiler-vapor/__tests__/transforms/expression.spec.ts:176:5	bfce2e74507c1a2709251e70c6ed3b2b0c209c80	single-declaration	StringLiteral	87044ac0fdbc7add1629f2469663c8ce410dd498695200d6456a18f80f523e54	blocked	BV1	BF2 must runner-enumerate profiles and attach imported/equivalent/not-applicable/unsupported evidence.	-
VUE-2EFB6626F7F92583AB68	compiler-vapor	packages/compiler-vapor/__tests__/transforms/expression.spec.ts:190:5	bfce2e74507c1a2709251e70c6ed3b2b0c209c80	single-declaration	StringLiteral	1b6251d03a0438d8c604d6295927a626a8815326c7e1eac55b00efb20b7263e6	blocked	BV1	BF2 must runner-enumerate profiles and attach imported/equivalent/not-applicable/unsupported evidence.	-
VUE-5A5BFA5A1D6CF0B0013D	compiler-vapor	packages/compiler-vapor/__tests__/transforms/expression.spec.ts:203:5	bfce2e74507c1a2709251e70c6ed3b2b0c209c80	single-declaration	StringLiteral	2c8840879fdca288b13a4df8a2f9560c0a49f5e679d5cb9850eff12b95820b12	blocked	BV1	BF2 must runner-enumerate profiles and attach imported/equivalent/not-applicable/unsupported evidence.	-
VUE-197D719098D8FF8A17F8	compiler-vapor	packages/compiler-vapor/__tests__/transforms/expression.spec.ts:215:5	bfce2e74507c1a2709251e70c6ed3b2b0c209c80	single-declaration	StringLiteral	e040531d95f943b007db4bf4a0787aa0ab92bee6430c8cb326c3d91c70df0ebf	blocked	BV1	BF2 must runner-enumerate profiles and attach imported/equivalent/not-applicable/unsupported evidence.	-
VUE-EAD14CB39B9CE1BC02F5	compiler-vapor	packages/compiler-vapor/__tests__/transforms/expression.spec.ts:22:3	bfce2e74507c1a2709251e70c6ed3b2b0c209c80	single-declaration	StringLiteral	1df2e7e60662a2621e6e58388d920e1be794130302634be2dd542ab8a945fdb6	blocked	BV1	BF2 must runner-enumerate profiles and attach imported/equivalent/not-applicable/unsupported evidence.	-
VUE-B11DE3BEEAF76B5B398E	compiler-vapor	packages/compiler-vapor/__tests__/transforms/expression.spec.ts:228:5	bfce2e74507c1a2709251e70c6ed3b2b0c209c80	single-declaration	StringLiteral	729f28ba84867f1abe628b8541a67170440a787dd99cb1f147be3c56ca256213	blocked	BV1	BF2 must runner-enumerate profiles and attach imported/equivalent/not-applicable/unsupported evidence.	-
VUE-DFCF2DC06F1AF98231D6	compiler-vapor	packages/compiler-vapor/__tests__/transforms/expression.spec.ts:237:5	bfce2e74507c1a2709251e70c6ed3b2b0c209c80	single-declaration	StringLiteral	1fe77cb03cbf595f3395d55787216d77e569fb7a76bf6c66b4644b81b07b81bb	blocked	BV1	BF2 must runner-enumerate profiles and attach imported/equivalent/not-applicable/unsupported evidence.	-
VUE-3BA9FB86976E2DF34B1B	compiler-vapor	packages/compiler-vapor/__tests__/transforms/expression.spec.ts:250:5	bfce2e74507c1a2709251e70c6ed3b2b0c209c80	single-declaration	StringLiteral	f7a38dc69a82756390aae93513f5d37f91b1ce094797ff38b8793848162b8c42	blocked	BV1	BF2 must runner-enumerate profiles and attach imported/equivalent/not-applicable/unsupported evidence.	-
VUE-F6A022EFD20602EA563A	compiler-vapor	packages/compiler-vapor/__tests__/transforms/expression.spec.ts:259:5	bfce2e74507c1a2709251e70c6ed3b2b0c209c80	single-declaration	StringLiteral	cc6a879a6ad188512fd4ad9c96a9676815a3c7dfa1057f72b416c949da1c1779	blocked	BV1	BF2 must runner-enumerate profiles and attach imported/equivalent/not-applicable/unsupported evidence.	-
VUE-15E9904B17D488B2C9A4	compiler-vapor	packages/compiler-vapor/__tests__/transforms/expression.spec.ts:269:5	bfce2e74507c1a2709251e70c6ed3b2b0c209c80	single-declaration	StringLiteral	b76d1c74c78d3a0b64db72fce74c157d5b6e31043aefe96b5a7ce1c4c5efca93	blocked	BV1	BF2 must runner-enumerate profiles and attach imported/equivalent/not-applicable/unsupported evidence.	-
VUE-F7224248ABAC560F7BD3	compiler-vapor	packages/compiler-vapor/__tests__/transforms/expression.spec.ts:278:5	bfce2e74507c1a2709251e70c6ed3b2b0c209c80	single-declaration	StringLiteral	39f3c1d4afa2b65f368d9fc2804759deb7ee79af17e37b6b83c8505c00d5b88f	blocked	BV1	BF2 must runner-enumerate profiles and attach imported/equivalent/not-applicable/unsupported evidence.	-
VUE-D6335BF0CE4B469AD6B9	compiler-vapor	packages/compiler-vapor/__tests__/transforms/expression.spec.ts:290:5	bfce2e74507c1a2709251e70c6ed3b2b0c209c80	single-declaration	StringLiteral	e27942d745a5899fd6c38fb72238b79f240f984664c5350232d644f3800ce363	blocked	BV1	BF2 must runner-enumerate profiles and attach imported/equivalent/not-applicable/unsupported evidence.	-
VUE-0A798039F6AEF8E50C41	compiler-vapor	packages/compiler-vapor/__tests__/transforms/expression.spec.ts:299:5	bfce2e74507c1a2709251e70c6ed3b2b0c209c80	single-declaration	StringLiteral	7121719f1d94a32a76f42de6e7a54f51d378862280a65a2179f5a9077ed33087	blocked	BV1	BF2 must runner-enumerate profiles and attach imported/equivalent/not-applicable/unsupported evidence.	-
VUE-A3C88217F182E1B7ACCD	compiler-vapor	packages/compiler-vapor/__tests__/transforms/expression.spec.ts:30:3	bfce2e74507c1a2709251e70c6ed3b2b0c209c80	single-declaration	StringLiteral	f91607c2e2fc2f960914c64e199f507ffc0db279c607f8561c6e4b3906d11fe0	blocked	BV1	BF2 must runner-enumerate profiles and attach imported/equivalent/not-applicable/unsupported evidence.	-
VUE-E7AC6F6E0B118905BF47	compiler-vapor	packages/compiler-vapor/__tests__/transforms/expression.spec.ts:308:5	bfce2e74507c1a2709251e70c6ed3b2b0c209c80	single-declaration	StringLiteral	0dacd801ff808d9d214f82c8de8ea3f671e3efbc174a67d7af086178f6a67476	blocked	BV1	BF2 must runner-enumerate profiles and attach imported/equivalent/not-applicable/unsupported evidence.	-
VUE-44F162B6AC11FB5818F5	compiler-vapor	packages/compiler-vapor/__tests__/transforms/expression.spec.ts:317:5	bfce2e74507c1a2709251e70c6ed3b2b0c209c80	single-declaration	StringLiteral	5e11b139b9f2ec3bb5139e2046f6b14c2d03732e8fac2b0e8d949354c51170c2	blocked	BV1	BF2 must runner-enumerate profiles and attach imported/equivalent/not-applicable/unsupported evidence.	-
VUE-B009F6F7B0908BD11FF6	compiler-vapor	packages/compiler-vapor/__tests__/transforms/expression.spec.ts:326:5	bfce2e74507c1a2709251e70c6ed3b2b0c209c80	single-declaration	StringLiteral	348d24574bc97dc74726ad67cb66e36460d94aba01b9ec37d443e9f9333c263b	blocked	BV1	BF2 must runner-enumerate profiles and attach imported/equivalent/not-applicable/unsupported evidence.	-
VUE-6C219DC8AB0CA1487604	compiler-vapor	packages/compiler-vapor/__tests__/transforms/expression.spec.ts:337:5	bfce2e74507c1a2709251e70c6ed3b2b0c209c80	single-declaration	StringLiteral	b2d776a8f843a6af54c32d3236b52016ec2163ee33b93010ad9468b225718eff	blocked	BV1	BF2 must runner-enumerate profiles and attach imported/equivalent/not-applicable/unsupported evidence.	-
VUE-C9B2AD83F122CBA1F119	compiler-vapor	packages/compiler-vapor/__tests__/transforms/expression.spec.ts:348:5	bfce2e74507c1a2709251e70c6ed3b2b0c209c80	single-declaration	StringLiteral	45b2700ab7be50e310e8941a73fc8615cae32d2d024d18d65a66b4b97a83667f	blocked	BV1	BF2 must runner-enumerate profiles and attach imported/equivalent/not-applicable/unsupported evidence.	-
VUE-937DAE54409E4DBBD16A	compiler-vapor	packages/compiler-vapor/__tests__/transforms/expression.spec.ts:356:5	bfce2e74507c1a2709251e70c6ed3b2b0c209c80	single-declaration	StringLiteral	b66fb79190b3c9939111a0a5206dca94d936c61943f34073291019bd3ec1d49a	blocked	BV1	BF2 must runner-enumerate profiles and attach imported/equivalent/not-applicable/unsupported evidence.	-
VUE-826C1BAE16F16DC79ECB	compiler-vapor	packages/compiler-vapor/__tests__/transforms/expression.spec.ts:364:5	bfce2e74507c1a2709251e70c6ed3b2b0c209c80	single-declaration	StringLiteral	d96d40395cbd45dfe96a9bd3faba38ef9befee10de2d87e2dc6bd831936a03c9	blocked	BV1	BF2 must runner-enumerate profiles and attach imported/equivalent/not-applicable/unsupported evidence.	-
VUE-777EBD91FC0C033012FF	compiler-vapor	packages/compiler-vapor/__tests__/transforms/expression.spec.ts:372:5	bfce2e74507c1a2709251e70c6ed3b2b0c209c80	single-declaration	StringLiteral	7df3c335399cb1b86a2f8a84375a94284b6b3bf0aede9b7fff05428d40e15f90	blocked	BV1	BF2 must runner-enumerate profiles and attach imported/equivalent/not-applicable/unsupported evidence.	-
VUE-2089B3EE65974FA43185	compiler-vapor	packages/compiler-vapor/__tests__/transforms/expression.spec.ts:382:5	bfce2e74507c1a2709251e70c6ed3b2b0c209c80	single-declaration	StringLiteral	d130c732e0e6f101d3c372d55ec4d9cad0d03cd96f07e9037803edaaedc5f21c	blocked	BV1	BF2 must runner-enumerate profiles and attach imported/equivalent/not-applicable/unsupported evidence.	-
VUE-E30FC1CBB0063A6755C4	compiler-vapor	packages/compiler-vapor/__tests__/transforms/expression.spec.ts:394:5	bfce2e74507c1a2709251e70c6ed3b2b0c209c80	single-declaration	StringLiteral	afc6b6d0fe579c78c10ae737020e78cb63b562402b99728f9562c595fb364867	blocked	BV1	BF2 must runner-enumerate profiles and attach imported/equivalent/not-applicable/unsupported evidence.	-
VUE-FCF27EBC5AE114CC8BD3	compiler-vapor	packages/compiler-vapor/__tests__/transforms/expression.spec.ts:405:5	bfce2e74507c1a2709251e70c6ed3b2b0c209c80	single-declaration	StringLiteral	6792737583db3b7d764e3ec66e12e40e8af9eefc6fe6eedd618be4a8fe0de0ed	blocked	BV1	BF2 must runner-enumerate profiles and attach imported/equivalent/not-applicable/unsupported evidence.	-
VUE-E87EEA2D9177B6EF1811	compiler-vapor	packages/compiler-vapor/__tests__/transforms/expression.spec.ts:41:3	bfce2e74507c1a2709251e70c6ed3b2b0c209c80	single-declaration	StringLiteral	f2bac62fd80b3835c3a97b51dfa3a5d54b8927a79501cdfc545fbf6af34519d9	blocked	BV1	BF2 must runner-enumerate profiles and attach imported/equivalent/not-applicable/unsupported evidence.	-
VUE-C91A50793760723E92A5	compiler-vapor	packages/compiler-vapor/__tests__/transforms/expression.spec.ts:415:5	bfce2e74507c1a2709251e70c6ed3b2b0c209c80	single-declaration	StringLiteral	beed365d048a12bd7441370e7370bb5f6c09d40a123ab5e6f9e2181d865ba887	blocked	BV1	BF2 must runner-enumerate profiles and attach imported/equivalent/not-applicable/unsupported evidence.	-
VUE-60FA1B467C6ED2793985	compiler-vapor	packages/compiler-vapor/__tests__/transforms/expression.spec.ts:425:5	bfce2e74507c1a2709251e70c6ed3b2b0c209c80	single-declaration	StringLiteral	31de7fdc8bcaa20a5bcdd3099f48616537b1839a874091d25a9afb0dcab4fcfb	blocked	BV1	BF2 must runner-enumerate profiles and attach imported/equivalent/not-applicable/unsupported evidence.	-
VUE-D2526D7A812C860C2707	compiler-vapor	packages/compiler-vapor/__tests__/transforms/expression.spec.ts:435:5	bfce2e74507c1a2709251e70c6ed3b2b0c209c80	single-declaration	StringLiteral	0b3215973b9e9d547ee4316462eccdd2a88013dd580ecba095e278bffa8217d0	blocked	BV1	BF2 must runner-enumerate profiles and attach imported/equivalent/not-applicable/unsupported evidence.	-
VUE-FCED0116C9F55DB31BF1	compiler-vapor	packages/compiler-vapor/__tests__/transforms/expression.spec.ts:444:5	bfce2e74507c1a2709251e70c6ed3b2b0c209c80	single-declaration	StringLiteral	5315235b27a04ca4d33df80f60601a1d354e2696bfee964c0a6e860cca918a18	blocked	BV1	BF2 must runner-enumerate profiles and attach imported/equivalent/not-applicable/unsupported evidence.	-
VUE-4831E434585332AFBB9C	compiler-vapor	packages/compiler-vapor/__tests__/transforms/expression.spec.ts:63:5	bfce2e74507c1a2709251e70c6ed3b2b0c209c80	single-declaration	StringLiteral	61b9a8a98b675149a4c0c3a4854c56e0c9cadfc62d23a0c455e8bcae0ea45bd2	blocked	BV1	BF2 must runner-enumerate profiles and attach imported/equivalent/not-applicable/unsupported evidence.	-
VUE-1F2A180071C9B9209C6C	compiler-vapor	packages/compiler-vapor/__tests__/transforms/expression.spec.ts:73:5	bfce2e74507c1a2709251e70c6ed3b2b0c209c80	single-declaration	StringLiteral	1e949a446cb13e787208a59d364eacb7a79b2260e94573f7bc76662f706a88f5	blocked	BV1	BF2 must runner-enumerate profiles and attach imported/equivalent/not-applicable/unsupported evidence.	-
VUE-2174F345694E49574421	compiler-vapor	packages/compiler-vapor/__tests__/transforms/expression.spec.ts:84:5	bfce2e74507c1a2709251e70c6ed3b2b0c209c80	single-declaration	StringLiteral	aa14c1726a3d02648961ce1ed60bfeed6cfcc5f44e6abe74f51d948c9adf69f4	blocked	BV1	BF2 must runner-enumerate profiles and attach imported/equivalent/not-applicable/unsupported evidence.	-
VUE-CE53764FE12D4E70490D	compiler-vapor	packages/compiler-vapor/__tests__/transforms/expression.spec.ts:95:5	bfce2e74507c1a2709251e70c6ed3b2b0c209c80	single-declaration	StringLiteral	0867727157d9c41e47ab8a5ae6a7f3f94a079680a6dafd0af4398538717164e4	blocked	BV1	BF2 must runner-enumerate profiles and attach imported/equivalent/not-applicable/unsupported evidence.	-
VUE-7FEB9E4780F3509FC48E	compiler-vapor	packages/compiler-vapor/__tests__/transforms/placeholderAlignment.spec.ts:112:5	3bfcf62d398fa53a5141a6b8f30c294f9a5444e4	single-declaration	StringLiteral	b1ef4f909eceb1caa39c791322b7288df233aeb4ddb2f2e450224d63d51c1c38	blocked	BV1	BF2 must runner-enumerate profiles and attach imported/equivalent/not-applicable/unsupported evidence.	-
VUE-C7F9F6C31EBFD1937438	compiler-vapor	packages/compiler-vapor/__tests__/transforms/placeholderAlignment.spec.ts:129:5	3bfcf62d398fa53a5141a6b8f30c294f9a5444e4	single-declaration	StringLiteral	4e1d80848750a09f9089fb78b97ebfaab22d1f298460fce624911bfe11182af6	blocked	BV1	BF2 must runner-enumerate profiles and attach imported/equivalent/not-applicable/unsupported evidence.	-
VUE-E53F969245A0FE51EEC3	compiler-vapor	packages/compiler-vapor/__tests__/transforms/placeholderAlignment.spec.ts:146:5	3bfcf62d398fa53a5141a6b8f30c294f9a5444e4	single-declaration	StringLiteral	eff43e3a65a1ab843d64a637ce08171ac2e406409c47488afababe1c38633b6a	blocked	BV1	BF2 must runner-enumerate profiles and attach imported/equivalent/not-applicable/unsupported evidence.	-
VUE-3E288A4C66DB522AF8D2	compiler-vapor	packages/compiler-vapor/__tests__/transforms/placeholderAlignment.spec.ts:157:5	3bfcf62d398fa53a5141a6b8f30c294f9a5444e4	single-declaration	StringLiteral	31db01b92d2e9f72bd4c2c99ebcced93fef90fbb350b4ae41946d29696c6c4ce	blocked	BV1	BF2 must runner-enumerate profiles and attach imported/equivalent/not-applicable/unsupported evidence.	-
VUE-5421991F6B212DDDF24E	compiler-vapor	packages/compiler-vapor/__tests__/transforms/placeholderAlignment.spec.ts:168:5	3bfcf62d398fa53a5141a6b8f30c294f9a5444e4	single-declaration	StringLiteral	f8d888ba417304aabf993751655c13e9260e04e39dd74b20f4faff8d391a485d	blocked	BV1	BF2 must runner-enumerate profiles and attach imported/equivalent/not-applicable/unsupported evidence.	-
VUE-641EF1F65FD3FFC81C11	compiler-vapor	packages/compiler-vapor/__tests__/transforms/placeholderAlignment.spec.ts:180:5	3bfcf62d398fa53a5141a6b8f30c294f9a5444e4	single-declaration	StringLiteral	62c5f96c28a7db4aa9e176a7729698c5b9248b8196ccafd61dd936596adb12b0	blocked	BV1	BF2 must runner-enumerate profiles and attach imported/equivalent/not-applicable/unsupported evidence.	-
VUE-5E8A2660ACD218C7B314	compiler-vapor	packages/compiler-vapor/__tests__/transforms/placeholderAlignment.spec.ts:198:5	3bfcf62d398fa53a5141a6b8f30c294f9a5444e4	single-declaration	StringLiteral	26233b520b9fc322a1e87df77dbbdc1d9ca682e1da8d83dd9ce5091f5f5b4cdc	blocked	BV1	BF2 must runner-enumerate profiles and attach imported/equivalent/not-applicable/unsupported evidence.	-
VUE-3B04C3DBEB81AD27116E	compiler-vapor	packages/compiler-vapor/__tests__/transforms/placeholderAlignment.spec.ts:221:5	3bfcf62d398fa53a5141a6b8f30c294f9a5444e4	parameterized-declaration	StringLiteral	a484d83132e02a18c8802d6d4150e9d7f6d38d9dfdf11429233935148a7b2cbb	blocked	BV1	BF2 must runner-enumerate profiles and attach imported/equivalent/not-applicable/unsupported evidence.	-
VUE-26A2F74EEC159D4F937F	compiler-vapor	packages/compiler-vapor/__tests__/transforms/placeholderAlignment.spec.ts:234:5	3bfcf62d398fa53a5141a6b8f30c294f9a5444e4	parameterized-declaration	StringLiteral	9160d16b4a9bcec112550a8726ef2b6f774719504f615d5d87df339f7aae63af	blocked	BV1	BF2 must runner-enumerate profiles and attach imported/equivalent/not-applicable/unsupported evidence.	-
VUE-44A89A74DD974B9B946E	compiler-vapor	packages/compiler-vapor/__tests__/transforms/placeholderAlignment.spec.ts:246:5	3bfcf62d398fa53a5141a6b8f30c294f9a5444e4	single-declaration	StringLiteral	69366e9b4b631c3661838212de9dd2280e8249046aab26b335d869f5e2f64e40	blocked	BV1	BF2 must runner-enumerate profiles and attach imported/equivalent/not-applicable/unsupported evidence.	-
VUE-94C96C912D79416E1F3D	compiler-vapor	packages/compiler-vapor/__tests__/transforms/placeholderAlignment.spec.ts:261:5	3bfcf62d398fa53a5141a6b8f30c294f9a5444e4	single-declaration	StringLiteral	1de30856e7c61cad4fdee87ef7e0d496511b6827b85caadb053cdf1054f8371b	blocked	BV1	BF2 must runner-enumerate profiles and attach imported/equivalent/not-applicable/unsupported evidence.	-
VUE-16B9142798540C31B675	compiler-vapor	packages/compiler-vapor/__tests__/transforms/placeholderAlignment.spec.ts:269:5	3bfcf62d398fa53a5141a6b8f30c294f9a5444e4	single-declaration	StringLiteral	a26a42c9db0c5d92716394a2d977de00aa12ecb2026198d7e2c7c85302df8c0c	blocked	BV1	BF2 must runner-enumerate profiles and attach imported/equivalent/not-applicable/unsupported evidence.	-
VUE-76DC51EBA7DCBDFC557B	compiler-vapor	packages/compiler-vapor/__tests__/transforms/placeholderAlignment.spec.ts:277:5	3bfcf62d398fa53a5141a6b8f30c294f9a5444e4	single-declaration	StringLiteral	a407b6e63de6e287a4f5d7201dbd8024fc591ffd30289e89db3b963239aedb04	blocked	BV1	BF2 must runner-enumerate profiles and attach imported/equivalent/not-applicable/unsupported evidence.	-
VUE-FAE3D8E3EFC7C4050AC9	compiler-vapor	packages/compiler-vapor/__tests__/transforms/placeholderAlignment.spec.ts:284:5	3bfcf62d398fa53a5141a6b8f30c294f9a5444e4	single-declaration	StringLiteral	57b925825c8c47983b8ea8144e0d96b3cac1e9be8f358fd42b21f014ba16eaa4	blocked	BV1	BF2 must runner-enumerate profiles and attach imported/equivalent/not-applicable/unsupported evidence.	-
VUE-E208C425CB7F3FA3C77E	compiler-vapor	packages/compiler-vapor/__tests__/transforms/placeholderAlignment.spec.ts:51:5	3bfcf62d398fa53a5141a6b8f30c294f9a5444e4	single-declaration	StringLiteral	bba611b1da1ebd7e744e606dcde76af4dde3cfdff97adab67ffac7181588f925	blocked	BV1	BF2 must runner-enumerate profiles and attach imported/equivalent/not-applicable/unsupported evidence.	-
VUE-CD9B306F117D87C6C4BF	compiler-vapor	packages/compiler-vapor/__tests__/transforms/placeholderAlignment.spec.ts:65:5	3bfcf62d398fa53a5141a6b8f30c294f9a5444e4	single-declaration	StringLiteral	4afd36eb88ed3bd35caec37382444423541092a80a1802297f8821d3aae3042e	blocked	BV1	BF2 must runner-enumerate profiles and attach imported/equivalent/not-applicable/unsupported evidence.	-
VUE-F6269C18290DEBAE43F0	compiler-vapor	packages/compiler-vapor/__tests__/transforms/placeholderAlignment.spec.ts:81:5	3bfcf62d398fa53a5141a6b8f30c294f9a5444e4	single-declaration	StringLiteral	ad796365b51eb55787464e9ec609030aa1d05c5c056d23f954269a5b5c91fc2f	blocked	BV1	BF2 must runner-enumerate profiles and attach imported/equivalent/not-applicable/unsupported evidence.	-
VUE-DADB1B800C316C70E299	compiler-vapor	packages/compiler-vapor/__tests__/transforms/placeholderAlignment.spec.ts:98:5	3bfcf62d398fa53a5141a6b8f30c294f9a5444e4	single-declaration	StringLiteral	3036736d479f2361c2652d4a8706596ce12cc4a61c3e0cec763841114b8af66e	blocked	BV1	BF2 must runner-enumerate profiles and attach imported/equivalent/not-applicable/unsupported evidence.	-
VUE-8A4AF383F41FF0CC7976	compiler-vapor	packages/compiler-vapor/__tests__/transforms/templateTransformAssetUrl.spec.ts:104:3	80d4660b240c26b1a97c119bef74929d1298100d	single-declaration	StringLiteral	2b9c21659e99898842b96e6025f7a963550940639fc55e46b4e47b325d1681ed	blocked	BV1	BF2 must runner-enumerate profiles and attach imported/equivalent/not-applicable/unsupported evidence.	-
VUE-5B1D1CEE4D4005B277E5	compiler-vapor	packages/compiler-vapor/__tests__/transforms/templateTransformAssetUrl.spec.ts:112:3	80d4660b240c26b1a97c119bef74929d1298100d	single-declaration	StringLiteral	793b2dd46b3b1dabd48e428fba5ccfb5caa0275bbdcc23ce3bccaccf3e8d26fc	blocked	BV1	BF2 must runner-enumerate profiles and attach imported/equivalent/not-applicable/unsupported evidence.	-
VUE-18631F56595CC12210C9	compiler-vapor	packages/compiler-vapor/__tests__/transforms/templateTransformAssetUrl.spec.ts:120:3	80d4660b240c26b1a97c119bef74929d1298100d	single-declaration	StringLiteral	04b7962b98d04f19f02d337beb3b3ab13c73eff6d51cde655b6d7e3f0c7848e7	blocked	BV1	BF2 must runner-enumerate profiles and attach imported/equivalent/not-applicable/unsupported evidence.	-
VUE-B99D741D1494796993FD	compiler-vapor	packages/compiler-vapor/__tests__/transforms/templateTransformAssetUrl.spec.ts:128:3	80d4660b240c26b1a97c119bef74929d1298100d	single-declaration	StringLiteral	00710335110ccec47a16ce8b07588e1aada169ad4d8b5df01fae3462445bceaa	blocked	BV1	BF2 must runner-enumerate profiles and attach imported/equivalent/not-applicable/unsupported evidence.	-
VUE-C3610D3088624B9F130E	compiler-vapor	packages/compiler-vapor/__tests__/transforms/templateTransformAssetUrl.spec.ts:136:3	80d4660b240c26b1a97c119bef74929d1298100d	single-declaration	StringLiteral	4c2cc1474f0708a1c9e1859a2ac3236e7ecfc298a3c67ccd00f6ccbd05da6b17	blocked	BV1	BF2 must runner-enumerate profiles and attach imported/equivalent/not-applicable/unsupported evidence.	-
VUE-835C18F05075FE76BB0D	compiler-vapor	packages/compiler-vapor/__tests__/transforms/templateTransformAssetUrl.spec.ts:156:3	80d4660b240c26b1a97c119bef74929d1298100d	single-declaration	StringLiteral	286e48f3b6a635b501e5c16b0bdd32926ac4a5573e5a14bbe4e0afb8f6492f0b	blocked	BV1	BF2 must runner-enumerate profiles and attach imported/equivalent/not-applicable/unsupported evidence.	-
VUE-9714539F860455E16E74	compiler-vapor	packages/compiler-vapor/__tests__/transforms/templateTransformAssetUrl.spec.ts:170:3	80d4660b240c26b1a97c119bef74929d1298100d	single-declaration	StringLiteral	f85769fb908a6a65652596e5d13c2c04bac23c98f2ff9ac658f942594bfef5db	blocked	BV1	BF2 must runner-enumerate profiles and attach imported/equivalent/not-applicable/unsupported evidence.	-
VUE-F354BA73DE90F61312EA	compiler-vapor	packages/compiler-vapor/__tests__/transforms/templateTransformAssetUrl.spec.ts:24:3	80d4660b240c26b1a97c119bef74929d1298100d	single-declaration	StringLiteral	7cd30f164777de9613b91fc755287fb9269f9d150ebbd34cd052d7002ec61382	blocked	BV1	BF2 must runner-enumerate profiles and attach imported/equivalent/not-applicable/unsupported evidence.	-
VUE-E62358EDDAD4CD63A4B4	compiler-vapor	packages/compiler-vapor/__tests__/transforms/templateTransformAssetUrl.spec.ts:41:3	80d4660b240c26b1a97c119bef74929d1298100d	single-declaration	StringLiteral	750b3ab9501f1659904b39b62ddccc902954d90b2720b6189952b3ab7370f1f5	blocked	BV1	BF2 must runner-enumerate profiles and attach imported/equivalent/not-applicable/unsupported evidence.	-
VUE-3DF0AB76FCD1D8A6926F	compiler-vapor	packages/compiler-vapor/__tests__/transforms/templateTransformAssetUrl.spec.ts:56:3	80d4660b240c26b1a97c119bef74929d1298100d	single-declaration	StringLiteral	91ae7cd1eb433e43aa4be13d83b22cb0b90a6d7257a6b2093b7bc51189e16522	blocked	BV1	BF2 must runner-enumerate profiles and attach imported/equivalent/not-applicable/unsupported evidence.	-
VUE-83426D54EDF7EF399C7A	compiler-vapor	packages/compiler-vapor/__tests__/transforms/templateTransformAssetUrl.spec.ts:62:3	80d4660b240c26b1a97c119bef74929d1298100d	single-declaration	StringLiteral	96f9fc5eec0592a8aceb86f90ce3d13f8bc6b06c827b3ccbc366e2e325c4ee76	blocked	BV1	BF2 must runner-enumerate profiles and attach imported/equivalent/not-applicable/unsupported evidence.	-
VUE-30753CBC967B50DDC49A	compiler-vapor	packages/compiler-vapor/__tests__/transforms/templateTransformAssetUrl.spec.ts:77:3	80d4660b240c26b1a97c119bef74929d1298100d	single-declaration	StringLiteral	629f6bad73e2240db7ce50d3a4211b10bf7a732eaacb04800155e74a53c021a2	blocked	BV1	BF2 must runner-enumerate profiles and attach imported/equivalent/not-applicable/unsupported evidence.	-
VUE-156510AC08D3073E159E	compiler-vapor	packages/compiler-vapor/__tests__/transforms/templateTransformAssetUrl.spec.ts:91:3	80d4660b240c26b1a97c119bef74929d1298100d	single-declaration	StringLiteral	424f0d549eef90e0a1cd2648554830e586bbc08c6f63e52f25e3e787df41ba73	blocked	BV1	BF2 must runner-enumerate profiles and attach imported/equivalent/not-applicable/unsupported evidence.	-
VUE-8805BC7F6F6F40CBE10D	compiler-vapor	packages/compiler-vapor/__tests__/transforms/templateTransformSrcset.spec.ts:39:3	7f249e5c7ae7a249c6ea16b77c26d460d2570004	single-declaration	StringLiteral	dd3bc652968d674534079e0aa43c79418c5abf6785536859be19374d5b728e4a	blocked	BV1	BF2 must runner-enumerate profiles and attach imported/equivalent/not-applicable/unsupported evidence.	-
VUE-A413B9778FB4A123D262	compiler-vapor	packages/compiler-vapor/__tests__/transforms/templateTransformSrcset.spec.ts:43:3	7f249e5c7ae7a249c6ea16b77c26d460d2570004	single-declaration	StringLiteral	a8daf4cadac7ef5f210d17f0acc25e2e6a0af6eadf0c2d4d457e9f4579240650	blocked	BV1	BF2 must runner-enumerate profiles and attach imported/equivalent/not-applicable/unsupported evidence.	-
VUE-1496918DFB96C00158CF	compiler-vapor	packages/compiler-vapor/__tests__/transforms/templateTransformSrcset.spec.ts:51:3	7f249e5c7ae7a249c6ea16b77c26d460d2570004	single-declaration	StringLiteral	1ddacc31f7bc75729a727f35eeeab64913cb1c7c03277fa8d0ac9e527d51b7ef	blocked	BV1	BF2 must runner-enumerate profiles and attach imported/equivalent/not-applicable/unsupported evidence.	-
VUE-B27B72781AFD7107DF23	compiler-vapor	packages/compiler-vapor/__tests__/transforms/templateTransformSrcset.spec.ts:59:3	7f249e5c7ae7a249c6ea16b77c26d460d2570004	single-declaration	StringLiteral	bd2cb58a43687a1a27c5dd34dac2645bd683c5812254aef3fbb49de9afb69d69	blocked	BV1	BF2 must runner-enumerate profiles and attach imported/equivalent/not-applicable/unsupported evidence.	-
VUE-A612D978F630140D82AE	compiler-vapor	packages/compiler-vapor/__tests__/transforms/templateTransformSrcset.spec.ts:73:3	7f249e5c7ae7a249c6ea16b77c26d460d2570004	single-declaration	StringLiteral	f954373787481477e12728a89833fd4d9df7d11f3aac9ccb3b06807dd6efa446	blocked	BV1	BF2 must runner-enumerate profiles and attach imported/equivalent/not-applicable/unsupported evidence.	-
VUE-823466E11932E13DC4E7	compiler-vapor	packages/compiler-vapor/__tests__/transforms/transformChildren.spec.ts:100:3	68e412d3d745594a81296ef79a1ec7540c5e7407	single-declaration	StringLiteral	f4638a83c75410cc7e390da811eab1fa2e839cb6460d26901fda3230f6a2be76	blocked	BV1	BF2 must runner-enumerate profiles and attach imported/equivalent/not-applicable/unsupported evidence.	-
VUE-AF5ED83C5B81820CCEB1	compiler-vapor	packages/compiler-vapor/__tests__/transforms/transformChildren.spec.ts:116:3	68e412d3d745594a81296ef79a1ec7540c5e7407	single-declaration	StringLiteral	24a4fac1a688021a1a08f40b1dac4da7a2fed5b0fc5b7a85c797d801497bfecf	blocked	BV1	BF2 must runner-enumerate profiles and attach imported/equivalent/not-applicable/unsupported evidence.	-
VUE-3899E1923A4169398553	compiler-vapor	packages/compiler-vapor/__tests__/transforms/transformChildren.spec.ts:130:3	68e412d3d745594a81296ef79a1ec7540c5e7407	single-declaration	StringLiteral	fc9e1b34c9bc0e88bd70e451231c15f5361016150f5167d36181d11bb536d4ff	blocked	BV1	BF2 must runner-enumerate profiles and attach imported/equivalent/not-applicable/unsupported evidence.	-
VUE-B32A427CE1D2A5CAF8AF	compiler-vapor	packages/compiler-vapor/__tests__/transforms/transformChildren.spec.ts:19:3	68e412d3d745594a81296ef79a1ec7540c5e7407	single-declaration	StringLiteral	ef47b656069c5e8e7067c4017e478bee6447af272ca062a7893e69c1a82861fb	blocked	BV1	BF2 must runner-enumerate profiles and attach imported/equivalent/not-applicable/unsupported evidence.	-
VUE-1E4C90546A089B0C5B50	compiler-vapor	packages/compiler-vapor/__tests__/transforms/transformChildren.spec.ts:39:3	68e412d3d745594a81296ef79a1ec7540c5e7407	single-declaration	StringLiteral	cfbea30af86b6a00d6976af08b90d431a4dc38e81c7b80adb88266bb27e6a494	blocked	BV1	BF2 must runner-enumerate profiles and attach imported/equivalent/not-applicable/unsupported evidence.	-
VUE-7937EBCDA41C5B2BE159	compiler-vapor	packages/compiler-vapor/__tests__/transforms/transformChildren.spec.ts:57:3	68e412d3d745594a81296ef79a1ec7540c5e7407	single-declaration	StringLiteral	9a3649a67fc137582e29bc6fdc28f18786a119606b95a72a646d0917075e4caf	blocked	BV1	BF2 must runner-enumerate profiles and attach imported/equivalent/not-applicable/unsupported evidence.	-
VUE-09052720E409ACB4D320	compiler-vapor	packages/compiler-vapor/__tests__/transforms/transformChildren.spec.ts:69:3	68e412d3d745594a81296ef79a1ec7540c5e7407	single-declaration	StringLiteral	2c3ebb4a78ea6d8ee5d182e22ecf5632d6afc22a1271d4e4bce7fd3f1b32bdd4	blocked	BV1	BF2 must runner-enumerate profiles and attach imported/equivalent/not-applicable/unsupported evidence.	-
VUE-F82F91F68F1594EACD64	compiler-vapor	packages/compiler-vapor/__tests__/transforms/transformChildren.spec.ts:85:3	68e412d3d745594a81296ef79a1ec7540c5e7407	single-declaration	StringLiteral	9070cdac640c52a13bd9fed11f6d8fd62760ce44abd9ea2b1e036401cd0348ef	blocked	BV1	BF2 must runner-enumerate profiles and attach imported/equivalent/not-applicable/unsupported evidence.	-
VUE-383DA31CB9EC22C8F45C	compiler-vapor	packages/compiler-vapor/__tests__/transforms/transformElement.spec.ts:100:5	3ddb30d7ebb234a037d7b29497c50da52287b1bb	single-declaration	StringLiteral	5d2a6d9bd65b28a9a94d5cfe216087e437307a19ee77d3191fae8d6e37b8160c	blocked	BV1	BF2 must runner-enumerate profiles and attach imported/equivalent/not-applicable/unsupported evidence.	-
VUE-25814258B42D845DBBC3	compiler-vapor	packages/compiler-vapor/__tests__/transforms/transformElement.spec.ts:1006:3	3ddb30d7ebb234a037d7b29497c50da52287b1bb	single-declaration	StringLiteral	2edae612414fa512f9e40ab38bc79a37a1451e0c2a9c635dac3cc1b757369a4a	blocked	BV1	BF2 must runner-enumerate profiles and attach imported/equivalent/not-applicable/unsupported evidence.	-
VUE-9A49051520B292357269	compiler-vapor	packages/compiler-vapor/__tests__/transforms/transformElement.spec.ts:1018:3	3ddb30d7ebb234a037d7b29497c50da52287b1bb	single-declaration	StringLiteral	32466a41c55c26de20bfbe53c60cae97ab6daa1dca02049e8fef7e2e62655a1a	blocked	BV1	BF2 must runner-enumerate profiles and attach imported/equivalent/not-applicable/unsupported evidence.	-
VUE-DE20B0E000F8003C6833	compiler-vapor	packages/compiler-vapor/__tests__/transforms/transformElement.spec.ts:1031:3	3ddb30d7ebb234a037d7b29497c50da52287b1bb	single-declaration	StringLiteral	0ad8db59c06bf79ad980caf2a09e88dc9b5b6705140edb91e4a13ccb6aa61654	blocked	BV1	BF2 must runner-enumerate profiles and attach imported/equivalent/not-applicable/unsupported evidence.	-
VUE-AD82BBDF06ED8CE9471D	compiler-vapor	packages/compiler-vapor/__tests__/transforms/transformElement.spec.ts:1043:3	3ddb30d7ebb234a037d7b29497c50da52287b1bb	single-declaration	StringLiteral	857ee1ec6e9ab9632156b1569419f44f4a783f967726b1ba78491ff7afd937fe	blocked	BV1	BF2 must runner-enumerate profiles and attach imported/equivalent/not-applicable/unsupported evidence.	-
VUE-D251AFD4FE38A5CE0139	compiler-vapor	packages/compiler-vapor/__tests__/transforms/transformElement.spec.ts:1055:3	3ddb30d7ebb234a037d7b29497c50da52287b1bb	single-declaration	StringLiteral	3f5e6b782953927ed5b28da7c7fb54ff81b50d8a13aba795a2619eda52d0e11d	blocked	BV1	BF2 must runner-enumerate profiles and attach imported/equivalent/not-applicable/unsupported evidence.	-
VUE-D7D699B2F7BC1A8AC967	compiler-vapor	packages/compiler-vapor/__tests__/transforms/transformElement.spec.ts:1067:3	3ddb30d7ebb234a037d7b29497c50da52287b1bb	single-declaration	StringLiteral	033d462d8868131cd4e9933b207d347338deae77ec4f40b3db686e56e85eae90	blocked	BV1	BF2 must runner-enumerate profiles and attach imported/equivalent/not-applicable/unsupported evidence.	-
VUE-7D8495B6C6FF2C45ADDF	compiler-vapor	packages/compiler-vapor/__tests__/transforms/transformElement.spec.ts:1079:3	3ddb30d7ebb234a037d7b29497c50da52287b1bb	single-declaration	StringLiteral	fb8e8722bbd584c03a1701b6a87868cb07f552a35ca28b323f0f5239491737fd	blocked	BV1	BF2 must runner-enumerate profiles and attach imported/equivalent/not-applicable/unsupported evidence.	-
VUE-9BC73199C4D21B5656CA	compiler-vapor	packages/compiler-vapor/__tests__/transforms/transformElement.spec.ts:1112:3	3ddb30d7ebb234a037d7b29497c50da52287b1bb	single-declaration	StringLiteral	5d1bef06941bf883440860ea065534bb86bccf04389ed99eeb2fe7798425517b	blocked	BV1	BF2 must runner-enumerate profiles and attach imported/equivalent/not-applicable/unsupported evidence.	-
VUE-491A69D07D17F47FE4CF	compiler-vapor	packages/compiler-vapor/__tests__/transforms/transformElement.spec.ts:1137:3	3ddb30d7ebb234a037d7b29497c50da52287b1bb	single-declaration	StringLiteral	a5d46630ab17f5d76f80e3b0cf8747ed49544eca615f7e95ba5c1c5ca1ad140b	blocked	BV1	BF2 must runner-enumerate profiles and attach imported/equivalent/not-applicable/unsupported evidence.	-
VUE-17FC24590B6705C724A8	compiler-vapor	packages/compiler-vapor/__tests__/transforms/transformElement.spec.ts:114:5	3ddb30d7ebb234a037d7b29497c50da52287b1bb	single-declaration	StringLiteral	b1f3cf66241d5d001818372e246580edcab9d2fd96a53df01f5c1909796813a9	blocked	BV1	BF2 must runner-enumerate profiles and attach imported/equivalent/not-applicable/unsupported evidence.	-
VUE-2DCDA0920CE49C671910	compiler-vapor	packages/compiler-vapor/__tests__/transforms/transformElement.spec.ts:1157:3	3ddb30d7ebb234a037d7b29497c50da52287b1bb	single-declaration	StringLiteral	ca99df39e7cef2ec48a0cbd72bd812b52fd5e38b0b5df98f876de8968b33a866	blocked	BV1	BF2 must runner-enumerate profiles and attach imported/equivalent/not-applicable/unsupported evidence.	-
VUE-CDBE41C50AE609BFD7C5	compiler-vapor	packages/compiler-vapor/__tests__/transforms/transformElement.spec.ts:1169:3	3ddb30d7ebb234a037d7b29497c50da52287b1bb	single-declaration	StringLiteral	e94949d395f5a2233da29d099586f8c6a89b6890ef73dfc510ec99f10f821b58	blocked	BV1	BF2 must runner-enumerate profiles and attach imported/equivalent/not-applicable/unsupported evidence.	-
VUE-934229A566AA382DB253	compiler-vapor	packages/compiler-vapor/__tests__/transforms/transformElement.spec.ts:1180:3	3ddb30d7ebb234a037d7b29497c50da52287b1bb	single-declaration	StringLiteral	601a5c1431c1a36cd92ba08e4a91e6a53909c6228b3aae951fe3a49d6bfeeb10	blocked	BV1	BF2 must runner-enumerate profiles and attach imported/equivalent/not-applicable/unsupported evidence.	-
VUE-3A3E59F51D36E245D999	compiler-vapor	packages/compiler-vapor/__tests__/transforms/transformElement.spec.ts:1205:3	3ddb30d7ebb234a037d7b29497c50da52287b1bb	single-declaration	StringLiteral	14511ac171d881b878848e064db9b51f50a13bac02889f53eac97342b334f6fb	blocked	BV1	BF2 must runner-enumerate profiles and attach imported/equivalent/not-applicable/unsupported evidence.	-
VUE-50F5BE82806BD9445AB3	compiler-vapor	packages/compiler-vapor/__tests__/transforms/transformElement.spec.ts:1241:3	3ddb30d7ebb234a037d7b29497c50da52287b1bb	single-declaration	StringLiteral	dc608da4b5dadb02d04814c4990129cc7a205c9ca313984af9d28f61198818d6	blocked	BV1	BF2 must runner-enumerate profiles and attach imported/equivalent/not-applicable/unsupported evidence.	-
VUE-952BBBD930CA71B01EAE	compiler-vapor	packages/compiler-vapor/__tests__/transforms/transformElement.spec.ts:1267:3	3ddb30d7ebb234a037d7b29497c50da52287b1bb	single-declaration	StringLiteral	a12a4135c55a2f61181ca80da83ed6070f996bba5a54eb8e6c0530d8222917ef	blocked	BV1	BF2 must runner-enumerate profiles and attach imported/equivalent/not-applicable/unsupported evidence.	-
VUE-F72ADB8FB945264C120D	compiler-vapor	packages/compiler-vapor/__tests__/transforms/transformElement.spec.ts:128:5	3ddb30d7ebb234a037d7b29497c50da52287b1bb	single-declaration	StringLiteral	dc7ed34d8fa73d231092094a0a0dc97a4dddaa484e258c6ee3936bba394f1e25	blocked	BV1	BF2 must runner-enumerate profiles and attach imported/equivalent/not-applicable/unsupported evidence.	-
VUE-7736BA567B165C75CD16	compiler-vapor	packages/compiler-vapor/__tests__/transforms/transformElement.spec.ts:1296:3	3ddb30d7ebb234a037d7b29497c50da52287b1bb	single-declaration	StringLiteral	ee1709db271837ec8ceccc8831ec84ad52e8aa7a50b696339ecbab321c48ddbb	blocked	BV1	BF2 must runner-enumerate profiles and attach imported/equivalent/not-applicable/unsupported evidence.	-
VUE-A790A76867521CF5CDEE	compiler-vapor	packages/compiler-vapor/__tests__/transforms/transformElement.spec.ts:1340:3	3ddb30d7ebb234a037d7b29497c50da52287b1bb	single-declaration	StringLiteral	a1d8f80887bf81b1f85e0f0aa5b1eb90e057934217421066873767fed95f2640	blocked	BV1	BF2 must runner-enumerate profiles and attach imported/equivalent/not-applicable/unsupported evidence.	-
VUE-8F73C4F2E77AE0F78973	compiler-vapor	packages/compiler-vapor/__tests__/transforms/transformElement.spec.ts:1349:3	3ddb30d7ebb234a037d7b29497c50da52287b1bb	single-declaration	StringLiteral	4755a68db484011ba6d0b375b341981a3b07fe23a87f4a63e3bf78bd62e7e3f0	blocked	BV1	BF2 must runner-enumerate profiles and attach imported/equivalent/not-applicable/unsupported evidence.	-
VUE-7796E9D596A1A0F48FDC	compiler-vapor	packages/compiler-vapor/__tests__/transforms/transformElement.spec.ts:1394:3	3ddb30d7ebb234a037d7b29497c50da52287b1bb	single-declaration	StringLiteral	1e4a10a777e5b70a88ac8349a80b42d9113cc5377de30b5244a92ed121feed29	blocked	BV1	BF2 must runner-enumerate profiles and attach imported/equivalent/not-applicable/unsupported evidence.	-
VUE-28AEBEAA838F85711075	compiler-vapor	packages/compiler-vapor/__tests__/transforms/transformElement.spec.ts:141:5	3ddb30d7ebb234a037d7b29497c50da52287b1bb	single-declaration	StringLiteral	5a3d4dee954f31b7ad56be0bec48e1a77f9ef56264c808351a1562a5ee71768a	blocked	BV1	BF2 must runner-enumerate profiles and attach imported/equivalent/not-applicable/unsupported evidence.	-
VUE-7F0D30B75F14BB608F28	compiler-vapor	packages/compiler-vapor/__tests__/transforms/transformElement.spec.ts:1422:3	3ddb30d7ebb234a037d7b29497c50da52287b1bb	single-declaration	StringLiteral	5e27db3c5190a19aa872d1d55e93b6e56c5d61f1ab97decd521edaf817f1dfdb	blocked	BV1	BF2 must runner-enumerate profiles and attach imported/equivalent/not-applicable/unsupported evidence.	-
VUE-B4FB0ED0FC50450FCDFA	compiler-vapor	packages/compiler-vapor/__tests__/transforms/transformElement.spec.ts:1445:3	3ddb30d7ebb234a037d7b29497c50da52287b1bb	single-declaration	StringLiteral	5437d8f68ec206d5a4d9ec79820f0edc99325dbf5fd4c22a83ab81c48d57e02a	blocked	BV1	BF2 must runner-enumerate profiles and attach imported/equivalent/not-applicable/unsupported evidence.	-
VUE-B63D2E2298FA6873D0E7	compiler-vapor	packages/compiler-vapor/__tests__/transforms/transformElement.spec.ts:1469:3	3ddb30d7ebb234a037d7b29497c50da52287b1bb	single-declaration	StringLiteral	a1ce3022b63880d286f109d992ba35602eb8769337e0f6ee7eb1922b1151c006	blocked	BV1	BF2 must runner-enumerate profiles and attach imported/equivalent/not-applicable/unsupported evidence.	-
VUE-A1E016624D375AC1AD4D	compiler-vapor	packages/compiler-vapor/__tests__/transforms/transformElement.spec.ts:1493:3	3ddb30d7ebb234a037d7b29497c50da52287b1bb	single-declaration	StringLiteral	336df5abd4d3fd980ec8f214a9c09738f324b15d81fb3f24341c0a57f81f9de4	blocked	BV1	BF2 must runner-enumerate profiles and attach imported/equivalent/not-applicable/unsupported evidence.	-
VUE-76456D4A08FBE196BC91	compiler-vapor	packages/compiler-vapor/__tests__/transforms/transformElement.spec.ts:1517:3	3ddb30d7ebb234a037d7b29497c50da52287b1bb	single-declaration	StringLiteral	a9304b9b5fcab565ab8ddbf939ebd2b407afadefc37c27b906417c7ec77ed920	blocked	BV1	BF2 must runner-enumerate profiles and attach imported/equivalent/not-applicable/unsupported evidence.	-
VUE-0CD1BBBC4102EB32E42B	compiler-vapor	packages/compiler-vapor/__tests__/transforms/transformElement.spec.ts:1544:3	3ddb30d7ebb234a037d7b29497c50da52287b1bb	single-declaration	StringLiteral	4eb39478c8ff80871d7bcde2465c63c300b44da13e60024f8036aab86bb4df3a	blocked	BV1	BF2 must runner-enumerate profiles and attach imported/equivalent/not-applicable/unsupported evidence.	-
VUE-4A86602E35F726EC454B	compiler-vapor	packages/compiler-vapor/__tests__/transforms/transformElement.spec.ts:156:5	3ddb30d7ebb234a037d7b29497c50da52287b1bb	single-declaration	StringLiteral	b6da056d9a5842015e982dae3688db94693e131368316fc6ed404184b84a0fea	blocked	BV1	BF2 must runner-enumerate profiles and attach imported/equivalent/not-applicable/unsupported evidence.	-
VUE-AF4D4E622881DC92B0E8	compiler-vapor	packages/compiler-vapor/__tests__/transforms/transformElement.spec.ts:1566:3	3ddb30d7ebb234a037d7b29497c50da52287b1bb	single-declaration	StringLiteral	3a22a2528666e70edc508b23b55f7e3ce555277c60dc58fe981c05f73ee6a53a	blocked	BV1	BF2 must runner-enumerate profiles and attach imported/equivalent/not-applicable/unsupported evidence.	-
VUE-9BC09CF360A42BEB0816	compiler-vapor	packages/compiler-vapor/__tests__/transforms/transformElement.spec.ts:1571:3	3ddb30d7ebb234a037d7b29497c50da52287b1bb	single-declaration	StringLiteral	756421f083d2a0e1160218d071bd3f35336b397001348c97b61ca4826ed4adf1	blocked	BV1	BF2 must runner-enumerate profiles and attach imported/equivalent/not-applicable/unsupported evidence.	-
VUE-3C9AB3D040C003DD8DB9	compiler-vapor	packages/compiler-vapor/__tests__/transforms/transformElement.spec.ts:1576:3	3ddb30d7ebb234a037d7b29497c50da52287b1bb	single-declaration	StringLiteral	78e48bc40d322e856cc288b6f16da8bfbc8d2a0bb5f03fb5c64b3bfd720bfdb0	blocked	BV1	BF2 must runner-enumerate profiles and attach imported/equivalent/not-applicable/unsupported evidence.	-
VUE-3D451A152E5F7353A4B4	compiler-vapor	packages/compiler-vapor/__tests__/transforms/transformElement.spec.ts:1605:3	3ddb30d7ebb234a037d7b29497c50da52287b1bb	single-declaration	StringLiteral	c25a3df9cd613f25e2f1027567b399df3cba8ff6d29385cd8f137a80069c06c6	blocked	BV1	BF2 must runner-enumerate profiles and attach imported/equivalent/not-applicable/unsupported evidence.	-
VUE-AE33878BCB2330C8FC20	compiler-vapor	packages/compiler-vapor/__tests__/transforms/transformElement.spec.ts:1619:3	3ddb30d7ebb234a037d7b29497c50da52287b1bb	single-declaration	StringLiteral	ff136466f3e165829ff95f0fc4bfafd617084f99ce7c73d9bcc33b0e17b66cf2	blocked	BV1	BF2 must runner-enumerate profiles and attach imported/equivalent/not-applicable/unsupported evidence.	-
VUE-549A1DD56AA39F3F9413	compiler-vapor	packages/compiler-vapor/__tests__/transforms/transformElement.spec.ts:1625:3	3ddb30d7ebb234a037d7b29497c50da52287b1bb	single-declaration	StringLiteral	f287215888ed59204d6ccccb302081191a8eb20c633a43c5f07b6329ec4d29a6	blocked	BV1	BF2 must runner-enumerate profiles and attach imported/equivalent/not-applicable/unsupported evidence.	-
VUE-161C461E31FD01076CF9	compiler-vapor	packages/compiler-vapor/__tests__/transforms/transformElement.spec.ts:1636:3	3ddb30d7ebb234a037d7b29497c50da52287b1bb	single-declaration	StringLiteral	254a5f1523e2a98d69ce1be1b201fdb85646f17cd5d36bd554d23398e886d0ee	blocked	BV1	BF2 must runner-enumerate profiles and attach imported/equivalent/not-applicable/unsupported evidence.	-
VUE-25587F1C30CFC5C691A7	compiler-vapor	packages/compiler-vapor/__tests__/transforms/transformElement.spec.ts:1648:3	3ddb30d7ebb234a037d7b29497c50da52287b1bb	single-declaration	StringLiteral	c18508c6fee4730030524879c1e9b3ea6d85c19857780fc21182a7d6b0c0b4be	blocked	BV1	BF2 must runner-enumerate profiles and attach imported/equivalent/not-applicable/unsupported evidence.	-
VUE-A135611A1E17922ABB60	compiler-vapor	packages/compiler-vapor/__tests__/transforms/transformElement.spec.ts:1657:3	3ddb30d7ebb234a037d7b29497c50da52287b1bb	single-declaration	StringLiteral	2e0a266ae640ac0eb1867b1c6cb06bd111829363be6046f8b8a9093a04d31b39	blocked	BV1	BF2 must runner-enumerate profiles and attach imported/equivalent/not-applicable/unsupported evidence.	-
VUE-F38E36725746253309C2	compiler-vapor	packages/compiler-vapor/__tests__/transforms/transformElement.spec.ts:1666:3	3ddb30d7ebb234a037d7b29497c50da52287b1bb	single-declaration	StringLiteral	c8bfe6f10c3908c128b806979354aa9600ce574f7152adb3c552d53553802a30	blocked	BV1	BF2 must runner-enumerate profiles and attach imported/equivalent/not-applicable/unsupported evidence.	-
VUE-00257F837B640F1C42B6	compiler-vapor	packages/compiler-vapor/__tests__/transforms/transformElement.spec.ts:1673:3	3ddb30d7ebb234a037d7b29497c50da52287b1bb	single-declaration	StringLiteral	6af6b0c2f8a75642cfcc1a088c0c43eb00a4d21531afd99902a9054f41b0a2cb	blocked	BV1	BF2 must runner-enumerate profiles and attach imported/equivalent/not-applicable/unsupported evidence.	-
VUE-FB4C814734A79D204E66	compiler-vapor	packages/compiler-vapor/__tests__/transforms/transformElement.spec.ts:1683:3	3ddb30d7ebb234a037d7b29497c50da52287b1bb	single-declaration	StringLiteral	dbe88d753e3e601cf3849cc5c6d9b3825831bb61a7ce3e2e04e088ed517ce77b	blocked	BV1	BF2 must runner-enumerate profiles and attach imported/equivalent/not-applicable/unsupported evidence.	-
VUE-B3BBDADC6DC03FADF518	compiler-vapor	packages/compiler-vapor/__tests__/transforms/transformElement.spec.ts:169:5	3ddb30d7ebb234a037d7b29497c50da52287b1bb	single-declaration	StringLiteral	2563a861ddff04ce75773d5175beaddb3e8aff2cd36d268742bcf28117174f91	blocked	BV1	BF2 must runner-enumerate profiles and attach imported/equivalent/not-applicable/unsupported evidence.	-
VUE-52BB4EE1F71F8F2917A6	compiler-vapor	packages/compiler-vapor/__tests__/transforms/transformElement.spec.ts:1693:3	3ddb30d7ebb234a037d7b29497c50da52287b1bb	single-declaration	StringLiteral	52b8b2ac563229e11f3a71ffa35b9b40e7db6ef125f0122d6da34e66c07d785b	blocked	BV1	BF2 must runner-enumerate profiles and attach imported/equivalent/not-applicable/unsupported evidence.	-
VUE-17F64083BCEB895355F3	compiler-vapor	packages/compiler-vapor/__tests__/transforms/transformElement.spec.ts:1703:5	3ddb30d7ebb234a037d7b29497c50da52287b1bb	single-declaration	StringLiteral	8dce1bccdb73e4443c6af03e7a0db88839c1767c14f73d6ddcef3208db9b0723	blocked	BV1	BF2 must runner-enumerate profiles and attach imported/equivalent/not-applicable/unsupported evidence.	-
VUE-908706A99C8287250B0A	compiler-vapor	packages/compiler-vapor/__tests__/transforms/transformElement.spec.ts:1714:5	3ddb30d7ebb234a037d7b29497c50da52287b1bb	single-declaration	StringLiteral	4ded9f2dfb011779330f9dc700b485d63fa50ae6efaeeee8fc4d3c48068be2f6	blocked	BV1	BF2 must runner-enumerate profiles and attach imported/equivalent/not-applicable/unsupported evidence.	-
VUE-34F70BE50903912E166D	compiler-vapor	packages/compiler-vapor/__tests__/transforms/transformElement.spec.ts:1725:5	3ddb30d7ebb234a037d7b29497c50da52287b1bb	single-declaration	StringLiteral	92905001b95aba0baed530eee8cd98557b9f3d5b88662acf262761b353c9ad33	blocked	BV1	BF2 must runner-enumerate profiles and attach imported/equivalent/not-applicable/unsupported evidence.	-
VUE-965C02B6F7F6F88A9E46	compiler-vapor	packages/compiler-vapor/__tests__/transforms/transformElement.spec.ts:1736:5	3ddb30d7ebb234a037d7b29497c50da52287b1bb	single-declaration	StringLiteral	a9aab0467db21d382ab3738c400b4d31f4c2ffd7851c1746ba5a70ca52434663	blocked	BV1	BF2 must runner-enumerate profiles and attach imported/equivalent/not-applicable/unsupported evidence.	-
VUE-2C5BF8F79B2384915429	compiler-vapor	packages/compiler-vapor/__tests__/transforms/transformElement.spec.ts:1747:5	3ddb30d7ebb234a037d7b29497c50da52287b1bb	single-declaration	StringLiteral	723e2085b47843d9ae104a509f52ff534bb27f074f465f62b1cf9249c6668ea7	blocked	BV1	BF2 must runner-enumerate profiles and attach imported/equivalent/not-applicable/unsupported evidence.	-
VUE-F112501ACD04BAEEEE21	compiler-vapor	packages/compiler-vapor/__tests__/transforms/transformElement.spec.ts:1758:5	3ddb30d7ebb234a037d7b29497c50da52287b1bb	single-declaration	StringLiteral	595ad008e0a44d934363701526e6d0d1e2bcf8d7b973895793a8cf770e57679c	blocked	BV1	BF2 must runner-enumerate profiles and attach imported/equivalent/not-applicable/unsupported evidence.	-
VUE-4DBC0AE5E00FBEE3F4C7	compiler-vapor	packages/compiler-vapor/__tests__/transforms/transformElement.spec.ts:1767:5	3ddb30d7ebb234a037d7b29497c50da52287b1bb	single-declaration	StringLiteral	9a895f624c3c0ab68cf4a1b6c27d8e615bcba9a9f66d878ea8db09eb8e2c92ef	blocked	BV1	BF2 must runner-enumerate profiles and attach imported/equivalent/not-applicable/unsupported evidence.	-
VUE-5880679765DC17ABC29F	compiler-vapor	packages/compiler-vapor/__tests__/transforms/transformElement.spec.ts:1778:5	3ddb30d7ebb234a037d7b29497c50da52287b1bb	single-declaration	StringLiteral	1322354cb36f1ab5b9f44ef3510cc04959b0cc5c8439a28ec2e61c6bb6fb5296	blocked	BV1	BF2 must runner-enumerate profiles and attach imported/equivalent/not-applicable/unsupported evidence.	-
VUE-75B4CF357EF807E48B02	compiler-vapor	packages/compiler-vapor/__tests__/transforms/transformElement.spec.ts:1789:5	3ddb30d7ebb234a037d7b29497c50da52287b1bb	single-declaration	StringLiteral	335324b6d440b36e62205a3af2da13ab69ef4bd39a878983fc2e715efa9768de	blocked	BV1	BF2 must runner-enumerate profiles and attach imported/equivalent/not-applicable/unsupported evidence.	-
VUE-BEC75AD32DCF90163AC8	compiler-vapor	packages/compiler-vapor/__tests__/transforms/transformElement.spec.ts:180:5	3ddb30d7ebb234a037d7b29497c50da52287b1bb	single-declaration	StringLiteral	342fcaa63eb525c16571ea2f9e7592cdc930611211308c9d45a3e01d29398ba7	blocked	BV1	BF2 must runner-enumerate profiles and attach imported/equivalent/not-applicable/unsupported evidence.	-
VUE-6893C73E4610CBBC4E7E	compiler-vapor	packages/compiler-vapor/__tests__/transforms/transformElement.spec.ts:1801:5	3ddb30d7ebb234a037d7b29497c50da52287b1bb	single-declaration	StringLiteral	5753d14f006c7b61dccfaf38b7ca74fa0f1e575e0f2c8896b157a1bdac51b94c	blocked	BV1	BF2 must runner-enumerate profiles and attach imported/equivalent/not-applicable/unsupported evidence.	-
VUE-C1472E25F45AB53330AE	compiler-vapor	packages/compiler-vapor/__tests__/transforms/transformElement.spec.ts:191:5	3ddb30d7ebb234a037d7b29497c50da52287b1bb	single-declaration	StringLiteral	7ed2483b635b335bda382d043b978c718bcb1a355273a8ea296c4f109a109ab6	blocked	BV1	BF2 must runner-enumerate profiles and attach imported/equivalent/not-applicable/unsupported evidence.	-
VUE-C82C59B2066A3881E6F5	compiler-vapor	packages/compiler-vapor/__tests__/transforms/transformElement.spec.ts:203:5	3ddb30d7ebb234a037d7b29497c50da52287b1bb	single-declaration	StringLiteral	bcea6219f7d0153c0bee2402b68adc682119d90d798e0c78e934365ed26a4db8	blocked	BV1	BF2 must runner-enumerate profiles and attach imported/equivalent/not-applicable/unsupported evidence.	-
VUE-71CE1CB8DE60AA2E544C	compiler-vapor	packages/compiler-vapor/__tests__/transforms/transformElement.spec.ts:215:5	3ddb30d7ebb234a037d7b29497c50da52287b1bb	single-declaration	StringLiteral	a01826143ccfc338951173223538ad3c9991afba816a3dccf5142a6380cefd5e	blocked	BV1	BF2 must runner-enumerate profiles and attach imported/equivalent/not-applicable/unsupported evidence.	-
VUE-DE85B40751D844C346B8	compiler-vapor	packages/compiler-vapor/__tests__/transforms/transformElement.spec.ts:227:5	3ddb30d7ebb234a037d7b29497c50da52287b1bb	single-declaration	StringLiteral	3120c1c222553db9f749a923b07778c8483d58811fb69914e1568afe35d12767	blocked	BV1	BF2 must runner-enumerate profiles and attach imported/equivalent/not-applicable/unsupported evidence.	-
VUE-DE2670752DFD08EEC0C1	compiler-vapor	packages/compiler-vapor/__tests__/transforms/transformElement.spec.ts:250:5	3ddb30d7ebb234a037d7b29497c50da52287b1bb	single-declaration	StringLiteral	d4eb755cfdfe864973b4ea1ed513e375fb6d026f73b3003a708d7bd747f4825a	blocked	BV1	BF2 must runner-enumerate profiles and attach imported/equivalent/not-applicable/unsupported evidence.	-
VUE-EA649F4C763931404A20	compiler-vapor	packages/compiler-vapor/__tests__/transforms/transformElement.spec.ts:258:5	3ddb30d7ebb234a037d7b29497c50da52287b1bb	single-declaration	StringLiteral	7de304c2a5c8ffe6f5625a448646e53ad5a54d4133043ef4d268bcd26a3acf4d	blocked	BV1	BF2 must runner-enumerate profiles and attach imported/equivalent/not-applicable/unsupported evidence.	-
VUE-831567D42A2DC106F88C	compiler-vapor	packages/compiler-vapor/__tests__/transforms/transformElement.spec.ts:266:5	3ddb30d7ebb234a037d7b29497c50da52287b1bb	single-declaration	StringLiteral	7661249a2d505117a9b9b782725cec4efb2e0d3f1f9d3330dbdd839285608748	blocked	BV1	BF2 must runner-enumerate profiles and attach imported/equivalent/not-applicable/unsupported evidence.	-
VUE-44E609F6ABEAD9680D6C	compiler-vapor	packages/compiler-vapor/__tests__/transforms/transformElement.spec.ts:277:5	3ddb30d7ebb234a037d7b29497c50da52287b1bb	single-declaration	StringLiteral	6ce0ae36e8bb47caecf63eae299a4806051a7fca54cad45554130330746a4896	blocked	BV1	BF2 must runner-enumerate profiles and attach imported/equivalent/not-applicable/unsupported evidence.	-
VUE-E0AF51EA20EC018B6A7F	compiler-vapor	packages/compiler-vapor/__tests__/transforms/transformElement.spec.ts:328:5	3ddb30d7ebb234a037d7b29497c50da52287b1bb	single-declaration	StringLiteral	ca7b505b56929318918ee0382f782f052538d2f008e919f751874ea8563975a9	blocked	BV1	BF2 must runner-enumerate profiles and attach imported/equivalent/not-applicable/unsupported evidence.	-
VUE-C5AF9BC1FC4FA2D557D9	compiler-vapor	packages/compiler-vapor/__tests__/transforms/transformElement.spec.ts:334:5	3ddb30d7ebb234a037d7b29497c50da52287b1bb	single-declaration	StringLiteral	ce2ee37d4b53eb06cccab0441293d9c8de9bc791eab41096d970ddd540660857	blocked	BV1	BF2 must runner-enumerate profiles and attach imported/equivalent/not-applicable/unsupported evidence.	-
VUE-8E73156B52C8D3DB4F9A	compiler-vapor	packages/compiler-vapor/__tests__/transforms/transformElement.spec.ts:363:5	3ddb30d7ebb234a037d7b29497c50da52287b1bb	single-declaration	StringLiteral	d7449055932fb355c33140ea71242942cacdc25f83b3769e3ad0385a67499664	blocked	BV1	BF2 must runner-enumerate profiles and attach imported/equivalent/not-applicable/unsupported evidence.	-
VUE-1F5537139E15894EBBD1	compiler-vapor	packages/compiler-vapor/__tests__/transforms/transformElement.spec.ts:376:5	3ddb30d7ebb234a037d7b29497c50da52287b1bb	single-declaration	StringLiteral	f2070cc6fe92fabb10d3ee1efb367238000303cc21f6dfce1b9681e16058533d	blocked	BV1	BF2 must runner-enumerate profiles and attach imported/equivalent/not-applicable/unsupported evidence.	-
VUE-E8FDB1F1A9F9379D9AAE	compiler-vapor	packages/compiler-vapor/__tests__/transforms/transformElement.spec.ts:387:5	3ddb30d7ebb234a037d7b29497c50da52287b1bb	single-declaration	StringLiteral	f6552c09d41f25c2cbd8bc1cdb5f0c7a77ab488a1ce4aabd9443baa684584878	blocked	BV1	BF2 must runner-enumerate profiles and attach imported/equivalent/not-applicable/unsupported evidence.	-
VUE-BA883E40BDA515A3A74D	compiler-vapor	packages/compiler-vapor/__tests__/transforms/transformElement.spec.ts:397:5	3ddb30d7ebb234a037d7b29497c50da52287b1bb	single-declaration	StringLiteral	b842786d601eaca7960c3adc82a03c92696f9626ab6889a558d48b13e7d7efdb	blocked	BV1	BF2 must runner-enumerate profiles and attach imported/equivalent/not-applicable/unsupported evidence.	-
VUE-E80F49C456228B78D9B8	compiler-vapor	packages/compiler-vapor/__tests__/transforms/transformElement.spec.ts:410:5	3ddb30d7ebb234a037d7b29497c50da52287b1bb	single-declaration	StringLiteral	cc517a724030c9be52c9937034de6b477f0d1fd4f01ef4c912d18e5fbb6956d1	blocked	BV1	BF2 must runner-enumerate profiles and attach imported/equivalent/not-applicable/unsupported evidence.	-
VUE-CF3D9855671D25835D07	compiler-vapor	packages/compiler-vapor/__tests__/transforms/transformElement.spec.ts:430:5	3ddb30d7ebb234a037d7b29497c50da52287b1bb	single-declaration	StringLiteral	d47b10eda657187a6afeb82d544c90eb46ba0aa27ac9bc377ddccc8c81a93f6f	blocked	BV1	BF2 must runner-enumerate profiles and attach imported/equivalent/not-applicable/unsupported evidence.	-
VUE-C6E256844680E7BD8CF2	compiler-vapor	packages/compiler-vapor/__tests__/transforms/transformElement.spec.ts:441:5	3ddb30d7ebb234a037d7b29497c50da52287b1bb	single-declaration	StringLiteral	bee5659d2ad5b71fc48532c68f583a8614e9cd36f5db4c82629efe514b1919c9	blocked	BV1	BF2 must runner-enumerate profiles and attach imported/equivalent/not-applicable/unsupported evidence.	-
VUE-92FD1D8B39D2DFF7D413	compiler-vapor	packages/compiler-vapor/__tests__/transforms/transformElement.spec.ts:51:5	3ddb30d7ebb234a037d7b29497c50da52287b1bb	single-declaration	StringLiteral	62ed3c50ace93078b68c00c2b2c39c7af021bfcecf3174dc70fbe7ed21bc07f5	blocked	BV1	BF2 must runner-enumerate profiles and attach imported/equivalent/not-applicable/unsupported evidence.	-
VUE-496978B2867B8BDFC1FF	compiler-vapor	packages/compiler-vapor/__tests__/transforms/transformElement.spec.ts:512:5	3ddb30d7ebb234a037d7b29497c50da52287b1bb	single-declaration	StringLiteral	fb8e8722bbd584c03a1701b6a87868cb07f552a35ca28b323f0f5239491737fd	blocked	BV1	BF2 must runner-enumerate profiles and attach imported/equivalent/not-applicable/unsupported evidence.	-
VUE-5FC3A3063A54CC16B8E4	compiler-vapor	packages/compiler-vapor/__tests__/transforms/transformElement.spec.ts:530:5	3ddb30d7ebb234a037d7b29497c50da52287b1bb	single-declaration	StringLiteral	14511ac171d881b878848e064db9b51f50a13bac02889f53eac97342b334f6fb	blocked	BV1	BF2 must runner-enumerate profiles and attach imported/equivalent/not-applicable/unsupported evidence.	-
VUE-9640B2F5334C7A31A62E	compiler-vapor	packages/compiler-vapor/__tests__/transforms/transformElement.spec.ts:554:5	3ddb30d7ebb234a037d7b29497c50da52287b1bb	single-declaration	StringLiteral	dc608da4b5dadb02d04814c4990129cc7a205c9ca313984af9d28f61198818d6	blocked	BV1	BF2 must runner-enumerate profiles and attach imported/equivalent/not-applicable/unsupported evidence.	-
VUE-04AA47E82B7A9DED011F	compiler-vapor	packages/compiler-vapor/__tests__/transforms/transformElement.spec.ts:576:5	3ddb30d7ebb234a037d7b29497c50da52287b1bb	single-declaration	StringLiteral	a12a4135c55a2f61181ca80da83ed6070f996bba5a54eb8e6c0530d8222917ef	blocked	BV1	BF2 must runner-enumerate profiles and attach imported/equivalent/not-applicable/unsupported evidence.	-
VUE-2897D135579C00386A14	compiler-vapor	packages/compiler-vapor/__tests__/transforms/transformElement.spec.ts:602:5	3ddb30d7ebb234a037d7b29497c50da52287b1bb	single-declaration	StringLiteral	ee1709db271837ec8ceccc8831ec84ad52e8aa7a50b696339ecbab321c48ddbb	blocked	BV1	BF2 must runner-enumerate profiles and attach imported/equivalent/not-applicable/unsupported evidence.	-
VUE-DBC2B2C210D182CFC373	compiler-vapor	packages/compiler-vapor/__tests__/transforms/transformElement.spec.ts:613:5	3ddb30d7ebb234a037d7b29497c50da52287b1bb	single-declaration	StringLiteral	244a0c312a8d0e3f9e74f0f747baaa4ac906b1d7f4221b56bfcfbe3249f6e888	blocked	BV1	BF2 must runner-enumerate profiles and attach imported/equivalent/not-applicable/unsupported evidence.	-
VUE-A773485C6AAC901C2ABC	compiler-vapor	packages/compiler-vapor/__tests__/transforms/transformElement.spec.ts:626:5	3ddb30d7ebb234a037d7b29497c50da52287b1bb	single-declaration	StringLiteral	a1d8f80887bf81b1f85e0f0aa5b1eb90e057934217421066873767fed95f2640	blocked	BV1	BF2 must runner-enumerate profiles and attach imported/equivalent/not-applicable/unsupported evidence.	-
VUE-A340B79F17C0D9CC5468	compiler-vapor	packages/compiler-vapor/__tests__/transforms/transformElement.spec.ts:633:5	3ddb30d7ebb234a037d7b29497c50da52287b1bb	single-declaration	StringLiteral	4755a68db484011ba6d0b375b341981a3b07fe23a87f4a63e3bf78bd62e7e3f0	blocked	BV1	BF2 must runner-enumerate profiles and attach imported/equivalent/not-applicable/unsupported evidence.	-
VUE-C546ACBC96B953E3701B	compiler-vapor	packages/compiler-vapor/__tests__/transforms/transformElement.spec.ts:640:5	3ddb30d7ebb234a037d7b29497c50da52287b1bb	single-declaration	StringLiteral	1e4a10a777e5b70a88ac8349a80b42d9113cc5377de30b5244a92ed121feed29	blocked	BV1	BF2 must runner-enumerate profiles and attach imported/equivalent/not-applicable/unsupported evidence.	-
VUE-D4492A438593065C1547	compiler-vapor	packages/compiler-vapor/__tests__/transforms/transformElement.spec.ts:659:5	3ddb30d7ebb234a037d7b29497c50da52287b1bb	single-declaration	StringLiteral	b91e96527de5075cc929545bf0f413823104265ef567f0f941573f4e6234d33d	blocked	BV1	BF2 must runner-enumerate profiles and attach imported/equivalent/not-applicable/unsupported evidence.	-
VUE-C7F563B80410C431E5CB	compiler-vapor	packages/compiler-vapor/__tests__/transforms/transformElement.spec.ts:672:5	3ddb30d7ebb234a037d7b29497c50da52287b1bb	single-declaration	StringLiteral	69d8441dc130d805cb0f4d36c0922b8d4b60c22078afb0a88db59608b1aa7cae	blocked	BV1	BF2 must runner-enumerate profiles and attach imported/equivalent/not-applicable/unsupported evidence.	-
VUE-BCC411BE7B4443EF01BA	compiler-vapor	packages/compiler-vapor/__tests__/transforms/transformElement.spec.ts:684:5	3ddb30d7ebb234a037d7b29497c50da52287b1bb	single-declaration	StringLiteral	f419e188396d8fdab98d4290d4959f4653fffe0cdd4502489d448774b9c9e854	blocked	BV1	BF2 must runner-enumerate profiles and attach imported/equivalent/not-applicable/unsupported evidence.	-
VUE-FE7E69FABBF7DF407B6F	compiler-vapor	packages/compiler-vapor/__tests__/transforms/transformElement.spec.ts:70:5	3ddb30d7ebb234a037d7b29497c50da52287b1bb	single-declaration	StringLiteral	5719a35833e37500bdc1739f8ea44152416d16458bad048291982248197888dd	blocked	BV1	BF2 must runner-enumerate profiles and attach imported/equivalent/not-applicable/unsupported evidence.	-
VUE-39986107C7D9695B3E8A	compiler-vapor	packages/compiler-vapor/__tests__/transforms/transformElement.spec.ts:702:5	3ddb30d7ebb234a037d7b29497c50da52287b1bb	single-declaration	StringLiteral	f8cc6cd527f006d2ee1b7f67b5cdcc5a229ea3cbf7cc3808f46232b527ffc2d4	blocked	BV1	BF2 must runner-enumerate profiles and attach imported/equivalent/not-applicable/unsupported evidence.	-
VUE-345D3B5DE43873DFBF48	compiler-vapor	packages/compiler-vapor/__tests__/transforms/transformElement.spec.ts:733:5	3ddb30d7ebb234a037d7b29497c50da52287b1bb	single-declaration	StringLiteral	fe4c7deb6eed07dfb3d8a4a90aa769aac435ed7dbec5e287242aa240406445e3	blocked	BV1	BF2 must runner-enumerate profiles and attach imported/equivalent/not-applicable/unsupported evidence.	-
VUE-EF2523BF306263988CF4	compiler-vapor	packages/compiler-vapor/__tests__/transforms/transformElement.spec.ts:745:5	3ddb30d7ebb234a037d7b29497c50da52287b1bb	single-declaration	StringLiteral	ac2532f67e2ae9a08a63e13f4712eba56269cdf8507ff33c8ff5f68522fed371	blocked	BV1	BF2 must runner-enumerate profiles and attach imported/equivalent/not-applicable/unsupported evidence.	-
VUE-6A3806732C53F3D619BF	compiler-vapor	packages/compiler-vapor/__tests__/transforms/transformElement.spec.ts:767:5	3ddb30d7ebb234a037d7b29497c50da52287b1bb	single-declaration	StringLiteral	6433969a1f218cc1d7e1fd8dfa1043bd695acac1ce39de99a18fa23e2e55f318	blocked	BV1	BF2 must runner-enumerate profiles and attach imported/equivalent/not-applicable/unsupported evidence.	-
VUE-17A3A9995D72906C4F08	compiler-vapor	packages/compiler-vapor/__tests__/transforms/transformElement.spec.ts:78:5	3ddb30d7ebb234a037d7b29497c50da52287b1bb	single-declaration	StringLiteral	9d07cd80156508b0ffefa848bfc73996cbec2de1d16c4d3cf3c39b3859237488	blocked	BV1	BF2 must runner-enumerate profiles and attach imported/equivalent/not-applicable/unsupported evidence.	-
VUE-F7B23A48685FC591D6BA	compiler-vapor	packages/compiler-vapor/__tests__/transforms/transformElement.spec.ts:793:5	3ddb30d7ebb234a037d7b29497c50da52287b1bb	single-declaration	StringLiteral	fd3e838ff6857923dee4e79c6da65a480f3174c357052f4b241d7aabda70e301	blocked	BV1	BF2 must runner-enumerate profiles and attach imported/equivalent/not-applicable/unsupported evidence.	-
VUE-A640FBFE3911D0021D1B	compiler-vapor	packages/compiler-vapor/__tests__/transforms/transformElement.spec.ts:817:5	3ddb30d7ebb234a037d7b29497c50da52287b1bb	single-declaration	StringLiteral	a0741de9473f76f7f38aadc288d8ea564600719220cdad9a4eb27c4766cdfe53	blocked	BV1	BF2 must runner-enumerate profiles and attach imported/equivalent/not-applicable/unsupported evidence.	-
VUE-2C092064BE8B0C2682C9	compiler-vapor	packages/compiler-vapor/__tests__/transforms/transformElement.spec.ts:859:5	3ddb30d7ebb234a037d7b29497c50da52287b1bb	single-declaration	StringLiteral	bbb7fca7fa99489954f1d503ab492ebe75649362722af1381748953f9daa87bc	blocked	BV1	BF2 must runner-enumerate profiles and attach imported/equivalent/not-applicable/unsupported evidence.	-
VUE-3014F70FAB756A71C60B	compiler-vapor	packages/compiler-vapor/__tests__/transforms/transformElement.spec.ts:879:5	3ddb30d7ebb234a037d7b29497c50da52287b1bb	single-declaration	StringLiteral	5b59b8d2aa7f52c42f39cf7e44c4fcd43295c3e5dafdf262095f504bc4937336	blocked	BV1	BF2 must runner-enumerate profiles and attach imported/equivalent/not-applicable/unsupported evidence.	-
VUE-0219CA1FB257E9F97B38	compiler-vapor	packages/compiler-vapor/__tests__/transforms/transformElement.spec.ts:899:5	3ddb30d7ebb234a037d7b29497c50da52287b1bb	single-declaration	StringLiteral	e5967a6657e3def4b36a55d5dc3896fd044fdbf48e1d8a1cbc6c7420fced781e	blocked	BV1	BF2 must runner-enumerate profiles and attach imported/equivalent/not-applicable/unsupported evidence.	-
VUE-E2F6040A21E7761DF47A	compiler-vapor	packages/compiler-vapor/__tests__/transforms/transformElement.spec.ts:90:5	3ddb30d7ebb234a037d7b29497c50da52287b1bb	single-declaration	StringLiteral	8f0381e1fc97295461c3248e462aed46bab25dafa7fbcd62e70287779f72c6d5	blocked	BV1	BF2 must runner-enumerate profiles and attach imported/equivalent/not-applicable/unsupported evidence.	-
VUE-CB21F8FFA58E6869702B	compiler-vapor	packages/compiler-vapor/__tests__/transforms/transformElement.spec.ts:919:5	3ddb30d7ebb234a037d7b29497c50da52287b1bb	single-declaration	StringLiteral	b544f903eb49b3acbd6375ac7d449d6d722c59fe483f36224528337af1cceae1	blocked	BV1	BF2 must runner-enumerate profiles and attach imported/equivalent/not-applicable/unsupported evidence.	-
VUE-533BC16BBA43E15FFCAC	compiler-vapor	packages/compiler-vapor/__tests__/transforms/transformElement.spec.ts:939:5	3ddb30d7ebb234a037d7b29497c50da52287b1bb	single-declaration	StringLiteral	c072d082350b77a4548a04773323a843c282c40f99fb52ff0e02f6c389ff5300	blocked	BV1	BF2 must runner-enumerate profiles and attach imported/equivalent/not-applicable/unsupported evidence.	-
VUE-30284139436DA041AF18	compiler-vapor	packages/compiler-vapor/__tests__/transforms/transformElement.spec.ts:958:5	3ddb30d7ebb234a037d7b29497c50da52287b1bb	single-declaration	StringLiteral	c5a83fa1bb719824240092705314fb354f2b79dfe663d8e8d2ff6a251eae8282	blocked	BV1	BF2 must runner-enumerate profiles and attach imported/equivalent/not-applicable/unsupported evidence.	-
VUE-958F640524E5FDE1CB3A	compiler-vapor	packages/compiler-vapor/__tests__/transforms/transformElement.spec.ts:980:5	3ddb30d7ebb234a037d7b29497c50da52287b1bb	single-declaration	StringLiteral	777436576dd864c0ab16ccf286f639e8fc51d32a84ea333d9bbc2a95747c9a95	blocked	BV1	BF2 must runner-enumerate profiles and attach imported/equivalent/not-applicable/unsupported evidence.	-
VUE-759688D421094CEAAC30	compiler-vapor	packages/compiler-vapor/__tests__/transforms/transformElement.spec.ts:997:3	3ddb30d7ebb234a037d7b29497c50da52287b1bb	single-declaration	StringLiteral	8c1d8c4fb0430ff3cbfc1b712f40c1d436f6588d6d802ff7ad2400983ddf33ef	blocked	BV1	BF2 must runner-enumerate profiles and attach imported/equivalent/not-applicable/unsupported evidence.	-
VUE-6159903B95F152455741	compiler-vapor	packages/compiler-vapor/__tests__/transforms/transformKey.spec.ts:101:5	691b9d8a79a81c8233f627eed17cfa0d8be01131	single-declaration	StringLiteral	ac4b9c7250394672ad41d4f25f0244884280cc80df1ccba784582799e4250f73	blocked	BV1	BF2 must runner-enumerate profiles and attach imported/equivalent/not-applicable/unsupported evidence.	-
VUE-A6C7DA55FB309F7BD590	compiler-vapor	packages/compiler-vapor/__tests__/transforms/transformKey.spec.ts:107:5	691b9d8a79a81c8233f627eed17cfa0d8be01131	single-declaration	StringLiteral	8b42a84c8d59c29a66b2028360ed03988576f1aa358357bff836ce0b82e99edd	blocked	BV1	BF2 must runner-enumerate profiles and attach imported/equivalent/not-applicable/unsupported evidence.	-
VUE-E63803FA0FE29A7F0EA6	compiler-vapor	packages/compiler-vapor/__tests__/transforms/transformKey.spec.ts:113:5	691b9d8a79a81c8233f627eed17cfa0d8be01131	single-declaration	StringLiteral	540428be2188c11c769f8a41ba365f1b7bb5c0da53c425ad374350761909d32b	blocked	BV1	BF2 must runner-enumerate profiles and attach imported/equivalent/not-applicable/unsupported evidence.	-
VUE-A207ED7B156B78973E0D	compiler-vapor	packages/compiler-vapor/__tests__/transforms/transformKey.spec.ts:121:5	691b9d8a79a81c8233f627eed17cfa0d8be01131	single-declaration	StringLiteral	37e45614ca196cc32d502b177a8fe05697e75e9c1587952a5a42609bdbeb9911	blocked	BV1	BF2 must runner-enumerate profiles and attach imported/equivalent/not-applicable/unsupported evidence.	-
VUE-A514A82A6CC3FA911E9F	compiler-vapor	packages/compiler-vapor/__tests__/transforms/transformKey.spec.ts:129:5	691b9d8a79a81c8233f627eed17cfa0d8be01131	single-declaration	StringLiteral	455b19e32608ed7f90ea31a5d2b9c816920d42b27095f78ffd7232fece34dc83	blocked	BV1	BF2 must runner-enumerate profiles and attach imported/equivalent/not-applicable/unsupported evidence.	-
VUE-E4D4CD1ACA269F4F6B36	compiler-vapor	packages/compiler-vapor/__tests__/transforms/transformKey.spec.ts:136:5	691b9d8a79a81c8233f627eed17cfa0d8be01131	single-declaration	StringLiteral	4c93f09827bf67c85628ddd602f3da497fc3039704864c8740a9354f443c5866	blocked	BV1	BF2 must runner-enumerate profiles and attach imported/equivalent/not-applicable/unsupported evidence.	-
VUE-2DF1EE6BB644A7D23EA4	compiler-vapor	packages/compiler-vapor/__tests__/transforms/transformKey.spec.ts:154:5	691b9d8a79a81c8233f627eed17cfa0d8be01131	single-declaration	StringLiteral	ac4b9c7250394672ad41d4f25f0244884280cc80df1ccba784582799e4250f73	blocked	BV1	BF2 must runner-enumerate profiles and attach imported/equivalent/not-applicable/unsupported evidence.	-
VUE-944398EE3ADFAED58F37	compiler-vapor	packages/compiler-vapor/__tests__/transforms/transformKey.spec.ts:161:5	691b9d8a79a81c8233f627eed17cfa0d8be01131	single-declaration	StringLiteral	5f989865f2ce7d11e2a295fd8b0bc3c326df8e913ebc4d3c8138c65cb27605eb	blocked	BV1	BF2 must runner-enumerate profiles and attach imported/equivalent/not-applicable/unsupported evidence.	-
VUE-36C285C5776F295B022F	compiler-vapor	packages/compiler-vapor/__tests__/transforms/transformKey.spec.ts:168:5	691b9d8a79a81c8233f627eed17cfa0d8be01131	single-declaration	StringLiteral	7afce581a9457fe3acc0f23cd8fb20e381bd4ff5fce5e3e64c4ed1a59f9aa10f	blocked	BV1	BF2 must runner-enumerate profiles and attach imported/equivalent/not-applicable/unsupported evidence.	-
VUE-899E96763CB05CC561A4	compiler-vapor	packages/compiler-vapor/__tests__/transforms/transformKey.spec.ts:175:5	691b9d8a79a81c8233f627eed17cfa0d8be01131	single-declaration	StringLiteral	85cbe49ab801bb3e447c5fb1c595ef599a2cc36ed341729622d6ee1e344328a4	blocked	BV1	BF2 must runner-enumerate profiles and attach imported/equivalent/not-applicable/unsupported evidence.	-
VUE-7F27B369BD5F6E9C01A5	compiler-vapor	packages/compiler-vapor/__tests__/transforms/transformKey.spec.ts:182:5	691b9d8a79a81c8233f627eed17cfa0d8be01131	single-declaration	StringLiteral	9fe5354fa9be64362681f136d65073340265d77903d5d33b01c22c193fcf171d	blocked	BV1	BF2 must runner-enumerate profiles and attach imported/equivalent/not-applicable/unsupported evidence.	-
VUE-9A057FA6DFD986F1138E	compiler-vapor	packages/compiler-vapor/__tests__/transforms/transformKey.spec.ts:189:5	691b9d8a79a81c8233f627eed17cfa0d8be01131	single-declaration	StringLiteral	149f736f6860320b369a38b13d55c599c2ccc6725d8e31459e70df697f26b524	blocked	BV1	BF2 must runner-enumerate profiles and attach imported/equivalent/not-applicable/unsupported evidence.	-
VUE-7C2678FA6921C04BFFB1	compiler-vapor	packages/compiler-vapor/__tests__/transforms/transformKey.spec.ts:196:5	691b9d8a79a81c8233f627eed17cfa0d8be01131	single-declaration	StringLiteral	65f272bbf2a88ccb2a1f7d3ae16969ce7c91dcf3fa1e0ec9509f8180f5ec0ab3	blocked	BV1	BF2 must runner-enumerate profiles and attach imported/equivalent/not-applicable/unsupported evidence.	-
VUE-739DFAB5C66F11DBBA72	compiler-vapor	packages/compiler-vapor/__tests__/transforms/transformKey.spec.ts:30:5	691b9d8a79a81c8233f627eed17cfa0d8be01131	single-declaration	StringLiteral	8c3c4a97fa0f4b89391c3359fbc203bc77543ba5972c2b861b6c734f4752bd6e	blocked	BV1	BF2 must runner-enumerate profiles and attach imported/equivalent/not-applicable/unsupported evidence.	-
VUE-9A1873A61561E74D5877	compiler-vapor	packages/compiler-vapor/__tests__/transforms/transformKey.spec.ts:65:5	691b9d8a79a81c8233f627eed17cfa0d8be01131	single-declaration	StringLiteral	0d9371cfb234bbd908e3e16108be70d5080c8d5c84cfa391aeb3750b19942223	blocked	BV1	BF2 must runner-enumerate profiles and attach imported/equivalent/not-applicable/unsupported evidence.	-
VUE-0EF796E9863BFA9ADC30	compiler-vapor	packages/compiler-vapor/__tests__/transforms/transformKey.spec.ts:71:5	691b9d8a79a81c8233f627eed17cfa0d8be01131	single-declaration	StringLiteral	430b57dbb2d52ba0f47e80978763a6ddc24dce04b4621dbd9aa70bedc11f004f	blocked	BV1	BF2 must runner-enumerate profiles and attach imported/equivalent/not-applicable/unsupported evidence.	-
VUE-7DA1C8F83350569A7369	compiler-vapor	packages/compiler-vapor/__tests__/transforms/transformKey.spec.ts:77:5	691b9d8a79a81c8233f627eed17cfa0d8be01131	single-declaration	StringLiteral	455b19e32608ed7f90ea31a5d2b9c816920d42b27095f78ffd7232fece34dc83	blocked	BV1	BF2 must runner-enumerate profiles and attach imported/equivalent/not-applicable/unsupported evidence.	-
VUE-B075DF0A8466D4F64358	compiler-vapor	packages/compiler-vapor/__tests__/transforms/transformKey.spec.ts:83:5	691b9d8a79a81c8233f627eed17cfa0d8be01131	single-declaration	StringLiteral	d54adf28735350fe03f4596dbd8bc40c1f69b0f9d609fc79991294c6bd79c77a	blocked	BV1	BF2 must runner-enumerate profiles and attach imported/equivalent/not-applicable/unsupported evidence.	-
VUE-A2C0DDE491E087DF2360	compiler-vapor	packages/compiler-vapor/__tests__/transforms/transformKey.spec.ts:89:5	691b9d8a79a81c8233f627eed17cfa0d8be01131	single-declaration	StringLiteral	4c93f09827bf67c85628ddd602f3da497fc3039704864c8740a9354f443c5866	blocked	BV1	BF2 must runner-enumerate profiles and attach imported/equivalent/not-applicable/unsupported evidence.	-
VUE-EE3D72D2A02128A7D0E8	compiler-vapor	packages/compiler-vapor/__tests__/transforms/transformKey.spec.ts:95:5	691b9d8a79a81c8233f627eed17cfa0d8be01131	single-declaration	StringLiteral	09b37b5f0deda5a52c09af5d5d0a23d019e45bb8375d474fb75e33cd7630bdc6	blocked	BV1	BF2 must runner-enumerate profiles and attach imported/equivalent/not-applicable/unsupported evidence.	-
VUE-AA140AAEBF4F38A74943	compiler-vapor	packages/compiler-vapor/__tests__/transforms/transformSlotOutlet.spec.ts:118:3	b401113f0e29f3876cff8e619e00436d8e8bd77c	single-declaration	StringLiteral	fd82c4bfbf83d47aab68c85666a5de91f79c8e5fbf9f84028a556248c2ad274f	blocked	BV1	BF2 must runner-enumerate profiles and attach imported/equivalent/not-applicable/unsupported evidence.	-
VUE-B318D8129EDE7CEA62E4	compiler-vapor	packages/compiler-vapor/__tests__/transforms/transformSlotOutlet.spec.ts:137:3	b401113f0e29f3876cff8e619e00436d8e8bd77c	single-declaration	StringLiteral	d0c1af8e10d78c8a3e8d8569328f37bbb253939878c828ee398f658848809126	blocked	BV1	BF2 must runner-enumerate profiles and attach imported/equivalent/not-applicable/unsupported evidence.	-
VUE-34307ED691556465EFF9	compiler-vapor	packages/compiler-vapor/__tests__/transforms/transformSlotOutlet.spec.ts:153:3	b401113f0e29f3876cff8e619e00436d8e8bd77c	single-declaration	StringLiteral	5d6738dc69f5a040cc9cc0dad0219732a2a6a616dfd39c2d0a546b265a9bb6e2	blocked	BV1	BF2 must runner-enumerate profiles and attach imported/equivalent/not-applicable/unsupported evidence.	-
VUE-939879FAECE728C33169	compiler-vapor	packages/compiler-vapor/__tests__/transforms/transformSlotOutlet.spec.ts:168:3	b401113f0e29f3876cff8e619e00436d8e8bd77c	single-declaration	StringLiteral	ae33eaca283faa1d96127dd02dad1362017ba893fa5cafb0bf4414f00f5d7ae2	blocked	BV1	BF2 must runner-enumerate profiles and attach imported/equivalent/not-applicable/unsupported evidence.	-
VUE-59389E9C6387D945CC47	compiler-vapor	packages/compiler-vapor/__tests__/transforms/transformSlotOutlet.spec.ts:186:3	b401113f0e29f3876cff8e619e00436d8e8bd77c	single-declaration	StringLiteral	61662539fab4de5a3b1781ce5d97b1fd598b7accc913df4870a4cda816e930d3	blocked	BV1	BF2 must runner-enumerate profiles and attach imported/equivalent/not-applicable/unsupported evidence.	-
VUE-E426BF2C3EE15470FCF9	compiler-vapor	packages/compiler-vapor/__tests__/transforms/transformSlotOutlet.spec.ts:206:3	b401113f0e29f3876cff8e619e00436d8e8bd77c	single-declaration	StringLiteral	fe452550c74032631daa3dbfe3fb83512b0cb1ca4abfd66ebbf6e1e45abedff5	blocked	BV1	BF2 must runner-enumerate profiles and attach imported/equivalent/not-applicable/unsupported evidence.	-
VUE-58F11643B9B62405E445	compiler-vapor	packages/compiler-vapor/__tests__/transforms/transformSlotOutlet.spec.ts:227:3	b401113f0e29f3876cff8e619e00436d8e8bd77c	single-declaration	StringLiteral	0b6cf97a20451ddd89ab4c9b1ebf0417f460b8ece39a4ea0b54ae39854efd496	blocked	BV1	BF2 must runner-enumerate profiles and attach imported/equivalent/not-applicable/unsupported evidence.	-
VUE-C1683E96AEAC67E8B1B1	compiler-vapor	packages/compiler-vapor/__tests__/transforms/transformSlotOutlet.spec.ts:248:3	b401113f0e29f3876cff8e619e00436d8e8bd77c	single-declaration	StringLiteral	186dc9757c9aa25976c2bce087a7572100085f9543b1a0f997df98e517aafb18	blocked	BV1	BF2 must runner-enumerate profiles and attach imported/equivalent/not-applicable/unsupported evidence.	-
VUE-84F495C8DE1F328179E1	compiler-vapor	packages/compiler-vapor/__tests__/transforms/transformSlotOutlet.spec.ts:254:3	b401113f0e29f3876cff8e619e00436d8e8bd77c	single-declaration	StringLiteral	47a2e2c0ba99fa291dac43d27fc81829ed1d6f8f611adb74f42072cc718e61d7	blocked	BV1	BF2 must runner-enumerate profiles and attach imported/equivalent/not-applicable/unsupported evidence.	-
VUE-7B95DAC4145269B4FDF5	compiler-vapor	packages/compiler-vapor/__tests__/transforms/transformSlotOutlet.spec.ts:262:3	b401113f0e29f3876cff8e619e00436d8e8bd77c	single-declaration	StringLiteral	8e6328a5a300a7f65ac533a45391a06a5725245ccb6386d698458352524f5296	blocked	BV1	BF2 must runner-enumerate profiles and attach imported/equivalent/not-applicable/unsupported evidence.	-
VUE-3F1791F0C304F47EF026	compiler-vapor	packages/compiler-vapor/__tests__/transforms/transformSlotOutlet.spec.ts:270:3	b401113f0e29f3876cff8e619e00436d8e8bd77c	single-declaration	StringLiteral	78cf79c49ab7c5abac8393bc617791bcfb952cdaa1789199d32173642ef41cff	blocked	BV1	BF2 must runner-enumerate profiles and attach imported/equivalent/not-applicable/unsupported evidence.	-
VUE-F19B6F261B52137630F0	compiler-vapor	packages/compiler-vapor/__tests__/transforms/transformSlotOutlet.spec.ts:278:3	b401113f0e29f3876cff8e619e00436d8e8bd77c	single-declaration	StringLiteral	8b19a8ddce5041cbab552284a60a0c0fc9d51c89c58afecf49a104e896b84552	blocked	BV1	BF2 must runner-enumerate profiles and attach imported/equivalent/not-applicable/unsupported evidence.	-
VUE-74E217ADED525249A1B3	compiler-vapor	packages/compiler-vapor/__tests__/transforms/transformSlotOutlet.spec.ts:301:3	b401113f0e29f3876cff8e619e00436d8e8bd77c	single-declaration	StringLiteral	f00fef46cd8924cae7f6d29d40b0c8407b71a50199b188a74b228ba55cd3642c	blocked	BV1	BF2 must runner-enumerate profiles and attach imported/equivalent/not-applicable/unsupported evidence.	-
VUE-CAA4E82425CEE41FB3F2	compiler-vapor	packages/compiler-vapor/__tests__/transforms/transformSlotOutlet.spec.ts:324:3	b401113f0e29f3876cff8e619e00436d8e8bd77c	single-declaration	StringLiteral	65ff51e4569f5553043fdb0e136fc3a96e0e23a1368a5cde72e6af31b5fafc84	blocked	BV1	BF2 must runner-enumerate profiles and attach imported/equivalent/not-applicable/unsupported evidence.	-
VUE-9C714D9150BD3C706E39	compiler-vapor	packages/compiler-vapor/__tests__/transforms/transformSlotOutlet.spec.ts:345:3	b401113f0e29f3876cff8e619e00436d8e8bd77c	single-declaration	StringLiteral	6f4034027a54a057a9e1720d78954838af188a8c388022ae513d3f33cb3bc253	blocked	BV1	BF2 must runner-enumerate profiles and attach imported/equivalent/not-applicable/unsupported evidence.	-
VUE-EFBBBD108F0D5923E8A6	compiler-vapor	packages/compiler-vapor/__tests__/transforms/transformSlotOutlet.spec.ts:36:3	b401113f0e29f3876cff8e619e00436d8e8bd77c	single-declaration	StringLiteral	9680c7770305acfce33d6b616c71ad0e39b688849f9b7a8f9d2dcd8c9a18e4b6	blocked	BV1	BF2 must runner-enumerate profiles and attach imported/equivalent/not-applicable/unsupported evidence.	-
VUE-8AD96CEB1B6047A667AB	compiler-vapor	packages/compiler-vapor/__tests__/transforms/transformSlotOutlet.spec.ts:365:3	b401113f0e29f3876cff8e619e00436d8e8bd77c	single-declaration	StringLiteral	f58ac4a2075556652213110bd904caf928aa51cd0c2b69d303752274fd713430	blocked	BV1	BF2 must runner-enumerate profiles and attach imported/equivalent/not-applicable/unsupported evidence.	-
VUE-78F10069CA0505582317	compiler-vapor	packages/compiler-vapor/__tests__/transforms/transformSlotOutlet.spec.ts:55:3	b401113f0e29f3876cff8e619e00436d8e8bd77c	single-declaration	StringLiteral	178e167aa87369e9f902e5f7e985d3251c7d395e8ce2e87d2fbf400acf6673ba	blocked	BV1	BF2 must runner-enumerate profiles and attach imported/equivalent/not-applicable/unsupported evidence.	-
VUE-25BB221B77DC8D78B011	compiler-vapor	packages/compiler-vapor/__tests__/transforms/transformSlotOutlet.spec.ts:69:3	b401113f0e29f3876cff8e619e00436d8e8bd77c	single-declaration	StringLiteral	b7d289f53965cb492e0acd40c44f5fa0a8415bc5c24748eac47d582c4475c8d0	blocked	BV1	BF2 must runner-enumerate profiles and attach imported/equivalent/not-applicable/unsupported evidence.	-
VUE-94870B0B709045B32BCD	compiler-vapor	packages/compiler-vapor/__tests__/transforms/transformSlotOutlet.spec.ts:83:3	b401113f0e29f3876cff8e619e00436d8e8bd77c	single-declaration	StringLiteral	b25c7018de858221a62511cfef5cbbc24837f61e300713fdf98b384eb2f71bcb	blocked	BV1	BF2 must runner-enumerate profiles and attach imported/equivalent/not-applicable/unsupported evidence.	-
VUE-5F667C6EA3ED65EA4E11	compiler-vapor	packages/compiler-vapor/__tests__/transforms/transformSlotOutlet.spec.ts:97:3	b401113f0e29f3876cff8e619e00436d8e8bd77c	single-declaration	StringLiteral	7d282636eaa091315d616e0b2029fb1415e624124e16487fce9658008361e0af	blocked	BV1	BF2 must runner-enumerate profiles and attach imported/equivalent/not-applicable/unsupported evidence.	-
VUE-FDD3D99BFD73FB1E8C8A	compiler-vapor	packages/compiler-vapor/__tests__/transforms/transformTemplateRef.spec.ts:107:3	cd61bec2ce92bbc2482d92f339773c4ec78412a2	single-declaration	StringLiteral	c96d5019a89745e9a0c54507e7a422d7d474074e51f44fe1d39b62e974e57ef0	blocked	BV1	BF2 must runner-enumerate profiles and attach imported/equivalent/not-applicable/unsupported evidence.	-
VUE-8D2BFE9B9FA8EE4D1DC8	compiler-vapor	packages/compiler-vapor/__tests__/transforms/transformTemplateRef.spec.ts:117:3	cd61bec2ce92bbc2482d92f339773c4ec78412a2	single-declaration	StringLiteral	44fd1728f403327c566897e51174f4a261910a5598bbd432b8da175e1ee00092	blocked	BV1	BF2 must runner-enumerate profiles and attach imported/equivalent/not-applicable/unsupported evidence.	-
VUE-6051CA62C3B994B4F18A	compiler-vapor	packages/compiler-vapor/__tests__/transforms/transformTemplateRef.spec.ts:145:3	cd61bec2ce92bbc2482d92f339773c4ec78412a2	single-declaration	StringLiteral	e6d32fc28aabfc38ea3363c554cd431ff41aba47f551334abbcd8c8d261d74a7	blocked	BV1	BF2 must runner-enumerate profiles and attach imported/equivalent/not-applicable/unsupported evidence.	-
VUE-7C42A84FB92C1BA3C612	compiler-vapor	packages/compiler-vapor/__tests__/transforms/transformTemplateRef.spec.ts:157:3	cd61bec2ce92bbc2482d92f339773c4ec78412a2	single-declaration	StringLiteral	98a801683383300b028765e9870cf7fc3b0d39d9cad5831c4c6578602697fe43	blocked	BV1	BF2 must runner-enumerate profiles and attach imported/equivalent/not-applicable/unsupported evidence.	-
VUE-A738280D8988B2BA8964	compiler-vapor	packages/compiler-vapor/__tests__/transforms/transformTemplateRef.spec.ts:169:3	cd61bec2ce92bbc2482d92f339773c4ec78412a2	single-declaration	StringLiteral	17f0b1c42511365474187ec9400fc9835447f152301d6b3307d6a4b6c5a737c5	blocked	BV1	BF2 must runner-enumerate profiles and attach imported/equivalent/not-applicable/unsupported evidence.	-
VUE-93DD10B6047CCDC2B565	compiler-vapor	packages/compiler-vapor/__tests__/transforms/transformTemplateRef.spec.ts:181:3	cd61bec2ce92bbc2482d92f339773c4ec78412a2	single-declaration	StringLiteral	a58399afa66e01fb9ed3361162f22bce1db8a163d61563647102c6af1333d7cf	blocked	BV1	BF2 must runner-enumerate profiles and attach imported/equivalent/not-applicable/unsupported evidence.	-
VUE-9A1DF1269B51C028E265	compiler-vapor	packages/compiler-vapor/__tests__/transforms/transformTemplateRef.spec.ts:193:3	cd61bec2ce92bbc2482d92f339773c4ec78412a2	single-declaration	StringLiteral	35f8d4b6d9355c21d1c4b56150a4be5b0245f744a4323d662f20c7e8ab8630c4	blocked	BV1	BF2 must runner-enumerate profiles and attach imported/equivalent/not-applicable/unsupported evidence.	-
VUE-7686F0ACBD60EB0F19E7	compiler-vapor	packages/compiler-vapor/__tests__/transforms/transformTemplateRef.spec.ts:202:3	cd61bec2ce92bbc2482d92f339773c4ec78412a2	single-declaration	StringLiteral	ad31e68fb9a9a42a503d77b65a0ec97bc8b56607d1d022b4905d88dd96ea0869	blocked	BV1	BF2 must runner-enumerate profiles and attach imported/equivalent/not-applicable/unsupported evidence.	-
VUE-65E29D685B5CE711B7DF	compiler-vapor	packages/compiler-vapor/__tests__/transforms/transformTemplateRef.spec.ts:215:3	cd61bec2ce92bbc2482d92f339773c4ec78412a2	single-declaration	StringLiteral	5dd65c0edd419e9e7096e86f0d17f86e68b1c6775c3ec81edab3c211c11f431b	blocked	BV1	BF2 must runner-enumerate profiles and attach imported/equivalent/not-applicable/unsupported evidence.	-
VUE-C69BFB652B1103F66C38	compiler-vapor	packages/compiler-vapor/__tests__/transforms/transformTemplateRef.spec.ts:250:3	cd61bec2ce92bbc2482d92f339773c4ec78412a2	single-declaration	StringLiteral	7250e156b30e8a9389935685cfdc2f04c57980989c40e460ef6f52a45316df56	blocked	BV1	BF2 must runner-enumerate profiles and attach imported/equivalent/not-applicable/unsupported evidence.	-
VUE-BCF259EFA4E9D92CDA94	compiler-vapor	packages/compiler-vapor/__tests__/transforms/transformTemplateRef.spec.ts:275:3	cd61bec2ce92bbc2482d92f339773c4ec78412a2	single-declaration	StringLiteral	c24a32f746f34e5fc6aca44d7daffdeef540afbfb085933b152418b4c765943e	blocked	BV1	BF2 must runner-enumerate profiles and attach imported/equivalent/not-applicable/unsupported evidence.	-
VUE-4668D5E1BDD3F412D6FB	compiler-vapor	packages/compiler-vapor/__tests__/transforms/transformTemplateRef.spec.ts:28:3	cd61bec2ce92bbc2482d92f339773c4ec78412a2	single-declaration	StringLiteral	65650eeb12299ec044d4da328bb97e1d9603325ce4da756b6486fe60ef9f38df	blocked	BV1	BF2 must runner-enumerate profiles and attach imported/equivalent/not-applicable/unsupported evidence.	-
VUE-A41F9C95E915BDB937A2	compiler-vapor	packages/compiler-vapor/__tests__/transforms/transformTemplateRef.spec.ts:298:3	cd61bec2ce92bbc2482d92f339773c4ec78412a2	single-declaration	StringLiteral	6fecbb6d2415ac42f2b3cee857b09b034d3979abc210123ab203aaff669ed101	blocked	BV1	BF2 must runner-enumerate profiles and attach imported/equivalent/not-applicable/unsupported evidence.	-
VUE-06D6368EB84A79D1B114	compiler-vapor	packages/compiler-vapor/__tests__/transforms/transformTemplateRef.spec.ts:54:3	cd61bec2ce92bbc2482d92f339773c4ec78412a2	single-declaration	StringLiteral	8938f6a45f01c7e922228154f212914b4abfad487931d1e0a0cfc165d4b77d6e	blocked	BV1	BF2 must runner-enumerate profiles and attach imported/equivalent/not-applicable/unsupported evidence.	-
VUE-20609340CF7E48F1C327	compiler-vapor	packages/compiler-vapor/__tests__/transforms/transformTemplateRef.spec.ts:65:3	cd61bec2ce92bbc2482d92f339773c4ec78412a2	single-declaration	StringLiteral	0a0c99de513ec2e215f747c8a4054c45bb071feb82cbc8c7c08fb3f85c3997e1	blocked	BV1	BF2 must runner-enumerate profiles and attach imported/equivalent/not-applicable/unsupported evidence.	-
VUE-88072021DFB3D725154C	compiler-vapor	packages/compiler-vapor/__tests__/transforms/transformTemplateRef.spec.ts:77:3	cd61bec2ce92bbc2482d92f339773c4ec78412a2	single-declaration	StringLiteral	c4e49cc958d336ba81fef21de09f9b03768756409f7813691a544801da700a6c	blocked	BV1	BF2 must runner-enumerate profiles and attach imported/equivalent/not-applicable/unsupported evidence.	-
VUE-6EE8492ECFABE1E3B89D	compiler-vapor	packages/compiler-vapor/__tests__/transforms/transformTemplateRef.spec.ts:88:3	cd61bec2ce92bbc2482d92f339773c4ec78412a2	single-declaration	StringLiteral	4a866f4007102005ffede2f48d499715089e16f2b411c6c3d5d2b868bae71b7b	blocked	BV1	BF2 must runner-enumerate profiles and attach imported/equivalent/not-applicable/unsupported evidence.	-
VUE-90835BB003C660DBF2D3	compiler-vapor	packages/compiler-vapor/__tests__/transforms/transformTemplateRef.spec.ts:99:3	cd61bec2ce92bbc2482d92f339773c4ec78412a2	single-declaration	StringLiteral	21b707b498db200455c20967ea8c3adde2ddc18f4af05dd35d89af0756736047	blocked	BV1	BF2 must runner-enumerate profiles and attach imported/equivalent/not-applicable/unsupported evidence.	-
VUE-1D5B6DC25482B9571677	compiler-vapor	packages/compiler-vapor/__tests__/transforms/transformText.spec.ts:105:3	84a0650c75c5626080a934fb24d08eb9ae3b8af8	single-declaration	StringLiteral	556c0e025c743662ba2472b4f707cccede0a6436823037aabe363092385bd5fd	blocked	BV1	BF2 must runner-enumerate profiles and attach imported/equivalent/not-applicable/unsupported evidence.	-
VUE-418D4EFF02F632F1B3AF	compiler-vapor	packages/compiler-vapor/__tests__/transforms/transformText.spec.ts:111:3	84a0650c75c5626080a934fb24d08eb9ae3b8af8	single-declaration	StringLiteral	61421a36e1014f7c65edc65d36163c3ba22e87ad7477f354ff5815e408a5b82a	blocked	BV1	BF2 must runner-enumerate profiles and attach imported/equivalent/not-applicable/unsupported evidence.	-
VUE-68847D6FC661509FA3A0	compiler-vapor	packages/compiler-vapor/__tests__/transforms/transformText.spec.ts:120:3	84a0650c75c5626080a934fb24d08eb9ae3b8af8	single-declaration	StringLiteral	863ea60fa3397d0bfd51a66a1d89e7d4553e8ea984c48debfb137cbacd664375	blocked	BV1	BF2 must runner-enumerate profiles and attach imported/equivalent/not-applicable/unsupported evidence.	-
VUE-29843C9EC93C37DC3327	compiler-vapor	packages/compiler-vapor/__tests__/transforms/transformText.spec.ts:127:3	84a0650c75c5626080a934fb24d08eb9ae3b8af8	single-declaration	StringLiteral	8ea0827eac97708734305aef7708b3b1a7d7284cfcb568a8c983e9d3a0cc1e51	blocked	BV1	BF2 must runner-enumerate profiles and attach imported/equivalent/not-applicable/unsupported evidence.	-
VUE-13002B5582858F62B124	compiler-vapor	packages/compiler-vapor/__tests__/transforms/transformText.spec.ts:141:3	84a0650c75c5626080a934fb24d08eb9ae3b8af8	single-declaration	StringLiteral	fc241812cba4f66b44774024961ea22ca4e6b3e88a19bfb313445500f5d3b89c	blocked	BV1	BF2 must runner-enumerate profiles and attach imported/equivalent/not-applicable/unsupported evidence.	-
VUE-3719365CCE77E35BB370	compiler-vapor	packages/compiler-vapor/__tests__/transforms/transformText.spec.ts:30:3	84a0650c75c5626080a934fb24d08eb9ae3b8af8	single-declaration	StringLiteral	773a9674ae506195a7024d0d4e92d7c3b4373aad79a36c91b0bdae0a7594eb69	blocked	BV1	BF2 must runner-enumerate profiles and attach imported/equivalent/not-applicable/unsupported evidence.	-
VUE-89D66405A19D52C551DC	compiler-vapor	packages/compiler-vapor/__tests__/transforms/transformText.spec.ts:51:3	84a0650c75c5626080a934fb24d08eb9ae3b8af8	single-declaration	StringLiteral	968779d1114984239a92bd6723379c4c5ee98eccb14c21861db89e43d9975330	blocked	BV1	BF2 must runner-enumerate profiles and attach imported/equivalent/not-applicable/unsupported evidence.	-
VUE-476232218FE0CF7438E5	compiler-vapor	packages/compiler-vapor/__tests__/transforms/transformText.spec.ts:59:3	84a0650c75c5626080a934fb24d08eb9ae3b8af8	single-declaration	StringLiteral	5ab921a287cb777ff23641a47963c1a075d9d7992c6bc96df81bf83ed215f7ae	blocked	BV1	BF2 must runner-enumerate profiles and attach imported/equivalent/not-applicable/unsupported evidence.	-
VUE-13E1DAA8E897753CD5E9	compiler-vapor	packages/compiler-vapor/__tests__/transforms/transformText.spec.ts:65:3	84a0650c75c5626080a934fb24d08eb9ae3b8af8	single-declaration	StringLiteral	2b392726984516b8ce992481c18687fcffbd4fbef64c724dc43cde75aee5c12c	blocked	BV1	BF2 must runner-enumerate profiles and attach imported/equivalent/not-applicable/unsupported evidence.	-
VUE-C52950C67E9FD9CF87E3	compiler-vapor	packages/compiler-vapor/__tests__/transforms/transformText.spec.ts:75:3	84a0650c75c5626080a934fb24d08eb9ae3b8af8	single-declaration	StringLiteral	379eca920a7c65b61ca90441102801b469aee7711876c4de4b5a56453f881684	blocked	BV1	BF2 must runner-enumerate profiles and attach imported/equivalent/not-applicable/unsupported evidence.	-
VUE-E0AEEB9A6C73D4FC0EE3	compiler-vapor	packages/compiler-vapor/__tests__/transforms/transformText.spec.ts:88:3	84a0650c75c5626080a934fb24d08eb9ae3b8af8	single-declaration	StringLiteral	cdce333ffe08adac3843aa4c2f01d8d867b1e810fbf71c2dffa275377154be08	blocked	BV1	BF2 must runner-enumerate profiles and attach imported/equivalent/not-applicable/unsupported evidence.	-
VUE-9E5EB50E9F18C28E73DC	compiler-vapor	packages/compiler-vapor/__tests__/transforms/transformText.spec.ts:98:3	84a0650c75c5626080a934fb24d08eb9ae3b8af8	single-declaration	StringLiteral	ee0cbf03c0742e9e6461543b08e022578ad474db52e2f72db2bbd69254ac9ee8	blocked	BV1	BF2 must runner-enumerate profiles and attach imported/equivalent/not-applicable/unsupported evidence.	-
VUE-FD90CB89FE1C9C9F3228	compiler-vapor	packages/compiler-vapor/__tests__/transforms/TransformTransition.spec.ts:100:3	f078a0318944f7e100eada6fbe6319a091633b3a	single-declaration	StringLiteral	1022810a3d5cd44d3f5d35e2c3286caf7bd17843ad160cbbbc458aa1c1ba9c29	blocked	BV1	BF2 must runner-enumerate profiles and attach imported/equivalent/not-applicable/unsupported evidence.	-
VUE-BA58A0483D1EC4A9AC3B	compiler-vapor	packages/compiler-vapor/__tests__/transforms/TransformTransition.spec.ts:112:3	f078a0318944f7e100eada6fbe6319a091633b3a	single-declaration	StringLiteral	738b5bc854ab86448226ba122037f9ab500ad8ce333d3762c091475c6b9fcaf8	blocked	BV1	BF2 must runner-enumerate profiles and attach imported/equivalent/not-applicable/unsupported evidence.	-
VUE-0363729007FEACEF2B8A	compiler-vapor	packages/compiler-vapor/__tests__/transforms/TransformTransition.spec.ts:123:3	f078a0318944f7e100eada6fbe6319a091633b3a	single-declaration	StringLiteral	eb70b5ecc3f85461bd9e6ad7b4f8c55a6760ad96c800f12575b52b16930e6526	blocked	BV1	BF2 must runner-enumerate profiles and attach imported/equivalent/not-applicable/unsupported evidence.	-
VUE-06E0ECD03057E5D54ED7	compiler-vapor	packages/compiler-vapor/__tests__/transforms/TransformTransition.spec.ts:136:3	f078a0318944f7e100eada6fbe6319a091633b3a	single-declaration	StringLiteral	405095d9f4dda70459a70afe175226ca04b271ef8a27c53aaccd5109448d4b9f	blocked	BV1	BF2 must runner-enumerate profiles and attach imported/equivalent/not-applicable/unsupported evidence.	-
VUE-D6626F01B129B65DF5E2	compiler-vapor	packages/compiler-vapor/__tests__/transforms/TransformTransition.spec.ts:150:3	f078a0318944f7e100eada6fbe6319a091633b3a	single-declaration	StringLiteral	a8455ac540741f26ad8509312ec1534072b426b8c7eadba4417345dbb402a84d	blocked	BV1	BF2 must runner-enumerate profiles and attach imported/equivalent/not-applicable/unsupported evidence.	-
VUE-31C70BC05C16D812C59F	compiler-vapor	packages/compiler-vapor/__tests__/transforms/TransformTransition.spec.ts:163:3	f078a0318944f7e100eada6fbe6319a091633b3a	single-declaration	StringLiteral	486ee1989dc21a9b585dfa11605265b919bbf33370d90ea7c71a0fdf41337457	blocked	BV1	BF2 must runner-enumerate profiles and attach imported/equivalent/not-applicable/unsupported evidence.	-
VUE-DD914CDDA78E59BED224	compiler-vapor	packages/compiler-vapor/__tests__/transforms/TransformTransition.spec.ts:175:3	f078a0318944f7e100eada6fbe6319a091633b3a	single-declaration	StringLiteral	5d04ac4a09d936a2d60f2546f8aad3a7de891001952d9036419729ac0f323999	blocked	BV1	BF2 must runner-enumerate profiles and attach imported/equivalent/not-applicable/unsupported evidence.	-
VUE-A1447ADE420C294A9C32	compiler-vapor	packages/compiler-vapor/__tests__/transforms/TransformTransition.spec.ts:187:3	f078a0318944f7e100eada6fbe6319a091633b3a	single-declaration	StringLiteral	18d0f16bc3806c894d602c288634ecbb5b3474cef5601a33465d4c118a0a95a4	blocked	BV1	BF2 must runner-enumerate profiles and attach imported/equivalent/not-applicable/unsupported evidence.	-
VUE-8F894F9C07DABA338B33	compiler-vapor	packages/compiler-vapor/__tests__/transforms/TransformTransition.spec.ts:199:3	f078a0318944f7e100eada6fbe6319a091633b3a	single-declaration	StringLiteral	80d89c80669561b837cdcbb0e12699648a773437129f34e48ba99db68f84c423	blocked	BV1	BF2 must runner-enumerate profiles and attach imported/equivalent/not-applicable/unsupported evidence.	-
VUE-CED0FBEDC80CBCE287DD	compiler-vapor	packages/compiler-vapor/__tests__/transforms/TransformTransition.spec.ts:210:3	f078a0318944f7e100eada6fbe6319a091633b3a	single-declaration	StringLiteral	4166d473167f1354747aeebaf6011deea7e02de87ac001158fda68105c959684	blocked	BV1	BF2 must runner-enumerate profiles and attach imported/equivalent/not-applicable/unsupported evidence.	-
VUE-F9F1B04A1AFF5504E0A9	compiler-vapor	packages/compiler-vapor/__tests__/transforms/TransformTransition.spec.ts:221:3	f078a0318944f7e100eada6fbe6319a091633b3a	single-declaration	StringLiteral	704ce7c3f7cd7926d22f1abcbdcddcfd7b08dc3d8b5c50d55f1dd60fdaa7aea5	blocked	BV1	BF2 must runner-enumerate profiles and attach imported/equivalent/not-applicable/unsupported evidence.	-
VUE-0D0C93620BC9A62199E6	compiler-vapor	packages/compiler-vapor/__tests__/transforms/TransformTransition.spec.ts:234:3	f078a0318944f7e100eada6fbe6319a091633b3a	single-declaration	StringLiteral	7e6b3f82a7925c9fcc2c0975af244657662ee1d56a3312d6e31d5bb06de93eaf	blocked	BV1	BF2 must runner-enumerate profiles and attach imported/equivalent/not-applicable/unsupported evidence.	-
VUE-4668A30721B8AF1B7F88	compiler-vapor	packages/compiler-vapor/__tests__/transforms/TransformTransition.spec.ts:246:3	f078a0318944f7e100eada6fbe6319a091633b3a	single-declaration	StringLiteral	ca8e59a1730a2c7e13e7ed7ed2146b98fc938bcff6219626f61b04aa3b25b2b8	blocked	BV1	BF2 must runner-enumerate profiles and attach imported/equivalent/not-applicable/unsupported evidence.	-
VUE-CE7F4B4B2DDD02F26953	compiler-vapor	packages/compiler-vapor/__tests__/transforms/TransformTransition.spec.ts:261:3	f078a0318944f7e100eada6fbe6319a091633b3a	single-declaration	StringLiteral	781adc62b650fb7aecf0e70e77cf7cf26297efc8da7679c259852591f648608a	blocked	BV1	BF2 must runner-enumerate profiles and attach imported/equivalent/not-applicable/unsupported evidence.	-
VUE-D082A7B24EA5E9D237AB	compiler-vapor	packages/compiler-vapor/__tests__/transforms/TransformTransition.spec.ts:271:3	f078a0318944f7e100eada6fbe6319a091633b3a	single-declaration	StringLiteral	5b76731c208e5f7332a0c9a8129e59de2830ee88769b7f622781b576da70ef7e	blocked	BV1	BF2 must runner-enumerate profiles and attach imported/equivalent/not-applicable/unsupported evidence.	-
VUE-88F70CF74E535BF32401	compiler-vapor	packages/compiler-vapor/__tests__/transforms/TransformTransition.spec.ts:281:3	f078a0318944f7e100eada6fbe6319a091633b3a	single-declaration	StringLiteral	196764b8b74a47864e74f6e0f0f6095ff8f8ab1c9a6d0bb8e4d251f78f374d58	blocked	BV1	BF2 must runner-enumerate profiles and attach imported/equivalent/not-applicable/unsupported evidence.	-
VUE-B91971B309B2F0E79896	compiler-vapor	packages/compiler-vapor/__tests__/transforms/TransformTransition.spec.ts:33:3	f078a0318944f7e100eada6fbe6319a091633b3a	single-declaration	StringLiteral	8630f6bdb0e06a9167722b29c0d0428180b912f248abe561843f8c31877ac1a8	blocked	BV1	BF2 must runner-enumerate profiles and attach imported/equivalent/not-applicable/unsupported evidence.	-
VUE-9505C6A12587395C24FB	compiler-vapor	packages/compiler-vapor/__tests__/transforms/TransformTransition.spec.ts:40:3	f078a0318944f7e100eada6fbe6319a091633b3a	single-declaration	StringLiteral	709374b91078d2c7cd3776c82247a10052e02b884577f3c63eb8d1ee03c91bb5	blocked	BV1	BF2 must runner-enumerate profiles and attach imported/equivalent/not-applicable/unsupported evidence.	-
VUE-F1BCADBF4450CAAB5176	compiler-vapor	packages/compiler-vapor/__tests__/transforms/TransformTransition.spec.ts:47:3	f078a0318944f7e100eada6fbe6319a091633b3a	single-declaration	StringLiteral	6ddb9fc065c67d1c0122079c2159f48001cd8f346172e8e0daccac53f5f6d841	blocked	BV1	BF2 must runner-enumerate profiles and attach imported/equivalent/not-applicable/unsupported evidence.	-
VUE-3FAB59C21A1EE0F27AF1	compiler-vapor	packages/compiler-vapor/__tests__/transforms/TransformTransition.spec.ts:55:3	f078a0318944f7e100eada6fbe6319a091633b3a	single-declaration	StringLiteral	75efd6f6dd7ef370ce024d969d7666497f39056ebc8f27ecf67293f657cb14bf	blocked	BV1	BF2 must runner-enumerate profiles and attach imported/equivalent/not-applicable/unsupported evidence.	-
VUE-7599DB0760D00867D02B	compiler-vapor	packages/compiler-vapor/__tests__/transforms/TransformTransition.spec.ts:79:3	f078a0318944f7e100eada6fbe6319a091633b3a	single-declaration	StringLiteral	d0b1e85faa99867c65edb14790541594831230ab661735c8ddd5e5a842373c04	blocked	BV1	BF2 must runner-enumerate profiles and attach imported/equivalent/not-applicable/unsupported evidence.	-
VUE-D2F93F184047D74BC149	compiler-vapor	packages/compiler-vapor/__tests__/transforms/TransformTransition.spec.ts:89:3	f078a0318944f7e100eada6fbe6319a091633b3a	single-declaration	StringLiteral	5cee974ce610c1f38205ba05343ed2dbb45653e69366ba7daeefddbf223d2722	blocked	BV1	BF2 must runner-enumerate profiles and attach imported/equivalent/not-applicable/unsupported evidence.	-
VUE-174D0F9E5D9ED4B2BBB9	compiler-vapor	packages/compiler-vapor/__tests__/transforms/vBind.spec.ts:1005:3	f4e8e57dbf8c146076448bb22b8a929f2e326ebe	single-declaration	StringLiteral	01daceac0df584440057728e8360633c5d366a18b7cc0d4d4e17f33efd06e00e	blocked	BV1	BF2 must runner-enumerate profiles and attach imported/equivalent/not-applicable/unsupported evidence.	-
VUE-900DBC1284B00726BBA2	compiler-vapor	packages/compiler-vapor/__tests__/transforms/vBind.spec.ts:1016:3	f4e8e57dbf8c146076448bb22b8a929f2e326ebe	single-declaration	StringLiteral	d383f5cd088d1a44d7c4f91203a5d75782afad0e7f0388196235b11cddb9d5f6	blocked	BV1	BF2 must runner-enumerate profiles and attach imported/equivalent/not-applicable/unsupported evidence.	-
VUE-C5AEF6ABB45DBC192D0E	compiler-vapor	packages/compiler-vapor/__tests__/transforms/vBind.spec.ts:1024:3	f4e8e57dbf8c146076448bb22b8a929f2e326ebe	single-declaration	StringLiteral	cc51f40d0e20796abe5b24cdcf5892c4e67429bdf69143c2bd83684093d84eef	blocked	BV1	BF2 must runner-enumerate profiles and attach imported/equivalent/not-applicable/unsupported evidence.	-
VUE-C4CA9F62C0662131BFF5	compiler-vapor	packages/compiler-vapor/__tests__/transforms/vBind.spec.ts:1032:3	f4e8e57dbf8c146076448bb22b8a929f2e326ebe	single-declaration	StringLiteral	f19102ef8d03362a35c4e8c90e50868dca795f40c0156c93ed0a106f89dcf8da	blocked	BV1	BF2 must runner-enumerate profiles and attach imported/equivalent/not-applicable/unsupported evidence.	-
VUE-76F118DF4D39BAF2B6AF	compiler-vapor	packages/compiler-vapor/__tests__/transforms/vBind.spec.ts:1038:3	f4e8e57dbf8c146076448bb22b8a929f2e326ebe	single-declaration	StringLiteral	f2e78c3b9e356d2c0b5cc54e53f22885f64178eea4cf80952a76c42d2347e3ce	blocked	BV1	BF2 must runner-enumerate profiles and attach imported/equivalent/not-applicable/unsupported evidence.	-
VUE-7389DB6BA3F4BE75C8F6	compiler-vapor	packages/compiler-vapor/__tests__/transforms/vBind.spec.ts:110:3	f4e8e57dbf8c146076448bb22b8a929f2e326ebe	single-declaration	StringLiteral	0d4aca203671b639dd4c86a517af670063e223eb24411fc00f56cbc0828e673a	blocked	BV1	BF2 must runner-enumerate profiles and attach imported/equivalent/not-applicable/unsupported evidence.	-
VUE-6917A493EF85B84B1005	compiler-vapor	packages/compiler-vapor/__tests__/transforms/vBind.spec.ts:132:3	f4e8e57dbf8c146076448bb22b8a929f2e326ebe	single-declaration	StringLiteral	fd28b2f21db8352051364d9fb0ef1024e6980a984cd9401d6c7a609e0c85d8fc	blocked	BV1	BF2 must runner-enumerate profiles and attach imported/equivalent/not-applicable/unsupported evidence.	-
VUE-AA442FD088002563D856	compiler-vapor	packages/compiler-vapor/__tests__/transforms/vBind.spec.ts:178:3	f4e8e57dbf8c146076448bb22b8a929f2e326ebe	single-declaration	StringLiteral	dcc0eb69d71a200d8a2279b03f4017eac4cd7dbb108ad661ac7a3ebb7cea0a80	blocked	BV1	BF2 must runner-enumerate profiles and attach imported/equivalent/not-applicable/unsupported evidence.	-
VUE-DA06F0A2E9D2EDFEA5BA	compiler-vapor	packages/compiler-vapor/__tests__/transforms/vBind.spec.ts:19:3	f4e8e57dbf8c146076448bb22b8a929f2e326ebe	single-declaration	StringLiteral	8630f6bdb0e06a9167722b29c0d0428180b912f248abe561843f8c31877ac1a8	blocked	BV1	BF2 must runner-enumerate profiles and attach imported/equivalent/not-applicable/unsupported evidence.	-
VUE-2F2DBABF599AAA80F2B8	compiler-vapor	packages/compiler-vapor/__tests__/transforms/vBind.spec.ts:231:3	f4e8e57dbf8c146076448bb22b8a929f2e326ebe	single-declaration	StringLiteral	3c50d3ab6a573aef81a229e843636e7681ecc1cc1d8aa2b6502ffe957a0063a3	blocked	BV1	BF2 must runner-enumerate profiles and attach imported/equivalent/not-applicable/unsupported evidence.	-
VUE-B59ACBBD6417BEC44D00	compiler-vapor	packages/compiler-vapor/__tests__/transforms/vBind.spec.ts:250:3	f4e8e57dbf8c146076448bb22b8a929f2e326ebe	single-declaration	StringLiteral	b90afc4b76997c9f1bf672b2e8a432d0cc671d1d4705c4f6997009953b425b97	blocked	BV1	BF2 must runner-enumerate profiles and attach imported/equivalent/not-applicable/unsupported evidence.	-
VUE-5353AA5F0398097C4A88	compiler-vapor	packages/compiler-vapor/__tests__/transforms/vBind.spec.ts:268:3	f4e8e57dbf8c146076448bb22b8a929f2e326ebe	single-declaration	StringLiteral	72329637dbe367e1f6cd4253dacf455adf1e213b671f4d96a59220f50c87cca1	blocked	BV1	BF2 must runner-enumerate profiles and attach imported/equivalent/not-applicable/unsupported evidence.	-
VUE-257C3608A61E79AE6970	compiler-vapor	packages/compiler-vapor/__tests__/transforms/vBind.spec.ts:292:3	f4e8e57dbf8c146076448bb22b8a929f2e326ebe	single-declaration	StringLiteral	fe5878af25330b660e3303a881a12499af89f662d62d0ced004297026a0344b2	blocked	BV1	BF2 must runner-enumerate profiles and attach imported/equivalent/not-applicable/unsupported evidence.	-
VUE-E31432BD13CA833DAA1F	compiler-vapor	packages/compiler-vapor/__tests__/transforms/vBind.spec.ts:316:3	f4e8e57dbf8c146076448bb22b8a929f2e326ebe	single-declaration	StringLiteral	3aa41baf0b0b9344022672c5f862a6aa04071870e79d3f11184307bd6f015ef3	blocked	BV1	BF2 must runner-enumerate profiles and attach imported/equivalent/not-applicable/unsupported evidence.	-
VUE-8B51143D38D07BC93D65	compiler-vapor	packages/compiler-vapor/__tests__/transforms/vBind.spec.ts:348:3	f4e8e57dbf8c146076448bb22b8a929f2e326ebe	single-declaration	StringLiteral	a2c7e908318ff2452a094cab10b429ec19bb183216c66c5ce9cb8c340e43bbe8	blocked	BV1	BF2 must runner-enumerate profiles and attach imported/equivalent/not-applicable/unsupported evidence.	-
VUE-D51E3862064BDC974305	compiler-vapor	packages/compiler-vapor/__tests__/transforms/vBind.spec.ts:379:3	f4e8e57dbf8c146076448bb22b8a929f2e326ebe	single-declaration	StringLiteral	1ab52d0c0abfcf8886d7807bff06680cd70ed951171e17c2f821346464374672	blocked	BV1	BF2 must runner-enumerate profiles and attach imported/equivalent/not-applicable/unsupported evidence.	-
VUE-4681E3397A61BF82CDC6	compiler-vapor	packages/compiler-vapor/__tests__/transforms/vBind.spec.ts:403:3	f4e8e57dbf8c146076448bb22b8a929f2e326ebe	single-declaration	StringLiteral	902fa0528b1a7ad3f5a00703d8bff2f4fe0666283597a2c5a51d4950af58fe4a	blocked	BV1	BF2 must runner-enumerate profiles and attach imported/equivalent/not-applicable/unsupported evidence.	-
VUE-ABFDAC79FFE6C85EDCF5	compiler-vapor	packages/compiler-vapor/__tests__/transforms/vBind.spec.ts:427:3	f4e8e57dbf8c146076448bb22b8a929f2e326ebe	single-declaration	StringLiteral	23c21287e6d29a81d15b362c5485a952af6b5137d380a86b46ae10ba384745e0	blocked	BV1	BF2 must runner-enumerate profiles and attach imported/equivalent/not-applicable/unsupported evidence.	-
VUE-E87BA1B08F34D8793E87	compiler-vapor	packages/compiler-vapor/__tests__/transforms/vBind.spec.ts:458:3	f4e8e57dbf8c146076448bb22b8a929f2e326ebe	single-declaration	StringLiteral	7439af295e0f180fc75186d5cae173e49f6dfed244587ce7e3330d0626057ae3	blocked	BV1	BF2 must runner-enumerate profiles and attach imported/equivalent/not-applicable/unsupported evidence.	-
VUE-4FB7587A288FC1D6EEB6	compiler-vapor	packages/compiler-vapor/__tests__/transforms/vBind.spec.ts:487:3	f4e8e57dbf8c146076448bb22b8a929f2e326ebe	single-declaration	StringLiteral	a073f9a327a7c55f6a8197662da54c788eba12a79f43525388a9e6989057e9ad	blocked	BV1	BF2 must runner-enumerate profiles and attach imported/equivalent/not-applicable/unsupported evidence.	-
VUE-C7DE9672738A1DF66E50	compiler-vapor	packages/compiler-vapor/__tests__/transforms/vBind.spec.ts:511:3	f4e8e57dbf8c146076448bb22b8a929f2e326ebe	single-declaration	StringLiteral	a372f7359ca656385aee6c6b98222797577ed16848dafa553cceacd8ee68ea88	blocked	BV1	BF2 must runner-enumerate profiles and attach imported/equivalent/not-applicable/unsupported evidence.	-
VUE-B070A4CC6A137CFB300A	compiler-vapor	packages/compiler-vapor/__tests__/transforms/vBind.spec.ts:535:3	f4e8e57dbf8c146076448bb22b8a929f2e326ebe	single-declaration	StringLiteral	cb393b6f44a57af151dd6cc93ae1bb19096c946bb4c53c845689ac2bdf31473a	blocked	BV1	BF2 must runner-enumerate profiles and attach imported/equivalent/not-applicable/unsupported evidence.	-
VUE-A0128E45CB416B2928C4	compiler-vapor	packages/compiler-vapor/__tests__/transforms/vBind.spec.ts:541:3	f4e8e57dbf8c146076448bb22b8a929f2e326ebe	single-declaration	StringLiteral	f3a4db7e73e41bcf1819a8a674c84daad1c68714b7eaf2e50cc8cc5d56ce89ca	blocked	BV1	BF2 must runner-enumerate profiles and attach imported/equivalent/not-applicable/unsupported evidence.	-
VUE-0740CD5F1A1C3A597734	compiler-vapor	packages/compiler-vapor/__tests__/transforms/vBind.spec.ts:547:3	f4e8e57dbf8c146076448bb22b8a929f2e326ebe	single-declaration	StringLiteral	f548f2cad5519724e71d598287b5d3b58fab8640a825b19339d4d6693299f1b2	blocked	BV1	BF2 must runner-enumerate profiles and attach imported/equivalent/not-applicable/unsupported evidence.	-
VUE-9C8306A9B2A46E705890	compiler-vapor	packages/compiler-vapor/__tests__/transforms/vBind.spec.ts:553:3	f4e8e57dbf8c146076448bb22b8a929f2e326ebe	single-declaration	StringLiteral	8abf726cdba311eb3904a73a39e5ba25ca94accf90080c47c61ae86374788b06	blocked	BV1	BF2 must runner-enumerate profiles and attach imported/equivalent/not-applicable/unsupported evidence.	-
VUE-08BA2303D873BD38A2E9	compiler-vapor	packages/compiler-vapor/__tests__/transforms/vBind.spec.ts:559:3	f4e8e57dbf8c146076448bb22b8a929f2e326ebe	single-declaration	StringLiteral	651845728ca0a4d4907968bb0048ff24927900b46feaf28b3a193856b1a98f85	blocked	BV1	BF2 must runner-enumerate profiles and attach imported/equivalent/not-applicable/unsupported evidence.	-
VUE-9266069D6A17F2ADC49B	compiler-vapor	packages/compiler-vapor/__tests__/transforms/vBind.spec.ts:565:3	f4e8e57dbf8c146076448bb22b8a929f2e326ebe	single-declaration	StringLiteral	820c957a4724e24af95314d00c817efa6fcddae9fb1231401bf659ead74d0b43	blocked	BV1	BF2 must runner-enumerate profiles and attach imported/equivalent/not-applicable/unsupported evidence.	-
VUE-0E7CE58A69A67B1787DC	compiler-vapor	packages/compiler-vapor/__tests__/transforms/vBind.spec.ts:571:3	f4e8e57dbf8c146076448bb22b8a929f2e326ebe	single-declaration	StringLiteral	c29900bed7dd044090cb209053a93e3271269ff4482fd171207b9a7bea4a5b80	blocked	BV1	BF2 must runner-enumerate profiles and attach imported/equivalent/not-applicable/unsupported evidence.	-
VUE-4C6F92BABB5B11A09441	compiler-vapor	packages/compiler-vapor/__tests__/transforms/vBind.spec.ts:577:3	f4e8e57dbf8c146076448bb22b8a929f2e326ebe	single-declaration	StringLiteral	042975016032a3db67f05edb1f8f9090324a5fc6bce2a51b789d25a496235f15	blocked	BV1	BF2 must runner-enumerate profiles and attach imported/equivalent/not-applicable/unsupported evidence.	-
VUE-80B082F89B7B06329EED	compiler-vapor	packages/compiler-vapor/__tests__/transforms/vBind.spec.ts:583:3	f4e8e57dbf8c146076448bb22b8a929f2e326ebe	single-declaration	StringLiteral	37c739b7bc1cea75bc156582224405ddeca920bcf1046566a6b4111730ae41c8	blocked	BV1	BF2 must runner-enumerate profiles and attach imported/equivalent/not-applicable/unsupported evidence.	-
VUE-E8FC378608C28CA81E4B	compiler-vapor	packages/compiler-vapor/__tests__/transforms/vBind.spec.ts:607:3	f4e8e57dbf8c146076448bb22b8a929f2e326ebe	single-declaration	StringLiteral	8126363c3ef00668ff4ccd01d7806407b5a3b457760a593d2025794f5b38103d	blocked	BV1	BF2 must runner-enumerate profiles and attach imported/equivalent/not-applicable/unsupported evidence.	-
VUE-B1CAC1D98EE1F0D79CFD	compiler-vapor	packages/compiler-vapor/__tests__/transforms/vBind.spec.ts:632:3	f4e8e57dbf8c146076448bb22b8a929f2e326ebe	single-declaration	StringLiteral	9dfeaf7c4861d717b03fa5b5cb826178997425d4333cba755f17452354f3b0e2	blocked	BV1	BF2 must runner-enumerate profiles and attach imported/equivalent/not-applicable/unsupported evidence.	-
VUE-FF00B4D810E953730C0E	compiler-vapor	packages/compiler-vapor/__tests__/transforms/vBind.spec.ts:662:3	f4e8e57dbf8c146076448bb22b8a929f2e326ebe	single-declaration	StringLiteral	260d8511583d43fd7d65931d0cb5e817e12ff8d656ce766d1ff40972d31c2db4	blocked	BV1	BF2 must runner-enumerate profiles and attach imported/equivalent/not-applicable/unsupported evidence.	-
VUE-F39B01231EDCDEAB3767	compiler-vapor	packages/compiler-vapor/__tests__/transforms/vBind.spec.ts:668:3	f4e8e57dbf8c146076448bb22b8a929f2e326ebe	single-declaration	StringLiteral	1038ae897d9ae0a7e6a96f0f5ce2f4346282c7d9e630e09d679a2df09ebd1aea	blocked	BV1	BF2 must runner-enumerate profiles and attach imported/equivalent/not-applicable/unsupported evidence.	-
VUE-460D55D64657768ACF26	compiler-vapor	packages/compiler-vapor/__tests__/transforms/vBind.spec.ts:674:3	f4e8e57dbf8c146076448bb22b8a929f2e326ebe	single-declaration	StringLiteral	660086cb96a6e65d9a4b085f383f241e8b1dbfb4557b247d9eedaf7e32b0182d	blocked	BV1	BF2 must runner-enumerate profiles and attach imported/equivalent/not-applicable/unsupported evidence.	-
VUE-9DEEF11B242DCCAF5AEE	compiler-vapor	packages/compiler-vapor/__tests__/transforms/vBind.spec.ts:680:3	f4e8e57dbf8c146076448bb22b8a929f2e326ebe	single-declaration	StringLiteral	d695dfd4a6b780d18758ff70fe498ec6061d6d95cbc1bb89afc09b082f119544	blocked	BV1	BF2 must runner-enumerate profiles and attach imported/equivalent/not-applicable/unsupported evidence.	-
VUE-449424317715E81AB216	compiler-vapor	packages/compiler-vapor/__tests__/transforms/vBind.spec.ts:686:3	f4e8e57dbf8c146076448bb22b8a929f2e326ebe	single-declaration	StringLiteral	775b9d031db8e9cbd47a67b94372d0b40a9336871845e5a5ee32788fa9d54a89	blocked	BV1	BF2 must runner-enumerate profiles and attach imported/equivalent/not-applicable/unsupported evidence.	-
VUE-79112B2B98A63910E904	compiler-vapor	packages/compiler-vapor/__tests__/transforms/vBind.spec.ts:713:3	f4e8e57dbf8c146076448bb22b8a929f2e326ebe	single-declaration	StringLiteral	e38e548608b59f55b73ac04475fac86e24c5b7c27918fdcb01c27d86863c2d33	blocked	BV1	BF2 must runner-enumerate profiles and attach imported/equivalent/not-applicable/unsupported evidence.	-
VUE-1F8E978BDCDF1AC34C7B	compiler-vapor	packages/compiler-vapor/__tests__/transforms/vBind.spec.ts:721:3	f4e8e57dbf8c146076448bb22b8a929f2e326ebe	single-declaration	StringLiteral	bd26386fc7d63c2b95467ed86b09bc7c4ce2ecd75ba1366d0e5dd2aeee04778e	blocked	BV1	BF2 must runner-enumerate profiles and attach imported/equivalent/not-applicable/unsupported evidence.	-
VUE-8966B8D2A00575DFE9AF	compiler-vapor	packages/compiler-vapor/__tests__/transforms/vBind.spec.ts:729:3	f4e8e57dbf8c146076448bb22b8a929f2e326ebe	single-declaration	StringLiteral	bdf9933261198ca6a6d31d38016f769bf3c2979e1bf5eeb5203629a2b33a2a5b	blocked	BV1	BF2 must runner-enumerate profiles and attach imported/equivalent/not-applicable/unsupported evidence.	-
VUE-4A77B47BE4B06B476FFE	compiler-vapor	packages/compiler-vapor/__tests__/transforms/vBind.spec.ts:737:3	f4e8e57dbf8c146076448bb22b8a929f2e326ebe	single-declaration	StringLiteral	1841948e819660e3cac37b67f02aaebda9a764dfeeff10f28f9bebed73db2c41	blocked	BV1	BF2 must runner-enumerate profiles and attach imported/equivalent/not-applicable/unsupported evidence.	-
VUE-F0F8F6B4E55BAA7A5E34	compiler-vapor	packages/compiler-vapor/__tests__/transforms/vBind.spec.ts:745:3	f4e8e57dbf8c146076448bb22b8a929f2e326ebe	single-declaration	StringLiteral	61eb5f91a9c4141bbb7b124fdf0557e99ef58bbfad95ad4891c7063223273636	blocked	BV1	BF2 must runner-enumerate profiles and attach imported/equivalent/not-applicable/unsupported evidence.	-
VUE-C68E25EDF763C0627E89	compiler-vapor	packages/compiler-vapor/__tests__/transforms/vBind.spec.ts:754:3	f4e8e57dbf8c146076448bb22b8a929f2e326ebe	single-declaration	StringLiteral	88cabdc3a44a8c3067d81b2fa626f868d4155be4c767a9ade53f8a02049ad5cf	blocked	BV1	BF2 must runner-enumerate profiles and attach imported/equivalent/not-applicable/unsupported evidence.	-
VUE-416D33C32A49E518B037	compiler-vapor	packages/compiler-vapor/__tests__/transforms/vBind.spec.ts:769:3	f4e8e57dbf8c146076448bb22b8a929f2e326ebe	single-declaration	StringLiteral	a9ec254de2f44f6e3bc1a459251b0f4e0cd77fe79a7a032450c503fb95d897f3	blocked	BV1	BF2 must runner-enumerate profiles and attach imported/equivalent/not-applicable/unsupported evidence.	-
VUE-C71441DB9E12539851B3	compiler-vapor	packages/compiler-vapor/__tests__/transforms/vBind.spec.ts:780:3	f4e8e57dbf8c146076448bb22b8a929f2e326ebe	single-declaration	StringLiteral	b277578a430c4bc150298e92ba6b664a4d6b9b797917645b03924a5809948f3f	blocked	BV1	BF2 must runner-enumerate profiles and attach imported/equivalent/not-applicable/unsupported evidence.	-
VUE-C031A510A6A17227EA62	compiler-vapor	packages/compiler-vapor/__tests__/transforms/vBind.spec.ts:791:3	f4e8e57dbf8c146076448bb22b8a929f2e326ebe	single-declaration	StringLiteral	c7a10c3171a40686aeee1a76a53fd0694cf6917a553b96ec57bd5aa38c6bc401	blocked	BV1	BF2 must runner-enumerate profiles and attach imported/equivalent/not-applicable/unsupported evidence.	-
VUE-304B06C5BD8FD2A548E7	compiler-vapor	packages/compiler-vapor/__tests__/transforms/vBind.spec.ts:80:3	f4e8e57dbf8c146076448bb22b8a929f2e326ebe	single-declaration	StringLiteral	81c0d42660c5ea49977701dcba68a66fea872deb4f0cb2eaf664305dcd04ef61	blocked	BV1	BF2 must runner-enumerate profiles and attach imported/equivalent/not-applicable/unsupported evidence.	-
VUE-D200736BC93749F4560C	compiler-vapor	packages/compiler-vapor/__tests__/transforms/vBind.spec.ts:800:3	f4e8e57dbf8c146076448bb22b8a929f2e326ebe	single-declaration	StringLiteral	0e65ed2c383242e9dad1bb8d56e3f4572318b6620cea1361715b1898a33e5610	blocked	BV1	BF2 must runner-enumerate profiles and attach imported/equivalent/not-applicable/unsupported evidence.	-
VUE-CED3E4126BD0D3316D2C	compiler-vapor	packages/compiler-vapor/__tests__/transforms/vBind.spec.ts:812:3	f4e8e57dbf8c146076448bb22b8a929f2e326ebe	single-declaration	StringLiteral	0d87cc0d3f566e0705bda132ffef5d6fd42af3d0a615e8e56cba4cab4b665cfb	blocked	BV1	BF2 must runner-enumerate profiles and attach imported/equivalent/not-applicable/unsupported evidence.	-
VUE-49E379A9C4D71644A4DC	compiler-vapor	packages/compiler-vapor/__tests__/transforms/vBind.spec.ts:822:3	f4e8e57dbf8c146076448bb22b8a929f2e326ebe	single-declaration	StringLiteral	54a92f0685cfe8a2b55cd058c6801c2de52624bfa5234648b2ff8d53559e58eb	blocked	BV1	BF2 must runner-enumerate profiles and attach imported/equivalent/not-applicable/unsupported evidence.	-
VUE-B015E0D9ED9E4C7E8F19	compiler-vapor	packages/compiler-vapor/__tests__/transforms/vBind.spec.ts:832:3	f4e8e57dbf8c146076448bb22b8a929f2e326ebe	single-declaration	StringLiteral	469f71347c13b94750885bae201ef362edc23ffde2ad46185ffa946478ca1927	blocked	BV1	BF2 must runner-enumerate profiles and attach imported/equivalent/not-applicable/unsupported evidence.	-
VUE-511F0322A63C378D9D7C	compiler-vapor	packages/compiler-vapor/__tests__/transforms/vBind.spec.ts:842:3	f4e8e57dbf8c146076448bb22b8a929f2e326ebe	single-declaration	StringLiteral	ddf01da6cbbf7adbc89a9c0d0a164d510516b5372dc334105412288be70e1b38	blocked	BV1	BF2 must runner-enumerate profiles and attach imported/equivalent/not-applicable/unsupported evidence.	-
VUE-7ACD287DCB5CB272AB4C	compiler-vapor	packages/compiler-vapor/__tests__/transforms/vBind.spec.ts:852:3	f4e8e57dbf8c146076448bb22b8a929f2e326ebe	single-declaration	StringLiteral	ca7a87f6f0772143f77dbdf4a04f725cc3b3727bf28a3f7794a26d4861822dcd	blocked	BV1	BF2 must runner-enumerate profiles and attach imported/equivalent/not-applicable/unsupported evidence.	-
VUE-4CC47CF13A619C9A162D	compiler-vapor	packages/compiler-vapor/__tests__/transforms/vBind.spec.ts:862:3	f4e8e57dbf8c146076448bb22b8a929f2e326ebe	single-declaration	StringLiteral	01e6363de4c12231760f4903331c0b8ef5c52bc805be4309a18a27dd47c07a61	blocked	BV1	BF2 must runner-enumerate profiles and attach imported/equivalent/not-applicable/unsupported evidence.	-
VUE-3E1930F6665E0F1E9384	compiler-vapor	packages/compiler-vapor/__tests__/transforms/vBind.spec.ts:873:3	f4e8e57dbf8c146076448bb22b8a929f2e326ebe	single-declaration	StringLiteral	0140b68e6b921d7043f7feec7f5435518b09c7fc938390eb45e8cbf120c1b2d2	blocked	BV1	BF2 must runner-enumerate profiles and attach imported/equivalent/not-applicable/unsupported evidence.	-
VUE-0F42142734578C8DF277	compiler-vapor	packages/compiler-vapor/__tests__/transforms/vBind.spec.ts:884:3	f4e8e57dbf8c146076448bb22b8a929f2e326ebe	single-declaration	StringLiteral	bc523998ab2070f38744a9556444e94d5ddd70ad65367f37be61cd873af7f708	blocked	BV1	BF2 must runner-enumerate profiles and attach imported/equivalent/not-applicable/unsupported evidence.	-
VUE-848CAE9BE0C37DBB6779	compiler-vapor	packages/compiler-vapor/__tests__/transforms/vBind.spec.ts:894:3	f4e8e57dbf8c146076448bb22b8a929f2e326ebe	single-declaration	StringLiteral	3c3e27059943d12045349b4768ece651d4636f8d414259a4246c77df30c973e6	blocked	BV1	BF2 must runner-enumerate profiles and attach imported/equivalent/not-applicable/unsupported evidence.	-
VUE-D351EEC869E36D041CA6	compiler-vapor	packages/compiler-vapor/__tests__/transforms/vBind.spec.ts:904:3	f4e8e57dbf8c146076448bb22b8a929f2e326ebe	single-declaration	StringLiteral	cd38ff1f7b833ae45bcb745a6ee25f57ad891e441e7125d57e976b2ca2a456f5	blocked	BV1	BF2 must runner-enumerate profiles and attach imported/equivalent/not-applicable/unsupported evidence.	-
VUE-776FD33B878958D66308	compiler-vapor	packages/compiler-vapor/__tests__/transforms/vBind.spec.ts:916:3	f4e8e57dbf8c146076448bb22b8a929f2e326ebe	single-declaration	StringLiteral	4123529796d94cf1cf88d3d24e271517642f14e32867108066e9d718336119c0	blocked	BV1	BF2 must runner-enumerate profiles and attach imported/equivalent/not-applicable/unsupported evidence.	-
VUE-9511C3F18252EE967052	compiler-vapor	packages/compiler-vapor/__tests__/transforms/vBind.spec.ts:927:3	f4e8e57dbf8c146076448bb22b8a929f2e326ebe	single-declaration	StringLiteral	1f76271efed88e97f7498f388da7a6920b0187ac7ec40bb92b82befdbf850ce9	blocked	BV1	BF2 must runner-enumerate profiles and attach imported/equivalent/not-applicable/unsupported evidence.	-
VUE-6FF66A609F2DCC88B7FF	compiler-vapor	packages/compiler-vapor/__tests__/transforms/vBind.spec.ts:937:3	f4e8e57dbf8c146076448bb22b8a929f2e326ebe	single-declaration	StringLiteral	59187d3814114dbac6ca4ddbc6bad60cbaf67642ada19313a03b5f35aea64106	blocked	BV1	BF2 must runner-enumerate profiles and attach imported/equivalent/not-applicable/unsupported evidence.	-
VUE-1BCCAC7F4D10E0518B15	compiler-vapor	packages/compiler-vapor/__tests__/transforms/vBind.spec.ts:947:3	f4e8e57dbf8c146076448bb22b8a929f2e326ebe	single-declaration	StringLiteral	62699853f78ed96b278134d5205d2e9d8e9c5dc51c8fb2f06da6f53796a9e860	blocked	BV1	BF2 must runner-enumerate profiles and attach imported/equivalent/not-applicable/unsupported evidence.	-
VUE-330DCFF8D72F0EF9C7F1	compiler-vapor	packages/compiler-vapor/__tests__/transforms/vBind.spec.ts:957:3	f4e8e57dbf8c146076448bb22b8a929f2e326ebe	single-declaration	StringLiteral	dc127a27d9a318cc7076120da376cd7608b757c3603d5b78fc9e021404909189	blocked	BV1	BF2 must runner-enumerate profiles and attach imported/equivalent/not-applicable/unsupported evidence.	-
VUE-E36EA932CA9C3D49C334	compiler-vapor	packages/compiler-vapor/__tests__/transforms/vBind.spec.ts:967:3	f4e8e57dbf8c146076448bb22b8a929f2e326ebe	single-declaration	StringLiteral	02d5f2896f270bf09260e4428b7116bc8fe35c3baeaa49074815d5ddfd7c9e4a	blocked	BV1	BF2 must runner-enumerate profiles and attach imported/equivalent/not-applicable/unsupported evidence.	-
VUE-CA95EC85A92DCDA1FF57	compiler-vapor	packages/compiler-vapor/__tests__/transforms/vBind.spec.ts:977:3	f4e8e57dbf8c146076448bb22b8a929f2e326ebe	single-declaration	StringLiteral	9fde97339da0befaedb1392920f6038bcb8024cf8c8eedfc5834c4421d741407	blocked	BV1	BF2 must runner-enumerate profiles and attach imported/equivalent/not-applicable/unsupported evidence.	-
VUE-65C227A4D1C2716F6586	compiler-vapor	packages/compiler-vapor/__tests__/transforms/vBind.spec.ts:987:3	f4e8e57dbf8c146076448bb22b8a929f2e326ebe	single-declaration	StringLiteral	9c06096e19537e3a1fade6a642e2aab56cbf05ce081b69e5e4a2f23cabf45e87	blocked	BV1	BF2 must runner-enumerate profiles and attach imported/equivalent/not-applicable/unsupported evidence.	-
VUE-F59DDDFB8534BBB0A69B	compiler-vapor	packages/compiler-vapor/__tests__/transforms/vBind.spec.ts:996:3	f4e8e57dbf8c146076448bb22b8a929f2e326ebe	single-declaration	StringLiteral	513c92b7e7370e748d288f8363d5a37ef49afc36aab0c6f550742eb68113d9ac	blocked	BV1	BF2 must runner-enumerate profiles and attach imported/equivalent/not-applicable/unsupported evidence.	-
VUE-250D744CB91126C3C27C	compiler-vapor	packages/compiler-vapor/__tests__/transforms/vFor.spec.ts:109:3	a2e529850ba73f232cc8a263d8a69c48e0688d0d	single-declaration	StringLiteral	57713c7bea3992a33fbdf01bb09ebd5c95cc81088ab1343edb1757225a4ba0a6	blocked	BV1	BF2 must runner-enumerate profiles and attach imported/equivalent/not-applicable/unsupported evidence.	-
VUE-25644825DF664081FF6A	compiler-vapor	packages/compiler-vapor/__tests__/transforms/vFor.spec.ts:161:3	a2e529850ba73f232cc8a263d8a69c48e0688d0d	single-declaration	StringLiteral	9c12e6f231087a0032a160cb1b4746521e9b189d1b07d14d397a6b0dc3ea551d	blocked	BV1	BF2 must runner-enumerate profiles and attach imported/equivalent/not-applicable/unsupported evidence.	-
VUE-C1BA968F1849F8487171	compiler-vapor	packages/compiler-vapor/__tests__/transforms/vFor.spec.ts:185:3	a2e529850ba73f232cc8a263d8a69c48e0688d0d	single-declaration	StringLiteral	5f8f679ffbd8cf15290f82a9298206a56fc6b6a1657b858b66abed24eb600881	blocked	BV1	BF2 must runner-enumerate profiles and attach imported/equivalent/not-applicable/unsupported evidence.	-
VUE-41604696A8494DAF9C33	compiler-vapor	packages/compiler-vapor/__tests__/transforms/vFor.spec.ts:192:3	a2e529850ba73f232cc8a263d8a69c48e0688d0d	single-declaration	StringLiteral	f4401c01936c3f0fcf5bc9984f52b3ba93cd1af5078268552c7df531ae310bb7	blocked	BV1	BF2 must runner-enumerate profiles and attach imported/equivalent/not-applicable/unsupported evidence.	-
VUE-F6E08A5ED7696E8EA69C	compiler-vapor	packages/compiler-vapor/__tests__/transforms/vFor.spec.ts:203:3	a2e529850ba73f232cc8a263d8a69c48e0688d0d	single-declaration	StringLiteral	ba21689225d5bdfea1630d81c2a09c345b9143aa6613741c4dedb779c10c83b9	blocked	BV1	BF2 must runner-enumerate profiles and attach imported/equivalent/not-applicable/unsupported evidence.	-
VUE-94C6C3C13BAF7F59CA35	compiler-vapor	packages/compiler-vapor/__tests__/transforms/vFor.spec.ts:208:3	a2e529850ba73f232cc8a263d8a69c48e0688d0d	single-declaration	StringLiteral	6f7ab5e784727d758b1fc354d4a466a1450d8b485a6f20e5e05f216c4ced7553	blocked	BV1	BF2 must runner-enumerate profiles and attach imported/equivalent/not-applicable/unsupported evidence.	-
VUE-05CDA6CF15DE5E95474D	compiler-vapor	packages/compiler-vapor/__tests__/transforms/vFor.spec.ts:248:3	a2e529850ba73f232cc8a263d8a69c48e0688d0d	single-declaration	StringLiteral	a1be65cabaa0f1965e5b7d7c32cf96b7662d8de3fb0d62f1b87833a409e21ce0	blocked	BV1	BF2 must runner-enumerate profiles and attach imported/equivalent/not-applicable/unsupported evidence.	-
VUE-2ABD8EBF8D0B6EA5E408	compiler-vapor	packages/compiler-vapor/__tests__/transforms/vFor.spec.ts:274:3	a2e529850ba73f232cc8a263d8a69c48e0688d0d	single-declaration	StringLiteral	6a4dc28470204d35404d30d07b7012027fa1f8a83e6f830c90757e0cb299196b	blocked	BV1	BF2 must runner-enumerate profiles and attach imported/equivalent/not-applicable/unsupported evidence.	-
VUE-9E47F1E8FF9951725A1E	compiler-vapor	packages/compiler-vapor/__tests__/transforms/vFor.spec.ts:302:3	a2e529850ba73f232cc8a263d8a69c48e0688d0d	single-declaration	StringLiteral	8801169ad5d408c275c00dc2140e783e372c811cdbecf1cc52b2cda5eb4c2d13	blocked	BV1	BF2 must runner-enumerate profiles and attach imported/equivalent/not-applicable/unsupported evidence.	-
VUE-ABEE93CA203DA9BAE30F	compiler-vapor	packages/compiler-vapor/__tests__/transforms/vFor.spec.ts:334:3	a2e529850ba73f232cc8a263d8a69c48e0688d0d	single-declaration	StringLiteral	f40cf0813c57aa373ccaadd0e30f29fb44118318fb24fbe4ada8f41a1e73da5a	blocked	BV1	BF2 must runner-enumerate profiles and attach imported/equivalent/not-applicable/unsupported evidence.	-
VUE-85E4A1E67303FFADBD7C	compiler-vapor	packages/compiler-vapor/__tests__/transforms/vFor.spec.ts:35:3	a2e529850ba73f232cc8a263d8a69c48e0688d0d	single-declaration	StringLiteral	932cb8e87340222c078cf69bffbd28210aa31a0caad66b37e95eb0b79e04d05f	blocked	BV1	BF2 must runner-enumerate profiles and attach imported/equivalent/not-applicable/unsupported evidence.	-
VUE-C58B4A94F61665DF0292	compiler-vapor	packages/compiler-vapor/__tests__/transforms/vFor.spec.ts:365:3	a2e529850ba73f232cc8a263d8a69c48e0688d0d	single-declaration	StringLiteral	791a00bba2c21faf90bc43cbd69ce8b6cb3cee669da8912de13f395622cc5440	blocked	BV1	BF2 must runner-enumerate profiles and attach imported/equivalent/not-applicable/unsupported evidence.	-
VUE-DAB64137251115EB67E6	compiler-vapor	packages/compiler-vapor/__tests__/transforms/vFor.spec.ts:397:3	a2e529850ba73f232cc8a263d8a69c48e0688d0d	single-declaration	StringLiteral	c7ae9f6f3843077ea5bcb72b26f7161eb05cf7998c5bc1ce9e525ae22efcd5ee	blocked	BV1	BF2 must runner-enumerate profiles and attach imported/equivalent/not-applicable/unsupported evidence.	-
VUE-D43B356DBD54788A1423	compiler-vapor	packages/compiler-vapor/__tests__/transforms/vFor.spec.ts:433:3	a2e529850ba73f232cc8a263d8a69c48e0688d0d	single-declaration	StringLiteral	fa3880e4f5e6eaca3978c20cf41de48e3268048e603ea16172d12ef55f79f89e	blocked	BV1	BF2 must runner-enumerate profiles and attach imported/equivalent/not-applicable/unsupported evidence.	-
VUE-05A73BDA0729CF61EFF8	compiler-vapor	packages/compiler-vapor/__tests__/transforms/vFor.spec.ts:446:3	a2e529850ba73f232cc8a263d8a69c48e0688d0d	single-declaration	StringLiteral	7835dddd9f758c0539993b6999830b92c86d8e88ced2a422d77614e6ed6efed6	blocked	BV1	BF2 must runner-enumerate profiles and attach imported/equivalent/not-applicable/unsupported evidence.	-
VUE-9A0D7842A86C5E9F6C2D	compiler-vapor	packages/compiler-vapor/__tests__/transforms/vFor.spec.ts:468:3	a2e529850ba73f232cc8a263d8a69c48e0688d0d	single-declaration	StringLiteral	596905a3a245c91eedfd15d5097449f7a404310129c3e912d630d6cb8c7384bd	blocked	BV1	BF2 must runner-enumerate profiles and attach imported/equivalent/not-applicable/unsupported evidence.	-
VUE-C86103063CEA63AEE4C1	compiler-vapor	packages/compiler-vapor/__tests__/transforms/vFor.spec.ts:478:3	a2e529850ba73f232cc8a263d8a69c48e0688d0d	single-declaration	StringLiteral	e82e37b0ae09967f6a20f7f9453edf62f4fc820ee0f5428fd909e5f42e5662ae	blocked	BV1	BF2 must runner-enumerate profiles and attach imported/equivalent/not-applicable/unsupported evidence.	-
VUE-A712FD8B1C1E80C9065A	compiler-vapor	packages/compiler-vapor/__tests__/transforms/vFor.spec.ts:494:3	a2e529850ba73f232cc8a263d8a69c48e0688d0d	single-declaration	StringLiteral	bcf4439fa317ffaefc934c6f589e80f1bb60ca3a84aa809f9608083064602718	blocked	BV1	BF2 must runner-enumerate profiles and attach imported/equivalent/not-applicable/unsupported evidence.	-
VUE-7D7DED7AA15B601ED938	compiler-vapor	packages/compiler-vapor/__tests__/transforms/vFor.spec.ts:502:3	a2e529850ba73f232cc8a263d8a69c48e0688d0d	single-declaration	StringLiteral	f088d8384f5e5902abf1b6efc5adb80553fc95ed191489d4d014b14ccf694857	blocked	BV1	BF2 must runner-enumerate profiles and attach imported/equivalent/not-applicable/unsupported evidence.	-
VUE-2B97416C21452B7BF607	compiler-vapor	packages/compiler-vapor/__tests__/transforms/vFor.spec.ts:515:3	a2e529850ba73f232cc8a263d8a69c48e0688d0d	single-declaration	StringLiteral	d1d2c7c9ec3e966980aff90ecbdf1634f689b312d5e5875c75bf7083fa4f2d05	blocked	BV1	BF2 must runner-enumerate profiles and attach imported/equivalent/not-applicable/unsupported evidence.	-
VUE-288311066A3B217BC218	compiler-vapor	packages/compiler-vapor/__tests__/transforms/vFor.spec.ts:537:3	a2e529850ba73f232cc8a263d8a69c48e0688d0d	single-declaration	StringLiteral	63eb886fdbe9cd1d1eea3d4a934b48858f6053bef8cc7aa6b91d41692afa8f46	blocked	BV1	BF2 must runner-enumerate profiles and attach imported/equivalent/not-applicable/unsupported evidence.	-
VUE-DEAE4DEB50D790A44D47	compiler-vapor	packages/compiler-vapor/__tests__/transforms/vFor.spec.ts:553:3	a2e529850ba73f232cc8a263d8a69c48e0688d0d	single-declaration	StringLiteral	e4200d02860a50fdd5e96556b83446b569644e2f3c8f102615846746e98a170b	blocked	BV1	BF2 must runner-enumerate profiles and attach imported/equivalent/not-applicable/unsupported evidence.	-
VUE-F7EA95F4957D8251C06B	compiler-vapor	packages/compiler-vapor/__tests__/transforms/vFor.spec.ts:569:3	a2e529850ba73f232cc8a263d8a69c48e0688d0d	single-declaration	StringLiteral	519b4c3596a618d222006a669bce67e56ecd488f604872dbf416d8f472d02a42	blocked	BV1	BF2 must runner-enumerate profiles and attach imported/equivalent/not-applicable/unsupported evidence.	-
VUE-35E8FDAAE2089FEC3151	compiler-vapor	packages/compiler-vapor/__tests__/transforms/vFor.spec.ts:591:3	a2e529850ba73f232cc8a263d8a69c48e0688d0d	single-declaration	StringLiteral	76fce09e19cc25adeef4001e61be2218930453a15c41c702d889a7ed429bc5c7	blocked	BV1	BF2 must runner-enumerate profiles and attach imported/equivalent/not-applicable/unsupported evidence.	-
VUE-C3DC18F820751D8EA2D6	compiler-vapor	packages/compiler-vapor/__tests__/transforms/vFor.spec.ts:80:3	a2e529850ba73f232cc8a263d8a69c48e0688d0d	single-declaration	StringLiteral	97b9e736a856b336e5f148c88482364b5c2063772c5220b9ada1026aa7e6baac	blocked	BV1	BF2 must runner-enumerate profiles and attach imported/equivalent/not-applicable/unsupported evidence.	-
VUE-6BB90EBE7095CF2B5B1C	compiler-vapor	packages/compiler-vapor/__tests__/transforms/vHtml.spec.ts:119:3	f8840f9653fd21a6af31c625bccef873c2d1efb0	single-declaration	StringLiteral	62ebe4e184a96a43cd9f097a1bb2e7fc9f568d8c6948f65eb4e0aae4b6430369	blocked	BV1	BF2 must runner-enumerate profiles and attach imported/equivalent/not-applicable/unsupported evidence.	-
VUE-B5D7CF03D87DA8CEC2F9	compiler-vapor	packages/compiler-vapor/__tests__/transforms/vHtml.spec.ts:133:3	f8840f9653fd21a6af31c625bccef873c2d1efb0	single-declaration	StringLiteral	d6db70ebbab1195fc2eb51be389e791d807dc9e695850b02952d4fc205b9673d	blocked	BV1	BF2 must runner-enumerate profiles and attach imported/equivalent/not-applicable/unsupported evidence.	-
VUE-E4B271350459ABEE8C6B	compiler-vapor	packages/compiler-vapor/__tests__/transforms/vHtml.spec.ts:19:3	f8840f9653fd21a6af31c625bccef873c2d1efb0	single-declaration	StringLiteral	e6bae23f20c8ed9b467f10a45f6a7879848467ce805a0e96d5dd4fc0b3f159db	blocked	BV1	BF2 must runner-enumerate profiles and attach imported/equivalent/not-applicable/unsupported evidence.	-
VUE-12514D3166895D9A92BF	compiler-vapor	packages/compiler-vapor/__tests__/transforms/vHtml.spec.ts:58:3	f8840f9653fd21a6af31c625bccef873c2d1efb0	single-declaration	StringLiteral	a70929d8396b2ec85429c2c3c5a8e2eccb690168425dc4ac5293c14967c591ab	blocked	BV1	BF2 must runner-enumerate profiles and attach imported/equivalent/not-applicable/unsupported evidence.	-
VUE-94ABE196ED0EA8C9791B	compiler-vapor	packages/compiler-vapor/__tests__/transforms/vHtml.spec.ts:65:3	f8840f9653fd21a6af31c625bccef873c2d1efb0	single-declaration	StringLiteral	a100c0acb4826552a8120f824817e30ada09a9e8f2addc39dc07ab9ade1fe864	blocked	BV1	BF2 must runner-enumerate profiles and attach imported/equivalent/not-applicable/unsupported evidence.	-
VUE-98F50AD0A122054BE86A	compiler-vapor	packages/compiler-vapor/__tests__/transforms/vHtml.spec.ts:72:3	f8840f9653fd21a6af31c625bccef873c2d1efb0	single-declaration	StringLiteral	1abed482af2356c8d74e007ad79d5140198f5323952d59da6a3192a58646f4e0	blocked	BV1	BF2 must runner-enumerate profiles and attach imported/equivalent/not-applicable/unsupported evidence.	-
VUE-D495045E9899CD2212EB	compiler-vapor	packages/compiler-vapor/__tests__/transforms/vIf.spec.ts:104:3	80858e7139946fce54d791981229b144dea8e3e8	single-declaration	StringLiteral	8a19acc2b8e2f4eaf0c4d1d0d1512978c7966a78d45137d6371a087a2b294ba1	blocked	BV1	BF2 must runner-enumerate profiles and attach imported/equivalent/not-applicable/unsupported evidence.	-
VUE-EDB9BB2CFA59E5E447BC	compiler-vapor	packages/compiler-vapor/__tests__/transforms/vIf.spec.ts:111:3	80858e7139946fce54d791981229b144dea8e3e8	single-declaration	StringLiteral	ce3ff8291dabd9f56fa74301bae707eb51c970e7f36eb813e851dcd15959025e	blocked	BV1	BF2 must runner-enumerate profiles and attach imported/equivalent/not-applicable/unsupported evidence.	-
VUE-3F9AE63AB7FD48E1592A	compiler-vapor	packages/compiler-vapor/__tests__/transforms/vIf.spec.ts:122:3	80858e7139946fce54d791981229b144dea8e3e8	single-declaration	StringLiteral	9fc0a813a18780a46188c4a1d245cf3b615045695c7a2a26f9c63da8a70e843e	blocked	BV1	BF2 must runner-enumerate profiles and attach imported/equivalent/not-applicable/unsupported evidence.	-
VUE-E1155A58F2B15DD175C9	compiler-vapor	packages/compiler-vapor/__tests__/transforms/vIf.spec.ts:140:3	80858e7139946fce54d791981229b144dea8e3e8	single-declaration	StringLiteral	3833400349a3677055bc07fd4930c6e2620194846edf1b2b55c88099a9ff0343	blocked	BV1	BF2 must runner-enumerate profiles and attach imported/equivalent/not-applicable/unsupported evidence.	-
VUE-ACF312432CA7EBB85278	compiler-vapor	packages/compiler-vapor/__tests__/transforms/vIf.spec.ts:156:3	80858e7139946fce54d791981229b144dea8e3e8	single-declaration	StringLiteral	f3799ec06da69620aa6930b0ea47a83f0f481a4c052352f728983b9fbfd80ea4	blocked	BV1	BF2 must runner-enumerate profiles and attach imported/equivalent/not-applicable/unsupported evidence.	-
VUE-26BA668AD50A22B0B9D2	compiler-vapor	packages/compiler-vapor/__tests__/transforms/vIf.spec.ts:172:3	80858e7139946fce54d791981229b144dea8e3e8	single-declaration	StringLiteral	6731f1b6131888468f5851f2312b0daa42a38ec2a810b26172386acc6d1c695e	blocked	BV1	BF2 must runner-enumerate profiles and attach imported/equivalent/not-applicable/unsupported evidence.	-
VUE-E8795B233307A8491BE1	compiler-vapor	packages/compiler-vapor/__tests__/transforms/vIf.spec.ts:208:3	80858e7139946fce54d791981229b144dea8e3e8	single-declaration	StringLiteral	3005d3a27b67b626763ed74f3d98136245414c2fddb9241601c014ca7324ac70	blocked	BV1	BF2 must runner-enumerate profiles and attach imported/equivalent/not-applicable/unsupported evidence.	-
VUE-814A957D292E570AB6C6	compiler-vapor	packages/compiler-vapor/__tests__/transforms/vIf.spec.ts:219:3	80858e7139946fce54d791981229b144dea8e3e8	single-declaration	StringLiteral	1a026d225d171a5bc1a93de3ee7be0d55aade5ee54a7d1cac0e0bdb9569896b7	blocked	BV1	BF2 must runner-enumerate profiles and attach imported/equivalent/not-applicable/unsupported evidence.	-
VUE-58D609476B4D12D7AB63	compiler-vapor	packages/compiler-vapor/__tests__/transforms/vIf.spec.ts:230:3	80858e7139946fce54d791981229b144dea8e3e8	single-declaration	StringLiteral	cf7df7d3c4bbbedccf79ee6ffaa22ffa6834301731054a0cc8934db5d9f710d3	blocked	BV1	BF2 must runner-enumerate profiles and attach imported/equivalent/not-applicable/unsupported evidence.	-
VUE-16D89092263DADEA55FA	compiler-vapor	packages/compiler-vapor/__tests__/transforms/vIf.spec.ts:244:3	80858e7139946fce54d791981229b144dea8e3e8	single-declaration	StringLiteral	de71ec860154dd7c77d91edd8d14fedc434125b96a639eeb8310354e2b091056	blocked	BV1	BF2 must runner-enumerate profiles and attach imported/equivalent/not-applicable/unsupported evidence.	-
VUE-6BBA5BF422D0629A566D	compiler-vapor	packages/compiler-vapor/__tests__/transforms/vIf.spec.ts:254:3	80858e7139946fce54d791981229b144dea8e3e8	single-declaration	StringLiteral	2219fabba2b565b3ddde1bf21e7469d02848f90b9a114064039f69e3211e5756	blocked	BV1	BF2 must runner-enumerate profiles and attach imported/equivalent/not-applicable/unsupported evidence.	-
VUE-4268BFF783CC2F03239B	compiler-vapor	packages/compiler-vapor/__tests__/transforms/vIf.spec.ts:272:3	80858e7139946fce54d791981229b144dea8e3e8	single-declaration	StringLiteral	1b41260defc2b3faf829d1bb8c40b8298b821a4f8748727848435da9d3daefc2	blocked	BV1	BF2 must runner-enumerate profiles and attach imported/equivalent/not-applicable/unsupported evidence.	-
VUE-99451FAC795BE0E4ABAE	compiler-vapor	packages/compiler-vapor/__tests__/transforms/vIf.spec.ts:295:3	80858e7139946fce54d791981229b144dea8e3e8	single-declaration	StringLiteral	455d86b1ed61d3a0828368d684f75037d05d8992298067202126943c1bca95f5	blocked	BV1	BF2 must runner-enumerate profiles and attach imported/equivalent/not-applicable/unsupported evidence.	-
VUE-9C217FE5C1EC3A4BF7AA	compiler-vapor	packages/compiler-vapor/__tests__/transforms/vIf.spec.ts:319:3	80858e7139946fce54d791981229b144dea8e3e8	single-declaration	StringLiteral	30fc687afe61a262f231311c8c3819a8ae12a9d629c6d368086f551ba794a78e	blocked	BV1	BF2 must runner-enumerate profiles and attach imported/equivalent/not-applicable/unsupported evidence.	-
VUE-7019D6B282711A169B88	compiler-vapor	packages/compiler-vapor/__tests__/transforms/vIf.spec.ts:328:3	80858e7139946fce54d791981229b144dea8e3e8	single-declaration	StringLiteral	e66b99aa27a17ed33b57ec235a9c70577c7392623f4f7e83e8a60c39ecb57c02	blocked	BV1	BF2 must runner-enumerate profiles and attach imported/equivalent/not-applicable/unsupported evidence.	-
VUE-A466F7D3FE441F153277	compiler-vapor	packages/compiler-vapor/__tests__/transforms/vIf.spec.ts:337:3	80858e7139946fce54d791981229b144dea8e3e8	single-declaration	StringLiteral	fa50f539e2ed4cb8395e27d86f4f4a839546c0a30b9638c845f1cfaf777a65a4	blocked	BV1	BF2 must runner-enumerate profiles and attach imported/equivalent/not-applicable/unsupported evidence.	-
VUE-12693F51BC5A920F295A	compiler-vapor	packages/compiler-vapor/__tests__/transforms/vIf.spec.ts:370:3	80858e7139946fce54d791981229b144dea8e3e8	single-declaration	StringLiteral	0731d07196cc40c9e4e8166a6b17f2807c62276fce8507e3a0157cc39a954ce7	blocked	BV1	BF2 must runner-enumerate profiles and attach imported/equivalent/not-applicable/unsupported evidence.	-
VUE-BCCC43C28DFCBCE58A61	compiler-vapor	packages/compiler-vapor/__tests__/transforms/vIf.spec.ts:401:3	80858e7139946fce54d791981229b144dea8e3e8	single-declaration	StringLiteral	2274b698a3de6fa23629fa5fe93ab372e9011ca7beb031f564a80fd4f54ea313	blocked	BV1	BF2 must runner-enumerate profiles and attach imported/equivalent/not-applicable/unsupported evidence.	-
VUE-00590F52D83041532C75	compiler-vapor	packages/compiler-vapor/__tests__/transforms/vIf.spec.ts:43:3	80858e7139946fce54d791981229b144dea8e3e8	single-declaration	StringLiteral	c9a086d270bbc4d2d5c199cc5a7b670f7c4242db2d0d50edd4e681ba32e9fc5f	blocked	BV1	BF2 must runner-enumerate profiles and attach imported/equivalent/not-applicable/unsupported evidence.	-
VUE-3AAD4DA2C826CA9D1029	compiler-vapor	packages/compiler-vapor/__tests__/transforms/vIf.spec.ts:440:3	80858e7139946fce54d791981229b144dea8e3e8	single-declaration	StringLiteral	dcf3115cc6d3effbc34a2debe87b96bb57421a46391555e048c9776d1d2b0cf4	blocked	BV1	BF2 must runner-enumerate profiles and attach imported/equivalent/not-applicable/unsupported evidence.	-
VUE-A39FD38321C517CB2E5E	compiler-vapor	packages/compiler-vapor/__tests__/transforms/vIf.spec.ts:490:3	80858e7139946fce54d791981229b144dea8e3e8	single-declaration	StringLiteral	e0fef8f9a28e586d0a38f30fbd5e22c76c98987aaeb88bef995ebea0ce7f32b1	blocked	BV1	BF2 must runner-enumerate profiles and attach imported/equivalent/not-applicable/unsupported evidence.	-
VUE-BA0457ECFA970EEDDABE	compiler-vapor	packages/compiler-vapor/__tests__/transforms/vIf.spec.ts:501:3	80858e7139946fce54d791981229b144dea8e3e8	single-declaration	StringLiteral	f876c65723676b1cda837ee6f304dd87f03bac9823be8922fb9aedcc7f1ea20b	blocked	BV1	BF2 must runner-enumerate profiles and attach imported/equivalent/not-applicable/unsupported evidence.	-
VUE-1F2142832AE827EB5218	compiler-vapor	packages/compiler-vapor/__tests__/transforms/vIf.spec.ts:522:3	80858e7139946fce54d791981229b144dea8e3e8	single-declaration	StringLiteral	0fc01f72f97cc4cb54204a482d2dcc9084df3d677b3b3b57a0b543a210ddafd1	blocked	BV1	BF2 must runner-enumerate profiles and attach imported/equivalent/not-applicable/unsupported evidence.	-
VUE-E6E44B655933C151A6D5	compiler-vapor	packages/compiler-vapor/__tests__/transforms/vIf.spec.ts:547:5	80858e7139946fce54d791981229b144dea8e3e8	single-declaration	StringLiteral	8c284c754c56c305f4864bbbb5b95e80636dfd1a1cbe19042f1aa9bf9b073e0e	blocked	BV1	BF2 must runner-enumerate profiles and attach imported/equivalent/not-applicable/unsupported evidence.	-
VUE-0E9486FD9D7788569DA1	compiler-vapor	packages/compiler-vapor/__tests__/transforms/vIf.spec.ts:608:5	80858e7139946fce54d791981229b144dea8e3e8	single-declaration	StringLiteral	7443e835efc104a7aae7d7c3945d16afe39ef3a3651534c0ee2bf4b3849a97ce	blocked	BV1	BF2 must runner-enumerate profiles and attach imported/equivalent/not-applicable/unsupported evidence.	-
VUE-FC61ECD2E5EA2DD72637	compiler-vapor	packages/compiler-vapor/__tests__/transforms/vIf.spec.ts:683:5	80858e7139946fce54d791981229b144dea8e3e8	single-declaration	StringLiteral	a7c6aca8d1d91e4162d3b02376536d5c39e691d127f626b0339fe80f8011ee0c	blocked	BV1	BF2 must runner-enumerate profiles and attach imported/equivalent/not-applicable/unsupported evidence.	-
VUE-7FAEA7875D337F98586F	compiler-vapor	packages/compiler-vapor/__tests__/transforms/vIf.spec.ts:79:3	80858e7139946fce54d791981229b144dea8e3e8	single-declaration	StringLiteral	471645003e177ff69a1b7d515eb9c7b3a2406d741e5628e38fe5322e8d0da3df	blocked	BV1	BF2 must runner-enumerate profiles and attach imported/equivalent/not-applicable/unsupported evidence.	-
VUE-7417D44487B42129BB6A	compiler-vapor	packages/compiler-vapor/__tests__/transforms/vIf.spec.ts:86:3	80858e7139946fce54d791981229b144dea8e3e8	single-declaration	StringLiteral	5bfc20a5166202b8d6996fff8bbb0d20f7ee0d2c689012eb78d3011580fd514d	blocked	BV1	BF2 must runner-enumerate profiles and attach imported/equivalent/not-applicable/unsupported evidence.	-
VUE-BA5C6CF06B6C254362FE	compiler-vapor	packages/compiler-vapor/__tests__/transforms/vIf.spec.ts:94:3	80858e7139946fce54d791981229b144dea8e3e8	single-declaration	StringLiteral	3ab9e2bddfb879d4af6424b44f84a2b8d55d36d8bcb159029e0a8dd48729346b	blocked	BV1	BF2 must runner-enumerate profiles and attach imported/equivalent/not-applicable/unsupported evidence.	-
VUE-FD3F8D06819458044627	compiler-vapor	packages/compiler-vapor/__tests__/transforms/vModel.spec.ts:108:5	76e86aee9418fd6bec2db603e533f2c436f03141	single-declaration	StringLiteral	0e1f3b63ce99da97987677931ece9b68520da423f6cfa02cc7f52446662b22ae	blocked	BV1	BF2 must runner-enumerate profiles and attach imported/equivalent/not-applicable/unsupported evidence.	-
VUE-113B09A21BB43BA4DA1C	compiler-vapor	packages/compiler-vapor/__tests__/transforms/vModel.spec.ts:118:5	76e86aee9418fd6bec2db603e533f2c436f03141	single-declaration	StringLiteral	71d417c180a7da398c0e1fdd7beeb91cf1cb4cd8b17f47790612aef948311fc9	blocked	BV1	BF2 must runner-enumerate profiles and attach imported/equivalent/not-applicable/unsupported evidence.	-
VUE-77EB7546C25EE31B1DDD	compiler-vapor	packages/compiler-vapor/__tests__/transforms/vModel.spec.ts:130:5	76e86aee9418fd6bec2db603e533f2c436f03141	single-declaration	StringLiteral	646714367363918eec39e02901eeafabec0612df096aa8ff637ad653308ef656	blocked	BV1	BF2 must runner-enumerate profiles and attach imported/equivalent/not-applicable/unsupported evidence.	-
VUE-627A55347D4AA10B0176	compiler-vapor	packages/compiler-vapor/__tests__/transforms/vModel.spec.ts:143:5	76e86aee9418fd6bec2db603e533f2c436f03141	single-declaration	StringLiteral	5d4f3635d99ed851a446b6be5d58bc32ade55d1e23ae396b873e304d024ab283	blocked	BV1	BF2 must runner-enumerate profiles and attach imported/equivalent/not-applicable/unsupported evidence.	-
VUE-C2EF8CFDC11C4D19F69A	compiler-vapor	packages/compiler-vapor/__tests__/transforms/vModel.spec.ts:153:5	76e86aee9418fd6bec2db603e533f2c436f03141	single-declaration	StringLiteral	00280638f53852cc5d271a37b7fc5bf044ac38f9090fa23017d432327c171bdd	blocked	BV1	BF2 must runner-enumerate profiles and attach imported/equivalent/not-applicable/unsupported evidence.	-
VUE-C5CD0B2BE488A4D8728D	compiler-vapor	packages/compiler-vapor/__tests__/transforms/vModel.spec.ts:159:5	76e86aee9418fd6bec2db603e533f2c436f03141	single-declaration	StringLiteral	bab426f3fdd75ca6724596ede41c2f532c67dbb30f5159716ab3f99f64b2dbc4	blocked	BV1	BF2 must runner-enumerate profiles and attach imported/equivalent/not-applicable/unsupported evidence.	-
VUE-B5BE6D0F944CB09DAAA5	compiler-vapor	packages/compiler-vapor/__tests__/transforms/vModel.spec.ts:165:5	76e86aee9418fd6bec2db603e533f2c436f03141	single-declaration	StringLiteral	552640fe03130ed83a08605da4914d19b166655f89c5d4d51e0ddf98dddfc82c	blocked	BV1	BF2 must runner-enumerate profiles and attach imported/equivalent/not-applicable/unsupported evidence.	-
VUE-9308E2B496C603FCC05F	compiler-vapor	packages/compiler-vapor/__tests__/transforms/vModel.spec.ts:171:5	76e86aee9418fd6bec2db603e533f2c436f03141	single-declaration	StringLiteral	5639e1dfbb223e21f357cc08879f8b0e07bed2416f0025b4aea9bf411eec26a9	blocked	BV1	BF2 must runner-enumerate profiles and attach imported/equivalent/not-applicable/unsupported evidence.	-
VUE-5466DBED209186F700FE	compiler-vapor	packages/compiler-vapor/__tests__/transforms/vModel.spec.ts:179:3	76e86aee9418fd6bec2db603e533f2c436f03141	single-declaration	StringLiteral	40c137fa751cef0be44c3533e5694e5f668dc588d11fa3dbd35367fdfb32d0d5	blocked	BV1	BF2 must runner-enumerate profiles and attach imported/equivalent/not-applicable/unsupported evidence.	-
VUE-0F423AECDEAB3A58F356	compiler-vapor	packages/compiler-vapor/__tests__/transforms/vModel.spec.ts:194:3	76e86aee9418fd6bec2db603e533f2c436f03141	single-declaration	StringLiteral	a9a63753011fe090cf850a45778afa13c15e67281973201571de6f756cb57881	blocked	BV1	BF2 must runner-enumerate profiles and attach imported/equivalent/not-applicable/unsupported evidence.	-
VUE-6933025DC659CE835E4C	compiler-vapor	packages/compiler-vapor/__tests__/transforms/vModel.spec.ts:21:3	76e86aee9418fd6bec2db603e533f2c436f03141	single-declaration	StringLiteral	111388a8452e7d411d427816e1ffe50ba7b8fd6ef1d6c4d228377ec465889376	blocked	BV1	BF2 must runner-enumerate profiles and attach imported/equivalent/not-applicable/unsupported evidence.	-
VUE-D6F9FB74672B5E40483C	compiler-vapor	packages/compiler-vapor/__tests__/transforms/vModel.spec.ts:211:5	76e86aee9418fd6bec2db603e533f2c436f03141	single-declaration	StringLiteral	cb6eb1f9fde55b0fc3eb01d18967a3d1953e122b683f9b0fa7bb9f88da18d83c	blocked	BV1	BF2 must runner-enumerate profiles and attach imported/equivalent/not-applicable/unsupported evidence.	-
VUE-5FC4D578AC03DD5E6433	compiler-vapor	packages/compiler-vapor/__tests__/transforms/vModel.spec.ts:234:5	76e86aee9418fd6bec2db603e533f2c436f03141	single-declaration	StringLiteral	f363aeeac22b3aeaf8bd60d4e629d9f5403a93f03dba5f8dde8f7a67fa67e9be	blocked	BV1	BF2 must runner-enumerate profiles and attach imported/equivalent/not-applicable/unsupported evidence.	-
VUE-8199F93065BFC22423F4	compiler-vapor	packages/compiler-vapor/__tests__/transforms/vModel.spec.ts:257:5	76e86aee9418fd6bec2db603e533f2c436f03141	single-declaration	StringLiteral	4667552781746b37ff3b1f1fa0606d32dbbf8d0c7755f71a9eedcaab93a2925e	blocked	BV1	BF2 must runner-enumerate profiles and attach imported/equivalent/not-applicable/unsupported evidence.	-
VUE-2EC445C05EAFE93279E3	compiler-vapor	packages/compiler-vapor/__tests__/transforms/vModel.spec.ts:27:3	76e86aee9418fd6bec2db603e533f2c436f03141	single-declaration	StringLiteral	7a81661b202d7bf5c907f3dbba41f9eb97e6b273a68f87caa6510faf2b9fde7c	blocked	BV1	BF2 must runner-enumerate profiles and attach imported/equivalent/not-applicable/unsupported evidence.	-
VUE-A55460071421DDDA20F4	compiler-vapor	packages/compiler-vapor/__tests__/transforms/vModel.spec.ts:280:5	76e86aee9418fd6bec2db603e533f2c436f03141	single-declaration	StringLiteral	0142b9961c4067005c0345ef40124c1dd3957bc6bbca9361e7e0e268aa4a1adf	blocked	BV1	BF2 must runner-enumerate profiles and attach imported/equivalent/not-applicable/unsupported evidence.	-
VUE-336F96638F9660970FB8	compiler-vapor	packages/compiler-vapor/__tests__/transforms/vModel.spec.ts:305:5	76e86aee9418fd6bec2db603e533f2c436f03141	single-declaration	StringLiteral	5e9be166fff7bdd5a1539f0bf3ca54f478829686172aac745aab3e62bec436ae	blocked	BV1	BF2 must runner-enumerate profiles and attach imported/equivalent/not-applicable/unsupported evidence.	-
VUE-9F656952DC47E13E762D	compiler-vapor	packages/compiler-vapor/__tests__/transforms/vModel.spec.ts:319:5	76e86aee9418fd6bec2db603e533f2c436f03141	single-declaration	StringLiteral	a2db3e29abe0a74eed0ea51329607b0c0560dd7c0b749e57c5aa0db01d344bcd	blocked	BV1	BF2 must runner-enumerate profiles and attach imported/equivalent/not-applicable/unsupported evidence.	-
VUE-F67D5186CDE722354EA8	compiler-vapor	packages/compiler-vapor/__tests__/transforms/vModel.spec.ts:332:5	76e86aee9418fd6bec2db603e533f2c436f03141	single-declaration	StringLiteral	9103a98d33b869b4e630b0dbfe1d4385b506ba90e18e55441eb8c53909d5be21	blocked	BV1	BF2 must runner-enumerate profiles and attach imported/equivalent/not-applicable/unsupported evidence.	-
VUE-8D2468C8BD8B341CE5BA	compiler-vapor	packages/compiler-vapor/__tests__/transforms/vModel.spec.ts:345:5	76e86aee9418fd6bec2db603e533f2c436f03141	single-declaration	StringLiteral	daa43c971e72cf00a0454a87ea88976fc5fc8591c33eb912ae9b9793e5815364	blocked	BV1	BF2 must runner-enumerate profiles and attach imported/equivalent/not-applicable/unsupported evidence.	-
VUE-E5B2370699382269E25B	compiler-vapor	packages/compiler-vapor/__tests__/transforms/vModel.spec.ts:35:3	76e86aee9418fd6bec2db603e533f2c436f03141	single-declaration	StringLiteral	839c6c344e869a66fe60a44270cd78c9ae231c2d0bd9091d733bfd004280a3e9	blocked	BV1	BF2 must runner-enumerate profiles and attach imported/equivalent/not-applicable/unsupported evidence.	-
VUE-49DCE9465F83AE257DDF	compiler-vapor	packages/compiler-vapor/__tests__/transforms/vModel.spec.ts:376:5	76e86aee9418fd6bec2db603e533f2c436f03141	single-declaration	StringLiteral	e4c3ff81e2039fa01a0313d3ce5d4ca9888e8012172bd5df392b880919ccda75	blocked	BV1	BF2 must runner-enumerate profiles and attach imported/equivalent/not-applicable/unsupported evidence.	-
VUE-3823BBB414F8E55A83D6	compiler-vapor	packages/compiler-vapor/__tests__/transforms/vModel.spec.ts:388:5	76e86aee9418fd6bec2db603e533f2c436f03141	single-declaration	StringLiteral	b239db8c84350da05a1f3fbe3f8c2fc57e68106091fd8237a48b237ccdf7a3db	blocked	BV1	BF2 must runner-enumerate profiles and attach imported/equivalent/not-applicable/unsupported evidence.	-
VUE-F94E8060F53915B03FC6	compiler-vapor	packages/compiler-vapor/__tests__/transforms/vModel.spec.ts:411:5	76e86aee9418fd6bec2db603e533f2c436f03141	single-declaration	StringLiteral	29e85b06628fa4479912d87372c80a7ac0a9f7ba50e5a7d0a8398ca3f05b7db1	blocked	BV1	BF2 must runner-enumerate profiles and attach imported/equivalent/not-applicable/unsupported evidence.	-
VUE-37BBB0A23D5D45950536	compiler-vapor	packages/compiler-vapor/__tests__/transforms/vModel.spec.ts:43:3	76e86aee9418fd6bec2db603e533f2c436f03141	single-declaration	StringLiteral	1eccf724028f4ed83c9c8a528e77f15bd7f529d6f7af6e2f6ca6b889bedc1e26	blocked	BV1	BF2 must runner-enumerate profiles and attach imported/equivalent/not-applicable/unsupported evidence.	-
VUE-DB862B1049C894E8680B	compiler-vapor	packages/compiler-vapor/__tests__/transforms/vModel.spec.ts:444:5	76e86aee9418fd6bec2db603e533f2c436f03141	single-declaration	StringLiteral	2013c201eef6748f074062c61b3e221d4d910b57150039c7c8e5839c4bb9c54b	blocked	BV1	BF2 must runner-enumerate profiles and attach imported/equivalent/not-applicable/unsupported evidence.	-
VUE-C416F56F17625E1B36DC	compiler-vapor	packages/compiler-vapor/__tests__/transforms/vModel.spec.ts:466:3	76e86aee9418fd6bec2db603e533f2c436f03141	single-declaration	StringLiteral	b9de6e8cd303a203d29aebfe74e81de8d3bbf3b814f7c3258e04953b1795221f	blocked	BV1	BF2 must runner-enumerate profiles and attach imported/equivalent/not-applicable/unsupported evidence.	-
VUE-63A809D3CE7FB88E4099	compiler-vapor	packages/compiler-vapor/__tests__/transforms/vModel.spec.ts:51:3	76e86aee9418fd6bec2db603e533f2c436f03141	single-declaration	StringLiteral	b79298d8a6d4b98fe118c0ccac2f0206c55ec5970608a1e8958da26f9c71553d	blocked	BV1	BF2 must runner-enumerate profiles and attach imported/equivalent/not-applicable/unsupported evidence.	-
VUE-31739D7CDC0D0A2BB633	compiler-vapor	packages/compiler-vapor/__tests__/transforms/vModel.spec.ts:57:3	76e86aee9418fd6bec2db603e533f2c436f03141	single-declaration	StringLiteral	09b5a9957b779383ecced2e40ce57b55b6a8a34bbf870002b56a47a8f4f78eb4	blocked	BV1	BF2 must runner-enumerate profiles and attach imported/equivalent/not-applicable/unsupported evidence.	-
VUE-975E59E6047A79224846	compiler-vapor	packages/compiler-vapor/__tests__/transforms/vModel.spec.ts:63:3	76e86aee9418fd6bec2db603e533f2c436f03141	single-declaration	StringLiteral	699cda536fd114f988279413c281a989dded6e856213fcaef72433ad3786823d	blocked	BV1	BF2 must runner-enumerate profiles and attach imported/equivalent/not-applicable/unsupported evidence.	-
VUE-8BE54163302338140219	compiler-vapor	packages/compiler-vapor/__tests__/transforms/vModel.spec.ts:71:3	76e86aee9418fd6bec2db603e533f2c436f03141	single-declaration	StringLiteral	16031078000d212073e509177eb3d907f37c093d165e7c362aba8b22c120aa72	blocked	BV1	BF2 must runner-enumerate profiles and attach imported/equivalent/not-applicable/unsupported evidence.	-
VUE-A0FAAFB08F67C78C717E	compiler-vapor	packages/compiler-vapor/__tests__/transforms/vModel.spec.ts:84:5	76e86aee9418fd6bec2db603e533f2c436f03141	single-declaration	StringLiteral	5ad66075fc1be5f0a499e5130002f40df4e6cc92c99b6cebcb22808dab62f0f3	blocked	BV1	BF2 must runner-enumerate profiles and attach imported/equivalent/not-applicable/unsupported evidence.	-
VUE-3A367111051710B8CA38	compiler-vapor	packages/compiler-vapor/__tests__/transforms/vModel.spec.ts:96:5	76e86aee9418fd6bec2db603e533f2c436f03141	single-declaration	StringLiteral	9307e9c5a1df0018c28b60aae7982fea61ccfb4e8c97ac1c660466297e213a54	blocked	BV1	BF2 must runner-enumerate profiles and attach imported/equivalent/not-applicable/unsupported evidence.	-
VUE-BD2B3890F7F49E9AD243	compiler-vapor	packages/compiler-vapor/__tests__/transforms/vOn.spec.ts:113:3	51267c9bea5f4c99672d16f6e6dacb92c418f50d	single-declaration	StringLiteral	a4956105247d2cb8ed0428f963853af059d191f7148ca3a61cd868bd7d84f839	blocked	BV1	BF2 must runner-enumerate profiles and attach imported/equivalent/not-applicable/unsupported evidence.	-
VUE-2DC79CA9CF02BDC80E20	compiler-vapor	packages/compiler-vapor/__tests__/transforms/vOn.spec.ts:121:3	51267c9bea5f4c99672d16f6e6dacb92c418f50d	single-declaration	StringLiteral	106ec9189ceaba6f7215fddfa865f32501e82645af235be8bc2be0c1212e76bb	blocked	BV1	BF2 must runner-enumerate profiles and attach imported/equivalent/not-applicable/unsupported evidence.	-
VUE-D6BF9BD4E50115E1C37B	compiler-vapor	packages/compiler-vapor/__tests__/transforms/vOn.spec.ts:137:3	51267c9bea5f4c99672d16f6e6dacb92c418f50d	single-declaration	StringLiteral	840ba98acf2b4cb6160bc3695540283ba1f380d252d8709f9d23729826e7896e	blocked	BV1	BF2 must runner-enumerate profiles and attach imported/equivalent/not-applicable/unsupported evidence.	-
VUE-8F886A718E71EBCD3EE4	compiler-vapor	packages/compiler-vapor/__tests__/transforms/vOn.spec.ts:167:3	51267c9bea5f4c99672d16f6e6dacb92c418f50d	single-declaration	StringLiteral	55e3df9a16d16f4706b30aee6e70b8c749bc23ab03e4965a072cd79d5c9cc23c	blocked	BV1	BF2 must runner-enumerate profiles and attach imported/equivalent/not-applicable/unsupported evidence.	-
VUE-1F93A8CD51347E1EDF7B	compiler-vapor	packages/compiler-vapor/__tests__/transforms/vOn.spec.ts:18:3	51267c9bea5f4c99672d16f6e6dacb92c418f50d	single-declaration	StringLiteral	916b102537c5abd9ea5e1030b94e32071146d61597bd89c2b6ebee1b9b5e2de3	blocked	BV1	BF2 must runner-enumerate profiles and attach imported/equivalent/not-applicable/unsupported evidence.	-
VUE-AE2F6F7F2BB49894201C	compiler-vapor	packages/compiler-vapor/__tests__/transforms/vOn.spec.ts:188:3	51267c9bea5f4c99672d16f6e6dacb92c418f50d	single-declaration	StringLiteral	48093cd09a8ed1146019bb64a83f1681db86151a6cc279a17c522bc21a2b195e	blocked	BV1	BF2 must runner-enumerate profiles and attach imported/equivalent/not-applicable/unsupported evidence.	-
VUE-1586687EA4279AB96EF1	compiler-vapor	packages/compiler-vapor/__tests__/transforms/vOn.spec.ts:209:3	51267c9bea5f4c99672d16f6e6dacb92c418f50d	single-declaration	StringLiteral	2e86c9db0ed177b243b345dd1c8d53a9a4f80da7478b6061bb6545cd14280ea7	blocked	BV1	BF2 must runner-enumerate profiles and attach imported/equivalent/not-applicable/unsupported evidence.	-
VUE-BB91FC819FAA99813117	compiler-vapor	packages/compiler-vapor/__tests__/transforms/vOn.spec.ts:234:3	51267c9bea5f4c99672d16f6e6dacb92c418f50d	single-declaration	StringLiteral	6784355020c82ee4cbdf3a99ddb1a73ed50a4c2c3debee56d2ec3d04860b707a	blocked	BV1	BF2 must runner-enumerate profiles and attach imported/equivalent/not-applicable/unsupported evidence.	-
VUE-F87D51FC645F8C3C2B4D	compiler-vapor	packages/compiler-vapor/__tests__/transforms/vOn.spec.ts:250:3	51267c9bea5f4c99672d16f6e6dacb92c418f50d	single-declaration	StringLiteral	bf04117b3e70f5990bf413316e5529ccc094ec0420f315ccc48957836bc0ebeb	blocked	BV1	BF2 must runner-enumerate profiles and attach imported/equivalent/not-applicable/unsupported evidence.	-
VUE-CCD47995D9BB54B748FE	compiler-vapor	packages/compiler-vapor/__tests__/transforms/vOn.spec.ts:268:3	51267c9bea5f4c99672d16f6e6dacb92c418f50d	single-declaration	StringLiteral	11c6dad541d2cf087627b888155da489f0784ac9828ccf543e42cd96da270d7d	blocked	BV1	BF2 must runner-enumerate profiles and attach imported/equivalent/not-applicable/unsupported evidence.	-
VUE-D691E7FB0155BBCB46B9	compiler-vapor	packages/compiler-vapor/__tests__/transforms/vOn.spec.ts:284:3	51267c9bea5f4c99672d16f6e6dacb92c418f50d	single-declaration	StringLiteral	22200d5a816213a191ca71f123e81007ac5944ab73effa63cfa147d2dc75dd75	blocked	BV1	BF2 must runner-enumerate profiles and attach imported/equivalent/not-applicable/unsupported evidence.	-
VUE-2963BAFA7BFA7DF1446F	compiler-vapor	packages/compiler-vapor/__tests__/transforms/vOn.spec.ts:302:3	51267c9bea5f4c99672d16f6e6dacb92c418f50d	single-declaration	StringLiteral	485d8ed9926dfd4bc8ac50f5817dec1c3d4bbc94caca07a591e4897254031271	blocked	BV1	BF2 must runner-enumerate profiles and attach imported/equivalent/not-applicable/unsupported evidence.	-
VUE-EA3E34AF21DFEFB5509F	compiler-vapor	packages/compiler-vapor/__tests__/transforms/vOn.spec.ts:315:3	51267c9bea5f4c99672d16f6e6dacb92c418f50d	single-declaration	StringLiteral	b95a9db0096129d6a594a8dbe1e5901f55ee813682b5884dcd4c44c25b864ca6	blocked	BV1	BF2 must runner-enumerate profiles and attach imported/equivalent/not-applicable/unsupported evidence.	-
VUE-029C4AE9CB4D8077A7D8	compiler-vapor	packages/compiler-vapor/__tests__/transforms/vOn.spec.ts:331:3	51267c9bea5f4c99672d16f6e6dacb92c418f50d	single-declaration	StringLiteral	4c2ab166069a646b90411f6a1c3226cebb89725aff6b6b23899d102c5ee8338a	blocked	BV1	BF2 must runner-enumerate profiles and attach imported/equivalent/not-applicable/unsupported evidence.	-
VUE-020AAE8606493ED1B509	compiler-vapor	packages/compiler-vapor/__tests__/transforms/vOn.spec.ts:355:3	51267c9bea5f4c99672d16f6e6dacb92c418f50d	single-declaration	StringLiteral	a1e2072a6c0d17d03f10fda0b388a93859976110f15a05c765710cfda914480b	blocked	BV1	BF2 must runner-enumerate profiles and attach imported/equivalent/not-applicable/unsupported evidence.	-
VUE-73864C7A56DD480CC18C	compiler-vapor	packages/compiler-vapor/__tests__/transforms/vOn.spec.ts:371:3	51267c9bea5f4c99672d16f6e6dacb92c418f50d	single-declaration	StringLiteral	de87ee626bb05c5b32c4d25a8bd541b1f41f64eedbbc2dba2af9dfb2a85aea76	blocked	BV1	BF2 must runner-enumerate profiles and attach imported/equivalent/not-applicable/unsupported evidence.	-
VUE-5A9B77D9D81AF93AB92C	compiler-vapor	packages/compiler-vapor/__tests__/transforms/vOn.spec.ts:383:3	51267c9bea5f4c99672d16f6e6dacb92c418f50d	single-declaration	StringLiteral	b88a1ca918806459a045bce26cfbea6ed8b282af34d5ebc7b26311cd8baa8996	blocked	BV1	BF2 must runner-enumerate profiles and attach imported/equivalent/not-applicable/unsupported evidence.	-
VUE-E480B8A300B718CD4C1F	compiler-vapor	packages/compiler-vapor/__tests__/transforms/vOn.spec.ts:396:3	51267c9bea5f4c99672d16f6e6dacb92c418f50d	single-declaration	StringLiteral	0e2fbce623ebcd4656b63b323b13094398ee5e1dcff94908e9e2522d2362869f	blocked	BV1	BF2 must runner-enumerate profiles and attach imported/equivalent/not-applicable/unsupported evidence.	-
VUE-3339D366553194DA4D32	compiler-vapor	packages/compiler-vapor/__tests__/transforms/vOn.spec.ts:411:3	51267c9bea5f4c99672d16f6e6dacb92c418f50d	single-declaration	StringLiteral	5ca3700cd256c974612f48e3ad73e427642fcd22502eddc486f3d32b5b2809f1	blocked	BV1	BF2 must runner-enumerate profiles and attach imported/equivalent/not-applicable/unsupported evidence.	-
VUE-B925FE78C143A268C136	compiler-vapor	packages/compiler-vapor/__tests__/transforms/vOn.spec.ts:429:3	51267c9bea5f4c99672d16f6e6dacb92c418f50d	single-declaration	StringLiteral	10d0c5ba9f2405680c65a8862776aebf009814033fe10df70027851310e708d5	blocked	BV1	BF2 must runner-enumerate profiles and attach imported/equivalent/not-applicable/unsupported evidence.	-
VUE-0C715357B88B2A81ABDF	compiler-vapor	packages/compiler-vapor/__tests__/transforms/vOn.spec.ts:435:3	51267c9bea5f4c99672d16f6e6dacb92c418f50d	single-declaration	StringLiteral	fd66937e99317665fd420008fdf25d498658176033d8ef2cba2b6fcbb3faf265	blocked	BV1	BF2 must runner-enumerate profiles and attach imported/equivalent/not-applicable/unsupported evidence.	-
VUE-A78F57408D51F6FED3C9	compiler-vapor	packages/compiler-vapor/__tests__/transforms/vOn.spec.ts:470:3	51267c9bea5f4c99672d16f6e6dacb92c418f50d	single-declaration	StringLiteral	97817caf5db1b56cca079d74ac090656afc49a89985fb3272e688b31c965ff02	blocked	BV1	BF2 must runner-enumerate profiles and attach imported/equivalent/not-applicable/unsupported evidence.	-
VUE-80D285E48D9A549EB5B6	compiler-vapor	packages/compiler-vapor/__tests__/transforms/vOn.spec.ts:52:3	51267c9bea5f4c99672d16f6e6dacb92c418f50d	single-declaration	StringLiteral	8ca265eac6c77fd25b40da977f0fef635c94a90dfb38db1201668e8dd073ce3a	blocked	BV1	BF2 must runner-enumerate profiles and attach imported/equivalent/not-applicable/unsupported evidence.	-
VUE-9DA3A36F36C7223F063F	compiler-vapor	packages/compiler-vapor/__tests__/transforms/vOn.spec.ts:526:3	51267c9bea5f4c99672d16f6e6dacb92c418f50d	single-declaration	StringLiteral	92bc5523c35a5bc986b4868699c33b050d5a5cafebb2436ef5154f1157d08e28	blocked	BV1	BF2 must runner-enumerate profiles and attach imported/equivalent/not-applicable/unsupported evidence.	-
VUE-A56DEC59219596F6A009	compiler-vapor	packages/compiler-vapor/__tests__/transforms/vOn.spec.ts:559:3	51267c9bea5f4c99672d16f6e6dacb92c418f50d	single-declaration	StringLiteral	cfa37d7423133872fd73b91f371a5472472e5316856af177db103b52d8ea1c11	blocked	BV1	BF2 must runner-enumerate profiles and attach imported/equivalent/not-applicable/unsupported evidence.	-
VUE-6C2914E3775002ACF0B5	compiler-vapor	packages/compiler-vapor/__tests__/transforms/vOn.spec.ts:573:3	51267c9bea5f4c99672d16f6e6dacb92c418f50d	single-declaration	StringLiteral	bf07e06400c52560a8e3b9d318c78d89640d8070c1cbf0632fe47fdf014eef2f	blocked	BV1	BF2 must runner-enumerate profiles and attach imported/equivalent/not-applicable/unsupported evidence.	-
VUE-8E8FC31E464F7ABC0969	compiler-vapor	packages/compiler-vapor/__tests__/transforms/vOn.spec.ts:592:3	51267c9bea5f4c99672d16f6e6dacb92c418f50d	single-declaration	StringLiteral	67ca37e1f1aec5fe65e82115f2c9c061da20219d96606713e7343c31c87c4cec	blocked	BV1	BF2 must runner-enumerate profiles and attach imported/equivalent/not-applicable/unsupported evidence.	-
VUE-C13658C07E091BAF7C07	compiler-vapor	packages/compiler-vapor/__tests__/transforms/vOn.spec.ts:616:3	51267c9bea5f4c99672d16f6e6dacb92c418f50d	single-declaration	StringLiteral	c573caae93a8710e4dab4d8ecece6442de52cf7f0eef117332000fde4373cf40	blocked	BV1	BF2 must runner-enumerate profiles and attach imported/equivalent/not-applicable/unsupported evidence.	-
VUE-70621801AA32C69BE6BB	compiler-vapor	packages/compiler-vapor/__tests__/transforms/vOn.spec.ts:657:3	51267c9bea5f4c99672d16f6e6dacb92c418f50d	single-declaration	StringLiteral	b993558d816eb45122fdc0a899b72f867b51951f76e1dafa902f4c9d98dfb868	blocked	BV1	BF2 must runner-enumerate profiles and attach imported/equivalent/not-applicable/unsupported evidence.	-
VUE-FC60210CB60220EA89AD	compiler-vapor	packages/compiler-vapor/__tests__/transforms/vOn.spec.ts:699:3	51267c9bea5f4c99672d16f6e6dacb92c418f50d	single-declaration	StringLiteral	82658e59c8a882ba841d9aa7ee3bb6ccc0e15ff5e129c7ebb2e958977c919406	blocked	BV1	BF2 must runner-enumerate profiles and attach imported/equivalent/not-applicable/unsupported evidence.	-
VUE-37BC48AB50CAF2908043	compiler-vapor	packages/compiler-vapor/__tests__/transforms/vOn.spec.ts:757:3	51267c9bea5f4c99672d16f6e6dacb92c418f50d	single-declaration	StringLiteral	651145726cd0a9ba0cd4ec7ba1f086e1bee275104e61c483a90c3f1ee287eb7d	blocked	BV1	BF2 must runner-enumerate profiles and attach imported/equivalent/not-applicable/unsupported evidence.	-
VUE-741FE601BAC7F47C3B12	compiler-vapor	packages/compiler-vapor/__tests__/transforms/vOn.spec.ts:766:3	51267c9bea5f4c99672d16f6e6dacb92c418f50d	single-declaration	StringLiteral	b5c8ce2d178c305310279a5f56f5d573da8cf3c72bd1f8dca32f7cf4efaf63e1	blocked	BV1	BF2 must runner-enumerate profiles and attach imported/equivalent/not-applicable/unsupported evidence.	-
VUE-9AA1604F0443D953B69C	compiler-vapor	packages/compiler-vapor/__tests__/transforms/vOn.spec.ts:780:3	51267c9bea5f4c99672d16f6e6dacb92c418f50d	single-declaration	StringLiteral	363a9e681bf8b2eeff08be7ba648c81283e30573396ceb03dc4c6f67d07c8ac3	blocked	BV1	BF2 must runner-enumerate profiles and attach imported/equivalent/not-applicable/unsupported evidence.	-
VUE-61EB08F462875B4C3088	compiler-vapor	packages/compiler-vapor/__tests__/transforms/vOn.spec.ts:798:3	51267c9bea5f4c99672d16f6e6dacb92c418f50d	single-declaration	StringLiteral	4aca410d993235a2fe9945b7cd3906d893f1821288665646ce84bf00e47e0156	blocked	BV1	BF2 must runner-enumerate profiles and attach imported/equivalent/not-applicable/unsupported evidence.	-
VUE-02878086FF62A50EAF71	compiler-vapor	packages/compiler-vapor/__tests__/transforms/vOn.spec.ts:815:3	51267c9bea5f4c99672d16f6e6dacb92c418f50d	single-declaration	StringLiteral	367bd4737253c73c334ccd9dd60234f7d95a2af895600482e3238573d0626eb8	blocked	BV1	BF2 must runner-enumerate profiles and attach imported/equivalent/not-applicable/unsupported evidence.	-
VUE-7BC0856A0FFE186470A9	compiler-vapor	packages/compiler-vapor/__tests__/transforms/vOn.spec.ts:832:3	51267c9bea5f4c99672d16f6e6dacb92c418f50d	single-declaration	StringLiteral	dd4631bbaa32e486ae55cba3be68fe87653a6f5cbee28051a8f4e6c8e24d0e93	blocked	BV1	BF2 must runner-enumerate profiles and attach imported/equivalent/not-applicable/unsupported evidence.	-
VUE-353AEB70355DED1A53CA	compiler-vapor	packages/compiler-vapor/__tests__/transforms/vOn.spec.ts:849:3	51267c9bea5f4c99672d16f6e6dacb92c418f50d	single-declaration	StringLiteral	59bf662e66cf46e7eebc6c4f47c75bbb147d4ceecd8b55e8645c583f8273e08a	blocked	BV1	BF2 must runner-enumerate profiles and attach imported/equivalent/not-applicable/unsupported evidence.	-
VUE-029A0D3D3D5939D4BE4F	compiler-vapor	packages/compiler-vapor/__tests__/transforms/vOn.spec.ts:85:3	51267c9bea5f4c99672d16f6e6dacb92c418f50d	single-declaration	StringLiteral	fd28b2f21db8352051364d9fb0ef1024e6980a984cd9401d6c7a609e0c85d8fc	blocked	BV1	BF2 must runner-enumerate profiles and attach imported/equivalent/not-applicable/unsupported evidence.	-
VUE-C139A4B8D2976B4DA801	compiler-vapor	packages/compiler-vapor/__tests__/transforms/vOn.spec.ts:865:3	51267c9bea5f4c99672d16f6e6dacb92c418f50d	single-declaration	StringLiteral	47905b3a75e0e4851f739f7437f965354401fbd7679a90f84260f280845c041a	blocked	BV1	BF2 must runner-enumerate profiles and attach imported/equivalent/not-applicable/unsupported evidence.	-
VUE-0F6B46C858884F4703C2	compiler-vapor	packages/compiler-vapor/__tests__/transforms/vOn.spec.ts:881:3	51267c9bea5f4c99672d16f6e6dacb92c418f50d	single-declaration	StringLiteral	61f82c932242a6bb373d52951e09dfada7001a9f9a29970b308b3f89b613cc09	blocked	BV1	BF2 must runner-enumerate profiles and attach imported/equivalent/not-applicable/unsupported evidence.	-
VUE-0A579B19F608C20F6104	compiler-vapor	packages/compiler-vapor/__tests__/transforms/vOn.spec.ts:898:3	51267c9bea5f4c99672d16f6e6dacb92c418f50d	single-declaration	StringLiteral	e8c28301bb50bc95927b130589f54e5ed62029e8d1016c1857dd75253d0b7e3e	blocked	BV1	BF2 must runner-enumerate profiles and attach imported/equivalent/not-applicable/unsupported evidence.	-
VUE-0ED217B37067225FFC06	compiler-vapor	packages/compiler-vapor/__tests__/transforms/vOn.spec.ts:911:3	51267c9bea5f4c99672d16f6e6dacb92c418f50d	single-declaration	StringLiteral	e6c7491123f23691570f2654389d38d94262b5f2d0d63393777e7af2a4fcba6e	blocked	BV1	BF2 must runner-enumerate profiles and attach imported/equivalent/not-applicable/unsupported evidence.	-
VUE-D0F81C7E973A133D8675	compiler-vapor	packages/compiler-vapor/__tests__/transforms/vOn.spec.ts:927:3	51267c9bea5f4c99672d16f6e6dacb92c418f50d	single-declaration	StringLiteral	94c52dc3b19804e7947637c59812f0246a7aa8ad4f7c247e247e904d8cd33895	blocked	BV1	BF2 must runner-enumerate profiles and attach imported/equivalent/not-applicable/unsupported evidence.	-
VUE-A6B7512645F42A1D4455	compiler-vapor	packages/compiler-vapor/__tests__/transforms/vOn.spec.ts:942:3	51267c9bea5f4c99672d16f6e6dacb92c418f50d	single-declaration	StringLiteral	ff1eb5edd16b97fe4d5e54d1a6157739802d61284e4bef95e6008fdc9103f0a0	blocked	BV1	BF2 must runner-enumerate profiles and attach imported/equivalent/not-applicable/unsupported evidence.	-
VUE-F22F762B356F8D345722	compiler-vapor	packages/compiler-vapor/__tests__/transforms/vOn.spec.ts:954:3	51267c9bea5f4c99672d16f6e6dacb92c418f50d	single-declaration	StringLiteral	dbbf618bd19628402c52551d1e19971144014c39d3ce2d579742765755276163	blocked	BV1	BF2 must runner-enumerate profiles and attach imported/equivalent/not-applicable/unsupported evidence.	-
VUE-DD911215D5B428A5A9B6	compiler-vapor	packages/compiler-vapor/__tests__/transforms/vOn.spec.ts:960:3	51267c9bea5f4c99672d16f6e6dacb92c418f50d	single-declaration	StringLiteral	23353fc81c70308e58abe162132ab200aaad9bdfc5233d481490b3bd8cc0e2ea	blocked	BV1	BF2 must runner-enumerate profiles and attach imported/equivalent/not-applicable/unsupported evidence.	-
VUE-4B372C78DEDB4B2C10BD	compiler-vapor	packages/compiler-vapor/__tests__/transforms/vOnce.spec.ts:125:3	5dbd0865d5024744760611fc770027bb4478f408	single-declaration	StringLiteral	dada86509e58331aea6399767e1edfac64617aa2ab65eecc14f89bbbd2b06d8a	blocked	BV1	BF2 must runner-enumerate profiles and attach imported/equivalent/not-applicable/unsupported evidence.	-
VUE-666D37C44A42AA3BF0C2	compiler-vapor	packages/compiler-vapor/__tests__/transforms/vOnce.spec.ts:13:3	5dbd0865d5024744760611fc770027bb4478f408	single-declaration	StringLiteral	8630f6bdb0e06a9167722b29c0d0428180b912f248abe561843f8c31877ac1a8	blocked	BV1	BF2 must runner-enumerate profiles and attach imported/equivalent/not-applicable/unsupported evidence.	-
VUE-F1207AE342434D330CFD	compiler-vapor	packages/compiler-vapor/__tests__/transforms/vOnce.spec.ts:138:3	5dbd0865d5024744760611fc770027bb4478f408	single-declaration	StringLiteral	3a957ac0ff2d36af5232d609b82f30fbc2def9cde21b49398a9f67cdf07e7317	blocked	BV1	BF2 must runner-enumerate profiles and attach imported/equivalent/not-applicable/unsupported evidence.	-
VUE-825C24BAD249F4EBD1E3	compiler-vapor	packages/compiler-vapor/__tests__/transforms/vOnce.spec.ts:146:3	5dbd0865d5024744760611fc770027bb4478f408	single-declaration	StringLiteral	32eb533922d310df6937a5681b1d9d817e07ed838727d6711b2dfa2367323e2e	blocked	BV1	BF2 must runner-enumerate profiles and attach imported/equivalent/not-applicable/unsupported evidence.	-
VUE-DE54E7484DD78572D579	compiler-vapor	packages/compiler-vapor/__tests__/transforms/vOnce.spec.ts:152:3	5dbd0865d5024744760611fc770027bb4478f408	single-declaration	StringLiteral	e862e32ac807d1b001e6f6fb23e28e443da4d705a6ab894347b8fb4787932a67	blocked	BV1	BF2 must runner-enumerate profiles and attach imported/equivalent/not-applicable/unsupported evidence.	-
VUE-67C4F195EB1E7DB37175	compiler-vapor	packages/compiler-vapor/__tests__/transforms/vOnce.spec.ts:161:3	5dbd0865d5024744760611fc770027bb4478f408	single-declaration	StringLiteral	bb811dc1cba6fa77fca884b502f838ef72381e8edbf19de67904fc202bc271dc	blocked	BV1	BF2 must runner-enumerate profiles and attach imported/equivalent/not-applicable/unsupported evidence.	-
VUE-C9FCBB3C253A1B94E591	compiler-vapor	packages/compiler-vapor/__tests__/transforms/vOnce.spec.ts:184:3	5dbd0865d5024744760611fc770027bb4478f408	single-declaration	StringLiteral	27fffb14a4bdc194167a51f167d92bcc8f890cd927fb28b6a02748779a99b321	blocked	BV1	BF2 must runner-enumerate profiles and attach imported/equivalent/not-applicable/unsupported evidence.	-
VUE-F5858B3102B21525CD4E	compiler-vapor	packages/compiler-vapor/__tests__/transforms/vOnce.spec.ts:215:3	5dbd0865d5024744760611fc770027bb4478f408	single-declaration	StringLiteral	662ca1315f6cad4e3b359d6f04ba89435d2a2a3f22fcd22a7837bf42a4836ed2	blocked	BV1	BF2 must runner-enumerate profiles and attach imported/equivalent/not-applicable/unsupported evidence.	-
VUE-0EAC2F3DC16EF5D69B92	compiler-vapor	packages/compiler-vapor/__tests__/transforms/vOnce.spec.ts:226:3	5dbd0865d5024744760611fc770027bb4478f408	single-declaration	StringLiteral	3cdb1418effc44d0489793e39c35f6d0daa06924cc74d3a668745e2f0f983ff1	blocked	BV1	BF2 must runner-enumerate profiles and attach imported/equivalent/not-applicable/unsupported evidence.	-
VUE-97FFB2B6A02D8CDD8F37	compiler-vapor	packages/compiler-vapor/__tests__/transforms/vOnce.spec.ts:67:3	5dbd0865d5024744760611fc770027bb4478f408	single-declaration	StringLiteral	2c50f7b55683b94f4cd8bdd6222b4f5019aeeeb2466cf9e31b22738311be864c	blocked	BV1	BF2 must runner-enumerate profiles and attach imported/equivalent/not-applicable/unsupported evidence.	-
VUE-54920D6E29FB935DE7EA	compiler-vapor	packages/compiler-vapor/__tests__/transforms/vOnce.spec.ts:96:3	5dbd0865d5024744760611fc770027bb4478f408	single-declaration	StringLiteral	27524d578db1af60ebdee040fae794a66ca2435cab14ac8dcfdf0524f0bab5aa	blocked	BV1	BF2 must runner-enumerate profiles and attach imported/equivalent/not-applicable/unsupported evidence.	-
VUE-444A4871EC66E8F65922	compiler-vapor	packages/compiler-vapor/__tests__/transforms/vShow.spec.ts:13:3	800f64cc0b4468806186f687b3a08b9c84475136	single-declaration	StringLiteral	916b102537c5abd9ea5e1030b94e32071146d61597bd89c2b6ebee1b9b5e2de3	blocked	BV1	BF2 must runner-enumerate profiles and attach imported/equivalent/not-applicable/unsupported evidence.	-
VUE-986A9C3E098C785A0A92	compiler-vapor	packages/compiler-vapor/__tests__/transforms/vShow.spec.ts:18:3	800f64cc0b4468806186f687b3a08b9c84475136	single-declaration	StringLiteral	d6db70ebbab1195fc2eb51be389e791d807dc9e695850b02952d4fc205b9673d	blocked	BV1	BF2 must runner-enumerate profiles and attach imported/equivalent/not-applicable/unsupported evidence.	-
VUE-5F6A7B08AD5A05FDEB54	compiler-vapor	packages/compiler-vapor/__tests__/transforms/vSlot.spec.ts:1004:5	b87be000fe77fcc641973aa6c8c05d79cbea0037	single-declaration	StringLiteral	fb212a0813cfd16de0d6270e8afbfce41ea11fb7a8838fc0fa0f75f402be01af	blocked	BV1	BF2 must runner-enumerate profiles and attach imported/equivalent/not-applicable/unsupported evidence.	-
VUE-B7213B2A79D9CFB2B79F	compiler-vapor	packages/compiler-vapor/__tests__/transforms/vSlot.spec.ts:1026:5	b87be000fe77fcc641973aa6c8c05d79cbea0037	single-declaration	StringLiteral	151114e29a14a81dded39a56935f8801b8fdda4027a66658f265c739cc89c7c6	blocked	BV1	BF2 must runner-enumerate profiles and attach imported/equivalent/not-applicable/unsupported evidence.	-
VUE-505A09F77C35380364C4	compiler-vapor	packages/compiler-vapor/__tests__/transforms/vSlot.spec.ts:1038:5	b87be000fe77fcc641973aa6c8c05d79cbea0037	single-declaration	StringLiteral	52013c064b0b4882058b85c9538d72ddd40d7fc9b1773d283de386b003eb45ac	blocked	BV1	BF2 must runner-enumerate profiles and attach imported/equivalent/not-applicable/unsupported evidence.	-
VUE-A4A8F1BF4E23A55D772A	compiler-vapor	packages/compiler-vapor/__tests__/transforms/vSlot.spec.ts:1050:5	b87be000fe77fcc641973aa6c8c05d79cbea0037	single-declaration	StringLiteral	a054b594120c18c1f83556cfd1b519bacb11d8c6bc7c425778fd36c0be6b0a94	blocked	BV1	BF2 must runner-enumerate profiles and attach imported/equivalent/not-applicable/unsupported evidence.	-
VUE-1CAF6065F33075D477BF	compiler-vapor	packages/compiler-vapor/__tests__/transforms/vSlot.spec.ts:106:3	b87be000fe77fcc641973aa6c8c05d79cbea0037	single-declaration	StringLiteral	9e80a8cd6517b5c5f8aaafb58761d9f51e77664320389f25d13ddcacb4ac46e5	blocked	BV1	BF2 must runner-enumerate profiles and attach imported/equivalent/not-applicable/unsupported evidence.	-
VUE-3F3D5773CEB3A0C989F0	compiler-vapor	packages/compiler-vapor/__tests__/transforms/vSlot.spec.ts:1062:5	b87be000fe77fcc641973aa6c8c05d79cbea0037	single-declaration	StringLiteral	6fc732eac99a90f784e91c7b4695a74baaca28237d266f84271980c6474475d5	blocked	BV1	BF2 must runner-enumerate profiles and attach imported/equivalent/not-applicable/unsupported evidence.	-
VUE-A4AFBE1D7922979A533B	compiler-vapor	packages/compiler-vapor/__tests__/transforms/vSlot.spec.ts:1076:5	b87be000fe77fcc641973aa6c8c05d79cbea0037	single-declaration	StringLiteral	3e738566b03d17ee34cc87f401ad60ac98c6f0dd7675d9aac2a48b9741a404b1	blocked	BV1	BF2 must runner-enumerate profiles and attach imported/equivalent/not-applicable/unsupported evidence.	-
VUE-E11992B02CECFFDF4098	compiler-vapor	packages/compiler-vapor/__tests__/transforms/vSlot.spec.ts:1090:5	b87be000fe77fcc641973aa6c8c05d79cbea0037	single-declaration	StringLiteral	90e583bab9f3e5aa67f89f52da48630a83489a3441caac3b1d11aa01dd788865	blocked	BV1	BF2 must runner-enumerate profiles and attach imported/equivalent/not-applicable/unsupported evidence.	-
VUE-8CD0E8A249C7A17C0543	compiler-vapor	packages/compiler-vapor/__tests__/transforms/vSlot.spec.ts:1104:5	b87be000fe77fcc641973aa6c8c05d79cbea0037	single-declaration	StringLiteral	22f5929c6b07a63ffd8068ab4b2c385af6080f3825e7f8fda7fcc358d7f211b6	blocked	BV1	BF2 must runner-enumerate profiles and attach imported/equivalent/not-applicable/unsupported evidence.	-
VUE-155B9CA757815B81F263	compiler-vapor	packages/compiler-vapor/__tests__/transforms/vSlot.spec.ts:1120:5	b87be000fe77fcc641973aa6c8c05d79cbea0037	single-declaration	StringLiteral	0b145f8ab2a8b1321c1c88a902eccd3f8ab33719faee736a7b6c3d6c150ce466	blocked	BV1	BF2 must runner-enumerate profiles and attach imported/equivalent/not-applicable/unsupported evidence.	-
VUE-98434089E30E240CA175	compiler-vapor	packages/compiler-vapor/__tests__/transforms/vSlot.spec.ts:1132:5	b87be000fe77fcc641973aa6c8c05d79cbea0037	single-declaration	StringLiteral	f780d326944006394af791abdb7a540b360916cfd30f4a482fbc21ca329692f1	blocked	BV1	BF2 must runner-enumerate profiles and attach imported/equivalent/not-applicable/unsupported evidence.	-
VUE-80A6E45D9098FA1A263F	compiler-vapor	packages/compiler-vapor/__tests__/transforms/vSlot.spec.ts:1145:5	b87be000fe77fcc641973aa6c8c05d79cbea0037	single-declaration	StringLiteral	dfc4fd40450799d699149ffd970c353deb131f89fe5abf82486c50eef2fb0c3b	blocked	BV1	BF2 must runner-enumerate profiles and attach imported/equivalent/not-applicable/unsupported evidence.	-
VUE-FEEE354603CBCC3F2D89	compiler-vapor	packages/compiler-vapor/__tests__/transforms/vSlot.spec.ts:1157:5	b87be000fe77fcc641973aa6c8c05d79cbea0037	single-declaration	StringLiteral	fa529d124ffcf25398120785a15d415b93878d3687f7b4f958fd2a1c67bc5fdd	blocked	BV1	BF2 must runner-enumerate profiles and attach imported/equivalent/not-applicable/unsupported evidence.	-
VUE-02BE3E3526426C84CFC9	compiler-vapor	packages/compiler-vapor/__tests__/transforms/vSlot.spec.ts:1175:5	b87be000fe77fcc641973aa6c8c05d79cbea0037	single-declaration	StringLiteral	fed59833bbcd4f7e4cd9473d23e23f8824b9479347000712f21cb1f57bbebdc0	blocked	BV1	BF2 must runner-enumerate profiles and attach imported/equivalent/not-applicable/unsupported evidence.	-
VUE-AC9EC6407B93460197D2	compiler-vapor	packages/compiler-vapor/__tests__/transforms/vSlot.spec.ts:1192:5	b87be000fe77fcc641973aa6c8c05d79cbea0037	single-declaration	StringLiteral	23398c3a4fd2721a36570bb08164eb4fdb07b67971daa2d11a089d547c12f43a	blocked	BV1	BF2 must runner-enumerate profiles and attach imported/equivalent/not-applicable/unsupported evidence.	-
VUE-0BC38CCAEB80ECA0B0FF	compiler-vapor	packages/compiler-vapor/__tests__/transforms/vSlot.spec.ts:142:3	b87be000fe77fcc641973aa6c8c05d79cbea0037	single-declaration	StringLiteral	519318b43f5b13e16eda99d77d28f26a58439dd9d71d62107ebfaf8e8111cecd	blocked	BV1	BF2 must runner-enumerate profiles and attach imported/equivalent/not-applicable/unsupported evidence.	-
VUE-3010D7CC89F838C0ED91	compiler-vapor	packages/compiler-vapor/__tests__/transforms/vSlot.spec.ts:178:3	b87be000fe77fcc641973aa6c8c05d79cbea0037	single-declaration	StringLiteral	6332248a3b7f0cb4fccd54f0164e4eb3047a2c436f783470cf926fea103fc59f	blocked	BV1	BF2 must runner-enumerate profiles and attach imported/equivalent/not-applicable/unsupported evidence.	-
VUE-CA7810293FE8087A8D75	compiler-vapor	packages/compiler-vapor/__tests__/transforms/vSlot.spec.ts:207:3	b87be000fe77fcc641973aa6c8c05d79cbea0037	single-declaration	StringLiteral	0d7897bbdd5bc2f117a0684b74ebefb8fdba67e225afc65736143fab1d0a6bc2	blocked	BV1	BF2 must runner-enumerate profiles and attach imported/equivalent/not-applicable/unsupported evidence.	-
VUE-082ECF7623EFA61B8E40	compiler-vapor	packages/compiler-vapor/__tests__/transforms/vSlot.spec.ts:238:3	b87be000fe77fcc641973aa6c8c05d79cbea0037	single-declaration	StringLiteral	fb9b3f9a1760605390816e8101cb56a5b6b8bb71fc416acdc2a188c107280de6	blocked	BV1	BF2 must runner-enumerate profiles and attach imported/equivalent/not-applicable/unsupported evidence.	-
VUE-A43BF563BC318052AAF1	compiler-vapor	packages/compiler-vapor/__tests__/transforms/vSlot.spec.ts:248:3	b87be000fe77fcc641973aa6c8c05d79cbea0037	single-declaration	StringLiteral	3bdb1d12735571e37f0884803ae7cda7e554eb53fe408adc6077b3c2b5af7049	blocked	BV1	BF2 must runner-enumerate profiles and attach imported/equivalent/not-applicable/unsupported evidence.	-
VUE-94A08A849BA086510E1D	compiler-vapor	packages/compiler-vapor/__tests__/transforms/vSlot.spec.ts:260:3	b87be000fe77fcc641973aa6c8c05d79cbea0037	single-declaration	StringLiteral	ee428f2f3c7f4d6f3fb90b607744e174fd8a329fd14c01174ead8ddc73f7e624	blocked	BV1	BF2 must runner-enumerate profiles and attach imported/equivalent/not-applicable/unsupported evidence.	-
VUE-C7D7B16DA3C46F5AC8D9	compiler-vapor	packages/compiler-vapor/__tests__/transforms/vSlot.spec.ts:272:3	b87be000fe77fcc641973aa6c8c05d79cbea0037	single-declaration	StringLiteral	4779b91aa6446820eb5b50d6890bb0eaf1d69b0ce9d4bc39a06cbe2a59ff6462	blocked	BV1	BF2 must runner-enumerate profiles and attach imported/equivalent/not-applicable/unsupported evidence.	-
VUE-4DA485F8AC1980B03CCB	compiler-vapor	packages/compiler-vapor/__tests__/transforms/vSlot.spec.ts:284:3	b87be000fe77fcc641973aa6c8c05d79cbea0037	single-declaration	StringLiteral	672b2c1a9a1471c258d71d98649fc102357d5587e16949776efa6803d2d561d7	blocked	BV1	BF2 must runner-enumerate profiles and attach imported/equivalent/not-applicable/unsupported evidence.	-
VUE-185297B5A2F1C3F0AFEA	compiler-vapor	packages/compiler-vapor/__tests__/transforms/vSlot.spec.ts:296:3	b87be000fe77fcc641973aa6c8c05d79cbea0037	single-declaration	StringLiteral	49d43fec19f3361c2a3b9e5b24770734d760a1e2aa9fe537cae9a1c9593224b8	blocked	BV1	BF2 must runner-enumerate profiles and attach imported/equivalent/not-applicable/unsupported evidence.	-
VUE-FE6BA0921F856342F248	compiler-vapor	packages/compiler-vapor/__tests__/transforms/vSlot.spec.ts:308:3	b87be000fe77fcc641973aa6c8c05d79cbea0037	single-declaration	StringLiteral	de7936cc52ab2b6bcc7e0dfd2b0a2fa2df483fc3829b849577871af8b0e3c446	blocked	BV1	BF2 must runner-enumerate profiles and attach imported/equivalent/not-applicable/unsupported evidence.	-
VUE-B16D73F38A2F075A74E9	compiler-vapor	packages/compiler-vapor/__tests__/transforms/vSlot.spec.ts:320:3	b87be000fe77fcc641973aa6c8c05d79cbea0037	single-declaration	StringLiteral	67f4c08ed08cae4db3b4e5b655f48d4f019d5d0a48d4a802abc298690bb43765	blocked	BV1	BF2 must runner-enumerate profiles and attach imported/equivalent/not-applicable/unsupported evidence.	-
VUE-D9232BD2BD3968DDCAAB	compiler-vapor	packages/compiler-vapor/__tests__/transforms/vSlot.spec.ts:333:3	b87be000fe77fcc641973aa6c8c05d79cbea0037	single-declaration	StringLiteral	58896ff7527a290c2eac29658a42fecfab8cbfcc38b6d43f7df041ac76dca81b	blocked	BV1	BF2 must runner-enumerate profiles and attach imported/equivalent/not-applicable/unsupported evidence.	-
VUE-BD201E726A35A0DFFB1A	compiler-vapor	packages/compiler-vapor/__tests__/transforms/vSlot.spec.ts:345:3	b87be000fe77fcc641973aa6c8c05d79cbea0037	single-declaration	StringLiteral	bc35bc1f92a841467f78b1d14e7e43869f12aff23dd20cdd0b4e39e4e3624750	blocked	BV1	BF2 must runner-enumerate profiles and attach imported/equivalent/not-applicable/unsupported evidence.	-
VUE-F5793831DA3BDEA3A52C	compiler-vapor	packages/compiler-vapor/__tests__/transforms/vSlot.spec.ts:381:3	b87be000fe77fcc641973aa6c8c05d79cbea0037	single-declaration	StringLiteral	39512be4070c0894115c3505e8a0716efa2fe9c1adf17efde5d694f854071963	blocked	BV1	BF2 must runner-enumerate profiles and attach imported/equivalent/not-applicable/unsupported evidence.	-
VUE-4FE9EE016EFAAFDA63CA	compiler-vapor	packages/compiler-vapor/__tests__/transforms/vSlot.spec.ts:445:3	b87be000fe77fcc641973aa6c8c05d79cbea0037	single-declaration	StringLiteral	7bfb36907247ed437d130fd69ae827d7ed8622f59948e00ae6d34aa63679fab3	blocked	BV1	BF2 must runner-enumerate profiles and attach imported/equivalent/not-applicable/unsupported evidence.	-
VUE-E17F8FE98E2FD05AA983	compiler-vapor	packages/compiler-vapor/__tests__/transforms/vSlot.spec.ts:468:3	b87be000fe77fcc641973aa6c8c05d79cbea0037	single-declaration	StringLiteral	61007afc7a59de889416617b3ec5f369f601f99f0ffd3b4477b678fb47c42266	blocked	BV1	BF2 must runner-enumerate profiles and attach imported/equivalent/not-applicable/unsupported evidence.	-
VUE-9E2BB1AEAA658575CD5A	compiler-vapor	packages/compiler-vapor/__tests__/transforms/vSlot.spec.ts:50:3	b87be000fe77fcc641973aa6c8c05d79cbea0037	single-declaration	StringLiteral	62d48c26c7d8237595d00f6bd4fc97bd999bb3b06f55b7a93608ba50f7394e7a	blocked	BV1	BF2 must runner-enumerate profiles and attach imported/equivalent/not-applicable/unsupported evidence.	-
VUE-65D3B9D96EACC033DEA4	compiler-vapor	packages/compiler-vapor/__tests__/transforms/vSlot.spec.ts:500:3	b87be000fe77fcc641973aa6c8c05d79cbea0037	single-declaration	StringLiteral	c4b408bf5d8f43ee0191fd91ecd0fd90307f8d98e4518ef8af3ba5c388168720	blocked	BV1	BF2 must runner-enumerate profiles and attach imported/equivalent/not-applicable/unsupported evidence.	-
VUE-FBC46069929523C6AB5D	compiler-vapor	packages/compiler-vapor/__tests__/transforms/vSlot.spec.ts:530:3	b87be000fe77fcc641973aa6c8c05d79cbea0037	single-declaration	StringLiteral	569f6e488dc1006d8166ad468cfb1b4884d357d8317277eec0024adcbb3743f1	blocked	BV1	BF2 must runner-enumerate profiles and attach imported/equivalent/not-applicable/unsupported evidence.	-
VUE-02419FCEE3259256BF2D	compiler-vapor	packages/compiler-vapor/__tests__/transforms/vSlot.spec.ts:565:3	b87be000fe77fcc641973aa6c8c05d79cbea0037	single-declaration	StringLiteral	d36e512ed8c65fcd3c03b87147b565074f17349f3127bec066ca71c21893c9ab	blocked	BV1	BF2 must runner-enumerate profiles and attach imported/equivalent/not-applicable/unsupported evidence.	-
VUE-85FB2AB099F5894CADAA	compiler-vapor	packages/compiler-vapor/__tests__/transforms/vSlot.spec.ts:581:3	b87be000fe77fcc641973aa6c8c05d79cbea0037	single-declaration	StringLiteral	dccb7daee7dbee40b0bf273f9ab19389adb94ed73012bf62fc4c80a9ad54c9df	blocked	BV1	BF2 must runner-enumerate profiles and attach imported/equivalent/not-applicable/unsupported evidence.	-
VUE-843BAC3C4F392526426F	compiler-vapor	packages/compiler-vapor/__tests__/transforms/vSlot.spec.ts:592:3	b87be000fe77fcc641973aa6c8c05d79cbea0037	single-declaration	StringLiteral	7b6c392f8e2a646ff438dd2232682a6d372c9fb633125aeadf1d671eaac1f189	blocked	BV1	BF2 must runner-enumerate profiles and attach imported/equivalent/not-applicable/unsupported evidence.	-
VUE-06F6364E586DB0000E34	compiler-vapor	packages/compiler-vapor/__tests__/transforms/vSlot.spec.ts:601:5	b87be000fe77fcc641973aa6c8c05d79cbea0037	single-declaration	StringLiteral	98c490d619b8afd1d9259ff8713153e29465b1f99f686f5873fd8541d9bf62a2	blocked	BV1	BF2 must runner-enumerate profiles and attach imported/equivalent/not-applicable/unsupported evidence.	-
VUE-4978987738AA99D00068	compiler-vapor	packages/compiler-vapor/__tests__/transforms/vSlot.spec.ts:609:5	b87be000fe77fcc641973aa6c8c05d79cbea0037	single-declaration	StringLiteral	f1ecd2e75d26622e44dc9435403f6908dcf8b63792efc01db4b3b487d347f7e7	blocked	BV1	BF2 must runner-enumerate profiles and attach imported/equivalent/not-applicable/unsupported evidence.	-
VUE-F21D3180FFA44FBB6820	compiler-vapor	packages/compiler-vapor/__tests__/transforms/vSlot.spec.ts:616:5	b87be000fe77fcc641973aa6c8c05d79cbea0037	single-declaration	StringLiteral	93009cdfafa1b055de3716820661a6b478f8da34db5aa88ed68ef8c9be0c4155	blocked	BV1	BF2 must runner-enumerate profiles and attach imported/equivalent/not-applicable/unsupported evidence.	-
VUE-4E4465C3EAC2EA3DE818	compiler-vapor	packages/compiler-vapor/__tests__/transforms/vSlot.spec.ts:625:5	b87be000fe77fcc641973aa6c8c05d79cbea0037	single-declaration	StringLiteral	e457b42a71be651db051ad2fdffafd6e7bc37409d271d567d98b7bd0eab05e8a	blocked	BV1	BF2 must runner-enumerate profiles and attach imported/equivalent/not-applicable/unsupported evidence.	-
VUE-6D08B64C919C0B68F2EB	compiler-vapor	packages/compiler-vapor/__tests__/transforms/vSlot.spec.ts:634:5	b87be000fe77fcc641973aa6c8c05d79cbea0037	single-declaration	StringLiteral	8202b0b21ec157cc7fd5e9a3bf2ba717b576bbe7c65020852b632aec4529be68	blocked	BV1	BF2 must runner-enumerate profiles and attach imported/equivalent/not-applicable/unsupported evidence.	-
VUE-DA16B2A27F14BC6D41EB	compiler-vapor	packages/compiler-vapor/__tests__/transforms/vSlot.spec.ts:641:5	b87be000fe77fcc641973aa6c8c05d79cbea0037	single-declaration	StringLiteral	125ae37914cebfe25a60032cc7369bf61ff4dd149a56cd00589a1f95a9afe536	blocked	BV1	BF2 must runner-enumerate profiles and attach imported/equivalent/not-applicable/unsupported evidence.	-
VUE-12C0F51D12A1699BF073	compiler-vapor	packages/compiler-vapor/__tests__/transforms/vSlot.spec.ts:650:5	b87be000fe77fcc641973aa6c8c05d79cbea0037	single-declaration	StringLiteral	4693e560a57bb1104296df4b6c50928e0c6fd40919ec547624ccd0a8b6e27bdf	blocked	BV1	BF2 must runner-enumerate profiles and attach imported/equivalent/not-applicable/unsupported evidence.	-
VUE-4E1941A4796733BDFA8A	compiler-vapor	packages/compiler-vapor/__tests__/transforms/vSlot.spec.ts:659:5	b87be000fe77fcc641973aa6c8c05d79cbea0037	single-declaration	StringLiteral	b44cb7cd63eb16b5588a620e2d13c0b43ba43f574447988b32567a46a691da79	blocked	BV1	BF2 must runner-enumerate profiles and attach imported/equivalent/not-applicable/unsupported evidence.	-
VUE-3D3392DCD4326559194C	compiler-vapor	packages/compiler-vapor/__tests__/transforms/vSlot.spec.ts:673:5	b87be000fe77fcc641973aa6c8c05d79cbea0037	single-declaration	StringLiteral	3aa4c0e29d7b1643eb6230748cd9b9ea3f1ec4917e6f3bd4a9802de5931b8cbc	blocked	BV1	BF2 must runner-enumerate profiles and attach imported/equivalent/not-applicable/unsupported evidence.	-
VUE-2945314F15195DF344F5	compiler-vapor	packages/compiler-vapor/__tests__/transforms/vSlot.spec.ts:682:5	b87be000fe77fcc641973aa6c8c05d79cbea0037	single-declaration	StringLiteral	c20cfc932285a5396dfb5c1a737beb4781c280d7bef0caee8b481b87ab18951b	blocked	BV1	BF2 must runner-enumerate profiles and attach imported/equivalent/not-applicable/unsupported evidence.	-
VUE-EAC74DF1DD6FD8B67118	compiler-vapor	packages/compiler-vapor/__tests__/transforms/vSlot.spec.ts:693:5	b87be000fe77fcc641973aa6c8c05d79cbea0037	single-declaration	StringLiteral	c43e01cf72670896e3b4262191dc874a72947526b1733acdb6e16dcfd417c7d3	blocked	BV1	BF2 must runner-enumerate profiles and attach imported/equivalent/not-applicable/unsupported evidence.	-
VUE-2DAD79A2656E6F2A6FA6	compiler-vapor	packages/compiler-vapor/__tests__/transforms/vSlot.spec.ts:702:5	b87be000fe77fcc641973aa6c8c05d79cbea0037	single-declaration	StringLiteral	e363166a90858055027c5bb6de1f3593aa73127163e8b57ae5aecd0992f2ee3f	blocked	BV1	BF2 must runner-enumerate profiles and attach imported/equivalent/not-applicable/unsupported evidence.	-
VUE-B6EE392FBE9BADBBDB70	compiler-vapor	packages/compiler-vapor/__tests__/transforms/vSlot.spec.ts:708:5	b87be000fe77fcc641973aa6c8c05d79cbea0037	single-declaration	StringLiteral	ec27abc6d9fbcd58546d497516e744e7fe618fe8864d1a37d097cf8fcdca65c0	blocked	BV1	BF2 must runner-enumerate profiles and attach imported/equivalent/not-applicable/unsupported evidence.	-
VUE-3E111A183BEF2CFFD8EC	compiler-vapor	packages/compiler-vapor/__tests__/transforms/vSlot.spec.ts:720:5	b87be000fe77fcc641973aa6c8c05d79cbea0037	single-declaration	StringLiteral	0464c402f3602bf23bf0e2eb29eb815e6e25c32a2e6aad2af2340f86b5871fb7	blocked	BV1	BF2 must runner-enumerate profiles and attach imported/equivalent/not-applicable/unsupported evidence.	-
VUE-328F52D2B24BAC859A63	compiler-vapor	packages/compiler-vapor/__tests__/transforms/vSlot.spec.ts:729:5	b87be000fe77fcc641973aa6c8c05d79cbea0037	single-declaration	StringLiteral	82db4c5381966b9e10c05008d028eafaf032a2c38412362f890d71f11b7b08f8	blocked	BV1	BF2 must runner-enumerate profiles and attach imported/equivalent/not-applicable/unsupported evidence.	-
VUE-1C39CEAE5E2AA654B91C	compiler-vapor	packages/compiler-vapor/__tests__/transforms/vSlot.spec.ts:737:5	b87be000fe77fcc641973aa6c8c05d79cbea0037	single-declaration	StringLiteral	6d7e51205ea7fb190d6e0d45d223b816ab078eee7727eee71f6a942a76da9176	blocked	BV1	BF2 must runner-enumerate profiles and attach imported/equivalent/not-applicable/unsupported evidence.	-
VUE-EFBF24F30E76066DFB07	compiler-vapor	packages/compiler-vapor/__tests__/transforms/vSlot.spec.ts:746:5	b87be000fe77fcc641973aa6c8c05d79cbea0037	single-declaration	StringLiteral	6ac751af7ec1cbf52d5335335ae77692c9b898984f713d032eda74466c0341b8	blocked	BV1	BF2 must runner-enumerate profiles and attach imported/equivalent/not-applicable/unsupported evidence.	-
VUE-F5703113522EDF68C1F9	compiler-vapor	packages/compiler-vapor/__tests__/transforms/vSlot.spec.ts:752:5	b87be000fe77fcc641973aa6c8c05d79cbea0037	single-declaration	StringLiteral	4af2c6006844aef128d27d6d6378afb1a13701b127cd0991126580ae4aa2712f	blocked	BV1	BF2 must runner-enumerate profiles and attach imported/equivalent/not-applicable/unsupported evidence.	-
VUE-B25549196FBC3A1B0004	compiler-vapor	packages/compiler-vapor/__tests__/transforms/vSlot.spec.ts:762:5	b87be000fe77fcc641973aa6c8c05d79cbea0037	single-declaration	StringLiteral	efe0918265ee9fb94a31b5db88ac85df58b0433c5c9791f9d875448ceaa8507d	blocked	BV1	BF2 must runner-enumerate profiles and attach imported/equivalent/not-applicable/unsupported evidence.	-
VUE-AB18E827D85973458074	compiler-vapor	packages/compiler-vapor/__tests__/transforms/vSlot.spec.ts:769:5	b87be000fe77fcc641973aa6c8c05d79cbea0037	parameterized-declaration	StringLiteral	cf37e06826a5fd2801a5925507f9efb8a92a46304c3749e49257557d13801201	blocked	BV1	BF2 must runner-enumerate profiles and attach imported/equivalent/not-applicable/unsupported evidence.	-
VUE-B6F3E6DB9D6AAAE6E636	compiler-vapor	packages/compiler-vapor/__tests__/transforms/vSlot.spec.ts:791:5	b87be000fe77fcc641973aa6c8c05d79cbea0037	single-declaration	StringLiteral	076f3e47444becd8a64e94e914e48d0116b549819de32afb33846af58300f0b6	blocked	BV1	BF2 must runner-enumerate profiles and attach imported/equivalent/not-applicable/unsupported evidence.	-
VUE-B6ED0E4DBE02ABE9EAFB	compiler-vapor	packages/compiler-vapor/__tests__/transforms/vSlot.spec.ts:799:5	b87be000fe77fcc641973aa6c8c05d79cbea0037	single-declaration	StringLiteral	c47983625defc4a6f235288820a70075c3643965462097ec774c3f905521d148	blocked	BV1	BF2 must runner-enumerate profiles and attach imported/equivalent/not-applicable/unsupported evidence.	-
VUE-4C88777059121ACF749E	compiler-vapor	packages/compiler-vapor/__tests__/transforms/vSlot.spec.ts:81:3	b87be000fe77fcc641973aa6c8c05d79cbea0037	single-declaration	StringLiteral	edc2fc2edc0a2f6160f0437c0e20708c087546fba3845093b3b35e889ee3139f	blocked	BV1	BF2 must runner-enumerate profiles and attach imported/equivalent/not-applicable/unsupported evidence.	-
VUE-F991E9F52D6C07FB6D27	compiler-vapor	packages/compiler-vapor/__tests__/transforms/vSlot.spec.ts:810:5	b87be000fe77fcc641973aa6c8c05d79cbea0037	single-declaration	StringLiteral	6f1e49ce624d788ac9920f3724d3e824b29217926f49e34b5be50d1eb26e8958	blocked	BV1	BF2 must runner-enumerate profiles and attach imported/equivalent/not-applicable/unsupported evidence.	-
VUE-63F49C57018FCC413B32	compiler-vapor	packages/compiler-vapor/__tests__/transforms/vSlot.spec.ts:821:5	b87be000fe77fcc641973aa6c8c05d79cbea0037	single-declaration	StringLiteral	3ed264279cbe74f100a821d5bd1ebf0a699f448692c0e85b48fe108f50565237	blocked	BV1	BF2 must runner-enumerate profiles and attach imported/equivalent/not-applicable/unsupported evidence.	-
VUE-19601DC6864C2C10B025	compiler-vapor	packages/compiler-vapor/__tests__/transforms/vSlot.spec.ts:826:5	b87be000fe77fcc641973aa6c8c05d79cbea0037	single-declaration	StringLiteral	3e78effd07d3803d7c2f86a05149fc0691f15b3fc0a679f64d946734afd80518	blocked	BV1	BF2 must runner-enumerate profiles and attach imported/equivalent/not-applicable/unsupported evidence.	-
VUE-C6CC3F67C8623EC111EE	compiler-vapor	packages/compiler-vapor/__tests__/transforms/vSlot.spec.ts:831:5	b87be000fe77fcc641973aa6c8c05d79cbea0037	single-declaration	StringLiteral	6c694b4ce5d1dfcbbec5ef399f1fe925848dd5a23d0133e488eaf5df371a4374	blocked	BV1	BF2 must runner-enumerate profiles and attach imported/equivalent/not-applicable/unsupported evidence.	-
VUE-072BBF04403E46F0174F	compiler-vapor	packages/compiler-vapor/__tests__/transforms/vSlot.spec.ts:838:5	b87be000fe77fcc641973aa6c8c05d79cbea0037	single-declaration	StringLiteral	65889d97579222380ca187e75d46e878a50518ee89fa7827c32333deca875cc1	blocked	BV1	BF2 must runner-enumerate profiles and attach imported/equivalent/not-applicable/unsupported evidence.	-
VUE-11EE70D2391671F1F9C6	compiler-vapor	packages/compiler-vapor/__tests__/transforms/vSlot.spec.ts:845:5	b87be000fe77fcc641973aa6c8c05d79cbea0037	single-declaration	StringLiteral	5e9dc1c0c7ba011f952b21070dd996352cb978ba0a8bd4eb1f456c66178de447	blocked	BV1	BF2 must runner-enumerate profiles and attach imported/equivalent/not-applicable/unsupported evidence.	-
VUE-816509F6F5EF2D76B14E	compiler-vapor	packages/compiler-vapor/__tests__/transforms/vSlot.spec.ts:867:5	b87be000fe77fcc641973aa6c8c05d79cbea0037	single-declaration	StringLiteral	2839bd327bc095d8e7f6f0c937fd538bad539d1d80d82793a683a9464a71f61a	blocked	BV1	BF2 must runner-enumerate profiles and attach imported/equivalent/not-applicable/unsupported evidence.	-
VUE-B0F66106F906F6D49611	compiler-vapor	packages/compiler-vapor/__tests__/transforms/vSlot.spec.ts:874:5	b87be000fe77fcc641973aa6c8c05d79cbea0037	single-declaration	StringLiteral	47df2f64ef39fde31d9f3cb8f819f3ef958d9e49721d74350f750085f96e5d90	blocked	BV1	BF2 must runner-enumerate profiles and attach imported/equivalent/not-applicable/unsupported evidence.	-
VUE-9E143697E942F794D558	compiler-vapor	packages/compiler-vapor/__tests__/transforms/vSlot.spec.ts:894:5	b87be000fe77fcc641973aa6c8c05d79cbea0037	single-declaration	StringLiteral	1e63fc90521f1d87ecbc1f1b3fda7e7b92125da2998215df736e37b2f88a88e0	blocked	BV1	BF2 must runner-enumerate profiles and attach imported/equivalent/not-applicable/unsupported evidence.	-
VUE-535BCE9FED4F9B3DCE5C	compiler-vapor	packages/compiler-vapor/__tests__/transforms/vSlot.spec.ts:902:5	b87be000fe77fcc641973aa6c8c05d79cbea0037	single-declaration	StringLiteral	2e4963a74aa91f84b5e2f0754d1e9f6cf7982c0bd7a9872bda8e6caca227d804	blocked	BV1	BF2 must runner-enumerate profiles and attach imported/equivalent/not-applicable/unsupported evidence.	-
VUE-9C4CC1DE3123AC81AFA6	compiler-vapor	packages/compiler-vapor/__tests__/transforms/vSlot.spec.ts:924:5	b87be000fe77fcc641973aa6c8c05d79cbea0037	single-declaration	StringLiteral	f2cde0f5b814a364ece5b3bf7a4728885140f8d936ce0b678cfcdb1bbea2e727	blocked	BV1	BF2 must runner-enumerate profiles and attach imported/equivalent/not-applicable/unsupported evidence.	-
VUE-F53053DF3EEAA323DC67	compiler-vapor	packages/compiler-vapor/__tests__/transforms/vSlot.spec.ts:946:5	b87be000fe77fcc641973aa6c8c05d79cbea0037	single-declaration	StringLiteral	3c1bebf42b882afba73db9add988c19b0b08e822bc76fb8ac50383c0912b477f	blocked	BV1	BF2 must runner-enumerate profiles and attach imported/equivalent/not-applicable/unsupported evidence.	-
VUE-F41F58E4BEA34B6764C4	compiler-vapor	packages/compiler-vapor/__tests__/transforms/vSlot.spec.ts:970:5	b87be000fe77fcc641973aa6c8c05d79cbea0037	single-declaration	StringLiteral	230707b2cf07ad0267b0ee73d1c56f4920a11149c49d0f3106e092555e6298d9	blocked	BV1	BF2 must runner-enumerate profiles and attach imported/equivalent/not-applicable/unsupported evidence.	-
VUE-6259FE1E21856D38FF4D	compiler-vapor	packages/compiler-vapor/__tests__/transforms/vSlot.spec.ts:987:5	b87be000fe77fcc641973aa6c8c05d79cbea0037	single-declaration	StringLiteral	62d48c26c7d8237595d00f6bd4fc97bd999bb3b06f55b7a93608ba50f7394e7a	blocked	BV1	BF2 must runner-enumerate profiles and attach imported/equivalent/not-applicable/unsupported evidence.	-
VUE-B2D777395D3988871CC3	compiler-vapor	packages/compiler-vapor/__tests__/transforms/vText.spec.ts:111:3	cb3f89c0b7d29937f43654c501b3f7fd898a5522	single-declaration	StringLiteral	fe4e0688a964f0bc624cf5bdc4e3173a540b4ebcdc94d45a0872284532a1fd79	blocked	BV1	BF2 must runner-enumerate profiles and attach imported/equivalent/not-applicable/unsupported evidence.	-
VUE-CAE5E3D5026208DB56B7	compiler-vapor	packages/compiler-vapor/__tests__/transforms/vText.spec.ts:119:3	cb3f89c0b7d29937f43654c501b3f7fd898a5522	single-declaration	StringLiteral	3c49c4bc809c1cc80c1f8d2fd7f881d43dd47fb6c8c5269cd44ec10f542c260a	blocked	BV1	BF2 must runner-enumerate profiles and attach imported/equivalent/not-applicable/unsupported evidence.	-
VUE-B3FB0AAF5770BA6B7F64	compiler-vapor	packages/compiler-vapor/__tests__/transforms/vText.spec.ts:127:3	cb3f89c0b7d29937f43654c501b3f7fd898a5522	single-declaration	StringLiteral	6a0b29ede77fe55164ad5b1d5ad27e48049deaeb9de39768a8d9ce0181df839a	blocked	BV1	BF2 must runner-enumerate profiles and attach imported/equivalent/not-applicable/unsupported evidence.	-
VUE-A751DAB8C818D4D93ABF	compiler-vapor	packages/compiler-vapor/__tests__/transforms/vText.spec.ts:169:3	cb3f89c0b7d29937f43654c501b3f7fd898a5522	single-declaration	StringLiteral	d6db70ebbab1195fc2eb51be389e791d807dc9e695850b02952d4fc205b9673d	blocked	BV1	BF2 must runner-enumerate profiles and attach imported/equivalent/not-applicable/unsupported evidence.	-
VUE-13BD4EEC015F8FD101FB	compiler-vapor	packages/compiler-vapor/__tests__/transforms/vText.spec.ts:18:3	cb3f89c0b7d29937f43654c501b3f7fd898a5522	single-declaration	StringLiteral	35c6a76e1088f7f07b811094af5c9aa81d2a6d79907bddd2ce0aa4c289afd9b3	blocked	BV1	BF2 must runner-enumerate profiles and attach imported/equivalent/not-applicable/unsupported evidence.	-
VUE-5B602195F7E9379F2994	compiler-vapor	packages/compiler-vapor/__tests__/transforms/vText.spec.ts:61:3	cb3f89c0b7d29937f43654c501b3f7fd898a5522	single-declaration	StringLiteral	225643eae944585a0e5e7a907fae28fe11002f186cf6a54ec3732598586f1c7a	blocked	BV1	BF2 must runner-enumerate profiles and attach imported/equivalent/not-applicable/unsupported evidence.	-
VUE-57A32F048F4DA9F62137	compiler-vapor	packages/compiler-vapor/__tests__/transforms/vText.spec.ts:68:3	cb3f89c0b7d29937f43654c501b3f7fd898a5522	single-declaration	StringLiteral	4b08eb691c9d8a413e285d4b232ec9c28e1db17208e2e73dcdcbb3e2e82917b9	blocked	BV1	BF2 must runner-enumerate profiles and attach imported/equivalent/not-applicable/unsupported evidence.	-
VUE-F00406E41A65D9BAF9C4	compiler-vapor	packages/compiler-vapor/__tests__/transforms/vText.spec.ts:75:3	cb3f89c0b7d29937f43654c501b3f7fd898a5522	single-declaration	StringLiteral	039635b61edee389e2ae32114c69b6d0cf530b14d06c6f5617aa39bef03fc260	blocked	BV1	BF2 must runner-enumerate profiles and attach imported/equivalent/not-applicable/unsupported evidence.	-
